date,etf,close
2020-01-01,NSE:CPSEETF,23.549999237060547
2020-01-01,NSE:MON100,61.70600128173828
2020-01-01,NSE:NIFTYBEES,129.4199981689453
2020-01-01,NSE:BANKBEES,328.30999755859375
2020-01-01,NSE:LOWVOLIETF,9.23799991607666
2020-01-01,NSE:MOM100,17.979999542236328
2020-01-02,NSE:BANKBEES,331.92999267578125
2020-01-02,NSE:LOWVOLIETF,9.258000373840332
2020-01-02,NSE:MON100,61.54999923706055
2020-01-02,NSE:NIFTYBEES,130.13999938964844
2020-01-02,NSE:MOM100,18.170000076293945
2020-01-02,NSE:CPSEETF,23.670000076293945
2020-01-03,NSE:LOWVOLIETF,9.168999671936035
2020-01-03,NSE:MOM100,18.139999389648438
2020-01-03,NSE:BANKBEES,326.5400085449219
2020-01-03,NSE:MON100,61.25699996948242
2020-01-03,NSE:CPSEETF,23.649999618530273
2020-01-03,NSE:NIFTYBEES,129.7100067138672
2020-01-06,NSE:MOM100,17.920000076293945
2020-01-06,NSE:BANKBEES,319.17999267578125
2020-01-06,NSE:NIFTYBEES,127.37000274658203
2020-01-06,NSE:CPSEETF,23.079999923706055
2020-01-06,NSE:MON100,61.65399932861328
2020-01-06,NSE:LOWVOLIETF,9.402000427246094
2020-01-07,NSE:BANKBEES,320.1700134277344
2020-01-07,NSE:NIFTYBEES,127.76000213623047
2020-01-07,NSE:MON100,62.909000396728516
2020-01-07,NSE:MOM100,17.979999542236328
2020-01-07,NSE:LOWVOLIETF,9.154999732971191
2020-01-07,NSE:CPSEETF,23.299999237060547
2020-01-08,NSE:BANKBEES,319.4700012207031
2020-01-08,NSE:LOWVOLIETF,9.128999710083008
2020-01-08,NSE:MOM100,18.0
2020-01-08,NSE:NIFTYBEES,127.55999755859375
2020-01-08,NSE:MON100,62.31999969482422
2020-01-08,NSE:CPSEETF,22.940000534057617
2020-01-09,NSE:MOM100,18.139999389648438
2020-01-09,NSE:NIFTYBEES,129.33999633789062
2020-01-09,NSE:BANKBEES,327.010009765625
2020-01-09,NSE:LOWVOLIETF,9.187999725341797
2020-01-09,NSE:MON100,63.13800048828125
2020-01-09,NSE:CPSEETF,22.959999084472656
2020-01-10,NSE:MOM100,18.309999465942383
2020-01-10,NSE:NIFTYBEES,129.61000061035156
2020-01-10,NSE:BANKBEES,327.82000732421875
2020-01-10,NSE:LOWVOLIETF,9.251999855041504
2020-01-10,NSE:MON100,63.43899917602539
2020-01-10,NSE:CPSEETF,23.25
2020-01-13,NSE:MON100,62.694000244140625
2020-01-13,NSE:NIFTYBEES,130.41000366210938
2020-01-13,NSE:LOWVOLIETF,9.345000267028809
2020-01-13,NSE:BANKBEES,328.6499938964844
2020-01-13,NSE:MOM100,18.420000076293945
2020-01-13,NSE:CPSEETF,23.6200008392334
2020-01-14,NSE:CPSEETF,23.75
2020-01-14,NSE:MON100,62.81700134277344
2020-01-14,NSE:NIFTYBEES,131.00999450683594
2020-01-14,NSE:LOWVOLIETF,9.413999557495117
2020-01-14,NSE:BANKBEES,327.8299865722656
2020-01-14,NSE:MOM100,18.540000915527344
2020-01-15,NSE:MON100,63.18000030517578
2020-01-15,NSE:CPSEETF,23.81999969482422
2020-01-15,NSE:NIFTYBEES,131.00999450683594
2020-01-15,NSE:MOM100,18.719999313354492
2020-01-15,NSE:BANKBEES,324.79998779296875
2020-01-15,NSE:LOWVOLIETF,9.399999618530273
2020-01-16,NSE:LOWVOLIETF,9.46399974822998
2020-01-16,NSE:MON100,63.48099899291992
2020-01-16,NSE:MOM100,18.860000610351562
2020-01-16,NSE:BANKBEES,325.1600036621094
2020-01-16,NSE:NIFTYBEES,130.91000366210938
2020-01-16,NSE:CPSEETF,23.549999237060547
2020-01-17,NSE:MON100,64.1500015258789
2020-01-17,NSE:MOM100,19.059999465942383
2020-01-17,NSE:LOWVOLIETF,9.404999732971191
2020-01-17,NSE:BANKBEES,322.9100036621094
2020-01-17,NSE:NIFTYBEES,131.19000244140625
2020-01-17,NSE:CPSEETF,23.479999542236328
2020-01-20,NSE:LOWVOLIETF,9.392000198364258
2020-01-20,NSE:MON100,65.38200378417969
2020-01-20,NSE:CPSEETF,22.84000015258789
2020-01-20,NSE:BANKBEES,318.0
2020-01-20,NSE:MOM100,18.90999984741211
2020-01-20,NSE:NIFTYBEES,129.77999877929688
2020-01-21,NSE:MON100,64.14800262451172
2020-01-21,NSE:BANKBEES,316.4200134277344
2020-01-21,NSE:MOM100,19.079999923706055
2020-01-21,NSE:LOWVOLIETF,9.340999603271484
2020-01-21,NSE:CPSEETF,22.6200008392334
2020-01-21,NSE:NIFTYBEES,129.27000427246094
2020-01-22,NSE:CPSEETF,21.790000915527344
2020-01-22,NSE:NIFTYBEES,128.52999877929688
2020-01-22,NSE:LOWVOLIETF,9.217000007629395
2020-01-22,NSE:BANKBEES,313.8500061035156
2020-01-22,NSE:MON100,64.7770004272461
2020-01-22,NSE:MOM100,18.799999237060547
2020-01-23,NSE:MON100,64.73200225830078
2020-01-23,NSE:NIFTYBEES,129.30999755859375
2020-01-23,NSE:MOM100,18.979999542236328
2020-01-23,NSE:LOWVOLIETF,9.279000282287598
2020-01-23,NSE:BANKBEES,317.0899963378906
2020-01-23,NSE:CPSEETF,21.8700008392334
2020-01-24,NSE:MON100,64.78600311279297
2020-01-24,NSE:LOWVOLIETF,9.352999687194824
2020-01-24,NSE:MOM100,19.25
2020-01-24,NSE:NIFTYBEES,130.11000061035156
2020-01-24,NSE:CPSEETF,21.940000534057617
2020-01-24,NSE:BANKBEES,319.57000732421875
2020-01-27,NSE:CPSEETF,21.739999771118164
2020-01-27,NSE:LOWVOLIETF,9.293999671936035
2020-01-27,NSE:NIFTYBEES,128.72999572753906
2020-01-27,NSE:MOM100,19.350000381469727
2020-01-27,NSE:MON100,64.31999969482422
2020-01-27,NSE:BANKBEES,315.5199890136719
2020-01-28,NSE:NIFTYBEES,128.10000610351562
2020-01-28,NSE:MOM100,19.25
2020-01-28,NSE:MON100,63.736000061035156
2020-01-28,NSE:BANKBEES,314.1300048828125
2020-01-28,NSE:CPSEETF,21.479999542236328
2020-01-28,NSE:LOWVOLIETF,9.289999961853027
2020-01-29,NSE:MOM100,19.25
2020-01-29,NSE:BANKBEES,315.5299987792969
2020-01-29,NSE:NIFTYBEES,128.75999450683594
2020-01-29,NSE:LOWVOLIETF,9.375
2020-01-29,NSE:CPSEETF,21.59000015258789
2020-01-29,NSE:MON100,64.46700286865234
2020-01-30,NSE:CPSEETF,21.420000076293945
2020-01-30,NSE:MOM100,18.979999542236328
2020-01-30,NSE:BANKBEES,312.7099914550781
2020-01-30,NSE:MON100,64.14299774169922
2020-01-30,NSE:NIFTYBEES,127.73999786376953
2020-01-30,NSE:LOWVOLIETF,9.522000312805176
2020-01-31,NSE:BANKBEES,316.8999938964844
2020-01-31,NSE:MON100,64.86499786376953
2020-01-31,NSE:MOM100,18.940000534057617
2020-01-31,NSE:CPSEETF,20.68000030517578
2020-01-31,NSE:NIFTYBEES,127.16999816894531
2020-01-31,NSE:LOWVOLIETF,9.199000358581543
2020-02-03,NSE:BANKBEES,306.92999267578125
2020-02-03,NSE:MON100,63.974998474121094
2020-02-03,NSE:NIFTYBEES,124.41999816894531
2020-02-03,NSE:CPSEETF,20.09000015258789
2020-02-03,NSE:MOM100,18.729999542236328
2020-02-03,NSE:LOWVOLIETF,9.116000175476074
2020-02-04,NSE:CPSEETF,20.530000686645508
2020-02-04,NSE:LOWVOLIETF,9.232999801635742
2020-02-04,NSE:MOM100,18.850000381469727
2020-02-04,NSE:NIFTYBEES,126.75
2020-02-04,NSE:MON100,64.65799713134766
2020-02-04,NSE:BANKBEES,312.8999938964844
2020-02-05,NSE:NIFTYBEES,127.91000366210938
2020-02-05,NSE:BANKBEES,316.80999755859375
2020-02-05,NSE:MON100,66.02300262451172
2020-02-05,NSE:MOM100,19.040000915527344
2020-02-05,NSE:CPSEETF,20.450000762939453
2020-02-05,NSE:LOWVOLIETF,9.272000312805176
2020-02-06,NSE:MOM100,19.139999389648438
2020-02-06,NSE:CPSEETF,20.59000015258789
2020-02-06,NSE:BANKBEES,319.8299865722656
2020-02-06,NSE:LOWVOLIETF,9.23799991607666
2020-02-06,NSE:NIFTYBEES,128.94000244140625
2020-02-06,NSE:MON100,66.4260025024414
2020-02-07,NSE:LOWVOLIETF,9.288000106811523
2020-02-07,NSE:NIFTYBEES,128.19000244140625
2020-02-07,NSE:MON100,66.65799713134766
2020-02-07,NSE:CPSEETF,20.850000381469727
2020-02-07,NSE:MOM100,19.170000076293945
2020-02-07,NSE:BANKBEES,318.3399963378906
2020-02-10,NSE:MOM100,19.149999618530273
2020-02-10,NSE:BANKBEES,317.67999267578125
2020-02-10,NSE:MON100,66.26899719238281
2020-02-10,NSE:NIFTYBEES,127.91000366210938
2020-02-10,NSE:LOWVOLIETF,9.206000328063965
2020-02-10,NSE:CPSEETF,20.3799991607666
2020-02-11,NSE:CPSEETF,20.59000015258789
2020-02-11,NSE:BANKBEES,319.4700012207031
2020-02-11,NSE:MOM100,19.149999618530273
2020-02-11,NSE:MON100,67.13999938964844
2020-02-11,NSE:LOWVOLIETF,9.227999687194824
2020-02-11,NSE:NIFTYBEES,128.3000030517578
2020-02-12,NSE:MOM100,18.940000534057617
2020-02-12,NSE:MON100,67.13800048828125
2020-02-12,NSE:LOWVOLIETF,9.26200008392334
2020-02-12,NSE:BANKBEES,321.07000732421875
2020-02-12,NSE:CPSEETF,20.6200008392334
2020-02-12,NSE:NIFTYBEES,129.19000244140625
2020-02-13,NSE:NIFTYBEES,129.3000030517578
2020-02-13,NSE:LOWVOLIETF,9.25
2020-02-13,NSE:BANKBEES,318.2200012207031
2020-02-13,NSE:CPSEETF,20.440000534057617
2020-02-13,NSE:MOM100,18.93000030517578
2020-02-13,NSE:MON100,67.42500305175781
2020-02-14,NSE:BANKBEES,314.75
2020-02-14,NSE:LOWVOLIETF,9.236000061035156
2020-02-14,NSE:MOM100,18.969999313354492
2020-02-14,NSE:MON100,67.8010025024414
2020-02-14,NSE:NIFTYBEES,128.3800048828125
2020-02-14,NSE:CPSEETF,19.959999084472656
2020-02-17,NSE:CPSEETF,19.540000915527344
2020-02-17,NSE:MON100,68.29499816894531
2020-02-17,NSE:NIFTYBEES,127.83999633789062
2020-02-17,NSE:MOM100,18.75
2020-02-17,NSE:BANKBEES,313.05999755859375
2020-02-17,NSE:LOWVOLIETF,9.189000129699707
2020-02-18,NSE:CPSEETF,19.56999969482422
2020-02-18,NSE:MOM100,18.549999237060547
2020-02-18,NSE:BANKBEES,312.2799987792969
2020-02-18,NSE:MON100,67.46399688720703
2020-02-18,NSE:NIFTYBEES,127.33999633789062
2020-02-18,NSE:LOWVOLIETF,9.140000343322754
2020-02-19,NSE:LOWVOLIETF,9.222999572753906
2020-02-19,NSE:MON100,67.6709976196289
2020-02-19,NSE:MOM100,18.81999969482422
2020-02-19,NSE:CPSEETF,20.079999923706055
2020-02-19,NSE:BANKBEES,314.010009765625
2020-02-19,NSE:NIFTYBEES,128.58999633789062
2020-02-20,NSE:MON100,68.625
2020-02-20,NSE:NIFTYBEES,128.36000061035156
2020-02-20,NSE:LOWVOLIETF,9.196999549865723
2020-02-20,NSE:BANKBEES,315.1199951171875
2020-02-20,NSE:CPSEETF,20.170000076293945
2020-02-20,NSE:MOM100,18.93000030517578
2020-02-24,NSE:LOWVOLIETF,9.375
2020-02-24,NSE:CPSEETF,19.649999618530273
2020-02-24,NSE:MON100,65.97000122070312
2020-02-24,NSE:MOM100,18.770000457763672
2020-02-24,NSE:NIFTYBEES,125.7300033569336
2020-02-24,NSE:BANKBEES,309.6700134277344
2020-02-25,NSE:CPSEETF,19.68000030517578
2020-02-25,NSE:NIFTYBEES,125.33999633789062
2020-02-25,NSE:LOWVOLIETF,9.027999877929688
2020-02-25,NSE:MON100,65.47599792480469
2020-02-25,NSE:BANKBEES,310.5400085449219
2020-02-25,NSE:MOM100,18.729999542236328
2020-02-26,NSE:NIFTYBEES,124.04000091552734
2020-02-26,NSE:LOWVOLIETF,8.946000099182129
2020-02-26,NSE:MOM100,18.260000228881836
2020-02-26,NSE:BANKBEES,309.9200134277344
2020-02-26,NSE:CPSEETF,19.469999313354492
2020-02-26,NSE:MON100,63.2239990234375
2020-02-27,NSE:MOM100,18.100000381469727
2020-02-27,NSE:NIFTYBEES,123.63999938964844
2020-02-27,NSE:CPSEETF,19.299999237060547
2020-02-27,NSE:BANKBEES,307.4200134277344
2020-02-27,NSE:MON100,63.30699920654297
2020-02-27,NSE:LOWVOLIETF,8.902999877929688
2020-02-28,NSE:MON100,60.01499938964844
2020-02-28,NSE:CPSEETF,18.770000457763672
2020-02-28,NSE:MOM100,17.700000762939453
2020-02-28,NSE:BANKBEES,296.7200012207031
2020-02-28,NSE:LOWVOLIETF,8.593999862670898
2020-02-28,NSE:NIFTYBEES,119.29000091552734
2020-03-02,NSE:MOM100,17.65999984741211
2020-03-02,NSE:MON100,61.73099899291992
2020-03-02,NSE:CPSEETF,18.690000534057617
2020-03-02,NSE:NIFTYBEES,118.38999938964844
2020-03-02,NSE:LOWVOLIETF,8.586000442504883
2020-03-02,NSE:BANKBEES,294.45001220703125
2020-03-03,NSE:BANKBEES,298.2699890136719
2020-03-03,NSE:NIFTYBEES,120.4000015258789
2020-03-03,NSE:CPSEETF,19.420000076293945
2020-03-03,NSE:MON100,64.2969970703125
2020-03-03,NSE:LOWVOLIETF,8.763999938964844
2020-03-03,NSE:MOM100,17.729999542236328
2020-03-04,NSE:MON100,63.00400161743164
2020-03-04,NSE:MOM100,17.329999923706055
2020-03-04,NSE:LOWVOLIETF,8.857000350952148
2020-03-04,NSE:NIFTYBEES,119.5199966430664
2020-03-04,NSE:BANKBEES,292.70001220703125
2020-03-04,NSE:CPSEETF,19.520000457763672
2020-03-05,NSE:NIFTYBEES,119.75
2020-03-05,NSE:LOWVOLIETF,8.854999542236328
2020-03-05,NSE:MOM100,17.700000762939453
2020-03-05,NSE:CPSEETF,19.40999984741211
2020-03-05,NSE:MON100,63.459999084472656
2020-03-05,NSE:BANKBEES,294.5899963378906
2020-03-06,NSE:CPSEETF,18.899999618530273
2020-03-06,NSE:LOWVOLIETF,8.711000442504883
2020-03-06,NSE:MON100,62.91899871826172
2020-03-06,NSE:BANKBEES,284.7699890136719
2020-03-06,NSE:NIFTYBEES,117.18000030517578
2020-03-06,NSE:MOM100,17.270000457763672
2020-03-09,NSE:BANKBEES,271.6099853515625
2020-03-09,NSE:LOWVOLIETF,8.329000473022461
2020-03-09,NSE:MOM100,16.559999465942383
2020-03-09,NSE:NIFTYBEES,111.62000274658203
2020-03-09,NSE:CPSEETF,17.799999237060547
2020-03-09,NSE:MON100,60.7400016784668
2020-03-11,NSE:MOM100,16.440000534057617
2020-03-11,NSE:NIFTYBEES,111.30999755859375
2020-03-11,NSE:LOWVOLIETF,8.375
2020-03-11,NSE:BANKBEES,270.6199951171875
2020-03-11,NSE:MON100,60.58000183105469
2020-03-11,NSE:CPSEETF,17.559999465942383
2020-03-12,NSE:MOM100,15.430000305175781
2020-03-12,NSE:NIFTYBEES,102.98999786376953
2020-03-12,NSE:MON100,57.395999908447266
2020-03-12,NSE:BANKBEES,244.88999938964844
2020-03-12,NSE:CPSEETF,16.299999237060547
2020-03-12,NSE:LOWVOLIETF,7.736999988555908
2020-03-13,NSE:BANKBEES,257.760009765625
2020-03-13,NSE:MON100,55.689998626708984
2020-03-13,NSE:CPSEETF,16.350000381469727
2020-03-13,NSE:LOWVOLIETF,8.104000091552734
2020-03-13,NSE:NIFTYBEES,106.36000061035156
2020-03-13,NSE:MOM100,15.779999732971191
2020-03-16,NSE:MON100,55.2599983215332
2020-03-16,NSE:CPSEETF,15.539999961853027
2020-03-16,NSE:LOWVOLIETF,9.006999969482422
2020-03-16,NSE:NIFTYBEES,102.37000274658203
2020-03-16,NSE:BANKBEES,239.97000122070312
2020-03-16,NSE:MOM100,15.170000076293945
2020-03-17,NSE:BANKBEES,226.35000610351562
2020-03-17,NSE:LOWVOLIETF,7.676000118255615
2020-03-17,NSE:MON100,52.89699935913086
2020-03-17,NSE:NIFTYBEES,99.19999694824219
2020-03-17,NSE:CPSEETF,15.630000114440918
2020-03-17,NSE:MOM100,14.630000114440918
2020-03-18,NSE:MOM100,13.779999732971191
2020-03-18,NSE:LOWVOLIETF,7.22599983215332
2020-03-18,NSE:NIFTYBEES,96.08000183105469
2020-03-18,NSE:CPSEETF,15.40999984741211
2020-03-18,NSE:BANKBEES,210.1199951171875
2020-03-18,NSE:MON100,51.729000091552734
2020-03-19,NSE:MOM100,13.239999771118164
2020-03-19,NSE:MON100,52.67499923706055
2020-03-19,NSE:NIFTYBEES,89.47000122070312
2020-03-19,NSE:LOWVOLIETF,6.85099983215332
2020-03-19,NSE:BANKBEES,203.57000732421875
2020-03-19,NSE:CPSEETF,14.550000190734863
2020-03-20,NSE:BANKBEES,204.25
2020-03-20,NSE:MOM100,13.260000228881836
2020-03-20,NSE:CPSEETF,15.670000076293945
2020-03-20,NSE:LOWVOLIETF,7.175000190734863
2020-03-20,NSE:NIFTYBEES,92.97000122070312
2020-03-20,NSE:MON100,55.36199951171875
2020-03-23,NSE:MOM100,12.369999885559082
2020-03-23,NSE:MON100,50.387001037597656
2020-03-23,NSE:LOWVOLIETF,7.228000164031982
2020-03-23,NSE:BANKBEES,174.77999877929688
2020-03-23,NSE:NIFTYBEES,83.5199966430664
2020-03-23,NSE:CPSEETF,14.010000228881836
2020-03-24,NSE:MON100,54.09299850463867
2020-03-24,NSE:CPSEETF,13.90999984741211
2020-03-24,NSE:LOWVOLIETF,7.414999961853027
2020-03-24,NSE:MOM100,12.819999694824219
2020-03-24,NSE:NIFTYBEES,85.0
2020-03-24,NSE:BANKBEES,174.0500030517578
2020-03-25,NSE:MOM100,12.899999618530273
2020-03-25,NSE:LOWVOLIETF,7.6020002365112305
2020-03-25,NSE:NIFTYBEES,89.45999908447266
2020-03-25,NSE:MON100,57.380001068115234
2020-03-25,NSE:BANKBEES,186.86000061035156
2020-03-25,NSE:CPSEETF,13.630000114440918
2020-03-26,NSE:NIFTYBEES,92.68000030517578
2020-03-26,NSE:MON100,54.20800018310547
2020-03-26,NSE:BANKBEES,197.88999938964844
2020-03-26,NSE:LOWVOLIETF,7.886000156402588
2020-03-26,NSE:MOM100,13.100000381469727
2020-03-26,NSE:CPSEETF,14.960000038146973
2020-03-27,NSE:NIFTYBEES,91.26000213623047
2020-03-27,NSE:MON100,56.733001708984375
2020-03-27,NSE:CPSEETF,15.460000038146973
2020-03-27,NSE:LOWVOLIETF,7.666999816894531
2020-03-27,NSE:MOM100,13.029999732971191
2020-03-27,NSE:BANKBEES,201.1999969482422
2020-03-30,NSE:MOM100,13.109999656677246
2020-03-30,NSE:MON100,56.361000061035156
2020-03-30,NSE:CPSEETF,15.430000305175781
2020-03-30,NSE:BANKBEES,191.6199951171875
2020-03-30,NSE:LOWVOLIETF,7.4029998779296875
2020-03-30,NSE:NIFTYBEES,89.16999816894531
2020-03-31,NSE:BANKBEES,194.57000732421875
2020-03-31,NSE:LOWVOLIETF,7.736000061035156
2020-03-31,NSE:MOM100,12.609999656677246
2020-03-31,NSE:MON100,58.888999938964844
2020-03-31,NSE:CPSEETF,16.059999465942383
2020-03-31,NSE:NIFTYBEES,91.94000244140625
2020-04-01,NSE:CPSEETF,15.630000114440918
2020-04-01,NSE:LOWVOLIETF,7.699999809265137
2020-04-01,NSE:NIFTYBEES,89.3499984741211
2020-04-01,NSE:BANKBEES,187.02000427246094
2020-04-01,NSE:MON100,56.428001403808594
2020-04-01,NSE:MOM100,12.760000228881836
2020-04-03,NSE:LOWVOLIETF,7.39900016784668
2020-04-03,NSE:MOM100,12.609999656677246
2020-04-03,NSE:NIFTYBEES,86.58999633789062
2020-04-03,NSE:BANKBEES,174.8300018310547
2020-04-03,NSE:MON100,57.06999969482422
2020-04-03,NSE:CPSEETF,15.75
2020-04-07,NSE:CPSEETF,16.219999313354492
2020-04-07,NSE:MOM100,12.869999885559082
2020-04-07,NSE:MON100,61.20399856567383
2020-04-07,NSE:NIFTYBEES,92.41000366210938
2020-04-07,NSE:BANKBEES,192.1199951171875
2020-04-07,NSE:LOWVOLIETF,7.581999778747559
2020-04-08,NSE:MON100,60.46200180053711
2020-04-08,NSE:NIFTYBEES,92.81999969482422
2020-04-08,NSE:CPSEETF,16.25
2020-04-08,NSE:MOM100,12.979999542236328
2020-04-08,NSE:BANKBEES,191.27999877929688
2020-04-08,NSE:LOWVOLIETF,7.735000133514404
2020-04-09,NSE:NIFTYBEES,96.2300033569336
2020-04-09,NSE:CPSEETF,16.75
2020-04-09,NSE:MOM100,14.039999961853027
2020-04-09,NSE:LOWVOLIETF,7.980000019073486
2020-04-09,NSE:MON100,61.85599899291992
2020-04-09,NSE:BANKBEES,198.5800018310547
2020-04-13,NSE:LOWVOLIETF,7.823999881744385
2020-04-13,NSE:CPSEETF,16.739999771118164
2020-04-13,NSE:MON100,61.21500015258789
2020-04-13,NSE:BANKBEES,196.44000244140625
2020-04-13,NSE:MOM100,13.390000343322754
2020-04-13,NSE:NIFTYBEES,95.62000274658203
2020-04-15,NSE:BANKBEES,191.35000610351562
2020-04-15,NSE:CPSEETF,16.940000534057617
2020-04-15,NSE:LOWVOLIETF,8.017999649047852
2020-04-15,NSE:NIFTYBEES,95.19999694824219
2020-04-15,NSE:MON100,63.71500015258789
2020-04-15,NSE:MOM100,13.859999656677246
2020-04-16,NSE:MOM100,13.600000381469727
2020-04-16,NSE:NIFTYBEES,95.68000030517578
2020-04-16,NSE:LOWVOLIETF,7.886000156402588
2020-04-16,NSE:BANKBEES,195.47999572753906
2020-04-16,NSE:MON100,65.47899627685547
2020-04-16,NSE:CPSEETF,17.270000457763672
2020-04-17,NSE:LOWVOLIETF,8.003000259399414
2020-04-17,NSE:BANKBEES,210.32000732421875
2020-04-17,NSE:MOM100,13.84000015258789
2020-04-17,NSE:NIFTYBEES,98.20999908447266
2020-04-17,NSE:CPSEETF,17.59000015258789
2020-04-17,NSE:MON100,67.30500030517578
2020-04-20,NSE:CPSEETF,17.200000762939453
2020-04-20,NSE:LOWVOLIETF,8.053000450134277
2020-04-20,NSE:MOM100,13.970000267028809
2020-04-20,NSE:MON100,66.09700012207031
2020-04-20,NSE:BANKBEES,206.89999389648438
2020-04-20,NSE:NIFTYBEES,97.98999786376953
2020-04-21,NSE:MON100,65.86599731445312
2020-04-21,NSE:BANKBEES,198.22999572753906
2020-04-21,NSE:LOWVOLIETF,7.999000072479248
2020-04-21,NSE:NIFTYBEES,95.5999984741211
2020-04-21,NSE:CPSEETF,16.690000534057617
2020-04-21,NSE:MOM100,13.6899995803833
2020-04-22,NSE:BANKBEES,199.17999267578125
2020-04-22,NSE:MON100,64.13099670410156
2020-04-22,NSE:CPSEETF,16.579999923706055
2020-04-22,NSE:MOM100,13.850000381469727
2020-04-22,NSE:NIFTYBEES,97.37999725341797
2020-04-22,NSE:LOWVOLIETF,8.362000465393066
2020-04-23,NSE:MON100,64.6449966430664
2020-04-23,NSE:MOM100,13.720000267028809
2020-04-23,NSE:NIFTYBEES,98.62000274658203
2020-04-23,NSE:LOWVOLIETF,8.116000175476074
2020-04-23,NSE:BANKBEES,203.52999877929688
2020-04-23,NSE:CPSEETF,16.579999923706055
2020-04-24,NSE:BANKBEES,196.89999389648438
2020-04-24,NSE:NIFTYBEES,97.0999984741211
2020-04-24,NSE:MON100,64.41100311279297
2020-04-24,NSE:MOM100,13.5
2020-04-24,NSE:LOWVOLIETF,8.4350004196167
2020-04-24,NSE:CPSEETF,16.34000015258789
2020-04-27,NSE:MON100,66.4800033569336
2020-04-27,NSE:LOWVOLIETF,8.321999549865723
2020-04-27,NSE:MOM100,13.489999771118164
2020-04-27,NSE:BANKBEES,201.60000610351562
2020-04-27,NSE:CPSEETF,16.309999465942383
2020-04-27,NSE:NIFTYBEES,98.43000030517578
2020-04-28,NSE:CPSEETF,16.15999984741211
2020-04-28,NSE:LOWVOLIETF,8.038000106811523
2020-04-28,NSE:NIFTYBEES,99.3499984741211
2020-04-28,NSE:MON100,66.82599639892578
2020-04-28,NSE:MOM100,13.680000305175781
2020-04-28,NSE:BANKBEES,207.10000610351562
2020-04-29,NSE:CPSEETF,16.40999984741211
2020-04-29,NSE:NIFTYBEES,101.12000274658203
2020-04-29,NSE:MOM100,13.899999618530273
2020-04-29,NSE:BANKBEES,211.86000061035156
2020-04-29,NSE:LOWVOLIETF,8.107000350952148
2020-04-29,NSE:MON100,65.52899932861328
2020-04-30,NSE:CPSEETF,17.25
2020-04-30,NSE:MOM100,14.15999984741211
2020-04-30,NSE:BANKBEES,215.3300018310547
2020-04-30,NSE:LOWVOLIETF,8.28499984741211
2020-04-30,NSE:NIFTYBEES,104.18000030517578
2020-04-30,NSE:MON100,66.72599792480469
2020-05-04,NSE:CPSEETF,16.719999313354492
2020-05-04,NSE:NIFTYBEES,98.80000305175781
2020-05-04,NSE:MON100,64.09500122070312
2020-05-04,NSE:LOWVOLIETF,8.0649995803833
2020-05-04,NSE:BANKBEES,199.1999969482422
2020-05-04,NSE:MOM100,13.75
2020-05-05,NSE:LOWVOLIETF,8.196000099182129
2020-05-05,NSE:CPSEETF,16.809999465942383
2020-05-05,NSE:MOM100,13.579999923706055
2020-05-05,NSE:BANKBEES,195.1199951171875
2020-05-05,NSE:NIFTYBEES,97.6500015258789
2020-05-05,NSE:MON100,65.7699966430664
2020-05-06,NSE:BANKBEES,199.27999877929688
2020-05-06,NSE:CPSEETF,16.799999237060547
2020-05-06,NSE:MON100,66.66999816894531
2020-05-06,NSE:LOWVOLIETF,8.406999588012695
2020-05-06,NSE:MOM100,13.670000076293945
2020-05-06,NSE:NIFTYBEES,98.5
2020-05-07,NSE:CPSEETF,16.489999771118164
2020-05-07,NSE:MON100,67.88300323486328
2020-05-07,NSE:BANKBEES,197.25
2020-05-07,NSE:NIFTYBEES,97.5999984741211
2020-05-07,NSE:MOM100,13.75
2020-05-07,NSE:LOWVOLIETF,7.831999778747559
2020-05-08,NSE:CPSEETF,16.06999969482422
2020-05-08,NSE:MOM100,13.579999923706055
2020-05-08,NSE:NIFTYBEES,98.12000274658203
2020-05-08,NSE:BANKBEES,195.3000030517578
2020-05-08,NSE:MON100,68.08499908447266
2020-05-08,NSE:LOWVOLIETF,7.927000045776367
2020-05-11,NSE:CPSEETF,16.1200008392334
2020-05-11,NSE:NIFTYBEES,98.20999908447266
2020-05-11,NSE:BANKBEES,191.4199981689453
2020-05-11,NSE:MOM100,13.640000343322754
2020-05-11,NSE:LOWVOLIETF,7.946000099182129
2020-05-11,NSE:MON100,68.40399932861328
2020-05-12,NSE:BANKBEES,190.27000427246094
2020-05-12,NSE:MON100,68.91000366210938
2020-05-12,NSE:CPSEETF,16.190000534057617
2020-05-12,NSE:NIFTYBEES,97.95999908447266
2020-05-12,NSE:MOM100,13.789999961853027
2020-05-12,NSE:LOWVOLIETF,7.96999979019165
2020-05-13,NSE:LOWVOLIETF,7.986000061035156
2020-05-13,NSE:NIFTYBEES,99.69000244140625
2020-05-13,NSE:MON100,67.86900329589844
2020-05-13,NSE:MOM100,13.75
2020-05-13,NSE:BANKBEES,197.77999877929688
2020-05-13,NSE:CPSEETF,16.65999984741211
2020-05-14,NSE:NIFTYBEES,97.41999816894531
2020-05-14,NSE:LOWVOLIETF,7.973999977111816
2020-05-14,NSE:MOM100,13.729999542236328
2020-05-14,NSE:BANKBEES,192.4199981689453
2020-05-14,NSE:CPSEETF,16.270000457763672
2020-05-14,NSE:MON100,66.89399719238281
2020-05-15,NSE:LOWVOLIETF,7.949999809265137
2020-05-15,NSE:MON100,67.95600128173828
2020-05-15,NSE:CPSEETF,16.329999923706055
2020-05-15,NSE:MOM100,13.65999984741211
2020-05-15,NSE:BANKBEES,190.0500030517578
2020-05-15,NSE:NIFTYBEES,97.08000183105469
2020-05-18,NSE:MOM100,13.279999732971191
2020-05-18,NSE:BANKBEES,177.6300048828125
2020-05-18,NSE:MON100,69.51599884033203
2020-05-18,NSE:NIFTYBEES,93.93000030517578
2020-05-18,NSE:CPSEETF,15.760000228881836
2020-05-18,NSE:LOWVOLIETF,8.017000198364258
2020-05-19,NSE:BANKBEES,175.8699951171875
2020-05-19,NSE:LOWVOLIETF,7.770999908447266
2020-05-19,NSE:NIFTYBEES,94.33999633789062
2020-05-19,NSE:CPSEETF,16.040000915527344
2020-05-19,NSE:MON100,69.28500366210938
2020-05-19,NSE:MOM100,13.529999732971191
2020-05-20,NSE:LOWVOLIETF,7.769000053405762
2020-05-20,NSE:BANKBEES,179.0399932861328
2020-05-20,NSE:MOM100,13.449999809265137
2020-05-20,NSE:NIFTYBEES,96.25
2020-05-20,NSE:CPSEETF,16.200000762939453
2020-05-20,NSE:MON100,70.02799987792969
2020-05-21,NSE:MOM100,13.569999694824219
2020-05-21,NSE:BANKBEES,178.27000427246094
2020-05-21,NSE:MON100,69.83999633789062
2020-05-21,NSE:CPSEETF,16.09000015258789
2020-05-21,NSE:LOWVOLIETF,7.815000057220459
2020-05-21,NSE:NIFTYBEES,96.69000244140625
2020-05-22,NSE:MON100,69.28399658203125
2020-05-22,NSE:BANKBEES,173.75999450683594
2020-05-22,NSE:LOWVOLIETF,7.947999954223633
2020-05-22,NSE:NIFTYBEES,96.11000061035156
2020-05-22,NSE:MOM100,13.739999771118164
2020-05-22,NSE:CPSEETF,16.010000228881836
2020-05-26,NSE:NIFTYBEES,96.20999908447266
2020-05-26,NSE:MON100,71.19300079345703
2020-05-26,NSE:CPSEETF,16.299999237060547
2020-05-26,NSE:LOWVOLIETF,7.980999946594238
2020-05-26,NSE:MOM100,13.760000228881836
2020-05-26,NSE:BANKBEES,175.82000732421875
2020-05-27,NSE:BANKBEES,187.7899932861328
2020-05-27,NSE:MON100,70.4469985961914
2020-05-27,NSE:MOM100,13.609999656677246
2020-05-27,NSE:LOWVOLIETF,7.9079999923706055
2020-05-27,NSE:CPSEETF,16.479999542236328
2020-05-27,NSE:NIFTYBEES,98.5999984741211
2020-05-28,NSE:BANKBEES,192.2100067138672
2020-05-28,NSE:MOM100,13.739999771118164
2020-05-28,NSE:MON100,70.23100280761719
2020-05-28,NSE:LOWVOLIETF,8.121999740600586
2020-05-28,NSE:CPSEETF,16.729999542236328
2020-05-28,NSE:NIFTYBEES,100.37000274658203
2020-05-29,NSE:NIFTYBEES,101.37999725341797
2020-05-29,NSE:BANKBEES,193.67999267578125
2020-05-29,NSE:MOM100,14.010000228881836
2020-05-29,NSE:MON100,69.39900207519531
2020-05-29,NSE:CPSEETF,17.219999313354492
2020-05-29,NSE:LOWVOLIETF,8.156999588012695
2020-06-01,NSE:CPSEETF,17.5
2020-06-01,NSE:MOM100,14.460000038146973
2020-06-01,NSE:MON100,70.14099884033203
2020-06-01,NSE:LOWVOLIETF,8.456999778747559
2020-06-01,NSE:NIFTYBEES,104.41999816894531
2020-06-01,NSE:BANKBEES,200.52999877929688
2020-06-02,NSE:BANKBEES,206.39999389648438
2020-06-02,NSE:MON100,70.91100311279297
2020-06-02,NSE:LOWVOLIETF,8.531000137329102
2020-06-02,NSE:NIFTYBEES,105.88999938964844
2020-06-02,NSE:CPSEETF,17.489999771118164
2020-06-02,NSE:MOM100,14.710000038146973
2020-06-03,NSE:MON100,71.53399658203125
2020-06-03,NSE:CPSEETF,17.579999923706055
2020-06-03,NSE:NIFTYBEES,106.36000061035156
2020-06-03,NSE:BANKBEES,210.6699981689453
2020-06-03,NSE:LOWVOLIETF,8.592000007629395
2020-06-03,NSE:MOM100,14.729999542236328
2020-06-04,NSE:MOM100,14.5
2020-06-04,NSE:BANKBEES,205.39999389648438
2020-06-04,NSE:MON100,71.8030014038086
2020-06-04,NSE:NIFTYBEES,106.2699966430664
2020-06-04,NSE:CPSEETF,17.600000381469727
2020-06-04,NSE:LOWVOLIETF,8.555999755859375
2020-06-05,NSE:LOWVOLIETF,8.562000274658203
2020-06-05,NSE:CPSEETF,18.040000915527344
2020-06-05,NSE:MOM100,14.75
2020-06-05,NSE:BANKBEES,211.9600067138672
2020-06-05,NSE:MON100,72.00499725341797
2020-06-05,NSE:NIFTYBEES,107.66000366210938
2020-06-08,NSE:MOM100,14.989999771118164
2020-06-08,NSE:BANKBEES,214.02000427246094
2020-06-08,NSE:LOWVOLIETF,8.60099983215332
2020-06-08,NSE:NIFTYBEES,108.0999984741211
2020-06-08,NSE:MON100,73.03299713134766
2020-06-08,NSE:CPSEETF,18.3700008392334
2020-06-09,NSE:MOM100,14.960000038146973
2020-06-09,NSE:NIFTYBEES,106.8499984741211
2020-06-09,NSE:LOWVOLIETF,8.5649995803833
2020-06-09,NSE:MON100,72.89099884033203
2020-06-09,NSE:CPSEETF,18.209999084472656
2020-06-09,NSE:BANKBEES,208.55999755859375
2020-06-10,NSE:MON100,74.44499969482422
2020-06-10,NSE:CPSEETF,18.010000228881836
2020-06-10,NSE:MOM100,15.140000343322754
2020-06-10,NSE:LOWVOLIETF,8.54800033569336
2020-06-10,NSE:BANKBEES,213.17999267578125
2020-06-10,NSE:NIFTYBEES,107.5199966430664
2020-06-11,NSE:BANKBEES,206.77000427246094
2020-06-11,NSE:CPSEETF,17.81999969482422
2020-06-11,NSE:LOWVOLIETF,8.458999633789062
2020-06-11,NSE:MOM100,15.079999923706055
2020-06-11,NSE:NIFTYBEES,105.30000305175781
2020-06-11,NSE:MON100,73.96900177001953
2020-06-12,NSE:NIFTYBEES,105.72000122070312
2020-06-12,NSE:BANKBEES,207.74000549316406
2020-06-12,NSE:MON100,72.55699920654297
2020-06-12,NSE:MOM100,15.100000381469727
2020-06-12,NSE:CPSEETF,17.610000610351562
2020-06-12,NSE:LOWVOLIETF,8.40999984741211
2020-06-15,NSE:NIFTYBEES,104.51000213623047
2020-06-15,NSE:BANKBEES,200.74000549316406
2020-06-15,NSE:MOM100,15.130000114440918
2020-06-15,NSE:CPSEETF,17.270000457763672
2020-06-15,NSE:MON100,71.20600128173828
2020-06-15,NSE:LOWVOLIETF,8.361000061035156
2020-06-16,NSE:MOM100,15.180000305175781
2020-06-16,NSE:LOWVOLIETF,8.451000213623047
2020-06-16,NSE:CPSEETF,17.170000076293945
2020-06-16,NSE:BANKBEES,203.88999938964844
2020-06-16,NSE:NIFTYBEES,105.20999908447266
2020-06-16,NSE:MON100,73.33499908447266
2020-06-17,NSE:LOWVOLIETF,8.38599967956543
2020-06-17,NSE:BANKBEES,202.94000244140625
2020-06-17,NSE:MOM100,15.180000305175781
2020-06-17,NSE:MON100,74.33300018310547
2020-06-17,NSE:NIFTYBEES,104.91999816894531
2020-06-17,NSE:CPSEETF,17.06999969482422
2020-06-18,NSE:CPSEETF,17.440000534057617
2020-06-18,NSE:NIFTYBEES,106.97000122070312
2020-06-18,NSE:LOWVOLIETF,8.359999656677246
2020-06-18,NSE:MON100,74.97000122070312
2020-06-18,NSE:MOM100,15.319999694824219
2020-06-18,NSE:BANKBEES,210.97000122070312
2020-06-19,NSE:MON100,75.59100341796875
2020-06-19,NSE:LOWVOLIETF,8.475000381469727
2020-06-19,NSE:BANKBEES,215.07000732421875
2020-06-19,NSE:CPSEETF,17.739999771118164
2020-06-19,NSE:MOM100,15.420000076293945
2020-06-19,NSE:NIFTYBEES,108.79000091552734
2020-06-22,NSE:MOM100,15.59000015258789
2020-06-22,NSE:MON100,75.46299743652344
2020-06-22,NSE:NIFTYBEES,109.55999755859375
2020-06-22,NSE:LOWVOLIETF,8.512999534606934
2020-06-22,NSE:BANKBEES,218.5
2020-06-22,NSE:CPSEETF,18.139999389648438
2020-06-23,NSE:MOM100,15.6899995803833
2020-06-23,NSE:CPSEETF,18.610000610351562
2020-06-23,NSE:NIFTYBEES,111.0
2020-06-23,NSE:BANKBEES,224.5800018310547
2020-06-23,NSE:LOWVOLIETF,8.694999694824219
2020-06-23,NSE:MON100,75.86699676513672
2020-06-24,NSE:NIFTYBEES,109.52999877929688
2020-06-24,NSE:MON100,75.55500030517578
2020-06-24,NSE:BANKBEES,215.85000610351562
2020-06-24,NSE:CPSEETF,18.18000030517578
2020-06-24,NSE:LOWVOLIETF,8.645000457763672
2020-06-24,NSE:MOM100,15.390000343322754
2020-06-25,NSE:MOM100,15.5
2020-06-25,NSE:NIFTYBEES,109.05000305175781
2020-06-25,NSE:LOWVOLIETF,8.598999977111816
2020-06-25,NSE:MON100,74.40399932861328
2020-06-25,NSE:CPSEETF,17.979999542236328
2020-06-25,NSE:BANKBEES,216.3000030517578
2020-06-26,NSE:CPSEETF,18.149999618530273
2020-06-26,NSE:MOM100,15.539999961853027
2020-06-26,NSE:NIFTYBEES,110.23999786376953
2020-06-26,NSE:LOWVOLIETF,8.609000205993652
2020-06-26,NSE:BANKBEES,216.82000732421875
2020-06-26,NSE:MON100,75.05799865722656
2020-06-29,NSE:LOWVOLIETF,8.652999877929688
2020-06-29,NSE:CPSEETF,17.770000457763672
2020-06-29,NSE:BANKBEES,215.30999755859375
2020-06-29,NSE:NIFTYBEES,109.73999786376953
2020-06-29,NSE:MON100,73.10800170898438
2020-06-29,NSE:MOM100,15.289999961853027
2020-06-30,NSE:BANKBEES,215.41000366210938
2020-06-30,NSE:CPSEETF,17.68000030517578
2020-06-30,NSE:MON100,73.8949966430664
2020-06-30,NSE:NIFTYBEES,109.5199966430664
2020-06-30,NSE:LOWVOLIETF,8.62399959564209
2020-06-30,NSE:MOM100,15.359999656677246
2020-07-01,NSE:MON100,75.43099975585938
2020-07-01,NSE:CPSEETF,17.59000015258789
2020-07-01,NSE:MOM100,15.5600004196167
2020-07-01,NSE:BANKBEES,221.24000549316406
2020-07-01,NSE:NIFTYBEES,111.04000091552734
2020-07-01,NSE:LOWVOLIETF,8.654000282287598
2020-07-02,NSE:CPSEETF,17.709999084472656
2020-07-02,NSE:NIFTYBEES,112.0999984741211
2020-07-02,NSE:MON100,76.09500122070312
2020-07-02,NSE:MOM100,15.619999885559082
2020-07-02,NSE:BANKBEES,221.50999450683594
2020-07-02,NSE:LOWVOLIETF,8.701000213623047
2020-07-03,NSE:MOM100,15.59000015258789
2020-07-03,NSE:NIFTYBEES,112.51000213623047
2020-07-03,NSE:BANKBEES,220.4600067138672
2020-07-03,NSE:LOWVOLIETF,8.795999526977539
2020-07-03,NSE:MON100,76.2959976196289
2020-07-03,NSE:CPSEETF,17.90999984741211
2020-07-06,NSE:CPSEETF,18.149999618530273
2020-07-06,NSE:NIFTYBEES,114.27999877929688
2020-07-06,NSE:MOM100,15.970000267028809
2020-07-06,NSE:BANKBEES,223.6699981689453
2020-07-06,NSE:LOWVOLIETF,8.87399959564209
2020-07-06,NSE:MON100,76.77899932861328
2020-07-06,NSE:ITBEES,15.550000190734863
2020-07-07,NSE:LOWVOLIETF,8.817000389099121
2020-07-07,NSE:BANKBEES,227.35000610351562
2020-07-07,NSE:MOM100,15.989999771118164
2020-07-07,NSE:CPSEETF,17.829999923706055
2020-07-07,NSE:NIFTYBEES,114.6500015258789
2020-07-07,NSE:ITBEES,15.739999771118164
2020-07-07,NSE:MON100,77.51399993896484
2020-07-08,NSE:BANKBEES,228.5
2020-07-08,NSE:MOM100,16.020000457763672
2020-07-08,NSE:CPSEETF,17.760000228881836
2020-07-08,NSE:NIFTYBEES,113.8499984741211
2020-07-08,NSE:ITBEES,15.5
2020-07-08,NSE:MON100,77.36699676513672
2020-07-08,NSE:LOWVOLIETF,8.805000305175781
2020-07-09,NSE:NIFTYBEES,115.06999969482422
2020-07-09,NSE:BANKBEES,231.08999633789062
2020-07-09,NSE:LOWVOLIETF,8.838000297546387
2020-07-09,NSE:CPSEETF,17.579999923706055
2020-07-09,NSE:ITBEES,15.550000190734863
2020-07-09,NSE:MOM100,15.989999771118164
2020-07-09,NSE:MON100,78.61299896240234
2020-07-10,NSE:MON100,79.19200134277344
2020-07-10,NSE:NIFTYBEES,114.37999725341797
2020-07-10,NSE:CPSEETF,17.450000762939453
2020-07-10,NSE:BANKBEES,226.0399932861328
2020-07-10,NSE:LOWVOLIETF,8.819999694824219
2020-07-10,NSE:ITBEES,15.59000015258789
2020-07-10,NSE:MOM100,15.90999984741211
2020-07-13,NSE:MOM100,15.9399995803833
2020-07-13,NSE:CPSEETF,17.3700008392334
2020-07-13,NSE:ITBEES,15.90999984741211
2020-07-13,NSE:MON100,80.39800262451172
2020-07-13,NSE:BANKBEES,222.50999450683594
2020-07-13,NSE:NIFTYBEES,114.86000061035156
2020-07-13,NSE:LOWVOLIETF,8.887999534606934
2020-07-14,NSE:LOWVOLIETF,8.831000328063965
2020-07-14,NSE:CPSEETF,17.020000457763672
2020-07-14,NSE:MON100,79.03900146484375
2020-07-14,NSE:NIFTYBEES,112.93000030517578
2020-07-14,NSE:ITBEES,15.729999542236328
2020-07-14,NSE:BANKBEES,215.38999938964844
2020-07-14,NSE:MOM100,15.609999656677246
2020-07-15,NSE:LOWVOLIETF,8.92199993133545
2020-07-15,NSE:CPSEETF,16.889999389648438
2020-07-15,NSE:NIFTYBEES,112.97000122070312
2020-07-15,NSE:MOM100,15.779999732971191
2020-07-15,NSE:ITBEES,16.549999237060547
2020-07-15,NSE:MON100,79.29499816894531
2020-07-15,NSE:BANKBEES,214.13999938964844
2020-07-16,NSE:CPSEETF,16.75
2020-07-16,NSE:MOM100,15.539999961853027
2020-07-16,NSE:ITBEES,17.010000228881836
2020-07-16,NSE:MON100,78.17500305175781
2020-07-16,NSE:LOWVOLIETF,8.869999885559082
2020-07-16,NSE:BANKBEES,216.6699981689453
2020-07-16,NSE:NIFTYBEES,114.08000183105469
2020-07-17,NSE:CPSEETF,17.329999923706055
2020-07-17,NSE:BANKBEES,220.6999969482422
2020-07-17,NSE:MOM100,15.789999961853027
2020-07-17,NSE:LOWVOLIETF,9.019000053405762
2020-07-17,NSE:NIFTYBEES,115.80999755859375
2020-07-17,NSE:MON100,79.01399993896484
2020-07-17,NSE:ITBEES,16.84000015258789
2020-07-20,NSE:NIFTYBEES,117.05999755859375
2020-07-20,NSE:LOWVOLIETF,9.116000175476074
2020-07-20,NSE:BANKBEES,224.38999938964844
2020-07-20,NSE:MON100,78.59500122070312
2020-07-20,NSE:ITBEES,17.25
2020-07-20,NSE:MOM100,15.979999542236328
2020-07-20,NSE:CPSEETF,17.219999313354492
2020-07-21,NSE:BANKBEES,229.32000732421875
2020-07-21,NSE:MON100,80.81800079345703
2020-07-21,NSE:LOWVOLIETF,9.210000038146973
2020-07-21,NSE:ITBEES,17.31999969482422
2020-07-21,NSE:CPSEETF,17.600000381469727
2020-07-21,NSE:MOM100,16.06999969482422
2020-07-21,NSE:NIFTYBEES,118.54000091552734
2020-07-22,NSE:CPSEETF,17.84000015258789
2020-07-22,NSE:BANKBEES,229.72000122070312
2020-07-22,NSE:MON100,79.30500030517578
2020-07-22,NSE:NIFTYBEES,118.11000061035156
2020-07-22,NSE:ITBEES,17.15999984741211
2020-07-22,NSE:MOM100,15.859999656677246
2020-07-22,NSE:LOWVOLIETF,9.142000198364258
2020-07-23,NSE:NIFTYBEES,119.08000183105469
2020-07-23,NSE:MOM100,16.219999313354492
2020-07-23,NSE:BANKBEES,231.99000549316406
2020-07-23,NSE:CPSEETF,17.93000030517578
2020-07-23,NSE:ITBEES,17.170000076293945
2020-07-23,NSE:MON100,80.28500366210938
2020-07-23,NSE:LOWVOLIETF,9.170999526977539
2020-07-24,NSE:BANKBEES,227.74000549316406
2020-07-24,NSE:CPSEETF,17.75
2020-07-24,NSE:MON100,77.58100128173828
2020-07-24,NSE:NIFTYBEES,118.98999786376953
2020-07-24,NSE:LOWVOLIETF,9.178000450134277
2020-07-24,NSE:MOM100,16.100000381469727
2020-07-24,NSE:ITBEES,17.25
2020-07-27,NSE:NIFTYBEES,118.38999938964844
2020-07-27,NSE:BANKBEES,220.1199951171875
2020-07-27,NSE:MOM100,16.09000015258789
2020-07-27,NSE:CPSEETF,17.559999465942383
2020-07-27,NSE:ITBEES,17.6200008392334
2020-07-27,NSE:MON100,77.58799743652344
2020-07-27,NSE:LOWVOLIETF,9.184000015258789
2020-07-28,NSE:MOM100,16.020000457763672
2020-07-28,NSE:BANKBEES,222.6699981689453
2020-07-28,NSE:MON100,78.70500183105469
2020-07-28,NSE:ITBEES,18.049999237060547
2020-07-28,NSE:CPSEETF,17.559999465942383
2020-07-28,NSE:NIFTYBEES,120.0199966430664
2020-07-28,NSE:LOWVOLIETF,9.319000244140625
2020-07-29,NSE:CPSEETF,17.59000015258789
2020-07-29,NSE:ITBEES,17.959999084472656
2020-07-29,NSE:MON100,77.5510025024414
2020-07-29,NSE:BANKBEES,222.13999938964844
2020-07-29,NSE:NIFTYBEES,119.26000213623047
2020-07-29,NSE:MOM100,16.34000015258789
2020-07-29,NSE:LOWVOLIETF,9.321000099182129
2020-07-30,NSE:BANKBEES,217.38999938964844
2020-07-30,NSE:ITBEES,18.1299991607666
2020-07-30,NSE:NIFTYBEES,117.95999908447266
2020-07-30,NSE:MOM100,16.1299991607666
2020-07-30,NSE:CPSEETF,17.309999465942383
2020-07-30,NSE:LOWVOLIETF,9.281999588012695
2020-07-30,NSE:MON100,77.58300018310547
2020-07-31,NSE:ITBEES,18.18000030517578
2020-07-31,NSE:NIFTYBEES,118.0199966430664
2020-07-31,NSE:MOM100,16.299999237060547
2020-07-31,NSE:CPSEETF,17.299999237060547
2020-07-31,NSE:LOWVOLIETF,9.331999778747559
2020-07-31,NSE:BANKBEES,217.88999938964844
2020-07-31,NSE:MON100,79.64099884033203
2020-08-03,NSE:MON100,80.53700256347656
2020-08-03,NSE:LOWVOLIETF,9.256999969482422
2020-08-03,NSE:ITBEES,18.06999969482422
2020-08-03,NSE:BANKBEES,212.6199951171875
2020-08-03,NSE:NIFTYBEES,116.16999816894531
2020-08-03,NSE:MOM100,16.290000915527344
2020-08-03,NSE:CPSEETF,17.190000534057617
2020-08-04,NSE:ITBEES,17.760000228881836
2020-08-04,NSE:BANKBEES,215.97000122070312
2020-08-04,NSE:NIFTYBEES,118.0
2020-08-04,NSE:MON100,81.27200317382812
2020-08-04,NSE:MOM100,16.229999542236328
2020-08-04,NSE:CPSEETF,17.200000762939453
2020-08-04,NSE:LOWVOLIETF,9.289999961853027
2020-08-05,NSE:ITBEES,17.90999984741211
2020-08-05,NSE:LOWVOLIETF,9.267999649047852
2020-08-05,NSE:BANKBEES,216.08999633789062
2020-08-05,NSE:MOM100,16.59000015258789
2020-08-05,NSE:CPSEETF,17.200000762939453
2020-08-05,NSE:NIFTYBEES,118.02999877929688
2020-08-05,NSE:MON100,81.37999725341797
2020-08-06,NSE:ITBEES,18.1200008392334
2020-08-06,NSE:MON100,81.54199981689453
2020-08-06,NSE:LOWVOLIETF,9.265999794006348
2020-08-06,NSE:CPSEETF,17.270000457763672
2020-08-06,NSE:NIFTYBEES,119.0199966430664
2020-08-06,NSE:MOM100,16.510000228881836
2020-08-06,NSE:BANKBEES,217.22000122070312
2020-08-07,NSE:BANKBEES,218.2100067138672
2020-08-07,NSE:CPSEETF,17.34000015258789
2020-08-07,NSE:LOWVOLIETF,9.376999855041504
2020-08-07,NSE:MON100,82.7030029296875
2020-08-07,NSE:NIFTYBEES,119.3499984741211
2020-08-07,NSE:MOM100,16.760000228881836
2020-08-07,NSE:ITBEES,18.1200008392334
2020-08-10,NSE:NIFTYBEES,119.97000122070312
2020-08-10,NSE:LOWVOLIETF,9.463000297546387
2020-08-10,NSE:MON100,82.0979995727539
2020-08-10,NSE:ITBEES,18.239999771118164
2020-08-10,NSE:CPSEETF,17.65999984741211
2020-08-10,NSE:MOM100,17.049999237060547
2020-08-10,NSE:BANKBEES,220.0500030517578
2020-08-11,NSE:ITBEES,18.200000762939453
2020-08-11,NSE:NIFTYBEES,120.44000244140625
2020-08-11,NSE:LOWVOLIETF,9.4399995803833
2020-08-11,NSE:MOM100,17.15999984741211
2020-08-11,NSE:BANKBEES,224.0399932861328
2020-08-11,NSE:CPSEETF,17.6299991607666
2020-08-11,NSE:MON100,81.41000366210938
2020-08-12,NSE:MON100,80.96199798583984
2020-08-12,NSE:LOWVOLIETF,9.475000381469727
2020-08-12,NSE:CPSEETF,17.709999084472656
2020-08-12,NSE:NIFTYBEES,120.33000183105469
2020-08-12,NSE:ITBEES,18.06999969482422
2020-08-12,NSE:BANKBEES,224.32000732421875
2020-08-12,NSE:MOM100,17.1200008392334
2020-08-13,NSE:BANKBEES,223.16000366210938
2020-08-13,NSE:LOWVOLIETF,9.449000358581543
2020-08-13,NSE:NIFTYBEES,120.48999786376953
2020-08-13,NSE:MOM100,17.260000228881836
2020-08-13,NSE:ITBEES,18.149999618530273
2020-08-13,NSE:MON100,82.03900146484375
2020-08-13,NSE:CPSEETF,17.8799991607666
2020-08-14,NSE:LOWVOLIETF,9.394000053405762
2020-08-14,NSE:MOM100,17.309999465942383
2020-08-14,NSE:MON100,82.08499908447266
2020-08-14,NSE:BANKBEES,217.85000610351562
2020-08-14,NSE:NIFTYBEES,119.26000213623047
2020-08-14,NSE:ITBEES,18.139999389648438
2020-08-14,NSE:CPSEETF,17.829999923706055
2020-08-17,NSE:BANKBEES,218.66000366210938
2020-08-17,NSE:MON100,82.65699768066406
2020-08-17,NSE:CPSEETF,18.360000610351562
2020-08-17,NSE:LOWVOLIETF,9.53499984741211
2020-08-17,NSE:NIFTYBEES,119.87999725341797
2020-08-17,NSE:ITBEES,18.25
2020-08-17,NSE:MOM100,17.209999084472656
2020-08-18,NSE:MON100,83.2699966430664
2020-08-18,NSE:CPSEETF,18.399999618530273
2020-08-18,NSE:ITBEES,18.3700008392334
2020-08-18,NSE:MOM100,17.540000915527344
2020-08-18,NSE:BANKBEES,223.3699951171875
2020-08-18,NSE:NIFTYBEES,120.97000122070312
2020-08-18,NSE:LOWVOLIETF,9.552000045776367
2020-08-19,NSE:ITBEES,18.350000381469727
2020-08-19,NSE:MOM100,17.729999542236328
2020-08-19,NSE:LOWVOLIETF,9.579999923706055
2020-08-19,NSE:BANKBEES,224.1699981689453
2020-08-19,NSE:MON100,83.8280029296875
2020-08-19,NSE:CPSEETF,18.399999618530273
2020-08-19,NSE:NIFTYBEES,121.12999725341797
2020-08-20,NSE:MOM100,17.6200008392334
2020-08-20,NSE:ITBEES,18.260000228881836
2020-08-20,NSE:CPSEETF,18.979999542236328
2020-08-20,NSE:NIFTYBEES,120.41999816894531
2020-08-20,NSE:LOWVOLIETF,9.520000457763672
2020-08-20,NSE:MON100,82.802001953125
2020-08-20,NSE:BANKBEES,221.13999938964844
2020-08-21,NSE:BANKBEES,223.9499969482422
2020-08-21,NSE:MOM100,17.889999389648438
2020-08-21,NSE:MON100,84.97699737548828
2020-08-21,NSE:LOWVOLIETF,9.67199993133545
2020-08-21,NSE:ITBEES,18.239999771118164
2020-08-21,NSE:NIFTYBEES,121.11000061035156
2020-08-21,NSE:CPSEETF,19.299999237060547
2020-08-24,NSE:MOM100,18.09000015258789
2020-08-24,NSE:MON100,85.09300231933594
2020-08-24,NSE:LOWVOLIETF,9.619999885559082
2020-08-24,NSE:ITBEES,18.110000610351562
2020-08-24,NSE:BANKBEES,229.30999755859375
2020-08-24,NSE:NIFTYBEES,122.0
2020-08-24,NSE:CPSEETF,19.209999084472656
2020-08-25,NSE:MOM100,18.18000030517578
2020-08-25,NSE:NIFTYBEES,121.93000030517578
2020-08-25,NSE:BANKBEES,231.99000549316406
2020-08-25,NSE:LOWVOLIETF,9.61299991607666
2020-08-25,NSE:ITBEES,18.040000915527344
2020-08-25,NSE:MON100,84.87799835205078
2020-08-25,NSE:CPSEETF,19.049999237060547
2020-08-26,NSE:CPSEETF,19.110000610351562
2020-08-26,NSE:LOWVOLIETF,9.654999732971191
2020-08-26,NSE:MON100,86.31400299072266
2020-08-26,NSE:BANKBEES,235.63999938964844
2020-08-26,NSE:NIFTYBEES,122.75
2020-08-26,NSE:MOM100,18.190000534057617
2020-08-26,NSE:ITBEES,18.09000015258789
2020-08-27,NSE:MOM100,18.239999771118164
2020-08-27,NSE:LOWVOLIETF,9.661999702453613
2020-08-27,NSE:BANKBEES,237.35000610351562
2020-08-27,NSE:NIFTYBEES,122.91000366210938
2020-08-27,NSE:MON100,87.49299621582031
2020-08-27,NSE:CPSEETF,18.989999771118164
2020-08-27,NSE:ITBEES,18.200000762939453
2020-08-28,NSE:BANKBEES,247.24000549316406
2020-08-28,NSE:CPSEETF,19.049999237060547
2020-08-28,NSE:ITBEES,18.079999923706055
2020-08-28,NSE:NIFTYBEES,124.04000091552734
2020-08-28,NSE:MON100,86.03099822998047
2020-08-28,NSE:MOM100,18.06999969482422
2020-08-28,NSE:LOWVOLIETF,9.61299991607666
2020-08-31,NSE:MON100,87.21900177001953
2020-08-31,NSE:ITBEES,17.989999771118164
2020-08-31,NSE:BANKBEES,239.57000732421875
2020-08-31,NSE:CPSEETF,18.56999969482422
2020-08-31,NSE:NIFTYBEES,121.02999877929688
2020-08-31,NSE:MOM100,17.559999465942383
2020-08-31,NSE:LOWVOLIETF,9.437999725341797
2020-09-01,NSE:LOWVOLIETF,9.435999870300293
2020-09-01,NSE:CPSEETF,18.479999542236328
2020-09-01,NSE:BANKBEES,239.97999572753906
2020-09-01,NSE:MOM100,17.530000686645508
2020-09-01,NSE:NIFTYBEES,122.1500015258789
2020-09-01,NSE:ITBEES,17.90999984741211
2020-09-01,NSE:MON100,87.57499694824219
2020-09-02,NSE:CPSEETF,18.719999313354492
2020-09-02,NSE:BANKBEES,240.64999389648438
2020-09-02,NSE:ITBEES,18.020000457763672
2020-09-02,NSE:MON100,89.05899810791016
2020-09-02,NSE:LOWVOLIETF,9.440999984741211
2020-09-02,NSE:NIFTYBEES,122.75
2020-09-02,NSE:MOM100,17.690000534057617
2020-09-03,NSE:NIFTYBEES,122.7300033569336
2020-09-03,NSE:MON100,89.45899963378906
2020-09-03,NSE:CPSEETF,18.520000457763672
2020-09-03,NSE:ITBEES,18.360000610351562
2020-09-03,NSE:LOWVOLIETF,9.539999961853027
2020-09-03,NSE:MOM100,17.93000030517578
2020-09-03,NSE:BANKBEES,237.1199951171875
2020-09-04,NSE:MON100,84.86100006103516
2020-09-04,NSE:NIFTYBEES,121.12000274658203
2020-09-04,NSE:CPSEETF,18.200000762939453
2020-09-04,NSE:ITBEES,18.110000610351562
2020-09-04,NSE:LOWVOLIETF,9.449000358581543
2020-09-04,NSE:MOM100,17.6299991607666
2020-09-04,NSE:BANKBEES,231.89999389648438
2020-09-07,NSE:MON100,83.34600067138672
2020-09-07,NSE:CPSEETF,17.989999771118164
2020-09-07,NSE:NIFTYBEES,121.2699966430664
2020-09-07,NSE:LOWVOLIETF,9.409000396728516
2020-09-07,NSE:BANKBEES,231.3699951171875
2020-09-07,NSE:MOM100,17.459999084472656
2020-09-07,NSE:ITBEES,18.100000381469727
2020-09-08,NSE:CPSEETF,17.700000762939453
2020-09-08,NSE:MOM100,17.389999389648438
2020-09-08,NSE:LOWVOLIETF,9.390999794006348
2020-09-08,NSE:NIFTYBEES,120.8499984741211
2020-09-08,NSE:MON100,83.47699737548828
2020-09-08,NSE:ITBEES,18.540000915527344
2020-09-08,NSE:BANKBEES,229.00999450683594
2020-09-09,NSE:MOM100,17.239999771118164
2020-09-09,NSE:NIFTYBEES,120.33999633789062
2020-09-09,NSE:ITBEES,18.350000381469727
2020-09-09,NSE:CPSEETF,17.479999542236328
2020-09-09,NSE:BANKBEES,224.24000549316406
2020-09-09,NSE:MON100,82.44200134277344
2020-09-09,NSE:LOWVOLIETF,9.380000114440918
2020-09-10,NSE:NIFTYBEES,121.94000244140625
2020-09-10,NSE:MON100,82.19000244140625
2020-09-10,NSE:MOM100,17.700000762939453
2020-09-10,NSE:BANKBEES,226.36000061035156
2020-09-10,NSE:ITBEES,18.299999237060547
2020-09-10,NSE:CPSEETF,17.559999465942383
2020-09-10,NSE:LOWVOLIETF,9.42300033569336
2020-09-11,NSE:MON100,82.22899627685547
2020-09-11,NSE:MOM100,17.6200008392334
2020-09-11,NSE:BANKBEES,226.57000732421875
2020-09-11,NSE:LOWVOLIETF,9.487000465393066
2020-09-11,NSE:NIFTYBEES,122.12999725341797
2020-09-11,NSE:ITBEES,18.709999084472656
2020-09-11,NSE:CPSEETF,17.469999313354492
2020-09-14,NSE:LOWVOLIETF,9.57800006866455
2020-09-14,NSE:MON100,80.98300170898438
2020-09-14,NSE:CPSEETF,17.5
2020-09-14,NSE:BANKBEES,222.75
2020-09-14,NSE:NIFTYBEES,122.12999725341797
2020-09-14,NSE:MOM100,18.59000015258789
2020-09-14,NSE:ITBEES,19.549999237060547
2020-09-15,NSE:BANKBEES,226.24000549316406
2020-09-15,NSE:ITBEES,19.799999237060547
2020-09-15,NSE:LOWVOLIETF,9.567000389099121
2020-09-15,NSE:CPSEETF,17.510000228881836
2020-09-15,NSE:MOM100,18.290000915527344
2020-09-15,NSE:NIFTYBEES,122.9000015258789
2020-09-15,NSE:MON100,81.33899688720703
2020-09-16,NSE:ITBEES,19.770000457763672
2020-09-16,NSE:MOM100,18.440000534057617
2020-09-16,NSE:MON100,82.88500213623047
2020-09-16,NSE:CPSEETF,17.3799991607666
2020-09-16,NSE:LOWVOLIETF,9.657999992370605
2020-09-16,NSE:BANKBEES,227.25999450683594
2020-09-16,NSE:NIFTYBEES,123.70999908447266
2020-09-17,NSE:ITBEES,19.940000534057617
2020-09-17,NSE:BANKBEES,224.32000732421875
2020-09-17,NSE:MOM100,18.239999771118164
2020-09-17,NSE:LOWVOLIETF,9.67199993133545
2020-09-17,NSE:MON100,80.86000061035156
2020-09-17,NSE:NIFTYBEES,122.72000122070312
2020-09-17,NSE:CPSEETF,17.25
2020-09-18,NSE:NIFTYBEES,122.66000366210938
2020-09-18,NSE:CPSEETF,17.420000076293945
2020-09-18,NSE:MOM100,18.459999084472656
2020-09-18,NSE:MON100,80.20500183105469
2020-09-18,NSE:BANKBEES,221.3300018310547
2020-09-18,NSE:ITBEES,20.059999465942383
2020-09-18,NSE:LOWVOLIETF,9.753000259399414
2020-09-21,NSE:CPSEETF,17.0
2020-09-21,NSE:ITBEES,19.81999969482422
2020-09-21,NSE:LOWVOLIETF,9.555000305175781
2020-09-21,NSE:BANKBEES,215.07000732421875
2020-09-21,NSE:MON100,77.93800354003906
2020-09-21,NSE:MOM100,18.09000015258789
2020-09-21,NSE:NIFTYBEES,119.91999816894531
2020-09-22,NSE:ITBEES,19.950000762939453
2020-09-22,NSE:MOM100,17.729999542236328
2020-09-22,NSE:NIFTYBEES,118.91000366210938
2020-09-22,NSE:LOWVOLIETF,9.496999740600586
2020-09-22,NSE:BANKBEES,213.11000061035156
2020-09-22,NSE:CPSEETF,16.68000030517578
2020-09-22,NSE:MON100,80.31300354003906
2020-09-23,NSE:NIFTYBEES,118.94999694824219
2020-09-23,NSE:BANKBEES,213.5800018310547
2020-09-23,NSE:CPSEETF,16.510000228881836
2020-09-23,NSE:MOM100,17.510000228881836
2020-09-23,NSE:ITBEES,19.8799991607666
2020-09-23,NSE:MON100,81.26799774169922
2020-09-23,NSE:LOWVOLIETF,9.48900032043457
2020-09-24,NSE:MOM100,17.200000762939453
2020-09-24,NSE:LOWVOLIETF,9.321000099182129
2020-09-24,NSE:MON100,78.92900085449219
2020-09-24,NSE:BANKBEES,206.8000030517578
2020-09-24,NSE:CPSEETF,16.049999237060547
2020-09-24,NSE:NIFTYBEES,115.76000213623047
2020-09-24,NSE:ITBEES,19.049999237060547
2020-09-25,NSE:LOWVOLIETF,9.494000434875488
2020-09-25,NSE:ITBEES,19.700000762939453
2020-09-25,NSE:MOM100,17.540000915527344
2020-09-25,NSE:CPSEETF,16.270000457763672
2020-09-25,NSE:MON100,80.05599975585938
2020-09-25,NSE:BANKBEES,211.10000610351562
2020-09-25,NSE:NIFTYBEES,117.87000274658203
2020-09-28,NSE:CPSEETF,16.84000015258789
2020-09-28,NSE:MON100,81.74500274658203
2020-09-28,NSE:BANKBEES,218.14999389648438
2020-09-28,NSE:MOM100,17.969999313354492
2020-09-28,NSE:ITBEES,19.790000915527344
2020-09-28,NSE:NIFTYBEES,119.75
2020-09-28,NSE:LOWVOLIETF,9.579000473022461
2020-09-29,NSE:NIFTYBEES,119.81999969482422
2020-09-29,NSE:BANKBEES,215.74000549316406
2020-09-29,NSE:MON100,82.37300109863281
2020-09-29,NSE:CPSEETF,16.610000610351562
2020-09-29,NSE:LOWVOLIETF,9.548999786376953
2020-09-29,NSE:ITBEES,19.850000381469727
2020-09-29,NSE:MOM100,17.719999313354492
2020-09-30,NSE:ITBEES,20.0
2020-09-30,NSE:CPSEETF,16.43000030517578
2020-09-30,NSE:BANKBEES,215.94000244140625
2020-09-30,NSE:MON100,81.91999816894531
2020-09-30,NSE:NIFTYBEES,119.93000030517578
2020-09-30,NSE:MOM100,17.850000381469727
2020-09-30,NSE:LOWVOLIETF,9.612000465393066
2020-10-01,NSE:MOM100,17.969999313354492
2020-10-01,NSE:LOWVOLIETF,9.657999992370605
2020-10-01,NSE:CPSEETF,16.469999313354492
2020-10-01,NSE:BANKBEES,223.7100067138672
2020-10-01,NSE:ITBEES,20.200000762939453
2020-10-01,NSE:NIFTYBEES,121.61000061035156
2020-10-01,NSE:MON100,82.76599884033203
2020-10-05,NSE:BANKBEES,224.67999267578125
2020-10-05,NSE:CPSEETF,16.459999084472656
2020-10-05,NSE:ITBEES,20.8700008392334
2020-10-05,NSE:LOWVOLIETF,9.744999885559082
2020-10-05,NSE:MOM100,17.979999542236328
2020-10-05,NSE:NIFTYBEES,122.37999725341797
2020-10-05,NSE:MON100,81.49299621582031
2020-10-06,NSE:BANKBEES,229.3300018310547
2020-10-06,NSE:LOWVOLIETF,9.829000473022461
2020-10-06,NSE:MON100,82.5989990234375
2020-10-06,NSE:MOM100,17.979999542236328
2020-10-06,NSE:ITBEES,21.010000228881836
2020-10-06,NSE:NIFTYBEES,124.02999877929688
2020-10-06,NSE:CPSEETF,16.43000030517578
2020-10-07,NSE:LOWVOLIETF,9.86299991607666
2020-10-07,NSE:ITBEES,21.1200008392334
2020-10-07,NSE:NIFTYBEES,124.88999938964844
2020-10-07,NSE:MOM100,17.920000076293945
2020-10-07,NSE:MON100,82.11900329589844
2020-10-07,NSE:CPSEETF,16.290000915527344
2020-10-07,NSE:BANKBEES,230.33999633789062
2020-10-08,NSE:NIFTYBEES,125.91000366210938
2020-10-08,NSE:BANKBEES,232.8699951171875
2020-10-08,NSE:CPSEETF,16.100000381469727
2020-10-08,NSE:MOM100,17.8700008392334
2020-10-08,NSE:MON100,82.85299682617188
2020-10-08,NSE:LOWVOLIETF,9.925999641418457
2020-10-08,NSE:ITBEES,21.760000228881836
2020-10-09,NSE:CPSEETF,16.200000762939453
2020-10-09,NSE:ITBEES,21.93000030517578
2020-10-09,NSE:LOWVOLIETF,9.958000183105469
2020-10-09,NSE:NIFTYBEES,126.98999786376953
2020-10-09,NSE:MON100,83.49500274658203
2020-10-09,NSE:BANKBEES,239.4199981689453
2020-10-09,NSE:MOM100,17.600000381469727
2020-10-12,NSE:LOWVOLIETF,10.015000343322754
2020-10-12,NSE:BANKBEES,238.27000427246094
2020-10-12,NSE:NIFTYBEES,126.95999908447266
2020-10-12,NSE:CPSEETF,16.100000381469727
2020-10-12,NSE:MOM100,17.549999237060547
2020-10-12,NSE:ITBEES,22.309999465942383
2020-10-12,NSE:MON100,84.65899658203125
2020-10-13,NSE:NIFTYBEES,127.0199966430664
2020-10-13,NSE:LOWVOLIETF,10.043000221252441
2020-10-13,NSE:CPSEETF,16.059999465942383
2020-10-13,NSE:MON100,87.12100219726562
2020-10-13,NSE:BANKBEES,236.50999450683594
2020-10-13,NSE:ITBEES,23.709999084472656
2020-10-13,NSE:MOM100,17.610000610351562
2020-10-14,NSE:MON100,87.375
2020-10-14,NSE:CPSEETF,15.869999885559082
2020-10-14,NSE:NIFTYBEES,127.41999816894531
2020-10-14,NSE:ITBEES,22.389999389648438
2020-10-14,NSE:LOWVOLIETF,9.937999725341797
2020-10-14,NSE:BANKBEES,240.16000366210938
2020-10-14,NSE:MOM100,17.610000610351562
2020-10-15,NSE:BANKBEES,231.92999267578125
2020-10-15,NSE:CPSEETF,15.720000267028809
2020-10-15,NSE:LOWVOLIETF,9.817999839782715
2020-10-15,NSE:MON100,85.14099884033203
2020-10-15,NSE:ITBEES,21.68000030517578
2020-10-15,NSE:NIFTYBEES,124.80999755859375
2020-10-15,NSE:MOM100,17.520000457763672
2020-10-16,NSE:LOWVOLIETF,9.822999954223633
2020-10-16,NSE:ITBEES,21.639999389648438
2020-10-16,NSE:MOM100,17.559999465942383
2020-10-16,NSE:MON100,85.86299896240234
2020-10-16,NSE:CPSEETF,15.84000015258789
2020-10-16,NSE:NIFTYBEES,125.62000274658203
2020-10-16,NSE:BANKBEES,236.5
2020-10-19,NSE:MOM100,17.719999313354492
2020-10-19,NSE:BANKBEES,243.89999389648438
2020-10-19,NSE:NIFTYBEES,126.80999755859375
2020-10-19,NSE:ITBEES,21.479999542236328
2020-10-19,NSE:CPSEETF,16.1200008392334
2020-10-19,NSE:MON100,86.25700378417969
2020-10-19,NSE:LOWVOLIETF,9.949999809265137
2020-10-20,NSE:LOWVOLIETF,9.963000297546387
2020-10-20,NSE:CPSEETF,15.989999771118164
2020-10-20,NSE:MOM100,17.770000457763672
2020-10-20,NSE:MON100,84.91899871826172
2020-10-20,NSE:NIFTYBEES,126.7699966430664
2020-10-20,NSE:ITBEES,21.739999771118164
2020-10-20,NSE:BANKBEES,244.11000061035156
2020-10-21,NSE:CPSEETF,16.200000762939453
2020-10-21,NSE:MON100,84.25199890136719
2020-10-21,NSE:BANKBEES,247.27999877929688
2020-10-21,NSE:LOWVOLIETF,9.920999526977539
2020-10-21,NSE:NIFTYBEES,126.9800033569336
2020-10-21,NSE:MOM100,17.889999389648438
2020-10-21,NSE:ITBEES,21.65999984741211
2020-10-22,NSE:MON100,84.24299621582031
2020-10-22,NSE:CPSEETF,16.469999313354492
2020-10-22,NSE:MOM100,17.68000030517578
2020-10-22,NSE:ITBEES,21.549999237060547
2020-10-22,NSE:BANKBEES,246.10000610351562
2020-10-22,NSE:LOWVOLIETF,9.942999839782715
2020-10-22,NSE:NIFTYBEES,126.7300033569336
2020-10-23,NSE:LOWVOLIETF,9.994000434875488
2020-10-23,NSE:ITBEES,21.6200008392334
2020-10-23,NSE:MOM100,18.030000686645508
2020-10-23,NSE:NIFTYBEES,127.11000061035156
2020-10-23,NSE:BANKBEES,246.49000549316406
2020-10-23,NSE:MON100,84.72000122070312
2020-10-23,NSE:CPSEETF,16.719999313354492
2020-10-26,NSE:MOM100,17.81999969482422
2020-10-26,NSE:ITBEES,21.43000030517578
2020-10-26,NSE:NIFTYBEES,125.80999755859375
2020-10-26,NSE:LOWVOLIETF,9.925000190734863
2020-10-26,NSE:BANKBEES,242.42999267578125
2020-10-26,NSE:MON100,83.87699890136719
2020-10-26,NSE:CPSEETF,16.489999771118164
2020-10-27,NSE:MON100,83.73999786376953
2020-10-27,NSE:CPSEETF,16.540000915527344
2020-10-27,NSE:BANKBEES,248.50999450683594
2020-10-27,NSE:LOWVOLIETF,10.050999641418457
2020-10-27,NSE:MOM100,17.959999084472656
2020-10-27,NSE:NIFTYBEES,126.80999755859375
2020-10-27,NSE:ITBEES,21.260000228881836
2020-10-28,NSE:LOWVOLIETF,9.989999771118164
2020-10-28,NSE:MON100,83.88099670410156
2020-10-28,NSE:MOM100,17.989999771118164
2020-10-28,NSE:ITBEES,21.0
2020-10-28,NSE:NIFTYBEES,125.4000015258789
2020-10-28,NSE:CPSEETF,16.399999618530273
2020-10-28,NSE:BANKBEES,243.77000427246094
2020-10-29,NSE:MOM100,17.780000686645508
2020-10-29,NSE:CPSEETF,16.219999313354492
2020-10-29,NSE:ITBEES,21.1299991607666
2020-10-29,NSE:NIFTYBEES,124.72000122070312
2020-10-29,NSE:LOWVOLIETF,9.961999893188477
2020-10-29,NSE:BANKBEES,242.44000244140625
2020-10-29,NSE:MON100,82.31700134277344
2020-10-30,NSE:NIFTYBEES,124.56999969482422
2020-10-30,NSE:CPSEETF,16.350000381469727
2020-10-30,NSE:LOWVOLIETF,9.925999641418457
2020-10-30,NSE:MOM100,17.81999969482422
2020-10-30,NSE:ITBEES,21.15999984741211
2020-10-30,NSE:BANKBEES,240.64999389648438
2020-10-30,NSE:MON100,82.34600067138672
2020-11-02,NSE:MON100,81.73400115966797
2020-11-02,NSE:BANKBEES,250.1300048828125
2020-11-02,NSE:MOM100,17.760000228881836
2020-11-02,NSE:NIFTYBEES,124.37000274658203
2020-11-02,NSE:LOWVOLIETF,9.930999755859375
2020-11-02,NSE:CPSEETF,16.520000457763672
2020-11-02,NSE:ITBEES,20.940000534057617
2020-11-03,NSE:MOM100,17.989999771118164
2020-11-03,NSE:BANKBEES,257.7200012207031
2020-11-03,NSE:LOWVOLIETF,9.972000122070312
2020-11-03,NSE:CPSEETF,16.600000381469727
2020-11-03,NSE:ITBEES,20.920000076293945
2020-11-03,NSE:MON100,82.24500274658203
2020-11-03,NSE:NIFTYBEES,126.01000213623047
2020-11-04,NSE:NIFTYBEES,127.02999877929688
2020-11-04,NSE:MOM100,18.010000228881836
2020-11-04,NSE:LOWVOLIETF,10.041999816894531
2020-11-04,NSE:ITBEES,21.329999923706055
2020-11-04,NSE:MON100,85.26799774169922
2020-11-04,NSE:BANKBEES,259.739990234375
2020-11-04,NSE:CPSEETF,16.479999542236328
2020-11-05,NSE:LOWVOLIETF,10.140999794006348
2020-11-05,NSE:NIFTYBEES,129.1199951171875
2020-11-05,NSE:ITBEES,21.59000015258789
2020-11-05,NSE:BANKBEES,264.0400085449219
2020-11-05,NSE:MON100,87.73999786376953
2020-11-05,NSE:MOM100,18.3799991607666
2020-11-05,NSE:CPSEETF,16.850000381469727
2020-11-06,NSE:LOWVOLIETF,10.232000350952148
2020-11-06,NSE:MOM100,18.760000228881836
2020-11-06,NSE:ITBEES,21.65999984741211
2020-11-06,NSE:NIFTYBEES,130.61000061035156
2020-11-06,NSE:MON100,87.05699920654297
2020-11-06,NSE:BANKBEES,268.8699951171875
2020-11-06,NSE:CPSEETF,16.950000762939453
2020-11-09,NSE:NIFTYBEES,132.72999572753906
2020-11-09,NSE:ITBEES,22.049999237060547
2020-11-09,NSE:CPSEETF,17.200000762939453
2020-11-09,NSE:MON100,89.86299896240234
2020-11-09,NSE:LOWVOLIETF,10.291999816894531
2020-11-09,NSE:MOM100,18.75
2020-11-09,NSE:BANKBEES,277.3999938964844
2020-11-10,NSE:BANKBEES,288.1400146484375
2020-11-10,NSE:MON100,86.55999755859375
2020-11-10,NSE:MOM100,18.540000915527344
2020-11-10,NSE:ITBEES,21.209999084472656
2020-11-10,NSE:LOWVOLIETF,10.277999877929688
2020-11-10,NSE:CPSEETF,17.549999237060547
2020-11-10,NSE:NIFTYBEES,134.72000122070312
2020-11-11,NSE:BANKBEES,290.7099914550781
2020-11-11,NSE:ITBEES,21.59000015258789
2020-11-11,NSE:MOM100,18.739999771118164
2020-11-11,NSE:LOWVOLIETF,10.347000122070312
2020-11-11,NSE:CPSEETF,17.780000686645508
2020-11-11,NSE:MON100,86.37999725341797
2020-11-11,NSE:NIFTYBEES,135.8300018310547
2020-11-12,NSE:ITBEES,21.56999969482422
2020-11-12,NSE:BANKBEES,284.7699890136719
2020-11-12,NSE:MON100,87.2030029296875
2020-11-12,NSE:LOWVOLIETF,10.366999626159668
2020-11-12,NSE:CPSEETF,17.6200008392334
2020-11-12,NSE:NIFTYBEES,135.25999450683594
2020-11-12,NSE:MOM100,18.670000076293945
2020-11-13,NSE:MOM100,18.850000381469727
2020-11-13,NSE:ITBEES,21.540000915527344
2020-11-13,NSE:BANKBEES,286.42999267578125
2020-11-13,NSE:MON100,87.87100219726562
2020-11-13,NSE:CPSEETF,17.700000762939453
2020-11-13,NSE:NIFTYBEES,135.7899932861328
2020-11-13,NSE:LOWVOLIETF,10.39799976348877
2020-11-14,NSE:ITBEES,21.670000076293945
2020-11-14,NSE:BANKBEES,287.1300048828125
2020-11-14,NSE:MON100,88.40899658203125
2020-11-14,NSE:NIFTYBEES,136.39999389648438
2020-11-14,NSE:CPSEETF,17.770000457763672
2020-11-14,NSE:LOWVOLIETF,10.428999900817871
2020-11-14,NSE:MOM100,19.139999389648438
2020-11-17,NSE:LOWVOLIETF,10.411999702453613
2020-11-17,NSE:NIFTYBEES,137.38999938964844
2020-11-17,NSE:ITBEES,21.719999313354492
2020-11-17,NSE:MOM100,19.229999542236328
2020-11-17,NSE:BANKBEES,293.5799865722656
2020-11-17,NSE:MON100,88.01899719238281
2020-11-17,NSE:CPSEETF,17.790000915527344
2020-11-18,NSE:BANKBEES,299.7799987792969
2020-11-18,NSE:MON100,87.5790023803711
2020-11-18,NSE:CPSEETF,17.75
2020-11-18,NSE:LOWVOLIETF,10.399999618530273
2020-11-18,NSE:MOM100,19.549999237060547
2020-11-18,NSE:ITBEES,21.540000915527344
2020-11-18,NSE:NIFTYBEES,137.89999389648438
2020-11-19,NSE:ITBEES,21.360000610351562
2020-11-19,NSE:NIFTYBEES,136.25
2020-11-19,NSE:BANKBEES,290.7900085449219
2020-11-19,NSE:MOM100,19.65999984741211
2020-11-19,NSE:LOWVOLIETF,10.40999984741211
2020-11-19,NSE:MON100,86.7490005493164
2020-11-19,NSE:CPSEETF,17.790000915527344
2020-11-20,NSE:MON100,87.61100006103516
2020-11-20,NSE:BANKBEES,294.6300048828125
2020-11-20,NSE:MOM100,19.670000076293945
2020-11-20,NSE:NIFTYBEES,137.0
2020-11-20,NSE:CPSEETF,18.040000915527344
2020-11-20,NSE:ITBEES,21.520000457763672
2020-11-20,NSE:LOWVOLIETF,10.496999740600586
2020-11-23,NSE:MOM100,19.969999313354492
2020-11-23,NSE:ITBEES,22.139999389648438
2020-11-23,NSE:LOWVOLIETF,10.555999755859375
2020-11-23,NSE:BANKBEES,292.1199951171875
2020-11-23,NSE:NIFTYBEES,137.75999450683594
2020-11-23,NSE:CPSEETF,18.440000534057617
2020-11-23,NSE:MON100,87.22200012207031
2020-11-24,NSE:ITBEES,22.190000534057617
2020-11-24,NSE:MOM100,20.1299991607666
2020-11-24,NSE:NIFTYBEES,139.3800048828125
2020-11-24,NSE:BANKBEES,298.5899963378906
2020-11-24,NSE:LOWVOLIETF,10.649999618530273
2020-11-24,NSE:MON100,87.20600128173828
2020-11-24,NSE:CPSEETF,18.579999923706055
2020-11-25,NSE:MOM100,19.8700008392334
2020-11-25,NSE:BANKBEES,293.7900085449219
2020-11-25,NSE:ITBEES,22.030000686645508
2020-11-25,NSE:MON100,87.80699920654297
2020-11-25,NSE:LOWVOLIETF,10.550999641418457
2020-11-25,NSE:CPSEETF,18.739999771118164
2020-11-25,NSE:NIFTYBEES,137.38999938964844
2020-11-26,NSE:CPSEETF,18.81999969482422
2020-11-26,NSE:MON100,88.59300231933594
2020-11-26,NSE:MOM100,19.93000030517578
2020-11-26,NSE:BANKBEES,297.1099853515625
2020-11-26,NSE:NIFTYBEES,138.24000549316406
2020-11-26,NSE:ITBEES,22.020000457763672
2020-11-26,NSE:LOWVOLIETF,10.553999900817871
2020-11-27,NSE:BANKBEES,297.05999755859375
2020-11-27,NSE:NIFTYBEES,138.3800048828125
2020-11-27,NSE:MON100,88.99400329589844
2020-11-27,NSE:MOM100,20.389999389648438
2020-11-27,NSE:ITBEES,22.0
2020-11-27,NSE:CPSEETF,18.790000915527344
2020-11-27,NSE:LOWVOLIETF,10.543999671936035
2020-12-01,NSE:MON100,89.5770034790039
2020-12-01,NSE:MOM100,20.889999389648438
2020-12-01,NSE:LOWVOLIETF,10.628999710083008
2020-12-01,NSE:CPSEETF,19.030000686645508
2020-12-01,NSE:BANKBEES,299.42999267578125
2020-12-01,NSE:ITBEES,22.219999313354492
2020-12-01,NSE:NIFTYBEES,139.7899932861328
2020-12-02,NSE:ITBEES,22.329999923706055
2020-12-02,NSE:LOWVOLIETF,10.734000205993652
2020-12-02,NSE:MOM100,20.940000534057617
2020-12-02,NSE:NIFTYBEES,139.9600067138672
2020-12-02,NSE:MON100,90.6520004272461
2020-12-02,NSE:CPSEETF,19.389999389648438
2020-12-02,NSE:BANKBEES,296.67999267578125
2020-12-03,NSE:LOWVOLIETF,10.758000373840332
2020-12-03,NSE:MOM100,20.850000381469727
2020-12-03,NSE:NIFTYBEES,140.1199951171875
2020-12-03,NSE:MON100,91.01300048828125
2020-12-03,NSE:CPSEETF,19.829999923706055
2020-12-03,NSE:ITBEES,22.360000610351562
2020-12-03,NSE:BANKBEES,296.19000244140625
2020-12-04,NSE:MOM100,21.110000610351562
2020-12-04,NSE:CPSEETF,19.989999771118164
2020-12-04,NSE:MON100,91.16300201416016
2020-12-04,NSE:LOWVOLIETF,10.791999816894531
2020-12-04,NSE:ITBEES,22.440000534057617
2020-12-04,NSE:NIFTYBEES,141.27000427246094
2020-12-04,NSE:BANKBEES,301.9200134277344
2020-12-07,NSE:MON100,91.09300231933594
2020-12-07,NSE:LOWVOLIETF,10.913999557495117
2020-12-07,NSE:CPSEETF,20.209999084472656
2020-12-07,NSE:NIFTYBEES,142.2899932861328
2020-12-07,NSE:ITBEES,22.649999618530273
2020-12-07,NSE:MOM100,21.540000915527344
2020-12-07,NSE:BANKBEES,303.1300048828125
2020-12-08,NSE:BANKBEES,303.45001220703125
2020-12-08,NSE:MON100,91.47599792480469
2020-12-08,NSE:LOWVOLIETF,10.88599967956543
2020-12-08,NSE:NIFTYBEES,142.86000061035156
2020-12-08,NSE:ITBEES,22.84000015258789
2020-12-08,NSE:CPSEETF,19.950000762939453
2020-12-08,NSE:MOM100,21.549999237060547
2020-12-09,NSE:MON100,91.23200225830078
2020-12-09,NSE:LOWVOLIETF,10.998000144958496
2020-12-09,NSE:ITBEES,22.899999618530273
2020-12-09,NSE:BANKBEES,308.4100036621094
2020-12-09,NSE:NIFTYBEES,144.41000366210938
2020-12-09,NSE:CPSEETF,19.979999542236328
2020-12-09,NSE:MOM100,21.6200008392334
2020-12-10,NSE:MON100,89.1969985961914
2020-12-10,NSE:ITBEES,22.93000030517578
2020-12-10,NSE:MOM100,21.40999984741211
2020-12-10,NSE:CPSEETF,19.979999542236328
2020-12-10,NSE:BANKBEES,306.7799987792969
2020-12-10,NSE:NIFTYBEES,143.82000732421875
2020-12-10,NSE:LOWVOLIETF,11.036999702453613
2020-12-11,NSE:LOWVOLIETF,10.991000175476074
2020-12-11,NSE:BANKBEES,307.989990234375
2020-12-11,NSE:MON100,89.6989974975586
2020-12-11,NSE:ITBEES,22.809999465942383
2020-12-11,NSE:NIFTYBEES,143.92999267578125
2020-12-11,NSE:MOM100,21.510000228881836
2020-12-11,NSE:CPSEETF,20.489999771118164
2020-12-14,NSE:ITBEES,22.850000381469727
2020-12-14,NSE:MOM100,21.579999923706055
2020-12-14,NSE:CPSEETF,21.100000381469727
2020-12-14,NSE:LOWVOLIETF,11.07800006866455
2020-12-14,NSE:BANKBEES,309.2200012207031
2020-12-14,NSE:NIFTYBEES,144.32000732421875
2020-12-14,NSE:MON100,89.8949966430664
2020-12-15,NSE:NIFTYBEES,144.61000061035156
2020-12-15,NSE:MOM100,21.399999618530273
2020-12-15,NSE:BANKBEES,308.42999267578125
2020-12-15,NSE:ITBEES,22.8799991607666
2020-12-15,NSE:MON100,90.81300354003906
2020-12-15,NSE:LOWVOLIETF,11.112000465393066
2020-12-15,NSE:CPSEETF,21.149999618530273
2020-12-16,NSE:MON100,91.65399932861328
2020-12-16,NSE:NIFTYBEES,145.82000732421875
2020-12-16,NSE:MOM100,21.75
2020-12-16,NSE:ITBEES,23.040000915527344
2020-12-16,NSE:CPSEETF,21.3700008392334
2020-12-16,NSE:BANKBEES,309.010009765625
2020-12-16,NSE:LOWVOLIETF,11.178000450134277
2020-12-17,NSE:ITBEES,23.059999465942383
2020-12-17,NSE:MON100,91.875
2020-12-17,NSE:BANKBEES,309.989990234375
2020-12-17,NSE:CPSEETF,21.200000762939453
2020-12-17,NSE:MOM100,21.899999618530273
2020-12-17,NSE:LOWVOLIETF,11.211000442504883
2020-12-17,NSE:NIFTYBEES,146.55999755859375
2020-12-18,NSE:MON100,92.37799835205078
2020-12-18,NSE:CPSEETF,21.040000915527344
2020-12-18,NSE:NIFTYBEES,146.9600067138672
2020-12-18,NSE:BANKBEES,309.1700134277344
2020-12-18,NSE:ITBEES,23.469999313354492
2020-12-18,NSE:MOM100,21.649999618530273
2020-12-18,NSE:LOWVOLIETF,11.276000022888184
2020-12-21,NSE:BANKBEES,296.2200012207031
2020-12-21,NSE:LOWVOLIETF,10.940999984741211
2020-12-21,NSE:MON100,91.5770034790039
2020-12-21,NSE:NIFTYBEES,142.5
2020-12-21,NSE:MOM100,20.469999313354492
2020-12-21,NSE:CPSEETF,19.719999313354492
2020-12-21,NSE:ITBEES,23.010000228881836
2020-12-22,NSE:MOM100,20.899999618530273
2020-12-22,NSE:BANKBEES,297.7799987792969
2020-12-22,NSE:CPSEETF,19.969999313354492
2020-12-22,NSE:NIFTYBEES,143.82000732421875
2020-12-22,NSE:LOWVOLIETF,11.026000022888184
2020-12-22,NSE:MON100,91.94599914550781
2020-12-22,NSE:ITBEES,23.829999923706055
2020-12-23,NSE:NIFTYBEES,145.1199951171875
2020-12-23,NSE:MON100,92.7040023803711
2020-12-23,NSE:ITBEES,24.360000610351562
2020-12-23,NSE:MOM100,21.600000381469727
2020-12-23,NSE:BANKBEES,300.04998779296875
2020-12-23,NSE:LOWVOLIETF,11.210000038146973
2020-12-23,NSE:CPSEETF,20.059999465942383
2020-12-24,NSE:CPSEETF,20.270000457763672
2020-12-24,NSE:LOWVOLIETF,11.206999778747559
2020-12-24,NSE:MON100,92.01499938964844
2020-12-24,NSE:BANKBEES,305.2799987792969
2020-12-24,NSE:MOM100,21.6200008392334
2020-12-24,NSE:ITBEES,24.229999542236328
2020-12-24,NSE:NIFTYBEES,146.52000427246094
2020-12-28,NSE:NIFTYBEES,147.77999877929688
2020-12-28,NSE:MOM100,21.559999465942383
2020-12-28,NSE:LOWVOLIETF,11.343999862670898
2020-12-28,NSE:BANKBEES,310.1000061035156
2020-12-28,NSE:CPSEETF,20.5
2020-12-28,NSE:MON100,92.39399719238281
2020-12-28,NSE:ITBEES,24.31999969482422
2020-12-29,NSE:BANKBEES,314.1099853515625
2020-12-29,NSE:NIFTYBEES,148.77000427246094
2020-12-29,NSE:ITBEES,24.469999313354492
2020-12-29,NSE:MOM100,21.6299991607666
2020-12-29,NSE:LOWVOLIETF,11.312000274658203
2020-12-29,NSE:CPSEETF,20.31999969482422
2020-12-29,NSE:MON100,93.42400360107422
2020-12-30,NSE:NIFTYBEES,149.27000427246094
2020-12-30,NSE:LOWVOLIETF,11.395000457763672
2020-12-30,NSE:CPSEETF,20.350000381469727
2020-12-30,NSE:ITBEES,24.59000015258789
2020-12-30,NSE:BANKBEES,313.94000244140625
2020-12-30,NSE:MON100,92.77999877929688
2020-12-30,NSE:MOM100,21.790000915527344
2020-12-31,NSE:ITBEES,24.540000915527344
2020-12-31,NSE:CPSEETF,20.360000610351562
2020-12-31,NSE:BANKBEES,313.5400085449219
2020-12-31,NSE:MON100,92.66799926757812
2020-12-31,NSE:LOWVOLIETF,11.378000259399414
2020-12-31,NSE:NIFTYBEES,149.07000732421875
2020-12-31,NSE:MOM100,21.899999618530273
2021-01-01,NSE:LOWVOLIETF,11.418999671936035
2021-01-01,NSE:MON100,93.11699676513672
2021-01-01,NSE:MOM100,21.950000762939453
2021-01-01,NSE:BANKBEES,313.6499938964844
2021-01-01,NSE:NIFTYBEES,149.57000732421875
2021-01-01,NSE:CPSEETF,20.440000534057617
2021-01-01,NSE:ITBEES,24.700000762939453
2021-01-04,NSE:MON100,93.25700378417969
2021-01-04,NSE:BANKBEES,314.1199951171875
2021-01-04,NSE:MOM100,22.479999542236328
2021-01-04,NSE:NIFTYBEES,150.7100067138672
2021-01-04,NSE:LOWVOLIETF,11.505999565124512
2021-01-04,NSE:CPSEETF,20.81999969482422
2021-01-04,NSE:ITBEES,25.350000381469727
2021-01-05,NSE:MOM100,22.489999771118164
2021-01-05,NSE:LOWVOLIETF,11.529999732971191
2021-01-05,NSE:MON100,91.2969970703125
2021-01-05,NSE:NIFTYBEES,151.3000030517578
2021-01-05,NSE:ITBEES,25.950000762939453
2021-01-05,NSE:CPSEETF,20.610000610351562
2021-01-05,NSE:BANKBEES,318.7300109863281
2021-01-06,NSE:CPSEETF,20.920000076293945
2021-01-06,NSE:LOWVOLIETF,11.53499984741211
2021-01-06,NSE:MON100,90.71600341796875
2021-01-06,NSE:MOM100,23.25
2021-01-06,NSE:NIFTYBEES,151.22000122070312
2021-01-06,NSE:ITBEES,25.6299991607666
2021-01-06,NSE:BANKBEES,319.6700134277344
2021-01-07,NSE:CPSEETF,21.09000015258789
2021-01-07,NSE:MON100,90.88400268554688
2021-01-07,NSE:MOM100,23.1200008392334
2021-01-07,NSE:ITBEES,25.440000534057617
2021-01-07,NSE:LOWVOLIETF,11.524999618530273
2021-01-07,NSE:NIFTYBEES,151.1999969482422
2021-01-07,NSE:BANKBEES,321.0799865722656
2021-01-08,NSE:LOWVOLIETF,11.75
2021-01-08,NSE:ITBEES,26.43000030517578
2021-01-08,NSE:MON100,93.65599822998047
2021-01-08,NSE:CPSEETF,21.479999542236328
2021-01-08,NSE:BANKBEES,321.82000732421875
2021-01-08,NSE:NIFTYBEES,152.8800048828125
2021-01-08,NSE:MOM100,23.1299991607666
2021-01-11,NSE:CPSEETF,21.6299991607666
2021-01-11,NSE:ITBEES,27.200000762939453
2021-01-11,NSE:BANKBEES,321.3900146484375
2021-01-11,NSE:MOM100,23.200000762939453
2021-01-11,NSE:MON100,94.60199737548828
2021-01-11,NSE:LOWVOLIETF,11.92199993133545
2021-01-11,NSE:NIFTYBEES,154.3800048828125
2021-01-12,NSE:LOWVOLIETF,11.930000305175781
2021-01-12,NSE:MON100,93.64399719238281
2021-01-12,NSE:BANKBEES,325.239990234375
2021-01-12,NSE:MOM100,23.260000228881836
2021-01-12,NSE:NIFTYBEES,155.32000732421875
2021-01-12,NSE:CPSEETF,21.8700008392334
2021-01-12,NSE:ITBEES,27.149999618530273
2021-01-13,NSE:ITBEES,27.190000534057617
2021-01-13,NSE:BANKBEES,327.8299865722656
2021-01-13,NSE:LOWVOLIETF,11.918999671936035
2021-01-13,NSE:MOM100,23.170000076293945
2021-01-13,NSE:MON100,93.42900085449219
2021-01-13,NSE:NIFTYBEES,155.60000610351562
2021-01-13,NSE:CPSEETF,22.010000228881836
2021-01-14,NSE:BANKBEES,327.25
2021-01-14,NSE:MOM100,23.040000915527344
2021-01-14,NSE:LOWVOLIETF,11.947999954223633
2021-01-14,NSE:ITBEES,27.1299991607666
2021-01-14,NSE:CPSEETF,22.079999923706055
2021-01-14,NSE:MON100,93.4209976196289
2021-01-14,NSE:NIFTYBEES,155.75999450683594
2021-01-15,NSE:MOM100,22.719999313354492
2021-01-15,NSE:ITBEES,26.799999237060547
2021-01-15,NSE:BANKBEES,324.30999755859375
2021-01-15,NSE:LOWVOLIETF,11.75
2021-01-15,NSE:MON100,92.85600280761719
2021-01-15,NSE:CPSEETF,21.6200008392334
2021-01-15,NSE:NIFTYBEES,154.11000061035156
2021-01-18,NSE:LOWVOLIETF,11.607000350952148
2021-01-18,NSE:NIFTYBEES,152.55999755859375
2021-01-18,NSE:MON100,92.4229965209961
2021-01-18,NSE:BANKBEES,320.0299987792969
2021-01-18,NSE:MOM100,22.420000076293945
2021-01-18,NSE:CPSEETF,21.049999237060547
2021-01-18,NSE:ITBEES,26.600000381469727
2021-01-19,NSE:ITBEES,26.260000228881836
2021-01-19,NSE:CPSEETF,21.309999465942383
2021-01-19,NSE:MOM100,22.899999618530273
2021-01-19,NSE:BANKBEES,326.4200134277344
2021-01-19,NSE:MON100,93.38999938964844
2021-01-19,NSE:NIFTYBEES,155.4499969482422
2021-01-19,NSE:LOWVOLIETF,11.722999572753906
2021-01-20,NSE:CPSEETF,21.290000915527344
2021-01-20,NSE:NIFTYBEES,156.75
2021-01-20,NSE:MON100,94.30599975585938
2021-01-20,NSE:BANKBEES,326.9700012207031
2021-01-20,NSE:ITBEES,26.920000076293945
2021-01-20,NSE:LOWVOLIETF,11.805999755859375
2021-01-20,NSE:MOM100,23.09000015258789
2021-01-21,NSE:NIFTYBEES,156.02000427246094
2021-01-21,NSE:BANKBEES,323.2099914550781
2021-01-21,NSE:MOM100,23.06999969482422
2021-01-21,NSE:ITBEES,26.670000076293945
2021-01-21,NSE:LOWVOLIETF,11.770999908447266
2021-01-21,NSE:MON100,96.08699798583984
2021-01-21,NSE:CPSEETF,20.8700008392334
2021-01-22,NSE:LOWVOLIETF,11.704000473022461
2021-01-22,NSE:CPSEETF,20.40999984741211
2021-01-22,NSE:MON100,95.97100067138672
2021-01-22,NSE:NIFTYBEES,153.91000366210938
2021-01-22,NSE:BANKBEES,314.0799865722656
2021-01-22,NSE:ITBEES,26.780000686645508
2021-01-22,NSE:MOM100,22.850000381469727
2021-01-25,NSE:NIFTYBEES,152.4600067138672
2021-01-25,NSE:CPSEETF,20.1299991607666
2021-01-25,NSE:MON100,97.03500366210938
2021-01-25,NSE:BANKBEES,314.1499938964844
2021-01-25,NSE:MOM100,22.579999923706055
2021-01-25,NSE:ITBEES,26.280000686645508
2021-01-25,NSE:LOWVOLIETF,11.633000373840332
2021-01-27,NSE:CPSEETF,19.969999313354492
2021-01-27,NSE:LOWVOLIETF,11.538000106811523
2021-01-27,NSE:NIFTYBEES,149.47999572753906
2021-01-27,NSE:BANKBEES,304.80999755859375
2021-01-27,NSE:MOM100,22.25
2021-01-27,NSE:MON100,97.33699798583984
2021-01-27,NSE:ITBEES,26.110000610351562
2021-01-28,NSE:MOM100,22.34000015258789
2021-01-28,NSE:BANKBEES,304.1300048828125
2021-01-28,NSE:CPSEETF,19.829999923706055
2021-01-28,NSE:MON100,92.947998046875
2021-01-28,NSE:ITBEES,25.540000915527344
2021-01-28,NSE:LOWVOLIETF,11.401000022888184
2021-01-28,NSE:NIFTYBEES,147.99000549316406
2021-01-29,NSE:MON100,93.84600067138672
2021-01-29,NSE:CPSEETF,19.59000015258789
2021-01-29,NSE:BANKBEES,307.05999755859375
2021-01-29,NSE:ITBEES,24.950000762939453
2021-01-29,NSE:NIFTYBEES,146.10000610351562
2021-01-29,NSE:MOM100,22.5
2021-01-29,NSE:LOWVOLIETF,11.25100040435791
2021-02-01,NSE:MOM100,22.709999084472656
2021-02-01,NSE:LOWVOLIETF,11.482999801635742
2021-02-01,NSE:NIFTYBEES,152.52000427246094
2021-02-01,NSE:ITBEES,25.030000686645508
2021-02-01,NSE:CPSEETF,19.8799991607666
2021-02-01,NSE:MON100,94.09300231933594
2021-02-01,NSE:BANKBEES,332.9700012207031
2021-02-02,NSE:ITBEES,25.68000030517578
2021-02-02,NSE:LOWVOLIETF,11.723999977111816
2021-02-02,NSE:BANKBEES,343.9599914550781
2021-02-02,NSE:MON100,96.20500183105469
2021-02-02,NSE:MOM100,23.049999237060547
2021-02-02,NSE:CPSEETF,20.3700008392334
2021-02-02,NSE:NIFTYBEES,156.10000610351562
2021-02-03,NSE:CPSEETF,20.989999771118164
2021-02-03,NSE:MON100,97.58000183105469
2021-02-03,NSE:MOM100,23.700000762939453
2021-02-03,NSE:BANKBEES,348.510009765625
2021-02-03,NSE:NIFTYBEES,157.66000366210938
2021-02-03,NSE:ITBEES,25.950000762939453
2021-02-03,NSE:LOWVOLIETF,11.821000099182129
2021-02-04,NSE:CPSEETF,21.56999969482422
2021-02-04,NSE:NIFTYBEES,158.69000244140625
2021-02-04,NSE:MON100,96.75599670410156
2021-02-04,NSE:ITBEES,25.84000015258789
2021-02-04,NSE:LOWVOLIETF,11.868000030517578
2021-02-04,NSE:BANKBEES,354.2099914550781
2021-02-04,NSE:MOM100,23.690000534057617
2021-02-05,NSE:LOWVOLIETF,11.85099983215332
2021-02-05,NSE:CPSEETF,21.540000915527344
2021-02-05,NSE:BANKBEES,357.80999755859375
2021-02-05,NSE:NIFTYBEES,159.0500030517578
2021-02-05,NSE:MOM100,23.530000686645508
2021-02-05,NSE:MON100,97.83499908447266
2021-02-05,NSE:ITBEES,25.610000610351562
2021-02-08,NSE:LOWVOLIETF,11.965999603271484
2021-02-08,NSE:NIFTYBEES,161.02999877929688
2021-02-08,NSE:MOM100,23.65999984741211
2021-02-08,NSE:CPSEETF,21.739999771118164
2021-02-08,NSE:ITBEES,26.219999313354492
2021-02-08,NSE:BANKBEES,361.2799987792969
2021-02-08,NSE:MON100,98.43599700927734
2021-02-09,NSE:MON100,98.43399810791016
2021-02-09,NSE:NIFTYBEES,161.22999572753906
2021-02-09,NSE:MOM100,23.829999923706055
2021-02-09,NSE:ITBEES,26.06999969482422
2021-02-09,NSE:LOWVOLIETF,11.951000213623047
2021-02-09,NSE:CPSEETF,21.729999542236328
2021-02-09,NSE:BANKBEES,362.0199890136719
2021-02-10,NSE:MON100,98.81800079345703
2021-02-10,NSE:ITBEES,26.06999969482422
2021-02-10,NSE:LOWVOLIETF,11.930000305175781
2021-02-10,NSE:MOM100,23.850000381469727
2021-02-10,NSE:CPSEETF,21.639999389648438
2021-02-10,NSE:BANKBEES,360.25
2021-02-10,NSE:NIFTYBEES,161.4600067138672
2021-02-11,NSE:MOM100,23.809999465942383
2021-02-11,NSE:ITBEES,26.299999237060547
2021-02-11,NSE:CPSEETF,21.59000015258789
2021-02-11,NSE:NIFTYBEES,162.05999755859375
2021-02-11,NSE:BANKBEES,359.6600036621094
2021-02-11,NSE:LOWVOLIETF,12.001999855041504
2021-02-11,NSE:MON100,98.56700134277344
2021-02-12,NSE:LOWVOLIETF,11.885000228881836
2021-02-12,NSE:NIFTYBEES,162.1699981689453
2021-02-12,NSE:MOM100,23.920000076293945
2021-02-12,NSE:CPSEETF,21.260000228881836
2021-02-12,NSE:MON100,98.43499755859375
2021-02-12,NSE:ITBEES,26.3799991607666
2021-02-12,NSE:BANKBEES,363.7799987792969
2021-02-15,NSE:MOM100,24.06999969482422
2021-02-15,NSE:CPSEETF,21.25
2021-02-15,NSE:MON100,98.68099975585938
2021-02-15,NSE:BANKBEES,376.70001220703125
2021-02-15,NSE:ITBEES,26.200000762939453
2021-02-15,NSE:NIFTYBEES,163.92999267578125
2021-02-15,NSE:LOWVOLIETF,11.916999816894531
2021-02-16,NSE:MON100,99.4739990234375
2021-02-16,NSE:NIFTYBEES,163.5399932861328
2021-02-16,NSE:MOM100,24.389999389648438
2021-02-16,NSE:BANKBEES,373.5
2021-02-16,NSE:CPSEETF,21.940000534057617
2021-02-16,NSE:LOWVOLIETF,11.968000411987305
2021-02-16,NSE:ITBEES,25.75
2021-02-17,NSE:CPSEETF,22.209999084472656
2021-02-17,NSE:MON100,98.6760025024414
2021-02-17,NSE:ITBEES,25.579999923706055
2021-02-17,NSE:MOM100,24.5
2021-02-17,NSE:NIFTYBEES,162.58999633789062
2021-02-17,NSE:BANKBEES,371.57000732421875
2021-02-17,NSE:LOWVOLIETF,11.894000053405762
2021-02-18,NSE:BANKBEES,368.3699951171875
2021-02-18,NSE:MON100,97.77100372314453
2021-02-18,NSE:CPSEETF,23.219999313354492
2021-02-18,NSE:NIFTYBEES,161.88999938964844
2021-02-18,NSE:ITBEES,25.84000015258789
2021-02-18,NSE:MOM100,24.700000762939453
2021-02-18,NSE:LOWVOLIETF,11.942000389099121
2021-02-19,NSE:BANKBEES,360.94000244140625
2021-02-19,NSE:LOWVOLIETF,11.8100004196167
2021-02-19,NSE:MON100,97.89700317382812
2021-02-19,NSE:MOM100,24.700000762939453
2021-02-19,NSE:ITBEES,25.780000686645508
2021-02-19,NSE:NIFTYBEES,160.4199981689453
2021-02-19,NSE:CPSEETF,22.770000457763672
2021-02-22,NSE:MON100,96.21600341796875
2021-02-22,NSE:ITBEES,25.1200008392334
2021-02-22,NSE:MOM100,24.31999969482422
2021-02-22,NSE:BANKBEES,354.5799865722656
2021-02-22,NSE:NIFTYBEES,157.17999267578125
2021-02-22,NSE:CPSEETF,22.40999984741211
2021-02-22,NSE:LOWVOLIETF,11.597999572753906
2021-02-23,NSE:BANKBEES,353.760009765625
2021-02-23,NSE:ITBEES,25.049999237060547
2021-02-23,NSE:MON100,94.12699890136719
2021-02-23,NSE:NIFTYBEES,157.58999633789062
2021-02-23,NSE:LOWVOLIETF,11.588000297546387
2021-02-23,NSE:CPSEETF,22.860000610351562
2021-02-23,NSE:MOM100,24.31999969482422
2021-02-24,NSE:NIFTYBEES,160.14999389648438
2021-02-24,NSE:BANKBEES,366.9200134277344
2021-02-24,NSE:ITBEES,25.020000457763672
2021-02-24,NSE:MON100,94.41699981689453
2021-02-24,NSE:CPSEETF,23.079999923706055
2021-02-24,NSE:LOWVOLIETF,11.734999656677246
2021-02-24,NSE:MOM100,24.770000457763672
2021-02-25,NSE:LOWVOLIETF,11.803000450134277
2021-02-25,NSE:NIFTYBEES,161.8699951171875
2021-02-25,NSE:MON100,94.68299865722656
2021-02-25,NSE:BANKBEES,368.05999755859375
2021-02-25,NSE:MOM100,24.8799991607666
2021-02-25,NSE:ITBEES,25.170000076293945
2021-02-25,NSE:CPSEETF,24.149999618530273
2021-02-26,NSE:LOWVOLIETF,11.526000022888184
2021-02-26,NSE:ITBEES,24.559999465942383
2021-02-26,NSE:NIFTYBEES,156.14999389648438
2021-02-26,NSE:MON100,93.68399810791016
2021-02-26,NSE:MOM100,24.579999923706055
2021-02-26,NSE:BANKBEES,351.260009765625
2021-02-26,NSE:CPSEETF,23.479999542236328
2021-03-01,NSE:MOM100,25.1299991607666
2021-03-01,NSE:BANKBEES,354.9599914550781
2021-03-01,NSE:CPSEETF,24.149999618530273
2021-03-01,NSE:ITBEES,24.790000915527344
2021-03-01,NSE:LOWVOLIETF,11.713000297546387
2021-03-01,NSE:MON100,95.35199737548828
2021-03-01,NSE:NIFTYBEES,158.00999450683594
2021-03-02,NSE:MON100,95.47899627685547
2021-03-02,NSE:NIFTYBEES,159.57000732421875
2021-03-02,NSE:MOM100,25.229999542236328
2021-03-02,NSE:BANKBEES,355.4200134277344
2021-03-02,NSE:CPSEETF,24.25
2021-03-02,NSE:ITBEES,25.6200008392334
2021-03-02,NSE:LOWVOLIETF,11.836000442504883
2021-03-03,NSE:BANKBEES,366.1099853515625
2021-03-03,NSE:CPSEETF,24.3799991607666
2021-03-03,NSE:ITBEES,26.010000228881836
2021-03-03,NSE:MOM100,25.860000610351562
2021-03-03,NSE:LOWVOLIETF,11.97700023651123
2021-03-03,NSE:NIFTYBEES,162.97999572753906
2021-03-03,NSE:MON100,94.88400268554688
2021-03-04,NSE:NIFTYBEES,161.1999969482422
2021-03-04,NSE:ITBEES,25.899999618530273
2021-03-04,NSE:CPSEETF,24.170000076293945
2021-03-04,NSE:BANKBEES,360.6000061035156
2021-03-04,NSE:MOM100,25.969999313354492
2021-03-04,NSE:MON100,91.25399780273438
2021-03-04,NSE:LOWVOLIETF,11.965999603271484
2021-03-05,NSE:LOWVOLIETF,11.87399959564209
2021-03-05,NSE:BANKBEES,354.57000732421875
2021-03-05,NSE:MOM100,25.5
2021-03-05,NSE:CPSEETF,23.979999542236328
2021-03-05,NSE:NIFTYBEES,159.66000366210938
2021-03-05,NSE:ITBEES,25.579999923706055
2021-03-05,NSE:MON100,89.3030014038086
2021-03-08,NSE:LOWVOLIETF,11.887999534606934
2021-03-08,NSE:BANKBEES,354.7200012207031
2021-03-08,NSE:MOM100,25.600000381469727
2021-03-08,NSE:NIFTYBEES,160.0399932861328
2021-03-08,NSE:ITBEES,25.6299991607666
2021-03-08,NSE:MON100,89.94999694824219
2021-03-08,NSE:CPSEETF,24.43000030517578
2021-03-09,NSE:CPSEETF,23.969999313354492
2021-03-09,NSE:NIFTYBEES,161.47000122070312
2021-03-09,NSE:MON100,90.33300018310547
2021-03-09,NSE:ITBEES,25.989999771118164
2021-03-09,NSE:LOWVOLIETF,11.895999908447266
2021-03-09,NSE:BANKBEES,360.2699890136719
2021-03-09,NSE:MOM100,25.799999237060547
2021-03-10,NSE:NIFTYBEES,162.16000366210938
2021-03-10,NSE:CPSEETF,23.809999465942383
2021-03-10,NSE:LOWVOLIETF,11.949000358581543
2021-03-10,NSE:MOM100,25.959999084472656
2021-03-10,NSE:ITBEES,26.260000228881836
2021-03-10,NSE:MON100,92.01100158691406
2021-03-10,NSE:BANKBEES,361.3900146484375
2021-03-12,NSE:CPSEETF,23.860000610351562
2021-03-12,NSE:BANKBEES,356.1600036621094
2021-03-12,NSE:MOM100,25.81999969482422
2021-03-12,NSE:ITBEES,26.219999313354492
2021-03-12,NSE:NIFTYBEES,160.6300048828125
2021-03-12,NSE:MON100,92.15399932861328
2021-03-12,NSE:LOWVOLIETF,11.866999626159668
2021-03-15,NSE:ITBEES,26.280000686645508
2021-03-15,NSE:CPSEETF,23.940000534057617
2021-03-15,NSE:LOWVOLIETF,11.829999923706055
2021-03-15,NSE:NIFTYBEES,159.9600067138672
2021-03-15,NSE:MON100,92.71800231933594
2021-03-15,NSE:BANKBEES,354.07000732421875
2021-03-15,NSE:MOM100,24.969999313354492
2021-03-16,NSE:LOWVOLIETF,11.868000030517578
2021-03-16,NSE:CPSEETF,23.950000762939453
2021-03-16,NSE:MOM100,25.190000534057617
2021-03-16,NSE:MON100,93.41000366210938
2021-03-16,NSE:ITBEES,26.68000030517578
2021-03-16,NSE:BANKBEES,350.0199890136719
2021-03-16,NSE:NIFTYBEES,159.7899932861328
2021-03-17,NSE:ITBEES,26.420000076293945
2021-03-17,NSE:LOWVOLIETF,11.758000373840332
2021-03-17,NSE:BANKBEES,344.8500061035156
2021-03-17,NSE:CPSEETF,23.309999465942383
2021-03-17,NSE:MOM100,25.229999542236328
2021-03-17,NSE:NIFTYBEES,157.8800048828125
2021-03-17,NSE:MON100,94.08399963378906
2021-03-18,NSE:NIFTYBEES,156.1199951171875
2021-03-18,NSE:MOM100,24.459999084472656
2021-03-18,NSE:LOWVOLIETF,11.604999542236328
2021-03-18,NSE:ITBEES,25.639999389648438
2021-03-18,NSE:BANKBEES,339.80999755859375
2021-03-18,NSE:CPSEETF,23.0
2021-03-18,NSE:MON100,93.572998046875
2021-03-19,NSE:MON100,92.23100280761719
2021-03-19,NSE:NIFTYBEES,157.8699951171875
2021-03-19,NSE:CPSEETF,23.389999389648438
2021-03-19,NSE:BANKBEES,342.5400085449219
2021-03-19,NSE:MOM100,24.489999771118164
2021-03-19,NSE:ITBEES,25.799999237060547
2021-03-19,NSE:LOWVOLIETF,11.744000434875488
2021-03-22,NSE:MOM100,24.520000457763672
2021-03-22,NSE:NIFTYBEES,157.3300018310547
2021-03-22,NSE:ITBEES,26.360000610351562
2021-03-22,NSE:MON100,92.33499908447266
2021-03-22,NSE:CPSEETF,23.329999923706055
2021-03-22,NSE:BANKBEES,337.9100036621094
2021-03-22,NSE:LOWVOLIETF,11.831999778747559
2021-03-23,NSE:ITBEES,26.290000915527344
2021-03-23,NSE:BANKBEES,343.4599914550781
2021-03-23,NSE:MON100,93.38700103759766
2021-03-23,NSE:NIFTYBEES,158.35000610351562
2021-03-23,NSE:CPSEETF,23.06999969482422
2021-03-23,NSE:MOM100,24.920000076293945
2021-03-23,NSE:LOWVOLIETF,11.836999893188477
2021-03-24,NSE:NIFTYBEES,156.08999633789062
2021-03-24,NSE:CPSEETF,22.729999542236328
2021-03-24,NSE:BANKBEES,335.2900085449219
2021-03-24,NSE:MON100,93.52799987792969
2021-03-24,NSE:MOM100,24.719999313354492
2021-03-24,NSE:LOWVOLIETF,11.743000030517578
2021-03-24,NSE:ITBEES,25.75
2021-03-25,NSE:NIFTYBEES,153.86000061035156
2021-03-25,NSE:CPSEETF,22.170000076293945
2021-03-25,NSE:ITBEES,25.81999969482422
2021-03-25,NSE:LOWVOLIETF,11.538999557495117
2021-03-25,NSE:MON100,91.93499755859375
2021-03-25,NSE:BANKBEES,333.0400085449219
2021-03-25,NSE:MOM100,24.65999984741211
2021-03-26,NSE:ITBEES,25.829999923706055
2021-03-26,NSE:NIFTYBEES,155.2100067138672
2021-03-26,NSE:LOWVOLIETF,11.635000228881836
2021-03-26,NSE:MON100,92.05799865722656
2021-03-26,NSE:CPSEETF,22.200000762939453
2021-03-26,NSE:BANKBEES,335.7699890136719
2021-03-26,NSE:MOM100,24.559999465942383
2021-03-30,NSE:BANKBEES,339.7300109863281
2021-03-30,NSE:ITBEES,26.84000015258789
2021-03-30,NSE:CPSEETF,22.829999923706055
2021-03-30,NSE:MON100,93.38500213623047
2021-03-30,NSE:NIFTYBEES,158.4199981689453
2021-03-30,NSE:LOWVOLIETF,11.888999938964844
2021-03-30,NSE:MOM100,24.780000686645508
2021-03-31,NSE:MOM100,25.469999313354492
2021-03-31,NSE:BANKBEES,334.92999267578125
2021-03-31,NSE:LOWVOLIETF,11.859999656677246
2021-03-31,NSE:ITBEES,26.170000076293945
2021-03-31,NSE:CPSEETF,22.65999984741211
2021-03-31,NSE:NIFTYBEES,157.16000366210938
2021-03-31,NSE:MON100,93.427001953125
2021-04-01,NSE:LOWVOLIETF,11.86299991607666
2021-04-01,NSE:ITBEES,26.31999969482422
2021-04-01,NSE:NIFTYBEES,158.6999969482422
2021-04-01,NSE:MOM100,25.329999923706055
2021-04-01,NSE:CPSEETF,22.889999389648438
2021-04-01,NSE:BANKBEES,341.5199890136719
2021-04-01,NSE:MON100,95.00800323486328
2021-04-05,NSE:BANKBEES,328.9700012207031
2021-04-05,NSE:LOWVOLIETF,11.805000305175781
2021-04-05,NSE:MOM100,25.350000381469727
2021-04-05,NSE:CPSEETF,22.690000534057617
2021-04-05,NSE:NIFTYBEES,156.9600067138672
2021-04-05,NSE:ITBEES,26.709999084472656
2021-04-05,NSE:MON100,96.5459976196289
2021-04-06,NSE:CPSEETF,22.59000015258789
2021-04-06,NSE:NIFTYBEES,157.38999938964844
2021-04-06,NSE:BANKBEES,326.75
2021-04-06,NSE:ITBEES,26.799999237060547
2021-04-06,NSE:MON100,97.6969985961914
2021-04-06,NSE:MOM100,25.329999923706055
2021-04-06,NSE:LOWVOLIETF,11.895000457763672
2021-04-07,NSE:NIFTYBEES,158.82000732421875
2021-04-07,NSE:MON100,99.80899810791016
2021-04-07,NSE:BANKBEES,331.6199951171875
2021-04-07,NSE:ITBEES,27.110000610351562
2021-04-07,NSE:CPSEETF,22.639999389648438
2021-04-07,NSE:MOM100,25.6200008392334
2021-04-07,NSE:LOWVOLIETF,11.994000434875488
2021-04-08,NSE:ITBEES,27.329999923706055
2021-04-08,NSE:BANKBEES,330.0
2021-04-08,NSE:CPSEETF,22.729999542236328
2021-04-08,NSE:NIFTYBEES,158.8699951171875
2021-04-08,NSE:LOWVOLIETF,12.057999610900879
2021-04-08,NSE:MON100,100.38800048828125
2021-04-08,NSE:MOM100,25.709999084472656
2021-04-09,NSE:LOWVOLIETF,12.126999855041504
2021-04-09,NSE:MOM100,25.799999237060547
2021-04-09,NSE:NIFTYBEES,158.77999877929688
2021-04-09,NSE:ITBEES,27.549999237060547
2021-04-09,NSE:BANKBEES,326.7099914550781
2021-04-09,NSE:MON100,101.34700012207031
2021-04-09,NSE:CPSEETF,22.5
2021-04-12,NSE:NIFTYBEES,154.0800018310547
2021-04-12,NSE:ITBEES,26.8700008392334
2021-04-12,NSE:MON100,102.10099792480469
2021-04-12,NSE:BANKBEES,309.67999267578125
2021-04-12,NSE:CPSEETF,21.360000610351562
2021-04-12,NSE:MOM100,24.899999618530273
2021-04-12,NSE:LOWVOLIETF,11.829999923706055
2021-04-13,NSE:ITBEES,26.1299991607666
2021-04-13,NSE:MON100,102.9229965209961
2021-04-13,NSE:BANKBEES,319.44000244140625
2021-04-13,NSE:LOWVOLIETF,11.800000190734863
2021-04-13,NSE:CPSEETF,22.030000686645508
2021-04-13,NSE:MOM100,24.780000686645508
2021-04-13,NSE:NIFTYBEES,155.5
2021-04-15,NSE:BANKBEES,323.80999755859375
2021-04-15,NSE:NIFTYBEES,155.92999267578125
2021-04-15,NSE:MON100,102.73200225830078
2021-04-15,NSE:LOWVOLIETF,11.812999725341797
2021-04-15,NSE:MOM100,24.559999465942383
2021-04-15,NSE:ITBEES,26.15999984741211
2021-04-15,NSE:CPSEETF,22.260000228881836
2021-04-16,NSE:BANKBEES,322.3900146484375
2021-04-16,NSE:CPSEETF,22.579999923706055
2021-04-16,NSE:ITBEES,26.420000076293945
2021-04-16,NSE:MON100,102.83499908447266
2021-04-16,NSE:NIFTYBEES,156.4199981689453
2021-04-16,NSE:MOM100,24.81999969482422
2021-04-16,NSE:LOWVOLIETF,11.98900032043457
2021-04-19,NSE:CPSEETF,21.709999084472656
2021-04-19,NSE:ITBEES,26.479999542236328
2021-04-19,NSE:BANKBEES,314.0400085449219
2021-04-19,NSE:MON100,103.72699737548828
2021-04-19,NSE:NIFTYBEES,154.08999633789062
2021-04-19,NSE:LOWVOLIETF,11.798999786376953
2021-04-19,NSE:MOM100,24.510000228881836
2021-04-20,NSE:ITBEES,26.100000381469727
2021-04-20,NSE:MON100,103.01699829101562
2021-04-20,NSE:LOWVOLIETF,11.75
2021-04-20,NSE:MOM100,24.600000381469727
2021-04-20,NSE:NIFTYBEES,153.2899932861328
2021-04-20,NSE:BANKBEES,313.0899963378906
2021-04-20,NSE:CPSEETF,21.739999771118164
2021-04-22,NSE:CPSEETF,21.81999969482422
2021-04-22,NSE:NIFTYBEES,154.27000427246094
2021-04-22,NSE:LOWVOLIETF,11.774999618530273
2021-04-22,NSE:MON100,102.90599822998047
2021-04-22,NSE:ITBEES,26.059999465942383
2021-04-22,NSE:BANKBEES,318.9100036621094
2021-04-22,NSE:MOM100,24.549999237060547
2021-04-23,NSE:MON100,101.875
2021-04-23,NSE:CPSEETF,22.1299991607666
2021-04-23,NSE:BANKBEES,318.1000061035156
2021-04-23,NSE:LOWVOLIETF,11.682999610900879
2021-04-23,NSE:NIFTYBEES,153.86000061035156
2021-04-23,NSE:MOM100,24.690000534057617
2021-04-23,NSE:ITBEES,25.829999923706055
2021-04-26,NSE:BANKBEES,323.8999938964844
2021-04-26,NSE:MON100,102.33300018310547
2021-04-26,NSE:CPSEETF,22.350000381469727
2021-04-26,NSE:LOWVOLIETF,11.758000373840332
2021-04-26,NSE:ITBEES,25.93000030517578
2021-04-26,NSE:NIFTYBEES,155.1699981689453
2021-04-26,NSE:MOM100,25.280000686645508
2021-04-27,NSE:LOWVOLIETF,11.821000099182129
2021-04-27,NSE:MON100,103.23300170898438
2021-04-27,NSE:MOM100,25.200000762939453
2021-04-27,NSE:CPSEETF,22.459999084472656
2021-04-27,NSE:NIFTYBEES,156.8300018310547
2021-04-27,NSE:ITBEES,26.030000686645508
2021-04-27,NSE:BANKBEES,328.3500061035156
2021-04-28,NSE:MOM100,25.489999771118164
2021-04-28,NSE:ITBEES,26.1299991607666
2021-04-28,NSE:MON100,102.97100067138672
2021-04-28,NSE:CPSEETF,22.670000076293945
2021-04-28,NSE:BANKBEES,338.3900146484375
2021-04-28,NSE:LOWVOLIETF,11.850000381469727
2021-04-28,NSE:NIFTYBEES,158.89999389648438
2021-04-29,NSE:MOM100,25.469999313354492
2021-04-29,NSE:CPSEETF,22.729999542236328
2021-04-29,NSE:LOWVOLIETF,11.868000030517578
2021-04-29,NSE:NIFTYBEES,159.10000610351562
2021-04-29,NSE:ITBEES,26.1299991607666
2021-04-29,NSE:BANKBEES,337.7900085449219
2021-04-29,NSE:MON100,102.6709976196289
2021-04-30,NSE:CPSEETF,23.1200008392334
2021-04-30,NSE:NIFTYBEES,157.0
2021-04-30,NSE:BANKBEES,328.4700012207031
2021-04-30,NSE:ITBEES,25.950000762939453
2021-04-30,NSE:LOWVOLIETF,11.770999908447266
2021-04-30,NSE:MON100,102.0770034790039
2021-04-30,NSE:MOM100,25.600000381469727
2021-05-03,NSE:LOWVOLIETF,11.836999893188477
2021-05-03,NSE:BANKBEES,326.32000732421875
2021-05-03,NSE:ITBEES,25.969999313354492
2021-05-03,NSE:MON100,101.95999908447266
2021-05-03,NSE:CPSEETF,23.1299991607666
2021-05-03,NSE:NIFTYBEES,156.97000122070312
2021-05-03,NSE:MOM100,25.540000915527344
2021-05-04,NSE:BANKBEES,324.04998779296875
2021-05-04,NSE:CPSEETF,23.190000534057617
2021-05-04,NSE:MON100,101.15599822998047
2021-05-04,NSE:NIFTYBEES,155.5500030517578
2021-05-04,NSE:MOM100,25.639999389648438
2021-05-04,NSE:LOWVOLIETF,11.772000312805176
2021-05-04,NSE:ITBEES,25.75
2021-05-05,NSE:NIFTYBEES,156.80999755859375
2021-05-05,NSE:BANKBEES,329.3900146484375
2021-05-05,NSE:ITBEES,25.979999542236328
2021-05-05,NSE:LOWVOLIETF,11.845999717712402
2021-05-05,NSE:CPSEETF,23.479999542236328
2021-05-05,NSE:MON100,99.66000366210938
2021-05-05,NSE:MOM100,25.530000686645508
2021-05-06,NSE:LOWVOLIETF,11.934000015258789
2021-05-06,NSE:BANKBEES,329.1300048828125
2021-05-06,NSE:ITBEES,26.440000534057617
2021-05-06,NSE:MOM100,25.690000534057617
2021-05-06,NSE:NIFTYBEES,157.5399932861328
2021-05-06,NSE:MON100,98.77400207519531
2021-05-06,NSE:CPSEETF,23.489999771118164
2021-05-07,NSE:CPSEETF,23.790000915527344
2021-05-07,NSE:ITBEES,26.459999084472656
2021-05-07,NSE:NIFTYBEES,158.52999877929688
2021-05-07,NSE:BANKBEES,329.9800109863281
2021-05-07,NSE:LOWVOLIETF,11.954000473022461
2021-05-07,NSE:MON100,99.18499755859375
2021-05-07,NSE:MOM100,25.920000076293945
2021-05-10,NSE:ITBEES,26.469999313354492
2021-05-10,NSE:MOM100,26.34000015258789
2021-05-10,NSE:BANKBEES,332.3800048828125
2021-05-10,NSE:NIFTYBEES,159.69000244140625
2021-05-10,NSE:CPSEETF,24.719999313354492
2021-05-10,NSE:LOWVOLIETF,12.083999633789062
2021-05-10,NSE:MON100,99.33100128173828
2021-05-11,NSE:MOM100,26.25
2021-05-11,NSE:NIFTYBEES,158.94000244140625
2021-05-11,NSE:LOWVOLIETF,12.118000030517578
2021-05-11,NSE:ITBEES,26.31999969482422
2021-05-11,NSE:BANKBEES,329.29998779296875
2021-05-11,NSE:CPSEETF,25.530000686645508
2021-05-11,NSE:MON100,96.69599914550781
2021-05-12,NSE:BANKBEES,325.510009765625
2021-05-12,NSE:NIFTYBEES,157.69000244140625
2021-05-12,NSE:LOWVOLIETF,12.10200023651123
2021-05-12,NSE:MON100,96.41200256347656
2021-05-12,NSE:MOM100,26.280000686645508
2021-05-12,NSE:CPSEETF,25.5
2021-05-12,NSE:ITBEES,26.139999389648438
2021-05-14,NSE:BANKBEES,322.989990234375
2021-05-14,NSE:MOM100,25.670000076293945
2021-05-14,NSE:CPSEETF,24.90999984741211
2021-05-14,NSE:ITBEES,25.860000610351562
2021-05-14,NSE:LOWVOLIETF,12.126999855041504
2021-05-14,NSE:MON100,96.27300262451172
2021-05-14,NSE:NIFTYBEES,157.47000122070312
2021-05-14,NSE:MAFANG,49.880001068115234
2021-05-17,NSE:CPSEETF,25.100000381469727
2021-05-17,NSE:NIFTYBEES,159.52000427246094
2021-05-17,NSE:LOWVOLIETF,12.187000274658203
2021-05-17,NSE:ITBEES,25.940000534057617
2021-05-17,NSE:MAFANG,47.58000183105469
2021-05-17,NSE:MON100,96.58699798583984
2021-05-17,NSE:MOM100,25.93000030517578
2021-05-17,NSE:BANKBEES,335.3800048828125
2021-05-18,NSE:BANKBEES,340.82000732421875
2021-05-18,NSE:NIFTYBEES,161.3699951171875
2021-05-18,NSE:MOM100,26.31999969482422
2021-05-18,NSE:CPSEETF,25.350000381469727
2021-05-18,NSE:LOWVOLIETF,12.258999824523926
2021-05-18,NSE:ITBEES,26.239999771118164
2021-05-18,NSE:MAFANG,47.36000061035156
2021-05-18,NSE:MON100,96.86199951171875
2021-05-19,NSE:MOM100,26.469999313354492
2021-05-19,NSE:ITBEES,26.229999542236328
2021-05-19,NSE:MON100,95.12899780273438
2021-05-19,NSE:NIFTYBEES,160.6699981689453
2021-05-19,NSE:LOWVOLIETF,12.302000045776367
2021-05-19,NSE:BANKBEES,338.1400146484375
2021-05-19,NSE:MAFANG,46.18000030517578
2021-05-19,NSE:CPSEETF,25.459999084472656
2021-05-20,NSE:NIFTYBEES,159.63999938964844
2021-05-20,NSE:ITBEES,26.219999313354492
2021-05-20,NSE:CPSEETF,25.020000457763672
2021-05-20,NSE:LOWVOLIETF,12.3100004196167
2021-05-20,NSE:MON100,95.29000091552734
2021-05-20,NSE:MAFANG,46.41999816894531
2021-05-20,NSE:MOM100,26.610000610351562
2021-05-20,NSE:BANKBEES,334.75
2021-05-21,NSE:MOM100,26.68000030517578
2021-05-21,NSE:MON100,97.36199951171875
2021-05-21,NSE:NIFTYBEES,162.10000610351562
2021-05-21,NSE:LOWVOLIETF,12.37600040435791
2021-05-21,NSE:CPSEETF,25.049999237060547
2021-05-21,NSE:ITBEES,26.290000915527344
2021-05-21,NSE:BANKBEES,347.30999755859375
2021-05-21,NSE:MAFANG,47.31999969482422
2021-05-24,NSE:BANKBEES,350.79998779296875
2021-05-24,NSE:NIFTYBEES,162.42999267578125
2021-05-24,NSE:MOM100,26.780000686645508
2021-05-24,NSE:MAFANG,47.34000015258789
2021-05-24,NSE:CPSEETF,25.239999771118164
2021-05-24,NSE:LOWVOLIETF,12.402999877929688
2021-05-24,NSE:ITBEES,26.3700008392334
2021-05-24,NSE:MON100,97.15699768066406
2021-05-25,NSE:ITBEES,26.600000381469727
2021-05-25,NSE:NIFTYBEES,162.52999877929688
2021-05-25,NSE:LOWVOLIETF,12.47700023651123
2021-05-25,NSE:BANKBEES,348.5899963378906
2021-05-25,NSE:MON100,98.43399810791016
2021-05-25,NSE:CPSEETF,25.219999313354492
2021-05-25,NSE:MOM100,26.8799991607666
2021-05-25,NSE:MAFANG,48.40999984741211
2021-05-26,NSE:NIFTYBEES,163.4600067138672
2021-05-26,NSE:MON100,98.5530014038086
2021-05-26,NSE:MAFANG,48.38999938964844
2021-05-26,NSE:ITBEES,27.190000534057617
2021-05-26,NSE:LOWVOLIETF,12.527999877929688
2021-05-26,NSE:BANKBEES,348.8999938964844
2021-05-26,NSE:MOM100,27.040000915527344
2021-05-26,NSE:CPSEETF,24.850000381469727
2021-05-27,NSE:MAFANG,48.369998931884766
2021-05-27,NSE:MON100,97.8550033569336
2021-05-27,NSE:ITBEES,27.3700008392334
2021-05-27,NSE:NIFTYBEES,164.1199951171875
2021-05-27,NSE:CPSEETF,24.790000915527344
2021-05-27,NSE:LOWVOLIETF,12.567999839782715
2021-05-27,NSE:BANKBEES,352.5899963378906
2021-05-27,NSE:MOM100,27.260000228881836
2021-05-28,NSE:MAFANG,48.459999084472656
2021-05-28,NSE:MOM100,27.540000915527344
2021-05-28,NSE:MON100,98.10299682617188
2021-05-28,NSE:ITBEES,27.329999923706055
2021-05-28,NSE:NIFTYBEES,165.02000427246094
2021-05-28,NSE:LOWVOLIETF,12.581999778747559
2021-05-28,NSE:BANKBEES,353.6000061035156
2021-05-28,NSE:CPSEETF,24.719999313354492
2021-05-31,NSE:MAFANG,48.47999954223633
2021-05-31,NSE:MOM100,27.139999389648438
2021-05-31,NSE:ITBEES,27.389999389648438
2021-05-31,NSE:CPSEETF,24.850000381469727
2021-05-31,NSE:NIFTYBEES,166.7899932861328
2021-05-31,NSE:MON100,98.18599700927734
2021-05-31,NSE:BANKBEES,356.1199951171875
2021-05-31,NSE:LOWVOLIETF,12.647000312805176
2021-06-01,NSE:CPSEETF,25.010000228881836
2021-06-01,NSE:LOWVOLIETF,12.685999870300293
2021-06-01,NSE:MAFANG,48.720001220703125
2021-06-01,NSE:BANKBEES,355.4700012207031
2021-06-01,NSE:NIFTYBEES,166.8800048828125
2021-06-01,NSE:ITBEES,27.450000762939453
2021-06-01,NSE:MOM100,27.1299991607666
2021-06-01,NSE:MON100,98.30599975585938
2021-06-02,NSE:MAFANG,48.88999938964844
2021-06-02,NSE:ITBEES,27.290000915527344
2021-06-02,NSE:MOM100,27.329999923706055
2021-06-02,NSE:BANKBEES,355.6300048828125
2021-06-02,NSE:NIFTYBEES,167.2899932861328
2021-06-02,NSE:CPSEETF,25.260000228881836
2021-06-02,NSE:MON100,98.45999908447266
2021-06-02,NSE:LOWVOLIETF,12.628999710083008
2021-06-03,NSE:BANKBEES,357.9200134277344
2021-06-03,NSE:MAFANG,48.95000076293945
2021-06-03,NSE:CPSEETF,25.520000457763672
2021-06-03,NSE:MOM100,27.739999771118164
2021-06-03,NSE:MON100,98.0459976196289
2021-06-03,NSE:LOWVOLIETF,12.74899959564209
2021-06-03,NSE:NIFTYBEES,168.1699981689453
2021-06-03,NSE:ITBEES,27.329999923706055
2021-06-04,NSE:MOM100,27.700000762939453
2021-06-04,NSE:NIFTYBEES,168.14999389648438
2021-06-04,NSE:MON100,97.64700317382812
2021-06-04,NSE:LOWVOLIETF,12.710000038146973
2021-06-04,NSE:BANKBEES,354.7099914550781
2021-06-04,NSE:CPSEETF,25.899999618530273
2021-06-04,NSE:ITBEES,27.3799991607666
2021-06-04,NSE:MAFANG,48.38999938964844
2021-06-07,NSE:MON100,98.68599700927734
2021-06-07,NSE:BANKBEES,356.0199890136719
2021-06-07,NSE:NIFTYBEES,168.6300048828125
2021-06-07,NSE:CPSEETF,26.280000686645508
2021-06-07,NSE:ITBEES,27.559999465942383
2021-06-07,NSE:LOWVOLIETF,12.881999969482422
2021-06-07,NSE:MOM100,28.360000610351562
2021-06-07,NSE:MAFANG,48.95000076293945
2021-06-08,NSE:LOWVOLIETF,12.913000106811523
2021-06-08,NSE:MOM100,28.3700008392334
2021-06-08,NSE:CPSEETF,26.190000534057617
2021-06-08,NSE:MON100,99.3740005493164
2021-06-08,NSE:BANKBEES,352.1300048828125
2021-06-08,NSE:MAFANG,49.4900016784668
2021-06-08,NSE:NIFTYBEES,168.57000732421875
2021-06-08,NSE:ITBEES,28.010000228881836
2021-06-09,NSE:MAFANG,49.279998779296875
2021-06-09,NSE:NIFTYBEES,167.58999633789062
2021-06-09,NSE:CPSEETF,26.350000381469727
2021-06-09,NSE:MOM100,28.56999969482422
2021-06-09,NSE:BANKBEES,349.42999267578125
2021-06-09,NSE:MON100,99.12300109863281
2021-06-09,NSE:ITBEES,27.84000015258789
2021-06-09,NSE:LOWVOLIETF,12.86299991607666
2021-06-10,NSE:MON100,98.74700164794922
2021-06-10,NSE:BANKBEES,352.6300048828125
2021-06-10,NSE:ITBEES,28.100000381469727
2021-06-10,NSE:MOM100,28.420000076293945
2021-06-10,NSE:CPSEETF,26.399999618530273
2021-06-10,NSE:NIFTYBEES,168.60000610351562
2021-06-10,NSE:MAFANG,49.09000015258789
2021-06-10,NSE:LOWVOLIETF,12.958999633789062
2021-06-11,NSE:CPSEETF,26.809999465942383
2021-06-11,NSE:MAFANG,49.5099983215332
2021-06-11,NSE:NIFTYBEES,169.3300018310547
2021-06-11,NSE:MON100,100.66400146484375
2021-06-11,NSE:MOM100,28.420000076293945
2021-06-11,NSE:ITBEES,28.639999389648438
2021-06-11,NSE:BANKBEES,351.5899963378906
2021-06-11,NSE:LOWVOLIETF,13.015999794006348
2021-06-14,NSE:MAFANG,49.72999954223633
2021-06-14,NSE:MON100,101.1520004272461
2021-06-14,NSE:NIFTYBEES,169.55999755859375
2021-06-14,NSE:BANKBEES,350.7799987792969
2021-06-14,NSE:MOM100,28.440000534057617
2021-06-14,NSE:LOWVOLIETF,12.996000289916992
2021-06-14,NSE:CPSEETF,26.799999237060547
2021-06-14,NSE:ITBEES,28.700000762939453
2021-06-15,NSE:NIFTYBEES,170.27000427246094
2021-06-15,NSE:MOM100,28.690000534057617
2021-06-15,NSE:MON100,102.18599700927734
2021-06-15,NSE:LOWVOLIETF,13.069999694824219
2021-06-15,NSE:ITBEES,28.81999969482422
2021-06-15,NSE:CPSEETF,26.780000686645508
2021-06-15,NSE:MAFANG,50.599998474121094
2021-06-15,NSE:BANKBEES,353.5899963378906
2021-06-16,NSE:CPSEETF,26.600000381469727
2021-06-16,NSE:MON100,101.56199645996094
2021-06-16,NSE:NIFTYBEES,169.69000244140625
2021-06-16,NSE:LOWVOLIETF,13.008999824523926
2021-06-16,NSE:MOM100,28.5
2021-06-16,NSE:BANKBEES,351.30999755859375
2021-06-16,NSE:MAFANG,50.459999084472656
2021-06-16,NSE:ITBEES,28.799999237060547
2021-06-17,NSE:LOWVOLIETF,13.015999794006348
2021-06-17,NSE:NIFTYBEES,168.7899932861328
2021-06-17,NSE:MAFANG,49.880001068115234
2021-06-17,NSE:CPSEETF,26.219999313354492
2021-06-17,NSE:MOM100,28.059999465942383
2021-06-17,NSE:ITBEES,29.040000915527344
2021-06-17,NSE:BANKBEES,347.2300109863281
2021-06-17,NSE:MON100,10.086999893188477
2021-06-18,NSE:LOWVOLIETF,12.972999572753906
2021-06-18,NSE:MON100,10.42300033569336
2021-06-18,NSE:MOM100,27.700000762939453
2021-06-18,NSE:ITBEES,28.81999969482422
2021-06-18,NSE:MAFANG,51.61000061035156
2021-06-18,NSE:NIFTYBEES,168.6699981689453
2021-06-18,NSE:BANKBEES,347.0799865722656
2021-06-18,NSE:CPSEETF,25.549999237060547
2021-06-21,NSE:NIFTYBEES,169.07000732421875
2021-06-21,NSE:MON100,103.41000366210938
2021-06-21,NSE:MOM100,27.760000228881836
2021-06-21,NSE:CPSEETF,25.979999542236328
2021-06-21,NSE:MAFANG,51.560001373291016
2021-06-21,NSE:BANKBEES,350.1300048828125
2021-06-21,NSE:ITBEES,28.770000457763672
2021-06-21,NSE:LOWVOLIETF,12.899999618530273
2021-06-22,NSE:MOM100,27.8799991607666
2021-06-22,NSE:BANKBEES,349.0400085449219
2021-06-22,NSE:MON100,103.56999969482422
2021-06-22,NSE:ITBEES,28.950000762939453
2021-06-22,NSE:NIFTYBEES,169.41000366210938
2021-06-22,NSE:MAFANG,51.16999816894531
2021-06-22,NSE:LOWVOLIETF,12.996999740600586
2021-06-22,NSE:CPSEETF,26.1200008392334
2021-06-23,NSE:BANKBEES,347.8399963378906
2021-06-23,NSE:LOWVOLIETF,12.914999961853027
2021-06-23,NSE:NIFTYBEES,168.67999267578125
2021-06-23,NSE:MAFANG,51.630001068115234
2021-06-23,NSE:MOM100,27.809999465942383
2021-06-23,NSE:MON100,104.12999725341797
2021-06-23,NSE:ITBEES,28.68000030517578
2021-06-23,NSE:CPSEETF,26.290000915527344
2021-06-24,NSE:CPSEETF,26.170000076293945
2021-06-24,NSE:LOWVOLIETF,12.989999771118164
2021-06-24,NSE:ITBEES,29.350000381469727
2021-06-24,NSE:MON100,104.97000122070312
2021-06-24,NSE:BANKBEES,350.4200134277344
2021-06-24,NSE:NIFTYBEES,169.67999267578125
2021-06-24,NSE:MOM100,27.84000015258789
2021-06-24,NSE:MAFANG,52.29999923706055
2021-06-25,NSE:BANKBEES,354.989990234375
2021-06-25,NSE:MON100,105.33999633789062
2021-06-25,NSE:MOM100,28.059999465942383
2021-06-25,NSE:MAFANG,53.4900016784668
2021-06-25,NSE:LOWVOLIETF,12.984000205993652
2021-06-25,NSE:NIFTYBEES,170.39999389648438
2021-06-25,NSE:CPSEETF,26.18000030517578
2021-06-25,NSE:ITBEES,29.6200008392334
2021-06-28,NSE:CPSEETF,26.420000076293945
2021-06-28,NSE:LOWVOLIETF,12.975000381469727
2021-06-28,NSE:BANKBEES,355.239990234375
2021-06-28,NSE:MAFANG,53.86000061035156
2021-06-28,NSE:MOM100,28.200000762939453
2021-06-28,NSE:MON100,105.41000366210938
2021-06-28,NSE:ITBEES,29.530000686645508
2021-06-28,NSE:NIFTYBEES,169.85000610351562
2021-06-29,NSE:ITBEES,29.450000762939453
2021-06-29,NSE:MOM100,28.239999771118164
2021-06-29,NSE:MON100,106.47000122070312
2021-06-29,NSE:CPSEETF,26.209999084472656
2021-06-29,NSE:MAFANG,54.68000030517578
2021-06-29,NSE:LOWVOLIETF,12.994999885559082
2021-06-29,NSE:BANKBEES,352.7300109863281
2021-06-29,NSE:NIFTYBEES,169.3300018310547
2021-06-30,NSE:ITBEES,29.6200008392334
2021-06-30,NSE:MAFANG,54.65999984741211
2021-06-30,NSE:LOWVOLIETF,12.96500015258789
2021-06-30,NSE:BANKBEES,350.2900085449219
2021-06-30,NSE:MOM100,28.200000762939453
2021-06-30,NSE:CPSEETF,26.100000381469727
2021-06-30,NSE:NIFTYBEES,169.1300048828125
2021-06-30,NSE:MON100,107.19999694824219
2021-07-01,NSE:ITBEES,29.469999313354492
2021-07-01,NSE:BANKBEES,349.6600036621094
2021-07-01,NSE:CPSEETF,26.25
2021-07-01,NSE:LOWVOLIETF,12.96399974822998
2021-07-01,NSE:NIFTYBEES,168.9199981689453
2021-07-01,NSE:MAFANG,54.650001525878906
2021-07-01,NSE:MOM100,28.1299991607666
2021-07-01,NSE:MON100,107.25
2021-07-02,NSE:BANKBEES,350.5299987792969
2021-07-02,NSE:NIFTYBEES,169.33999633789062
2021-07-02,NSE:MAFANG,54.84000015258789
2021-07-02,NSE:CPSEETF,26.15999984741211
2021-07-02,NSE:ITBEES,29.459999084472656
2021-07-02,NSE:MOM100,28.209999084472656
2021-07-02,NSE:MON100,107.79000091552734
2021-07-02,NSE:LOWVOLIETF,12.968000411987305
2021-07-05,NSE:MOM100,28.450000762939453
2021-07-05,NSE:BANKBEES,353.8999938964844
2021-07-05,NSE:CPSEETF,26.360000610351562
2021-07-05,NSE:NIFTYBEES,170.1300048828125
2021-07-05,NSE:LOWVOLIETF,13.015000343322754
2021-07-05,NSE:ITBEES,29.40999984741211
2021-07-05,NSE:MON100,108.33000183105469
2021-07-05,NSE:MAFANG,54.65999984741211
2021-07-06,NSE:CPSEETF,26.190000534057617
2021-07-06,NSE:MON100,108.12999725341797
2021-07-06,NSE:NIFTYBEES,170.1699981689453
2021-07-06,NSE:LOWVOLIETF,12.991000175476074
2021-07-06,NSE:BANKBEES,357.42999267578125
2021-07-06,NSE:MAFANG,54.81999969482422
2021-07-06,NSE:MOM100,28.1200008392334
2021-07-06,NSE:ITBEES,29.110000610351562
2021-07-07,NSE:PHARMABEES,14.489999771118164
2021-07-07,NSE:LOWVOLIETF,13.041000366210938
2021-07-07,NSE:MAFANG,55.2599983215332
2021-07-07,NSE:CPSEETF,26.190000534057617
2021-07-07,NSE:ITBEES,29.18000030517578
2021-07-07,NSE:BANKBEES,359.20001220703125
2021-07-07,NSE:NIFTYBEES,170.4600067138672
2021-07-07,NSE:MON100,108.73999786376953
2021-07-07,NSE:MOM100,28.559999465942383
2021-07-08,NSE:LOWVOLIETF,12.949999809265137
2021-07-08,NSE:CPSEETF,25.979999542236328
2021-07-08,NSE:MON100,108.19000244140625
2021-07-08,NSE:PHARMABEES,14.319999694824219
2021-07-08,NSE:BANKBEES,355.20001220703125
2021-07-08,NSE:NIFTYBEES,169.47000122070312
2021-07-08,NSE:MOM100,28.329999923706055
2021-07-08,NSE:ITBEES,29.15999984741211
2021-07-08,NSE:MAFANG,53.97999954223633
2021-07-09,NSE:MOM100,28.56999969482422
2021-07-09,NSE:ITBEES,29.09000015258789
2021-07-09,NSE:NIFTYBEES,169.07000732421875
2021-07-09,NSE:CPSEETF,26.030000686645508
2021-07-09,NSE:LOWVOLIETF,12.928000450134277
2021-07-09,NSE:MON100,108.55999755859375
2021-07-09,NSE:BANKBEES,353.5
2021-07-09,NSE:PHARMABEES,14.420000076293945
2021-07-09,NSE:MAFANG,53.65999984741211
2021-07-12,NSE:LOWVOLIETF,12.939000129699707
2021-07-12,NSE:BANKBEES,354.17999267578125
2021-07-12,NSE:CPSEETF,26.1200008392334
2021-07-12,NSE:MOM100,28.940000534057617
2021-07-12,NSE:NIFTYBEES,169.0399932861328
2021-07-12,NSE:MAFANG,54.380001068115234
2021-07-12,NSE:MON100,109.26000213623047
2021-07-12,NSE:PHARMABEES,14.420000076293945
2021-07-12,NSE:ITBEES,28.940000534057617
2021-07-13,NSE:CPSEETF,26.260000228881836
2021-07-13,NSE:NIFTYBEES,170.1699981689453
2021-07-13,NSE:PHARMABEES,14.5
2021-07-13,NSE:LOWVOLIETF,12.977999687194824
2021-07-13,NSE:ITBEES,28.8799991607666
2021-07-13,NSE:MON100,109.61000061035156
2021-07-13,NSE:BANKBEES,358.3800048828125
2021-07-13,NSE:MOM100,29.110000610351562
2021-07-13,NSE:MAFANG,54.880001068115234
2021-07-14,NSE:NIFTYBEES,170.60000610351562
2021-07-14,NSE:MAFANG,55.029998779296875
2021-07-14,NSE:LOWVOLIETF,12.967000007629395
2021-07-14,NSE:MOM100,29.010000228881836
2021-07-14,NSE:PHARMABEES,14.539999961853027
2021-07-14,NSE:MON100,110.06999969482422
2021-07-14,NSE:ITBEES,29.649999618530273
2021-07-14,NSE:BANKBEES,358.57000732421875
2021-07-14,NSE:CPSEETF,26.389999389648438
2021-07-15,NSE:PHARMABEES,14.529999732971191
2021-07-15,NSE:ITBEES,30.09000015258789
2021-07-15,NSE:MAFANG,55.060001373291016
2021-07-15,NSE:MOM100,29.06999969482422
2021-07-15,NSE:CPSEETF,26.100000381469727
2021-07-15,NSE:BANKBEES,361.2900085449219
2021-07-15,NSE:LOWVOLIETF,13.107000350952148
2021-07-15,NSE:MON100,109.5999984741211
2021-07-15,NSE:NIFTYBEES,171.27999877929688
2021-07-16,NSE:NIFTYBEES,171.41000366210938
2021-07-16,NSE:LOWVOLIETF,13.104999542236328
2021-07-16,NSE:MOM100,29.15999984741211
2021-07-16,NSE:BANKBEES,360.05999755859375
2021-07-16,NSE:ITBEES,29.780000686645508
2021-07-16,NSE:MON100,109.0199966430664
2021-07-16,NSE:CPSEETF,26.1299991607666
2021-07-16,NSE:MAFANG,54.439998626708984
2021-07-16,NSE:PHARMABEES,14.680000305175781
2021-07-19,NSE:LOWVOLIETF,13.043999671936035
2021-07-19,NSE:PHARMABEES,14.720000267028809
2021-07-19,NSE:MOM100,29.15999984741211
2021-07-19,NSE:MON100,107.94999694824219
2021-07-19,NSE:CPSEETF,26.1200008392334
2021-07-19,NSE:MAFANG,53.630001068115234
2021-07-19,NSE:ITBEES,29.709999084472656
2021-07-19,NSE:BANKBEES,353.79998779296875
2021-07-19,NSE:NIFTYBEES,169.77000427246094
2021-07-20,NSE:ITBEES,29.59000015258789
2021-07-20,NSE:PHARMABEES,14.539999961853027
2021-07-20,NSE:CPSEETF,25.799999237060547
2021-07-20,NSE:BANKBEES,347.1300048828125
2021-07-20,NSE:LOWVOLIETF,13.071000099182129
2021-07-20,NSE:NIFTYBEES,168.5399932861328
2021-07-20,NSE:MON100,107.70999908447266
2021-07-20,NSE:MAFANG,53.45000076293945
2021-07-20,NSE:MOM100,28.549999237060547
2021-07-22,NSE:CPSEETF,26.049999237060547
2021-07-22,NSE:MON100,109.05000305175781
2021-07-22,NSE:MOM100,28.690000534057617
2021-07-22,NSE:MAFANG,53.91999816894531
2021-07-22,NSE:BANKBEES,349.42999267578125
2021-07-22,NSE:NIFTYBEES,170.36000061035156
2021-07-22,NSE:LOWVOLIETF,13.10099983215332
2021-07-22,NSE:PHARMABEES,14.640000343322754
2021-07-22,NSE:ITBEES,30.09000015258789
2021-07-23,NSE:MAFANG,54.2599983215332
2021-07-23,NSE:LOWVOLIETF,13.173999786376953
2021-07-23,NSE:MON100,110.05000305175781
2021-07-23,NSE:BANKBEES,352.30999755859375
2021-07-23,NSE:PHARMABEES,14.65999984741211
2021-07-23,NSE:NIFTYBEES,170.57000732421875
2021-07-23,NSE:CPSEETF,25.969999313354492
2021-07-23,NSE:MOM100,28.860000610351562
2021-07-23,NSE:ITBEES,30.329999923706055
2021-07-26,NSE:BANKBEES,351.5199890136719
2021-07-26,NSE:CPSEETF,25.979999542236328
2021-07-26,NSE:MON100,110.8499984741211
2021-07-26,NSE:MAFANG,54.380001068115234
2021-07-26,NSE:MOM100,28.969999313354492
2021-07-26,NSE:NIFTYBEES,170.27999877929688
2021-07-26,NSE:PHARMABEES,14.649999618530273
2021-07-26,NSE:LOWVOLIETF,13.187999725341797
2021-07-26,NSE:ITBEES,30.489999771118164
2021-07-27,NSE:PHARMABEES,14.09000015258789
2021-07-27,NSE:MON100,111.12000274658203
2021-07-27,NSE:LOWVOLIETF,13.123000144958496
2021-07-27,NSE:CPSEETF,25.8799991607666
2021-07-27,NSE:BANKBEES,350.05999755859375
2021-07-27,NSE:NIFTYBEES,169.67999267578125
2021-07-27,NSE:MOM100,28.81999969482422
2021-07-27,NSE:MAFANG,53.63999938964844
2021-07-27,NSE:ITBEES,30.420000076293945
2021-07-28,NSE:LOWVOLIETF,13.013999938964844
2021-07-28,NSE:MON100,110.37000274658203
2021-07-28,NSE:MAFANG,53.099998474121094
2021-07-28,NSE:CPSEETF,25.81999969482422
2021-07-28,NSE:PHARMABEES,14.029999732971191
2021-07-28,NSE:ITBEES,30.489999771118164
2021-07-28,NSE:NIFTYBEES,169.33999633789062
2021-07-28,NSE:BANKBEES,348.260009765625
2021-07-28,NSE:MOM100,29.010000228881836
2021-07-29,NSE:PHARMABEES,13.979999542236328
2021-07-29,NSE:ITBEES,30.850000381469727
2021-07-29,NSE:MAFANG,53.84000015258789
2021-07-29,NSE:NIFTYBEES,169.9499969482422
2021-07-29,NSE:BANKBEES,349.2099914550781
2021-07-29,NSE:CPSEETF,25.790000915527344
2021-07-29,NSE:LOWVOLIETF,12.960000038146973
2021-07-29,NSE:MOM100,28.940000534057617
2021-07-29,NSE:MON100,110.4000015258789
2021-07-30,NSE:MOM100,29.18000030517578
2021-07-30,NSE:CPSEETF,26.020000457763672
2021-07-30,NSE:MON100,109.51000213623047
2021-07-30,NSE:NIFTYBEES,169.69000244140625
2021-07-30,NSE:MAFANG,53.40999984741211
2021-07-30,NSE:LOWVOLIETF,13.0649995803833
2021-07-30,NSE:BANKBEES,348.2900085449219
2021-07-30,NSE:PHARMABEES,14.430000305175781
2021-07-30,NSE:ITBEES,31.059999465942383
2021-08-02,NSE:ITBEES,31.329999923706055
2021-08-02,NSE:CPSEETF,26.0
2021-08-02,NSE:LOWVOLIETF,13.118000030517578
2021-08-02,NSE:MOM100,29.700000762939453
2021-08-02,NSE:MAFANG,53.7400016784668
2021-08-02,NSE:PHARMABEES,14.4399995803833
2021-08-02,NSE:MON100,110.58000183105469
2021-08-02,NSE:NIFTYBEES,171.0
2021-08-02,NSE:BANKBEES,349.29998779296875
2021-08-03,NSE:MOM100,29.579999923706055
2021-08-03,NSE:ITBEES,31.6299991607666
2021-08-03,NSE:NIFTYBEES,173.27000427246094
2021-08-03,NSE:BANKBEES,353.94000244140625
2021-08-03,NSE:PHARMABEES,14.59000015258789
2021-08-03,NSE:LOWVOLIETF,13.24899959564209
2021-08-03,NSE:MON100,110.05000305175781
2021-08-03,NSE:MAFANG,53.7400016784668
2021-08-03,NSE:CPSEETF,26.110000610351562
2021-08-04,NSE:NIFTYBEES,174.6699981689453
2021-08-04,NSE:MAFANG,53.52000045776367
2021-08-04,NSE:MON100,110.44999694824219
2021-08-04,NSE:BANKBEES,362.1600036621094
2021-08-04,NSE:MOM100,29.25
2021-08-04,NSE:ITBEES,31.56999969482422
2021-08-04,NSE:LOWVOLIETF,13.230999946594238
2021-08-04,NSE:PHARMABEES,14.609999656677246
2021-08-04,NSE:CPSEETF,26.030000686645508
2021-08-05,NSE:CPSEETF,25.940000534057617
2021-08-05,NSE:ITBEES,31.81999969482422
2021-08-05,NSE:LOWVOLIETF,13.27299976348877
2021-08-05,NSE:MAFANG,53.45000076293945
2021-08-05,NSE:NIFTYBEES,175.1300048828125
2021-08-05,NSE:PHARMABEES,14.65999984741211
2021-08-05,NSE:BANKBEES,361.0799865722656
2021-08-05,NSE:MOM100,29.170000076293945
2021-08-05,NSE:MON100,110.52999877929688
2021-08-06,NSE:MON100,111.23999786376953
2021-08-06,NSE:PHARMABEES,14.59000015258789
2021-08-06,NSE:CPSEETF,26.110000610351562
2021-08-06,NSE:MAFANG,53.7400016784668
2021-08-06,NSE:ITBEES,31.90999984741211
2021-08-06,NSE:BANKBEES,361.25
2021-08-06,NSE:LOWVOLIETF,13.23799991607666
2021-08-06,NSE:MOM100,29.31999969482422
2021-08-06,NSE:NIFTYBEES,174.85000610351562
2021-08-09,NSE:MAFANG,53.540000915527344
2021-08-09,NSE:CPSEETF,25.729999542236328
2021-08-09,NSE:BANKBEES,362.010009765625
2021-08-09,NSE:PHARMABEES,14.569999694824219
2021-08-09,NSE:NIFTYBEES,175.41000366210938
2021-08-09,NSE:MOM100,29.030000686645508
2021-08-09,NSE:ITBEES,32.0
2021-08-09,NSE:MON100,110.81999969482422
2021-08-09,NSE:LOWVOLIETF,13.23900032043457
2021-08-10,NSE:LOWVOLIETF,13.227999687194824
2021-08-10,NSE:ITBEES,32.25
2021-08-10,NSE:NIFTYBEES,175.6300048828125
2021-08-10,NSE:CPSEETF,25.309999465942383
2021-08-10,NSE:PHARMABEES,14.510000228881836
2021-08-10,NSE:MOM100,28.760000228881836
2021-08-10,NSE:MON100,111.52999877929688
2021-08-10,NSE:BANKBEES,362.55999755859375
2021-08-10,NSE:MAFANG,53.47999954223633
2021-08-11,NSE:ITBEES,32.04999923706055
2021-08-11,NSE:NIFTYBEES,175.3699951171875
2021-08-11,NSE:MON100,110.9000015258789
2021-08-11,NSE:MOM100,28.65999984741211
2021-08-11,NSE:BANKBEES,360.54998779296875
2021-08-11,NSE:LOWVOLIETF,13.24899959564209
2021-08-11,NSE:PHARMABEES,14.359999656677246
2021-08-11,NSE:CPSEETF,25.770000457763672
2021-08-11,NSE:MAFANG,53.33000183105469
2021-08-12,NSE:MAFANG,53.09000015258789
2021-08-12,NSE:MON100,110.31999969482422
2021-08-12,NSE:NIFTYBEES,176.1699981689453
2021-08-12,NSE:LOWVOLIETF,13.302000045776367
2021-08-12,NSE:CPSEETF,26.219999313354492
2021-08-12,NSE:BANKBEES,361.92999267578125
2021-08-12,NSE:MOM100,28.940000534057617
2021-08-12,NSE:PHARMABEES,14.199999809265137
2021-08-12,NSE:ITBEES,32.720001220703125
2021-08-13,NSE:ITBEES,33.31999969482422
2021-08-13,NSE:BANKBEES,363.7799987792969
2021-08-13,NSE:LOWVOLIETF,13.401000022888184
2021-08-13,NSE:MON100,110.87999725341797
2021-08-13,NSE:MAFANG,53.150001525878906
2021-08-13,NSE:NIFTYBEES,177.94000244140625
2021-08-13,NSE:PHARMABEES,14.140000343322754
2021-08-13,NSE:CPSEETF,26.100000381469727
2021-08-13,NSE:MOM100,28.920000076293945
2021-08-16,NSE:MAFANG,52.869998931884766
2021-08-16,NSE:PHARMABEES,14.050000190734863
2021-08-16,NSE:ITBEES,33.189998626708984
2021-08-16,NSE:CPSEETF,25.93000030517578
2021-08-16,NSE:LOWVOLIETF,13.395999908447266
2021-08-16,NSE:MOM100,28.84000015258789
2021-08-16,NSE:NIFTYBEES,178.60000610351562
2021-08-16,NSE:MON100,111.44000244140625
2021-08-16,NSE:BANKBEES,363.1300048828125
2021-08-17,NSE:LOWVOLIETF,13.508999824523926
2021-08-17,NSE:BANKBEES,361.3599853515625
2021-08-17,NSE:CPSEETF,25.729999542236328
2021-08-17,NSE:NIFTYBEES,178.91000366210938
2021-08-17,NSE:MOM100,28.81999969482422
2021-08-17,NSE:MON100,111.01000213623047
2021-08-17,NSE:PHARMABEES,14.100000381469727
2021-08-17,NSE:MAFANG,52.31999969482422
2021-08-17,NSE:ITBEES,34.04999923706055
2021-08-18,NSE:MON100,109.81999969482422
2021-08-18,NSE:PHARMABEES,14.15999984741211
2021-08-18,NSE:BANKBEES,358.57000732421875
2021-08-18,NSE:MAFANG,51.33000183105469
2021-08-18,NSE:MOM100,28.979999542236328
2021-08-18,NSE:ITBEES,34.04999923706055
2021-08-18,NSE:CPSEETF,25.56999969482422
2021-08-18,NSE:NIFTYBEES,178.75999450683594
2021-08-18,NSE:LOWVOLIETF,13.517000198364258
2021-08-20,NSE:MON100,109.75
2021-08-20,NSE:ITBEES,33.939998626708984
2021-08-20,NSE:BANKBEES,352.95001220703125
2021-08-20,NSE:MAFANG,50.939998626708984
2021-08-20,NSE:NIFTYBEES,177.32000732421875
2021-08-20,NSE:LOWVOLIETF,13.541000366210938
2021-08-20,NSE:CPSEETF,24.989999771118164
2021-08-20,NSE:MOM100,28.920000076293945
2021-08-20,NSE:PHARMABEES,13.800000190734863
2021-08-23,NSE:MON100,111.19000244140625
2021-08-23,NSE:CPSEETF,24.81999969482422
2021-08-23,NSE:NIFTYBEES,178.10000610351562
2021-08-23,NSE:LOWVOLIETF,13.505000114440918
2021-08-23,NSE:PHARMABEES,13.800000190734863
2021-08-23,NSE:BANKBEES,354.04998779296875
2021-08-23,NSE:MOM100,28.329999923706055
2021-08-23,NSE:ITBEES,34.59000015258789
2021-08-23,NSE:MAFANG,51.470001220703125
2021-08-24,NSE:ITBEES,34.290000915527344
2021-08-24,NSE:BANKBEES,359.5400085449219
2021-08-24,NSE:MAFANG,52.689998626708984
2021-08-24,NSE:NIFTYBEES,179.4600067138672
2021-08-24,NSE:MON100,112.4800033569336
2021-08-24,NSE:PHARMABEES,13.970000267028809
2021-08-24,NSE:CPSEETF,25.15999984741211
2021-08-24,NSE:MOM100,28.43000030517578
2021-08-24,NSE:LOWVOLIETF,13.543999671936035
2021-08-25,NSE:CPSEETF,25.389999389648438
2021-08-25,NSE:LOWVOLIETF,13.567999839782715
2021-08-25,NSE:PHARMABEES,13.90999984741211
2021-08-25,NSE:ITBEES,34.59000015258789
2021-08-25,NSE:MAFANG,53.13999938964844
2021-08-25,NSE:MOM100,28.59000015258789
2021-08-25,NSE:MON100,113.0199966430664
2021-08-25,NSE:NIFTYBEES,179.47000122070312
2021-08-25,NSE:BANKBEES,358.54998779296875
2021-08-26,NSE:MON100,112.69000244140625
2021-08-26,NSE:NIFTYBEES,179.52000427246094
2021-08-26,NSE:PHARMABEES,13.819999694824219
2021-08-26,NSE:CPSEETF,25.170000076293945
2021-08-26,NSE:BANKBEES,359.42999267578125
2021-08-26,NSE:MAFANG,53.119998931884766
2021-08-26,NSE:LOWVOLIETF,13.583999633789062
2021-08-26,NSE:ITBEES,34.68000030517578
2021-08-26,NSE:MOM100,28.709999084472656
2021-08-27,NSE:NIFTYBEES,180.24000549316406
2021-08-27,NSE:CPSEETF,25.3799991607666
2021-08-27,NSE:MON100,112.61000061035156
2021-08-27,NSE:ITBEES,34.880001068115234
2021-08-27,NSE:MAFANG,53.029998779296875
2021-08-27,NSE:BANKBEES,359.9700012207031
2021-08-27,NSE:LOWVOLIETF,13.689000129699707
2021-08-27,NSE:MOM100,28.93000030517578
2021-08-27,NSE:PHARMABEES,13.970000267028809
2021-08-30,NSE:MAFANG,53.040000915527344
2021-08-30,NSE:PHARMABEES,14.3100004196167
2021-08-30,NSE:ITBEES,34.65999984741211
2021-08-30,NSE:NIFTYBEES,182.57000732421875
2021-08-30,NSE:CPSEETF,25.799999237060547
2021-08-30,NSE:MON100,112.48999786376953
2021-08-30,NSE:MOM100,29.530000686645508
2021-08-30,NSE:BANKBEES,366.45001220703125
2021-08-30,NSE:LOWVOLIETF,13.805000305175781
2021-08-31,NSE:MOM100,29.600000381469727
2021-08-31,NSE:ITBEES,35.040000915527344
2021-08-31,NSE:NIFTYBEES,184.5500030517578
2021-08-31,NSE:CPSEETF,25.93000030517578
2021-08-31,NSE:MON100,113.54000091552734
2021-08-31,NSE:LOWVOLIETF,13.942000389099121
2021-08-31,NSE:MAFANG,53.47999954223633
2021-08-31,NSE:BANKBEES,367.1600036621094
2021-08-31,NSE:PHARMABEES,14.359999656677246
2021-09-01,NSE:ITBEES,34.779998779296875
2021-09-01,NSE:PHARMABEES,14.359999656677246
2021-09-01,NSE:MAFANG,53.41999816894531
2021-09-01,NSE:CPSEETF,25.950000762939453
2021-09-01,NSE:BANKBEES,369.4700012207031
2021-09-01,NSE:NIFTYBEES,184.30999755859375
2021-09-01,NSE:MOM100,29.8700008392334
2021-09-01,NSE:LOWVOLIETF,13.944000244140625
2021-09-01,NSE:MON100,113.06999969482422
2021-09-02,NSE:PHARMABEES,14.550000190734863
2021-09-02,NSE:MAFANG,54.189998626708984
2021-09-02,NSE:NIFTYBEES,185.9600067138672
2021-09-02,NSE:BANKBEES,371.2900085449219
2021-09-02,NSE:ITBEES,35.209999084472656
2021-09-02,NSE:LOWVOLIETF,14.135000228881836
2021-09-02,NSE:CPSEETF,26.0
2021-09-02,NSE:MON100,113.08999633789062
2021-09-02,NSE:MOM100,29.8700008392334
2021-09-03,NSE:ITBEES,35.52000045776367
2021-09-03,NSE:NIFTYBEES,186.91000366210938
2021-09-03,NSE:CPSEETF,26.3799991607666
2021-09-03,NSE:MON100,112.95999908447266
2021-09-03,NSE:LOWVOLIETF,14.163999557495117
2021-09-03,NSE:BANKBEES,370.95001220703125
2021-09-03,NSE:MAFANG,54.0099983215332
2021-09-03,NSE:MOM100,29.8700008392334
2021-09-03,NSE:PHARMABEES,14.520000457763672
2021-09-06,NSE:MON100,113.4000015258789
2021-09-06,NSE:LOWVOLIETF,14.199000358581543
2021-09-06,NSE:MOM100,29.8700008392334
2021-09-06,NSE:PHARMABEES,14.569999694824219
2021-09-06,NSE:BANKBEES,369.42999267578125
2021-09-06,NSE:ITBEES,36.040000915527344
2021-09-06,NSE:CPSEETF,26.270000457763672
2021-09-06,NSE:MAFANG,54.130001068115234
2021-09-06,NSE:NIFTYBEES,187.5500030517578
2021-09-07,NSE:LOWVOLIETF,14.189000129699707
2021-09-07,NSE:PHARMABEES,14.470000267028809
2021-09-07,NSE:BANKBEES,367.4800109863281
2021-09-07,NSE:CPSEETF,26.09000015258789
2021-09-07,NSE:MON100,113.5
2021-09-07,NSE:MAFANG,54.31999969482422
2021-09-07,NSE:NIFTYBEES,187.1699981689453
2021-09-07,NSE:MOM100,29.8700008392334
2021-09-07,NSE:ITBEES,35.61000061035156
2021-09-08,NSE:ITBEES,35.33000183105469
2021-09-08,NSE:LOWVOLIETF,14.128999710083008
2021-09-08,NSE:PHARMABEES,14.40999984741211
2021-09-08,NSE:MOM100,29.8700008392334
2021-09-08,NSE:MON100,113.7699966430664
2021-09-08,NSE:BANKBEES,370.239990234375
2021-09-08,NSE:NIFTYBEES,187.13999938964844
2021-09-08,NSE:CPSEETF,26.3799991607666
2021-09-08,NSE:MAFANG,55.029998779296875
2021-09-09,NSE:NIFTYBEES,187.4199981689453
2021-09-09,NSE:PHARMABEES,14.390000343322754
2021-09-09,NSE:ITBEES,35.40999984741211
2021-09-09,NSE:CPSEETF,26.600000381469727
2021-09-09,NSE:MAFANG,54.7400016784668
2021-09-09,NSE:LOWVOLIETF,14.199000358581543
2021-09-09,NSE:MOM100,29.8700008392334
2021-09-09,NSE:MON100,113.33999633789062
2021-09-09,NSE:BANKBEES,368.9599914550781
2021-09-13,NSE:PHARMABEES,14.430000305175781
2021-09-13,NSE:NIFTYBEES,187.11000061035156
2021-09-13,NSE:MON100,112.25
2021-09-13,NSE:ITBEES,35.77000045776367
2021-09-13,NSE:CPSEETF,26.739999771118164
2021-09-13,NSE:MAFANG,54.5099983215332
2021-09-13,NSE:LOWVOLIETF,14.22599983215332
2021-09-13,NSE:BANKBEES,367.25
2021-09-13,NSE:MOM100,29.8700008392334
2021-09-14,NSE:BANKBEES,368.4100036621094
2021-09-14,NSE:NIFTYBEES,187.5399932861328
2021-09-14,NSE:ITBEES,35.9900016784668
2021-09-14,NSE:CPSEETF,26.969999313354492
2021-09-14,NSE:MAFANG,54.33000183105469
2021-09-14,NSE:MOM100,29.8700008392334
2021-09-14,NSE:PHARMABEES,14.470000267028809
2021-09-14,NSE:LOWVOLIETF,14.291000366210938
2021-09-14,NSE:MON100,112.3499984741211
2021-09-15,NSE:ITBEES,36.63999938964844
2021-09-15,NSE:MOM100,29.8700008392334
2021-09-15,NSE:MON100,112.20999908447266
2021-09-15,NSE:NIFTYBEES,189.00999450683594
2021-09-15,NSE:BANKBEES,370.9599914550781
2021-09-15,NSE:LOWVOLIETF,14.406999588012695
2021-09-15,NSE:MAFANG,54.09000015258789
2021-09-15,NSE:PHARMABEES,14.489999771118164
2021-09-15,NSE:CPSEETF,27.979999542236328
2021-09-16,NSE:MAFANG,54.119998931884766
2021-09-16,NSE:ITBEES,36.56999969482422
2021-09-16,NSE:MOM100,29.8700008392334
2021-09-16,NSE:CPSEETF,28.030000686645508
2021-09-16,NSE:BANKBEES,378.9100036621094
2021-09-16,NSE:PHARMABEES,14.550000190734863
2021-09-16,NSE:MON100,112.05999755859375
2021-09-16,NSE:NIFTYBEES,190.22000122070312
2021-09-16,NSE:LOWVOLIETF,14.444000244140625
2021-09-17,NSE:MAFANG,54.08000183105469
2021-09-17,NSE:ITBEES,36.369998931884766
2021-09-17,NSE:CPSEETF,27.739999771118164
2021-09-17,NSE:MON100,112.08000183105469
2021-09-17,NSE:PHARMABEES,14.449999809265137
2021-09-17,NSE:BANKBEES,379.57000732421875
2021-09-17,NSE:MOM100,29.8700008392334
2021-09-17,NSE:NIFTYBEES,189.82000732421875
2021-09-17,NSE:LOWVOLIETF,14.409000396728516
2021-09-20,NSE:MAFANG,53.43000030517578
2021-09-20,NSE:NIFTYBEES,187.86000061035156
2021-09-20,NSE:MON100,110.26000213623047
2021-09-20,NSE:PHARMABEES,14.199999809265137
2021-09-20,NSE:BANKBEES,374.07000732421875
2021-09-20,NSE:CPSEETF,27.450000762939453
2021-09-20,NSE:MOM100,29.8700008392334
2021-09-20,NSE:ITBEES,36.119998931884766
2021-09-20,NSE:LOWVOLIETF,14.345000267028809
2021-09-21,NSE:LOWVOLIETF,14.432000160217285
2021-09-21,NSE:MON100,109.2300033569336
2021-09-21,NSE:BANKBEES,374.9800109863281
2021-09-21,NSE:PHARMABEES,14.149999618530273
2021-09-21,NSE:MOM100,29.8700008392334
2021-09-21,NSE:MAFANG,52.790000915527344
2021-09-21,NSE:NIFTYBEES,189.66000366210938
2021-09-21,NSE:ITBEES,36.65999984741211
2021-09-21,NSE:CPSEETF,27.790000915527344
2021-09-22,NSE:MOM100,29.8700008392334
2021-09-22,NSE:MAFANG,53.06999969482422
2021-09-22,NSE:LOWVOLIETF,14.475000381469727
2021-09-22,NSE:BANKBEES,372.75
2021-09-22,NSE:PHARMABEES,14.4399995803833
2021-09-22,NSE:MON100,109.27999877929688
2021-09-22,NSE:NIFTYBEES,189.69000244140625
2021-09-22,NSE:CPSEETF,28.0
2021-09-22,NSE:ITBEES,37.150001525878906
2021-09-23,NSE:MOM100,29.8700008392334
2021-09-23,NSE:PHARMABEES,14.40999984741211
2021-09-23,NSE:LOWVOLIETF,14.559000015258789
2021-09-23,NSE:BANKBEES,379.9599914550781
2021-09-23,NSE:MAFANG,53.31999969482422
2021-09-23,NSE:MON100,110.37000274658203
2021-09-23,NSE:ITBEES,37.529998779296875
2021-09-23,NSE:CPSEETF,28.530000686645508
2021-09-23,NSE:NIFTYBEES,192.2899932861328
2021-09-24,NSE:CPSEETF,28.239999771118164
2021-09-24,NSE:LOWVOLIETF,14.553999900817871
2021-09-24,NSE:MAFANG,53.34000015258789
2021-09-24,NSE:NIFTYBEES,192.6300048828125
2021-09-24,NSE:ITBEES,37.810001373291016
2021-09-24,NSE:MON100,110.62999725341797
2021-09-24,NSE:PHARMABEES,14.369999885559082
2021-09-24,NSE:BANKBEES,380.5400085449219
2021-09-24,NSE:MOM100,29.8700008392334
2021-09-27,NSE:LOWVOLIETF,14.472999572753906
2021-09-27,NSE:PHARMABEES,14.239999771118164
2021-09-27,NSE:BANKBEES,383.8299865722656
2021-09-27,NSE:MON100,110.94999694824219
2021-09-27,NSE:MAFANG,53.20000076293945
2021-09-27,NSE:ITBEES,36.779998779296875
2021-09-27,NSE:NIFTYBEES,192.7899932861328
2021-09-27,NSE:CPSEETF,28.450000762939453
2021-09-27,NSE:MOM100,29.8700008392334
2021-09-28,NSE:MON100,109.36000061035156
2021-09-28,NSE:MAFANG,53.189998626708984
2021-09-28,NSE:BANKBEES,382.8500061035156
2021-09-28,NSE:CPSEETF,29.399999618530273
2021-09-28,NSE:NIFTYBEES,191.44000244140625
2021-09-28,NSE:LOWVOLIETF,14.468999862670898
2021-09-28,NSE:ITBEES,35.959999084472656
2021-09-28,NSE:PHARMABEES,14.260000228881836
2021-09-28,NSE:MOM100,29.8700008392334
2021-09-29,NSE:ITBEES,36.04999923706055
2021-09-29,NSE:CPSEETF,30.709999084472656
2021-09-29,NSE:PHARMABEES,14.449999809265137
2021-09-29,NSE:MAFANG,52.90999984741211
2021-09-29,NSE:MON100,108.5199966430664
2021-09-29,NSE:LOWVOLIETF,14.529000282287598
2021-09-29,NSE:NIFTYBEES,191.14999389648438
2021-09-29,NSE:MOM100,29.8700008392334
2021-09-29,NSE:BANKBEES,381.1000061035156
2021-09-30,NSE:BANKBEES,377.4599914550781
2021-09-30,NSE:MOM100,29.8700008392334
2021-09-30,NSE:MAFANG,52.61000061035156
2021-09-30,NSE:PHARMABEES,14.529999732971191
2021-09-30,NSE:LOWVOLIETF,14.416000366210938
2021-09-30,NSE:CPSEETF,30.520000457763672
2021-09-30,NSE:ITBEES,35.70000076293945
2021-09-30,NSE:NIFTYBEES,190.11000061035156
2021-09-30,NSE:MON100,108.44000244140625
2021-10-01,NSE:MON100,107.52999877929688
2021-10-01,NSE:CPSEETF,30.579999923706055
2021-10-01,NSE:MAFANG,52.20000076293945
2021-10-01,NSE:MOM100,32.0099983215332
2021-10-01,NSE:ITBEES,35.43000030517578
2021-10-01,NSE:LOWVOLIETF,14.432000160217285
2021-10-01,NSE:NIFTYBEES,189.22000122070312
2021-10-01,NSE:BANKBEES,375.260009765625
2021-10-01,NSE:PHARMABEES,14.579999923706055
2021-10-04,NSE:BANKBEES,379.1199951171875
2021-10-04,NSE:MAFANG,52.290000915527344
2021-10-04,NSE:MOM100,32.40999984741211
2021-10-04,NSE:MON100,107.80999755859375
2021-10-04,NSE:ITBEES,35.779998779296875
2021-10-04,NSE:PHARMABEES,14.880000114440918
2021-10-04,NSE:NIFTYBEES,191.02999877929688
2021-10-04,NSE:CPSEETF,31.010000228881836
2021-10-04,NSE:LOWVOLIETF,14.501999855041504
2021-10-05,NSE:NIFTYBEES,192.1999969482422
2021-10-05,NSE:MOM100,32.459999084472656
2021-10-05,NSE:LOWVOLIETF,14.5649995803833
2021-10-05,NSE:MON100,107.05999755859375
2021-10-05,NSE:MAFANG,51.70000076293945
2021-10-05,NSE:CPSEETF,31.75
2021-10-05,NSE:PHARMABEES,14.829999923706055
2021-10-05,NSE:BANKBEES,380.5299987792969
2021-10-05,NSE:ITBEES,36.20000076293945
2021-10-06,NSE:MOM100,32.56999969482422
2021-10-06,NSE:LOWVOLIETF,14.406000137329102
2021-10-06,NSE:MAFANG,51.95000076293945
2021-10-06,NSE:PHARMABEES,14.539999961853027
2021-10-06,NSE:CPSEETF,31.489999771118164
2021-10-06,NSE:MON100,106.58999633789062
2021-10-06,NSE:NIFTYBEES,190.19000244140625
2021-10-06,NSE:ITBEES,35.619998931884766
2021-10-06,NSE:BANKBEES,377.5799865722656
2021-10-07,NSE:MAFANG,52.880001068115234
2021-10-07,NSE:LOWVOLIETF,14.489999771118164
2021-10-07,NSE:NIFTYBEES,191.82000732421875
2021-10-07,NSE:BANKBEES,380.0400085449219
2021-10-07,NSE:ITBEES,36.279998779296875
2021-10-07,NSE:CPSEETF,31.219999313354492
2021-10-07,NSE:MON100,109.3499984741211
2021-10-07,NSE:MOM100,32.720001220703125
2021-10-07,NSE:PHARMABEES,14.550000190734863
2021-10-08,NSE:MON100,109.37000274658203
2021-10-08,NSE:MAFANG,53.38999938964844
2021-10-08,NSE:PHARMABEES,14.539999961853027
2021-10-08,NSE:MOM100,32.959999084472656
2021-10-08,NSE:BANKBEES,380.25
2021-10-08,NSE:ITBEES,37.029998779296875
2021-10-08,NSE:CPSEETF,31.049999237060547
2021-10-08,NSE:LOWVOLIETF,14.470999717712402
2021-10-08,NSE:NIFTYBEES,192.5800018310547
2021-10-11,NSE:BANKBEES,384.82000732421875
2021-10-11,NSE:ITBEES,35.869998931884766
2021-10-11,NSE:CPSEETF,31.969999313354492
2021-10-11,NSE:MOM100,33.150001525878906
2021-10-11,NSE:NIFTYBEES,193.08999633789062
2021-10-11,NSE:MAFANG,53.630001068115234
2021-10-11,NSE:LOWVOLIETF,14.503000259399414
2021-10-11,NSE:PHARMABEES,14.619999885559082
2021-10-11,NSE:MON100,109.37999725341797
2021-10-12,NSE:MON100,109.55999755859375
2021-10-12,NSE:LOWVOLIETF,14.51200008392334
2021-10-12,NSE:MAFANG,53.5
2021-10-12,NSE:MOM100,33.529998779296875
2021-10-12,NSE:CPSEETF,31.84000015258789
2021-10-12,NSE:PHARMABEES,14.59000015258789
2021-10-12,NSE:NIFTYBEES,193.66000366210938
2021-10-12,NSE:BANKBEES,387.25
2021-10-12,NSE:ITBEES,35.560001373291016
2021-10-13,NSE:NIFTYBEES,195.55999755859375
2021-10-13,NSE:PHARMABEES,14.75
2021-10-13,NSE:MON100,108.54000091552734
2021-10-13,NSE:MOM100,34.0099983215332
2021-10-13,NSE:BANKBEES,388.17999267578125
2021-10-13,NSE:MAFANG,53.27000045776367
2021-10-13,NSE:LOWVOLIETF,14.604000091552734
2021-10-13,NSE:CPSEETF,31.84000015258789
2021-10-13,NSE:ITBEES,35.869998931884766
2021-10-14,NSE:MON100,110.1500015258789
2021-10-14,NSE:LOWVOLIETF,14.625
2021-10-14,NSE:NIFTYBEES,197.11000061035156
2021-10-14,NSE:CPSEETF,32.060001373291016
2021-10-14,NSE:MAFANG,53.810001373291016
2021-10-14,NSE:MOM100,34.93000030517578
2021-10-14,NSE:PHARMABEES,14.75
2021-10-14,NSE:ITBEES,36.34000015258789
2021-10-14,NSE:BANKBEES,395.989990234375
2021-10-18,NSE:LOWVOLIETF,14.718000411987305
2021-10-18,NSE:NIFTYBEES,198.91000366210938
2021-10-18,NSE:MON100,111.4800033569336
2021-10-18,NSE:MOM100,34.880001068115234
2021-10-18,NSE:PHARMABEES,14.649999618530273
2021-10-18,NSE:CPSEETF,32.54999923706055
2021-10-18,NSE:BANKBEES,400.3900146484375
2021-10-18,NSE:ITBEES,36.86000061035156
2021-10-18,NSE:MAFANG,54.08000183105469
2021-10-19,NSE:BANKBEES,399.0799865722656
2021-10-19,NSE:MON100,112.5
2021-10-19,NSE:LOWVOLIETF,14.626999855041504
2021-10-19,NSE:CPSEETF,31.90999984741211
2021-10-19,NSE:MAFANG,56.04999923706055
2021-10-19,NSE:NIFTYBEES,198.41000366210938
2021-10-19,NSE:MOM100,34.5
2021-10-19,NSE:PHARMABEES,14.5
2021-10-19,NSE:ITBEES,37.70000076293945
2021-10-20,NSE:NIFTYBEES,197.3000030517578
2021-10-20,NSE:LOWVOLIETF,14.427000045776367
2021-10-20,NSE:MOM100,33.40999984741211
2021-10-20,NSE:MON100,113.44000244140625
2021-10-20,NSE:PHARMABEES,14.279999732971191
2021-10-20,NSE:CPSEETF,31.309999465942383
2021-10-20,NSE:MAFANG,56.70000076293945
2021-10-20,NSE:BANKBEES,398.6199951171875
2021-10-20,NSE:ITBEES,37.40999984741211
2021-10-21,NSE:NIFTYBEES,196.0800018310547
2021-10-21,NSE:MON100,113.16999816894531
2021-10-21,NSE:MOM100,33.0
2021-10-21,NSE:BANKBEES,403.6000061035156
2021-10-21,NSE:LOWVOLIETF,14.284000396728516
2021-10-21,NSE:ITBEES,36.619998931884766
2021-10-21,NSE:PHARMABEES,14.220000267028809
2021-10-21,NSE:MAFANG,56.310001373291016
2021-10-21,NSE:CPSEETF,31.190000534057617
2021-10-22,NSE:LOWVOLIETF,14.217000007629395
2021-10-22,NSE:PHARMABEES,13.9399995803833
2021-10-22,NSE:ITBEES,36.09000015258789
2021-10-22,NSE:MOM100,32.83000183105469
2021-10-22,NSE:BANKBEES,406.1400146484375
2021-10-22,NSE:MAFANG,56.720001220703125
2021-10-22,NSE:CPSEETF,30.65999984741211
2021-10-22,NSE:NIFTYBEES,195.67999267578125
2021-10-22,NSE:MON100,113.45999908447266
2021-10-25,NSE:PHARMABEES,14.100000381469727
2021-10-25,NSE:MOM100,32.150001525878906
2021-10-25,NSE:NIFTYBEES,195.7100067138672
2021-10-25,NSE:ITBEES,35.5099983215332
2021-10-25,NSE:CPSEETF,30.850000381469727
2021-10-25,NSE:LOWVOLIETF,14.059000015258789
2021-10-25,NSE:MAFANG,56.52000045776367
2021-10-25,NSE:MON100,113.58000183105469
2021-10-25,NSE:BANKBEES,414.6300048828125
2021-10-26,NSE:ITBEES,35.91999816894531
2021-10-26,NSE:MOM100,33.65999984741211
2021-10-26,NSE:BANKBEES,413.7200012207031
2021-10-26,NSE:NIFTYBEES,197.1300048828125
2021-10-26,NSE:MAFANG,57.70000076293945
2021-10-26,NSE:MON100,114.93000030517578
2021-10-26,NSE:PHARMABEES,14.029999732971191
2021-10-26,NSE:LOWVOLIETF,14.168999671936035
2021-10-26,NSE:CPSEETF,31.010000228881836
2021-10-27,NSE:MON100,115.0199966430664
2021-10-27,NSE:MOM100,33.060001373291016
2021-10-27,NSE:MAFANG,57.31999969482422
2021-10-27,NSE:NIFTYBEES,196.5399932861328
2021-10-27,NSE:PHARMABEES,14.069999694824219
2021-10-27,NSE:BANKBEES,411.6700134277344
2021-10-27,NSE:ITBEES,36.189998626708984
2021-10-27,NSE:CPSEETF,30.719999313354492
2021-10-27,NSE:LOWVOLIETF,14.227999687194824
2021-10-28,NSE:MON100,115.23999786376953
2021-10-28,NSE:ITBEES,35.75
2021-10-28,NSE:CPSEETF,29.719999313354492
2021-10-28,NSE:MAFANG,56.91999816894531
2021-10-28,NSE:LOWVOLIETF,14.03499984741211
2021-10-28,NSE:MOM100,32.29999923706055
2021-10-28,NSE:BANKBEES,398.0
2021-10-28,NSE:NIFTYBEES,193.67999267578125
2021-10-28,NSE:PHARMABEES,13.920000076293945
2021-10-29,NSE:ITBEES,35.2400016784668
2021-10-29,NSE:MAFANG,57.279998779296875
2021-10-29,NSE:MON100,115.7300033569336
2021-10-29,NSE:NIFTYBEES,191.16000366210938
2021-10-29,NSE:LOWVOLIETF,13.918999671936035
2021-10-29,NSE:BANKBEES,394.6199951171875
2021-10-29,NSE:CPSEETF,29.559999465942383
2021-10-29,NSE:PHARMABEES,14.050000190734863
2021-10-29,NSE:MOM100,32.0099983215332
2021-11-01,NSE:LOWVOLIETF,14.125
2021-11-01,NSE:CPSEETF,29.950000762939453
2021-11-01,NSE:MON100,117.29000091552734
2021-11-01,NSE:NIFTYBEES,193.83999633789062
2021-11-01,NSE:ITBEES,35.970001220703125
2021-11-01,NSE:PHARMABEES,14.050000190734863
2021-11-01,NSE:BANKBEES,400.9800109863281
2021-11-01,NSE:MOM100,33.0
2021-11-01,NSE:MAFANG,57.939998626708984
2021-11-02,NSE:BANKBEES,402.5
2021-11-02,NSE:ITBEES,36.029998779296875
2021-11-02,NSE:PHARMABEES,14.069999694824219
2021-11-02,NSE:MOM100,32.939998626708984
2021-11-02,NSE:LOWVOLIETF,14.086000442504883
2021-11-02,NSE:MAFANG,59.18000030517578
2021-11-02,NSE:MON100,117.26000213623047
2021-11-02,NSE:CPSEETF,29.959999084472656
2021-11-02,NSE:NIFTYBEES,193.10000610351562
2021-11-03,NSE:MAFANG,58.40999984741211
2021-11-03,NSE:ITBEES,35.88999938964844
2021-11-03,NSE:CPSEETF,29.770000457763672
2021-11-03,NSE:MOM100,33.11000061035156
2021-11-03,NSE:BANKBEES,395.95001220703125
2021-11-03,NSE:LOWVOLIETF,14.130000114440918
2021-11-03,NSE:PHARMABEES,13.890000343322754
2021-11-03,NSE:NIFTYBEES,192.5800018310547
2021-11-03,NSE:MON100,117.56999969482422
2021-11-04,NSE:MAFANG,59.90999984741211
2021-11-04,NSE:MON100,120.08999633789062
2021-11-04,NSE:PHARMABEES,14.050000190734863
2021-11-04,NSE:LOWVOLIETF,14.204000473022461
2021-11-04,NSE:CPSEETF,29.920000076293945
2021-11-04,NSE:MOM100,33.72999954223633
2021-11-04,NSE:BANKBEES,397.69000244140625
2021-11-04,NSE:ITBEES,36.099998474121094
2021-11-04,NSE:NIFTYBEES,193.58999633789062
2021-11-08,NSE:LOWVOLIETF,14.375
2021-11-08,NSE:MOM100,33.380001068115234
2021-11-08,NSE:NIFTYBEES,195.3699951171875
2021-11-08,NSE:MON100,119.70999908447266
2021-11-08,NSE:BANKBEES,397.4800109863281
2021-11-08,NSE:ITBEES,36.5
2021-11-08,NSE:CPSEETF,30.549999237060547
2021-11-08,NSE:PHARMABEES,13.880000114440918
2021-11-08,NSE:MAFANG,60.849998474121094
2021-11-09,NSE:MOM100,33.66999816894531
2021-11-09,NSE:NIFTYBEES,194.8800048828125
2021-11-09,NSE:ITBEES,36.650001525878906
2021-11-09,NSE:MAFANG,59.47999954223633
2021-11-09,NSE:MON100,119.41000366210938
2021-11-09,NSE:LOWVOLIETF,14.354999542236328
2021-11-09,NSE:BANKBEES,396.2099914550781
2021-11-09,NSE:PHARMABEES,13.930000305175781
2021-11-09,NSE:CPSEETF,30.600000381469727
2021-11-10,NSE:PHARMABEES,14.0
2021-11-10,NSE:CPSEETF,30.440000534057617
2021-11-10,NSE:LOWVOLIETF,14.321999549865723
2021-11-10,NSE:BANKBEES,392.20001220703125
2021-11-10,NSE:MON100,118.19999694824219
2021-11-10,NSE:MOM100,33.7400016784668
2021-11-10,NSE:MAFANG,58.4900016784668
2021-11-10,NSE:ITBEES,36.59000015258789
2021-11-10,NSE:NIFTYBEES,194.66000366210938
2021-11-11,NSE:ITBEES,36.279998779296875
2021-11-11,NSE:LOWVOLIETF,14.180000305175781
2021-11-11,NSE:MOM100,33.869998931884766
2021-11-11,NSE:MAFANG,58.599998474121094
2021-11-11,NSE:CPSEETF,30.200000762939453
2021-11-11,NSE:NIFTYBEES,193.25
2021-11-11,NSE:PHARMABEES,13.789999961853027
2021-11-11,NSE:BANKBEES,388.6099853515625
2021-11-11,NSE:MON100,118.36000061035156
2021-11-12,NSE:CPSEETF,30.139999389648438
2021-11-12,NSE:NIFTYBEES,195.4600067138672
2021-11-12,NSE:ITBEES,37.04999923706055
2021-11-12,NSE:MON100,117.80000305175781
2021-11-12,NSE:PHARMABEES,13.779999732971191
2021-11-12,NSE:LOWVOLIETF,14.321000099182129
2021-11-12,NSE:BANKBEES,390.0899963378906
2021-11-12,NSE:MAFANG,58.849998474121094
2021-11-12,NSE:MOM100,33.540000915527344
2021-11-15,NSE:CPSEETF,30.270000457763672
2021-11-15,NSE:MOM100,33.529998779296875
2021-11-15,NSE:ITBEES,37.2400016784668
2021-11-15,NSE:PHARMABEES,13.970000267028809
2021-11-15,NSE:MON100,118.87999725341797
2021-11-15,NSE:BANKBEES,389.7900085449219
2021-11-15,NSE:MAFANG,59.45000076293945
2021-11-15,NSE:NIFTYBEES,195.52000427246094
2021-11-15,NSE:LOWVOLIETF,14.376999855041504
2021-11-16,NSE:CPSEETF,30.079999923706055
2021-11-16,NSE:ITBEES,37.43000030517578
2021-11-16,NSE:MOM100,33.599998474121094
2021-11-16,NSE:MAFANG,59.41999816894531
2021-11-16,NSE:MON100,118.62000274658203
2021-11-16,NSE:NIFTYBEES,194.47000122070312
2021-11-16,NSE:LOWVOLIETF,14.322999954223633
2021-11-16,NSE:PHARMABEES,13.899999618530273
2021-11-16,NSE:BANKBEES,385.5899963378906
2021-11-17,NSE:NIFTYBEES,193.52999877929688
2021-11-17,NSE:PHARMABEES,13.699999809265137
2021-11-17,NSE:MON100,119.41999816894531
2021-11-17,NSE:LOWVOLIETF,14.277000427246094
2021-11-17,NSE:CPSEETF,30.110000610351562
2021-11-17,NSE:MAFANG,59.439998626708984
2021-11-17,NSE:ITBEES,37.40999984741211
2021-11-17,NSE:BANKBEES,383.8299865722656
2021-11-17,NSE:MOM100,33.65999984741211
2021-11-18,NSE:MON100,118.73999786376953
2021-11-18,NSE:MAFANG,59.06999969482422
2021-11-18,NSE:BANKBEES,382.82000732421875
2021-11-18,NSE:NIFTYBEES,192.13999938964844
2021-11-18,NSE:CPSEETF,29.719999313354492
2021-11-18,NSE:LOWVOLIETF,14.15999984741211
2021-11-18,NSE:PHARMABEES,13.539999961853027
2021-11-18,NSE:MOM100,33.45000076293945
2021-11-18,NSE:ITBEES,36.86000061035156
2021-11-22,NSE:MOM100,33.34000015258789
2021-11-22,NSE:BANKBEES,374.57000732421875
2021-11-22,NSE:LOWVOLIETF,13.906000137329102
2021-11-22,NSE:CPSEETF,29.18000030517578
2021-11-22,NSE:PHARMABEES,13.329999923706055
2021-11-22,NSE:MON100,121.29000091552734
2021-11-22,NSE:NIFTYBEES,188.52999877929688
2021-11-22,NSE:ITBEES,36.43000030517578
2021-11-22,NSE:MAFANG,59.75
2021-11-23,NSE:LOWVOLIETF,14.022000312805176
2021-11-23,NSE:NIFTYBEES,189.39999389648438
2021-11-23,NSE:ITBEES,36.31999969482422
2021-11-23,NSE:CPSEETF,29.940000534057617
2021-11-23,NSE:MON100,119.80999755859375
2021-11-23,NSE:MAFANG,58.34000015258789
2021-11-23,NSE:MOM100,32.66999816894531
2021-11-23,NSE:BANKBEES,374.9200134277344
2021-11-23,NSE:PHARMABEES,13.550000190734863
2021-11-24,NSE:MON100,119.45999908447266
2021-11-24,NSE:BANKBEES,376.42999267578125
2021-11-24,NSE:LOWVOLIETF,13.972999572753906
2021-11-24,NSE:MAFANG,58.02000045776367
2021-11-24,NSE:ITBEES,35.790000915527344
2021-11-24,NSE:NIFTYBEES,188.25
2021-11-24,NSE:CPSEETF,30.420000076293945
2021-11-24,NSE:MOM100,32.68000030517578
2021-11-24,NSE:PHARMABEES,13.5
2021-11-25,NSE:LOWVOLIETF,13.949999809265137
2021-11-25,NSE:BANKBEES,376.6400146484375
2021-11-25,NSE:NIFTYBEES,189.50999450683594
2021-11-25,NSE:PHARMABEES,13.59000015258789
2021-11-25,NSE:MON100,120.76000213623047
2021-11-25,NSE:CPSEETF,30.6299991607666
2021-11-25,NSE:MAFANG,58.88999938964844
2021-11-25,NSE:MOM100,32.470001220703125
2021-11-25,NSE:ITBEES,36.029998779296875
2021-11-26,NSE:NIFTYBEES,184.50999450683594
2021-11-26,NSE:PHARMABEES,13.930000305175781
2021-11-26,NSE:MOM100,31.989999771118164
2021-11-26,NSE:BANKBEES,363.30999755859375
2021-11-26,NSE:ITBEES,35.439998626708984
2021-11-26,NSE:MON100,119.23999786376953
2021-11-26,NSE:MAFANG,58.16999816894531
2021-11-26,NSE:CPSEETF,29.5
2021-11-26,NSE:LOWVOLIETF,13.800999641418457
2021-11-29,NSE:BANKBEES,362.67999267578125
2021-11-29,NSE:MOM100,31.420000076293945
2021-11-29,NSE:CPSEETF,29.079999923706055
2021-11-29,NSE:LOWVOLIETF,13.732000350952148
2021-11-29,NSE:ITBEES,35.61000061035156
2021-11-29,NSE:MAFANG,58.0099983215332
2021-11-29,NSE:MON100,119.5199966430664
2021-11-29,NSE:PHARMABEES,13.710000038146973
2021-11-29,NSE:NIFTYBEES,184.5500030517578
2021-11-30,NSE:MOM100,31.440000534057617
2021-11-30,NSE:MAFANG,58.619998931884766
2021-11-30,NSE:NIFTYBEES,183.6999969482422
2021-11-30,NSE:BANKBEES,359.6099853515625
2021-11-30,NSE:MON100,120.3499984741211
2021-11-30,NSE:CPSEETF,29.389999389648438
2021-11-30,NSE:ITBEES,35.95000076293945
2021-11-30,NSE:PHARMABEES,13.789999961853027
2021-11-30,NSE:LOWVOLIETF,13.762999534606934
2021-12-01,NSE:LOWVOLIETF,13.732000350952148
2021-12-01,NSE:CPSEETF,29.600000381469727
2021-12-01,NSE:BANKBEES,366.5299987792969
2021-12-01,NSE:NIFTYBEES,185.72000122070312
2021-12-01,NSE:ITBEES,36.31999969482422
2021-12-01,NSE:MAFANG,58.59000015258789
2021-12-01,NSE:PHARMABEES,13.5600004196167
2021-12-01,NSE:MOM100,31.420000076293945
2021-12-01,NSE:MON100,120.9000015258789
2021-12-02,NSE:MAFANG,57.380001068115234
2021-12-02,NSE:CPSEETF,30.149999618530273
2021-12-02,NSE:MOM100,32.08000183105469
2021-12-02,NSE:NIFTYBEES,187.99000549316406
2021-12-02,NSE:BANKBEES,367.9800109863281
2021-12-02,NSE:LOWVOLIETF,13.928999900817871
2021-12-02,NSE:ITBEES,36.84000015258789
2021-12-02,NSE:PHARMABEES,13.600000381469727
2021-12-02,NSE:MON100,118.16000366210938
2021-12-03,NSE:CPSEETF,29.979999542236328
2021-12-03,NSE:NIFTYBEES,186.0
2021-12-03,NSE:LOWVOLIETF,13.793000221252441
2021-12-03,NSE:PHARMABEES,13.520000457763672
2021-12-03,NSE:MAFANG,56.61000061035156
2021-12-03,NSE:BANKBEES,365.1600036621094
2021-12-03,NSE:MOM100,32.20000076293945
2021-12-03,NSE:MON100,118.38999938964844
2021-12-03,NSE:ITBEES,36.7599983215332
2021-12-06,NSE:MAFANG,55.15999984741211
2021-12-06,NSE:MOM100,32.349998474121094
2021-12-06,NSE:NIFTYBEES,183.00999450683594
2021-12-06,NSE:LOWVOLIETF,13.555999755859375
2021-12-06,NSE:BANKBEES,360.5799865722656
2021-12-06,NSE:ITBEES,35.72999954223633
2021-12-06,NSE:CPSEETF,29.520000457763672
2021-12-06,NSE:MON100,116.56999969482422
2021-12-06,NSE:PHARMABEES,13.300000190734863
2021-12-07,NSE:MON100,119.27999877929688
2021-12-07,NSE:PHARMABEES,13.300000190734863
2021-12-07,NSE:CPSEETF,29.950000762939453
2021-12-07,NSE:LOWVOLIETF,13.668000221252441
2021-12-07,NSE:NIFTYBEES,185.7100067138672
2021-12-07,NSE:ITBEES,35.970001220703125
2021-12-07,NSE:MOM100,31.829999923706055
2021-12-07,NSE:BANKBEES,369.79998779296875
2021-12-07,NSE:MAFANG,56.810001373291016
2021-12-08,NSE:LOWVOLIETF,13.831000328063965
2021-12-08,NSE:ITBEES,36.68000030517578
2021-12-08,NSE:MOM100,32.58000183105469
2021-12-08,NSE:PHARMABEES,13.460000038146973
2021-12-08,NSE:BANKBEES,376.2300109863281
2021-12-08,NSE:NIFTYBEES,188.47999572753906
2021-12-08,NSE:MAFANG,57.38999938964844
2021-12-08,NSE:CPSEETF,30.079999923706055
2021-12-08,NSE:MON100,121.11000061035156
2021-12-09,NSE:PHARMABEES,13.479999542236328
2021-12-09,NSE:MOM100,32.59000015258789
2021-12-09,NSE:MAFANG,57.720001220703125
2021-12-09,NSE:CPSEETF,30.079999923706055
2021-12-09,NSE:ITBEES,36.66999816894531
2021-12-09,NSE:MON100,121.38999938964844
2021-12-09,NSE:LOWVOLIETF,13.866000175476074
2021-12-09,NSE:NIFTYBEES,189.13999938964844
2021-12-09,NSE:BANKBEES,374.1499938964844
2021-12-10,NSE:PHARMABEES,13.550000190734863
2021-12-10,NSE:MAFANG,57.61000061035156
2021-12-10,NSE:NIFTYBEES,189.08999633789062
2021-12-10,NSE:MOM100,32.88999938964844
2021-12-10,NSE:MON100,120.86000061035156
2021-12-10,NSE:ITBEES,36.630001068115234
2021-12-10,NSE:CPSEETF,29.969999313354492
2021-12-10,NSE:BANKBEES,374.4100036621094
2021-12-10,NSE:LOWVOLIETF,13.904999732971191
2021-12-13,NSE:ITBEES,36.83000183105469
2021-12-13,NSE:PHARMABEES,13.520000457763672
2021-12-13,NSE:CPSEETF,29.8700008392334
2021-12-13,NSE:MAFANG,57.77000045776367
2021-12-13,NSE:NIFTYBEES,187.89999389648438
2021-12-13,NSE:MON100,121.9800033569336
2021-12-13,NSE:BANKBEES,372.8599853515625
2021-12-13,NSE:LOWVOLIETF,13.842000007629395
2021-12-13,NSE:MOM100,33.02000045776367
2021-12-14,NSE:MOM100,32.959999084472656
2021-12-14,NSE:CPSEETF,30.110000610351562
2021-12-14,NSE:NIFTYBEES,187.3300018310547
2021-12-14,NSE:BANKBEES,372.1400146484375
2021-12-14,NSE:LOWVOLIETF,13.85099983215332
2021-12-14,NSE:PHARMABEES,13.600000381469727
2021-12-14,NSE:MON100,120.1500015258789
2021-12-14,NSE:ITBEES,36.779998779296875
2021-12-14,NSE:MAFANG,56.209999084472656
2021-12-15,NSE:CPSEETF,29.920000076293945
2021-12-15,NSE:MAFANG,56.16999816894531
2021-12-15,NSE:MON100,119.16000366210938
2021-12-15,NSE:ITBEES,36.560001373291016
2021-12-15,NSE:PHARMABEES,13.550000190734863
2021-12-15,NSE:BANKBEES,371.17999267578125
2021-12-15,NSE:MOM100,32.790000915527344
2021-12-15,NSE:LOWVOLIETF,13.798999786376953
2021-12-15,NSE:NIFTYBEES,186.25
2021-12-16,NSE:LOWVOLIETF,13.777999877929688
2021-12-16,NSE:BANKBEES,368.2799987792969
2021-12-16,NSE:PHARMABEES,13.420000076293945
2021-12-16,NSE:MAFANG,56.900001525878906
2021-12-16,NSE:NIFTYBEES,186.6199951171875
2021-12-16,NSE:ITBEES,36.86000061035156
2021-12-16,NSE:MON100,122.0999984741211
2021-12-16,NSE:CPSEETF,29.8700008392334
2021-12-16,NSE:MOM100,32.58000183105469
2021-12-17,NSE:BANKBEES,358.6700134277344
2021-12-17,NSE:CPSEETF,29.510000228881836
2021-12-17,NSE:NIFTYBEES,183.77000427246094
2021-12-17,NSE:MON100,118.27999877929688
2021-12-17,NSE:LOWVOLIETF,13.635000228881836
2021-12-17,NSE:MAFANG,55.16999816894531
2021-12-17,NSE:PHARMABEES,13.279999732971191
2021-12-17,NSE:ITBEES,37.470001220703125
2021-12-17,NSE:MOM100,31.90999984741211
2021-12-20,NSE:LOWVOLIETF,13.388999938964844
2021-12-20,NSE:CPSEETF,28.559999465942383
2021-12-20,NSE:MOM100,31.479999542236328
2021-12-20,NSE:BANKBEES,348.1499938964844
2021-12-20,NSE:MAFANG,54.130001068115234
2021-12-20,NSE:ITBEES,36.75
2021-12-20,NSE:PHARMABEES,13.239999771118164
2021-12-20,NSE:MON100,116.68000030517578
2021-12-20,NSE:NIFTYBEES,179.92999267578125
2021-12-21,NSE:MAFANG,54.25
2021-12-21,NSE:MON100,117.2699966430664
2021-12-21,NSE:NIFTYBEES,181.4499969482422
2021-12-21,NSE:BANKBEES,348.3500061035156
2021-12-21,NSE:ITBEES,37.4900016784668
2021-12-21,NSE:CPSEETF,28.850000381469727
2021-12-21,NSE:MOM100,30.989999771118164
2021-12-21,NSE:LOWVOLIETF,13.543000221252441
2021-12-21,NSE:PHARMABEES,13.319999694824219
2021-12-22,NSE:LOWVOLIETF,13.593000411987305
2021-12-22,NSE:ITBEES,37.83000183105469
2021-12-22,NSE:CPSEETF,29.020000457763672
2021-12-22,NSE:NIFTYBEES,183.3300018310547
2021-12-22,NSE:MOM100,31.209999084472656
2021-12-22,NSE:MAFANG,55.43000030517578
2021-12-22,NSE:PHARMABEES,13.550000190734863
2021-12-22,NSE:BANKBEES,352.8900146484375
2021-12-22,NSE:MON100,118.54000091552734
2021-12-23,NSE:LOWVOLIETF,13.755000114440918
2021-12-23,NSE:MAFANG,55.970001220703125
2021-12-23,NSE:PHARMABEES,13.640000343322754
2021-12-23,NSE:ITBEES,38.11000061035156
2021-12-23,NSE:MOM100,31.420000076293945
2021-12-23,NSE:MON100,119.77999877929688
2021-12-23,NSE:NIFTYBEES,184.10000610351562
2021-12-23,NSE:BANKBEES,353.9700012207031
2021-12-23,NSE:CPSEETF,29.639999389648438
2021-12-24,NSE:ITBEES,38.70000076293945
2021-12-24,NSE:MON100,120.54000091552734
2021-12-24,NSE:LOWVOLIETF,13.715999603271484
2021-12-24,NSE:NIFTYBEES,183.4499969482422
2021-12-24,NSE:MAFANG,56.25
2021-12-24,NSE:MOM100,31.40999984741211
2021-12-24,NSE:BANKBEES,350.07000732421875
2021-12-24,NSE:PHARMABEES,13.550000190734863
2021-12-24,NSE:CPSEETF,29.190000534057617
2021-12-27,NSE:BANKBEES,352.44000244140625
2021-12-27,NSE:PHARMABEES,13.710000038146973
2021-12-27,NSE:LOWVOLIETF,13.777000427246094
2021-12-27,NSE:MAFANG,56.27000045776367
2021-12-27,NSE:ITBEES,38.83000183105469
2021-12-27,NSE:MON100,120.75
2021-12-27,NSE:NIFTYBEES,184.5500030517578
2021-12-27,NSE:MOM100,31.56999969482422
2021-12-27,NSE:CPSEETF,29.170000076293945
2021-12-28,NSE:MOM100,31.979999542236328
2021-12-28,NSE:PHARMABEES,13.819999694824219
2021-12-28,NSE:NIFTYBEES,186.3000030517578
2021-12-28,NSE:ITBEES,39.20000076293945
2021-12-28,NSE:CPSEETF,29.520000457763672
2021-12-28,NSE:MAFANG,56.869998931884766
2021-12-28,NSE:MON100,122.08000183105469
2021-12-28,NSE:BANKBEES,354.3800048828125
2021-12-28,NSE:LOWVOLIETF,13.911999702453613
2021-12-29,NSE:BANKBEES,353.05999755859375
2021-12-29,NSE:ITBEES,39.16999816894531
2021-12-29,NSE:CPSEETF,29.420000076293945
2021-12-29,NSE:MOM100,31.850000381469727
2021-12-29,NSE:PHARMABEES,14.079999923706055
2021-12-29,NSE:NIFTYBEES,186.1199951171875
2021-12-29,NSE:MON100,122.41999816894531
2021-12-29,NSE:LOWVOLIETF,13.901000022888184
2021-12-29,NSE:MAFANG,56.369998931884766
2021-12-30,NSE:LOWVOLIETF,13.958999633789062
2021-12-30,NSE:BANKBEES,354.0400085449219
2021-12-30,NSE:ITBEES,39.599998474121094
2021-12-30,NSE:NIFTYBEES,186.13999938964844
2021-12-30,NSE:CPSEETF,29.770000457763672
2021-12-30,NSE:PHARMABEES,14.149999618530273
2021-12-30,NSE:MOM100,31.68000030517578
2021-12-30,NSE:MON100,121.30999755859375
2021-12-30,NSE:MAFANG,55.84000015258789
2021-12-31,NSE:MOM100,31.8700008392334
2021-12-31,NSE:CPSEETF,29.68000030517578
2021-12-31,NSE:MAFANG,56.2599983215332
2021-12-31,NSE:ITBEES,39.650001525878906
2021-12-31,NSE:PHARMABEES,14.229999542236328
2021-12-31,NSE:BANKBEES,357.510009765625
2021-12-31,NSE:MON100,120.56999969482422
2021-12-31,NSE:LOWVOLIETF,14.052000045776367
2021-12-31,NSE:NIFTYBEES,187.7899932861328
2022-01-03,NSE:CPSEETF,30.100000381469727
2022-01-03,NSE:MAFANG,56.02000045776367
2022-01-03,NSE:LOWVOLIETF,14.157999992370605
2022-01-03,NSE:MON100,120.2699966430664
2022-01-03,NSE:PHARMABEES,14.170000076293945
2022-01-03,NSE:NIFTYBEES,190.72000122070312
2022-01-03,NSE:MOM100,32.189998626708984
2022-01-03,NSE:BANKBEES,366.82000732421875
2022-01-03,NSE:ITBEES,40.0
2022-01-04,NSE:MOM100,32.470001220703125
2022-01-04,NSE:MAFANG,56.709999084472656
2022-01-04,NSE:BANKBEES,370.8500061035156
2022-01-04,NSE:PHARMABEES,14.020000457763672
2022-01-04,NSE:CPSEETF,30.780000686645508
2022-01-04,NSE:NIFTYBEES,192.4600067138672
2022-01-04,NSE:LOWVOLIETF,14.244999885559082
2022-01-04,NSE:MON100,121.47000122070312
2022-01-04,NSE:ITBEES,40.13999938964844
2022-01-05,NSE:LOWVOLIETF,14.300999641418457
2022-01-05,NSE:CPSEETF,30.809999465942383
2022-01-05,NSE:PHARMABEES,14.050000190734863
2022-01-05,NSE:ITBEES,39.529998779296875
2022-01-05,NSE:NIFTYBEES,193.33999633789062
2022-01-05,NSE:BANKBEES,379.0899963378906
2022-01-05,NSE:MOM100,32.470001220703125
2022-01-05,NSE:MON100,119.54000091552734
2022-01-05,NSE:MAFANG,55.869998931884766
2022-01-06,NSE:NIFTYBEES,191.9199981689453
2022-01-06,NSE:PHARMABEES,13.989999771118164
2022-01-06,NSE:LOWVOLIETF,14.17199993133545
2022-01-06,NSE:BANKBEES,378.19000244140625
2022-01-06,NSE:MON100,115.80999755859375
2022-01-06,NSE:MOM100,32.43000030517578
2022-01-06,NSE:ITBEES,38.93000030517578
2022-01-06,NSE:CPSEETF,30.809999465942383
2022-01-06,NSE:MAFANG,54.209999084472656
2022-01-07,NSE:NIFTYBEES,192.4199981689453
2022-01-07,NSE:MOM100,32.68000030517578
2022-01-07,NSE:PHARMABEES,13.869999885559082
2022-01-07,NSE:ITBEES,39.04999923706055
2022-01-07,NSE:MON100,116.70999908447266
2022-01-07,NSE:MAFANG,54.41999816894531
2022-01-07,NSE:LOWVOLIETF,14.270999908447266
2022-01-07,NSE:BANKBEES,380.30999755859375
2022-01-07,NSE:CPSEETF,31.09000015258789
2022-01-10,NSE:CPSEETF,31.31999969482422
2022-01-10,NSE:BANKBEES,385.7099914550781
2022-01-10,NSE:ITBEES,39.08000183105469
2022-01-10,NSE:LOWVOLIETF,14.324999809265137
2022-01-10,NSE:MON100,115.05999755859375
2022-01-10,NSE:MAFANG,54.029998779296875
2022-01-10,NSE:MOM100,32.90999984741211
2022-01-10,NSE:PHARMABEES,13.930000305175781
2022-01-10,NSE:NIFTYBEES,194.35000610351562
2022-01-11,NSE:BANKBEES,386.42999267578125
2022-01-11,NSE:MON100,114.93000030517578
2022-01-11,NSE:LOWVOLIETF,14.355999946594238
2022-01-11,NSE:CPSEETF,31.31999969482422
2022-01-11,NSE:MAFANG,54.02000045776367
2022-01-11,NSE:PHARMABEES,13.930000305175781
2022-01-11,NSE:MOM100,32.88999938964844
2022-01-11,NSE:ITBEES,39.38999938964844
2022-01-11,NSE:NIFTYBEES,194.69000244140625
2022-01-12,NSE:MON100,115.63999938964844
2022-01-12,NSE:LOWVOLIETF,14.40999984741211
2022-01-12,NSE:BANKBEES,389.69000244140625
2022-01-12,NSE:ITBEES,39.41999816894531
2022-01-12,NSE:PHARMABEES,13.84000015258789
2022-01-12,NSE:NIFTYBEES,196.1999969482422
2022-01-12,NSE:CPSEETF,31.719999313354492
2022-01-12,NSE:MAFANG,54.630001068115234
2022-01-12,NSE:MOM100,33.16999816894531
2022-01-13,NSE:PHARMABEES,14.0600004196167
2022-01-13,NSE:MOM100,33.369998931884766
2022-01-13,NSE:MAFANG,55.15999984741211
2022-01-13,NSE:ITBEES,39.470001220703125
2022-01-13,NSE:BANKBEES,387.2900085449219
2022-01-13,NSE:LOWVOLIETF,14.380000114440918
2022-01-13,NSE:MON100,116.2699966430664
2022-01-13,NSE:NIFTYBEES,197.0
2022-01-13,NSE:CPSEETF,32.0099983215332
2022-01-14,NSE:NIFTYBEES,197.36000061035156
2022-01-14,NSE:MOM100,33.56999969482422
2022-01-14,NSE:ITBEES,39.689998626708984
2022-01-14,NSE:MAFANG,53.790000915527344
2022-01-14,NSE:CPSEETF,32.04999923706055
2022-01-14,NSE:LOWVOLIETF,14.39900016784668
2022-01-14,NSE:BANKBEES,386.80999755859375
2022-01-14,NSE:MON100,114.16999816894531
2022-01-14,NSE:PHARMABEES,14.039999961853027
2022-01-17,NSE:PHARMABEES,13.930000305175781
2022-01-17,NSE:LOWVOLIETF,14.399999618530273
2022-01-17,NSE:BANKBEES,385.29998779296875
2022-01-17,NSE:ITBEES,39.63999938964844
2022-01-17,NSE:MON100,114.45999908447266
2022-01-17,NSE:CPSEETF,32.220001220703125
2022-01-17,NSE:NIFTYBEES,198.02999877929688
2022-01-17,NSE:MOM100,33.70000076293945
2022-01-17,NSE:MAFANG,53.83000183105469
2022-01-18,NSE:BANKBEES,384.6700134277344
2022-01-18,NSE:MAFANG,53.689998626708984
2022-01-18,NSE:MOM100,33.2599983215332
2022-01-18,NSE:CPSEETF,31.790000915527344
2022-01-18,NSE:MON100,113.66999816894531
2022-01-18,NSE:ITBEES,39.0
2022-01-18,NSE:PHARMABEES,13.770000457763672
2022-01-18,NSE:LOWVOLIETF,14.234999656677246
2022-01-18,NSE:NIFTYBEES,195.97000122070312
2022-01-19,NSE:NIFTYBEES,194.17999267578125
2022-01-19,NSE:BANKBEES,383.17999267578125
2022-01-19,NSE:CPSEETF,32.06999969482422
2022-01-19,NSE:PHARMABEES,13.699999809265137
2022-01-19,NSE:MAFANG,53.09000015258789
2022-01-19,NSE:ITBEES,38.16999816894531
2022-01-19,NSE:MOM100,32.97999954223633
2022-01-19,NSE:MON100,112.80999755859375
2022-01-19,NSE:LOWVOLIETF,14.119999885559082
2022-01-20,NSE:MON100,112.08000183105469
2022-01-20,NSE:CPSEETF,32.290000915527344
2022-01-20,NSE:ITBEES,37.56999969482422
2022-01-20,NSE:BANKBEES,381.4800109863281
2022-01-20,NSE:NIFTYBEES,192.17999267578125
2022-01-20,NSE:MOM100,33.11000061035156
2022-01-20,NSE:PHARMABEES,13.520000457763672
2022-01-20,NSE:LOWVOLIETF,14.01200008392334
2022-01-20,NSE:MAFANG,52.75
2022-01-21,NSE:LOWVOLIETF,13.942999839782715
2022-01-21,NSE:ITBEES,36.709999084472656
2022-01-21,NSE:BANKBEES,377.8800048828125
2022-01-21,NSE:MAFANG,51.88999938964844
2022-01-21,NSE:MOM100,32.630001068115234
2022-01-21,NSE:MON100,108.48999786376953
2022-01-21,NSE:CPSEETF,31.780000686645508
2022-01-21,NSE:NIFTYBEES,190.63999938964844
2022-01-21,NSE:PHARMABEES,13.300000190734863
2022-01-24,NSE:MON100,107.2699966430664
2022-01-24,NSE:LOWVOLIETF,13.520000457763672
2022-01-24,NSE:MOM100,31.110000610351562
2022-01-24,NSE:ITBEES,35.72999954223633
2022-01-24,NSE:NIFTYBEES,185.7899932861328
2022-01-24,NSE:BANKBEES,372.1499938964844
2022-01-24,NSE:MAFANG,50.45000076293945
2022-01-24,NSE:CPSEETF,31.399999618530273
2022-01-24,NSE:PHARMABEES,13.069999694824219
2022-01-25,NSE:BANKBEES,380.3999938964844
2022-01-25,NSE:MOM100,31.510000228881836
2022-01-25,NSE:ITBEES,35.599998474121094
2022-01-25,NSE:NIFTYBEES,187.07000732421875
2022-01-25,NSE:MAFANG,48.38999938964844
2022-01-25,NSE:CPSEETF,31.979999542236328
2022-01-25,NSE:LOWVOLIETF,13.723999977111816
2022-01-25,NSE:MON100,106.31999969482422
2022-01-25,NSE:PHARMABEES,13.140000343322754
2022-01-27,NSE:BANKBEES,381.7699890136719
2022-01-27,NSE:MON100,105.87999725341797
2022-01-27,NSE:ITBEES,34.439998626708984
2022-01-27,NSE:LOWVOLIETF,13.539999961853027
2022-01-27,NSE:PHARMABEES,12.90999984741211
2022-01-27,NSE:MOM100,31.040000915527344
2022-01-27,NSE:NIFTYBEES,185.3300018310547
2022-01-27,NSE:CPSEETF,31.850000381469727
2022-01-27,NSE:MAFANG,48.34000015258789
2022-01-28,NSE:ITBEES,34.720001220703125
2022-01-28,NSE:BANKBEES,379.8500061035156
2022-01-28,NSE:PHARMABEES,13.0600004196167
2022-01-28,NSE:NIFTYBEES,185.10000610351562
2022-01-28,NSE:CPSEETF,32.310001373291016
2022-01-28,NSE:MON100,105.23999786376953
2022-01-28,NSE:MOM100,31.31999969482422
2022-01-28,NSE:MAFANG,47.900001525878906
2022-01-28,NSE:LOWVOLIETF,13.583000183105469
2022-01-31,NSE:MOM100,31.969999313354492
2022-01-31,NSE:NIFTYBEES,187.6300048828125
2022-01-31,NSE:PHARMABEES,13.239999771118164
2022-01-31,NSE:CPSEETF,32.709999084472656
2022-01-31,NSE:MON100,107.45999908447266
2022-01-31,NSE:MAFANG,49.09000015258789
2022-01-31,NSE:ITBEES,35.70000076293945
2022-01-31,NSE:BANKBEES,382.8999938964844
2022-01-31,NSE:LOWVOLIETF,13.765999794006348
2022-02-01,NSE:BANKBEES,387.4100036621094
2022-02-01,NSE:PHARMABEES,13.460000038146973
2022-02-01,NSE:MON100,110.16000366210938
2022-02-01,NSE:MAFANG,51.4900016784668
2022-02-01,NSE:LOWVOLIETF,13.901000022888184
2022-02-01,NSE:MOM100,32.189998626708984
2022-02-01,NSE:ITBEES,36.279998779296875
2022-02-01,NSE:CPSEETF,32.650001525878906
2022-02-01,NSE:NIFTYBEES,189.6999969482422
2022-02-02,NSE:MOM100,32.63999938964844
2022-02-02,NSE:LOWVOLIETF,14.026000022888184
2022-02-02,NSE:MAFANG,52.93000030517578
2022-02-02,NSE:ITBEES,36.689998626708984
2022-02-02,NSE:MON100,112.62999725341797
2022-02-02,NSE:CPSEETF,32.79999923706055
2022-02-02,NSE:PHARMABEES,13.680000305175781
2022-02-02,NSE:BANKBEES,395.9200134277344
2022-02-02,NSE:NIFTYBEES,192.1199951171875
2022-02-03,NSE:MAFANG,51.20000076293945
2022-02-03,NSE:MOM100,32.2599983215332
2022-02-03,NSE:CPSEETF,32.459999084472656
2022-02-03,NSE:LOWVOLIETF,13.930000305175781
2022-02-03,NSE:PHARMABEES,13.649999618530273
2022-02-03,NSE:NIFTYBEES,190.00999450683594
2022-02-03,NSE:ITBEES,35.95000076293945
2022-02-03,NSE:BANKBEES,393.6600036621094
2022-02-03,NSE:MON100,109.56999969482422
2022-02-04,NSE:CPSEETF,32.279998779296875
2022-02-04,NSE:LOWVOLIETF,13.892999649047852
2022-02-04,NSE:MOM100,32.220001220703125
2022-02-04,NSE:ITBEES,35.86000061035156
2022-02-04,NSE:MAFANG,50.02000045776367
2022-02-04,NSE:PHARMABEES,13.640000343322754
2022-02-04,NSE:BANKBEES,390.8399963378906
2022-02-04,NSE:MON100,108.69999694824219
2022-02-04,NSE:NIFTYBEES,189.58999633789062
2022-02-07,NSE:MON100,108.19999694824219
2022-02-07,NSE:MAFANG,50.099998474121094
2022-02-07,NSE:NIFTYBEES,186.33999633789062
2022-02-07,NSE:ITBEES,35.38999938964844
2022-02-07,NSE:BANKBEES,383.05999755859375
2022-02-07,NSE:MOM100,32.08000183105469
2022-02-07,NSE:LOWVOLIETF,13.697999954223633
2022-02-07,NSE:CPSEETF,32.56999969482422
2022-02-07,NSE:PHARMABEES,13.4399995803833
2022-02-08,NSE:MON100,107.91000366210938
2022-02-08,NSE:MAFANG,49.59000015258789
2022-02-08,NSE:MOM100,31.6299991607666
2022-02-08,NSE:NIFTYBEES,186.80999755859375
2022-02-08,NSE:CPSEETF,32.220001220703125
2022-02-08,NSE:ITBEES,35.400001525878906
2022-02-08,NSE:LOWVOLIETF,13.670000076293945
2022-02-08,NSE:PHARMABEES,13.449999809265137
2022-02-08,NSE:BANKBEES,383.29998779296875
2022-02-09,NSE:ITBEES,35.81999969482422
2022-02-09,NSE:MON100,109.8499984741211
2022-02-09,NSE:PHARMABEES,13.630000114440918
2022-02-09,NSE:CPSEETF,32.400001525878906
2022-02-09,NSE:MAFANG,50.43000030517578
2022-02-09,NSE:NIFTYBEES,189.02999877929688
2022-02-09,NSE:BANKBEES,389.2300109863281
2022-02-09,NSE:MOM100,31.940000534057617
2022-02-09,NSE:LOWVOLIETF,13.829999923706055
2022-02-10,NSE:PHARMABEES,13.65999984741211
2022-02-10,NSE:MAFANG,51.119998931884766
2022-02-10,NSE:NIFTYBEES,190.11000061035156
2022-02-10,NSE:BANKBEES,393.32000732421875
2022-02-10,NSE:MON100,110.80000305175781
2022-02-10,NSE:LOWVOLIETF,13.892000198364258
2022-02-10,NSE:ITBEES,36.09000015258789
2022-02-10,NSE:MOM100,32.0
2022-02-10,NSE:CPSEETF,32.75
2022-02-11,NSE:MOM100,31.610000610351562
2022-02-11,NSE:ITBEES,35.22999954223633
2022-02-11,NSE:BANKBEES,388.0
2022-02-11,NSE:MON100,108.76000213623047
2022-02-11,NSE:LOWVOLIETF,13.717000007629395
2022-02-11,NSE:CPSEETF,32.5
2022-02-11,NSE:PHARMABEES,13.579999923706055
2022-02-11,NSE:NIFTYBEES,188.0
2022-02-11,NSE:MAFANG,50.599998474121094
2022-02-14,NSE:PHARMABEES,13.319999694824219
2022-02-14,NSE:NIFTYBEES,182.58999633789062
2022-02-14,NSE:MON100,106.68000030517578
2022-02-14,NSE:CPSEETF,31.770000457763672
2022-02-14,NSE:MAFANG,48.9900016784668
2022-02-14,NSE:LOWVOLIETF,13.385000228881836
2022-02-14,NSE:BANKBEES,372.20001220703125
2022-02-14,NSE:MOM100,30.3700008392334
2022-02-15,NSE:ITBEES,35.689998626708984
2022-02-15,NSE:MON100,108.94000244140625
2022-02-15,NSE:LOWVOLIETF,13.706000328063965
2022-02-15,NSE:BANKBEES,384.2799987792969
2022-02-15,NSE:NIFTYBEES,187.58999633789062
2022-02-15,NSE:CPSEETF,31.81999969482422
2022-02-15,NSE:PHARMABEES,13.359999656677246
2022-02-15,NSE:MOM100,30.829999923706055
2022-02-15,NSE:MAFANG,50.08000183105469
2022-02-16,NSE:NIFTYBEES,187.13999938964844
2022-02-16,NSE:CPSEETF,31.950000762939453
2022-02-16,NSE:ITBEES,35.58000183105469
2022-02-16,NSE:MOM100,31.020000457763672
2022-02-16,NSE:MON100,109.7699966430664
2022-02-16,NSE:BANKBEES,381.54998779296875
2022-02-16,NSE:MAFANG,50.189998626708984
2022-02-16,NSE:PHARMABEES,13.489999771118164
2022-02-16,NSE:LOWVOLIETF,13.71500015258789
2022-02-17,NSE:ITBEES,35.439998626708984
2022-02-17,NSE:MON100,107.95999908447266
2022-02-17,NSE:MAFANG,50.11000061035156
2022-02-17,NSE:PHARMABEES,13.420000076293945
2022-02-17,NSE:BANKBEES,377.92999267578125
2022-02-17,NSE:CPSEETF,32.150001525878906
2022-02-17,NSE:NIFTYBEES,186.92999267578125
2022-02-17,NSE:MOM100,30.780000686645508
2022-02-17,NSE:LOWVOLIETF,13.71399974822998
2022-02-18,NSE:MOM100,30.690000534057617
2022-02-18,NSE:CPSEETF,31.8700008392334
2022-02-18,NSE:BANKBEES,378.8800048828125
2022-02-18,NSE:PHARMABEES,13.300000190734863
2022-02-18,NSE:MON100,108.30000305175781
2022-02-18,NSE:ITBEES,35.33000183105469
2022-02-18,NSE:LOWVOLIETF,13.666999816894531
2022-02-18,NSE:NIFTYBEES,186.63999938964844
2022-02-18,NSE:MAFANG,50.13999938964844
2022-02-21,NSE:MON100,103.43000030517578
2022-02-21,NSE:LOWVOLIETF,13.642999649047852
2022-02-21,NSE:NIFTYBEES,186.2899932861328
2022-02-21,NSE:ITBEES,35.189998626708984
2022-02-21,NSE:PHARMABEES,13.119999885559082
2022-02-21,NSE:MOM100,30.020000457763672
2022-02-21,NSE:CPSEETF,31.68000030517578
2022-02-21,NSE:BANKBEES,379.510009765625
2022-02-21,NSE:MAFANG,48.43000030517578
2022-02-22,NSE:CPSEETF,31.700000762939453
2022-02-22,NSE:LOWVOLIETF,13.536999702453613
2022-02-22,NSE:PHARMABEES,13.020000457763672
2022-02-22,NSE:BANKBEES,377.010009765625
2022-02-22,NSE:MOM100,30.059999465942383
2022-02-22,NSE:MAFANG,48.18000030517578
2022-02-22,NSE:NIFTYBEES,185.27000427246094
2022-02-22,NSE:MON100,101.62999725341797
2022-02-22,NSE:ITBEES,34.91999816894531
2022-02-23,NSE:MAFANG,48.43000030517578
2022-02-23,NSE:BANKBEES,377.260009765625
2022-02-23,NSE:PHARMABEES,13.069999694824219
2022-02-23,NSE:NIFTYBEES,185.0500030517578
2022-02-23,NSE:CPSEETF,31.459999084472656
2022-02-23,NSE:ITBEES,34.900001525878906
2022-02-23,NSE:MON100,102.56999969482422
2022-02-23,NSE:LOWVOLIETF,13.541000366210938
2022-02-23,NSE:MOM100,29.850000381469727
2022-02-24,NSE:MAFANG,44.810001373291016
2022-02-24,NSE:CPSEETF,30.110000610351562
2022-02-24,NSE:ITBEES,33.43000030517578
2022-02-24,NSE:MON100,98.36000061035156
2022-02-24,NSE:PHARMABEES,12.59000015258789
2022-02-24,NSE:LOWVOLIETF,12.989999771118164
2022-02-24,NSE:BANKBEES,359.5899963378906
2022-02-24,NSE:NIFTYBEES,178.36000061035156
2022-02-24,NSE:MOM100,28.6299991607666
2022-02-25,NSE:MAFANG,46.779998779296875
2022-02-25,NSE:MON100,103.30999755859375
2022-02-25,NSE:MOM100,30.049999237060547
2022-02-25,NSE:PHARMABEES,12.979999542236328
2022-02-25,NSE:ITBEES,34.22999954223633
2022-02-25,NSE:LOWVOLIETF,13.194000244140625
2022-02-25,NSE:NIFTYBEES,180.85000610351562
2022-02-25,NSE:CPSEETF,31.469999313354492
2022-02-25,NSE:BANKBEES,367.6499938964844
2022-02-28,NSE:MON100,104.01000213623047
2022-02-28,NSE:PHARMABEES,13.050000190734863
2022-02-28,NSE:MAFANG,47.2599983215332
2022-02-28,NSE:MOM100,29.860000610351562
2022-02-28,NSE:BANKBEES,364.8900146484375
2022-02-28,NSE:LOWVOLIETF,13.309000015258789
2022-02-28,NSE:NIFTYBEES,181.83999633789062
2022-02-28,NSE:ITBEES,34.709999084472656
2022-02-28,NSE:CPSEETF,32.36000061035156
2022-03-02,NSE:MAFANG,47.2599983215332
2022-03-02,NSE:ITBEES,34.599998474121094
2022-03-02,NSE:BANKBEES,356.3800048828125
2022-03-02,NSE:PHARMABEES,12.760000228881836
2022-03-02,NSE:LOWVOLIETF,13.1850004196167
2022-03-02,NSE:CPSEETF,33.16999816894531
2022-03-02,NSE:MON100,104.94999694824219
2022-03-02,NSE:NIFTYBEES,180.10000610351562
2022-03-02,NSE:MOM100,30.079999923706055
2022-03-03,NSE:ITBEES,34.970001220703125
2022-03-03,NSE:CPSEETF,33.880001068115234
2022-03-03,NSE:MON100,105.79000091552734
2022-03-03,NSE:PHARMABEES,12.729999542236328
2022-03-03,NSE:MOM100,30.209999084472656
2022-03-03,NSE:MAFANG,48.380001068115234
2022-03-03,NSE:BANKBEES,350.75
2022-03-03,NSE:LOWVOLIETF,13.07800006866455
2022-03-03,NSE:NIFTYBEES,178.86000061035156
2022-03-04,NSE:MON100,104.29000091552734
2022-03-04,NSE:BANKBEES,346.739990234375
2022-03-04,NSE:LOWVOLIETF,12.928000450134277
2022-03-04,NSE:MAFANG,47.33000183105469
2022-03-04,NSE:MOM100,29.1200008392334
2022-03-04,NSE:PHARMABEES,12.670000076293945
2022-03-04,NSE:CPSEETF,33.13999938964844
2022-03-04,NSE:NIFTYBEES,176.25999450683594
2022-03-04,NSE:ITBEES,34.9900016784668
2022-03-07,NSE:CPSEETF,34.22999954223633
2022-03-07,NSE:MON100,103.05000305175781
2022-03-07,NSE:PHARMABEES,12.569999694824219
2022-03-07,NSE:ITBEES,34.939998626708984
2022-03-07,NSE:BANKBEES,332.4200134277344
2022-03-07,NSE:MOM100,30.360000610351562
2022-03-07,NSE:MAFANG,46.18000030517578
2022-03-07,NSE:NIFTYBEES,172.3300018310547
2022-03-07,NSE:LOWVOLIETF,12.633000373840332
2022-03-08,NSE:CPSEETF,33.95000076293945
2022-03-08,NSE:MAFANG,45.189998626708984
2022-03-08,NSE:NIFTYBEES,173.39999389648438
2022-03-08,NSE:LOWVOLIETF,12.815999984741211
2022-03-08,NSE:ITBEES,35.7599983215332
2022-03-08,NSE:MON100,103.29000091552734
2022-03-08,NSE:BANKBEES,334.1600036621094
2022-03-08,NSE:MOM100,28.889999389648438
2022-03-08,NSE:PHARMABEES,12.880000114440918
2022-03-09,NSE:PHARMABEES,13.15999984741211
2022-03-09,NSE:MAFANG,45.54999923706055
2022-03-09,NSE:CPSEETF,33.790000915527344
2022-03-09,NSE:BANKBEES,341.05999755859375
2022-03-09,NSE:ITBEES,36.310001373291016
2022-03-09,NSE:LOWVOLIETF,12.973999977111816
2022-03-09,NSE:NIFTYBEES,176.97999572753906
2022-03-09,NSE:MON100,102.55999755859375
2022-03-09,NSE:MOM100,29.329999923706055
2022-03-10,NSE:LOWVOLIETF,13.199000358581543
2022-03-10,NSE:NIFTYBEES,179.64999389648438
2022-03-10,NSE:MAFANG,46.349998474121094
2022-03-10,NSE:PHARMABEES,13.149999618530273
2022-03-10,NSE:CPSEETF,33.4900016784668
2022-03-10,NSE:BANKBEES,347.0899963378906
2022-03-10,NSE:MON100,102.80000305175781
2022-03-10,NSE:ITBEES,36.279998779296875
2022-03-10,NSE:MOM100,29.969999313354492
2022-03-11,NSE:LOWVOLIETF,13.25100040435791
2022-03-11,NSE:CPSEETF,33.720001220703125
2022-03-11,NSE:ITBEES,36.099998474121094
2022-03-11,NSE:PHARMABEES,13.449999809265137
2022-03-11,NSE:NIFTYBEES,179.97999572753906
2022-03-11,NSE:MON100,102.7300033569336
2022-03-11,NSE:MAFANG,45.68000030517578
2022-03-11,NSE:BANKBEES,347.75
2022-03-11,NSE:MOM100,29.889999389648438
2022-03-14,NSE:ITBEES,36.75
2022-03-14,NSE:MON100,102.6500015258789
2022-03-14,NSE:MAFANG,44.16999816894531
2022-03-14,NSE:PHARMABEES,13.449999809265137
2022-03-14,NSE:LOWVOLIETF,13.317000389099121
2022-03-14,NSE:NIFTYBEES,182.61000061035156
2022-03-14,NSE:CPSEETF,33.45000076293945
2022-03-14,NSE:MOM100,29.790000915527344
2022-03-14,NSE:BANKBEES,354.8399963378906
2022-03-15,NSE:LOWVOLIETF,13.256999969482422
2022-03-15,NSE:MAFANG,42.18000030517578
2022-03-15,NSE:NIFTYBEES,180.60000610351562
2022-03-15,NSE:BANKBEES,351.8599853515625
2022-03-15,NSE:ITBEES,36.0099983215332
2022-03-15,NSE:MON100,99.43000030517578
2022-03-15,NSE:MOM100,29.649999618530273
2022-03-15,NSE:CPSEETF,32.560001373291016
2022-03-15,NSE:PHARMABEES,13.399999618530273
2022-03-16,NSE:CPSEETF,32.9900016784668
2022-03-16,NSE:MAFANG,44.08000183105469
2022-03-16,NSE:MOM100,30.25
2022-03-16,NSE:MON100,104.5999984741211
2022-03-16,NSE:LOWVOLIETF,13.524999618530273
2022-03-16,NSE:ITBEES,36.45000076293945
2022-03-16,NSE:NIFTYBEES,183.66000366210938
2022-03-16,NSE:BANKBEES,359.489990234375
2022-03-16,NSE:PHARMABEES,13.420000076293945
2022-03-17,NSE:PHARMABEES,13.630000114440918
2022-03-17,NSE:BANKBEES,366.07000732421875
2022-03-17,NSE:MOM100,30.610000610351562
2022-03-17,NSE:ITBEES,36.529998779296875
2022-03-17,NSE:MAFANG,46.5099983215332
2022-03-17,NSE:NIFTYBEES,186.7100067138672
2022-03-17,NSE:CPSEETF,33.119998931884766
2022-03-17,NSE:MON100,106.61000061035156
2022-03-17,NSE:LOWVOLIETF,13.63599967956543
2022-03-21,NSE:PHARMABEES,13.640000343322754
2022-03-21,NSE:MON100,107.75
2022-03-21,NSE:MOM100,30.469999313354492
2022-03-21,NSE:BANKBEES,362.8800048828125
2022-03-21,NSE:LOWVOLIETF,13.444000244140625
2022-03-21,NSE:NIFTYBEES,185.3800048828125
2022-03-21,NSE:CPSEETF,33.22999954223633
2022-03-21,NSE:MAFANG,49.45000076293945
2022-03-21,NSE:ITBEES,36.290000915527344
2022-03-22,NSE:LOWVOLIETF,13.472000122070312
2022-03-22,NSE:CPSEETF,33.47999954223633
2022-03-22,NSE:BANKBEES,365.95001220703125
2022-03-22,NSE:MAFANG,49.209999084472656
2022-03-22,NSE:PHARMABEES,13.5600004196167
2022-03-22,NSE:MON100,109.25
2022-03-22,NSE:ITBEES,36.84000015258789
2022-03-22,NSE:MOM100,30.43000030517578
2022-03-22,NSE:NIFTYBEES,187.33999633789062
2022-03-23,NSE:MOM100,30.469999313354492
2022-03-23,NSE:MAFANG,50.290000915527344
2022-03-23,NSE:PHARMABEES,13.6899995803833
2022-03-23,NSE:ITBEES,36.900001525878906
2022-03-23,NSE:MON100,111.73999786376953
2022-03-23,NSE:BANKBEES,363.3800048828125
2022-03-23,NSE:NIFTYBEES,186.33999633789062
2022-03-23,NSE:CPSEETF,33.5
2022-03-23,NSE:LOWVOLIETF,13.413999557495117
2022-03-24,NSE:NIFTYBEES,186.08999633789062
2022-03-24,NSE:MAFANG,50.540000915527344
2022-03-24,NSE:BANKBEES,358.20001220703125
2022-03-24,NSE:CPSEETF,33.95000076293945
2022-03-24,NSE:MOM100,30.8700008392334
2022-03-24,NSE:PHARMABEES,13.770000457763672
2022-03-24,NSE:MON100,110.55000305175781
2022-03-24,NSE:LOWVOLIETF,13.440999984741211
2022-03-24,NSE:ITBEES,37.310001373291016
2022-03-25,NSE:LOWVOLIETF,13.361000061035156
2022-03-25,NSE:PHARMABEES,13.680000305175781
2022-03-25,NSE:MOM100,30.899999618530273
2022-03-25,NSE:CPSEETF,33.720001220703125
2022-03-25,NSE:MON100,112.91000366210938
2022-03-25,NSE:BANKBEES,356.8999938964844
2022-03-25,NSE:ITBEES,36.95000076293945
2022-03-25,NSE:MAFANG,50.52000045776367
2022-03-25,NSE:NIFTYBEES,185.82000732421875
2022-03-28,NSE:MOM100,30.889999389648438
2022-03-28,NSE:NIFTYBEES,186.32000732421875
2022-03-28,NSE:MON100,112.98999786376953
2022-03-28,NSE:ITBEES,36.91999816894531
2022-03-28,NSE:LOWVOLIETF,13.32800006866455
2022-03-28,NSE:CPSEETF,34.0099983215332
2022-03-28,NSE:PHARMABEES,13.630000114440918
2022-03-28,NSE:BANKBEES,359.75
2022-03-28,NSE:MAFANG,50.72999954223633
2022-03-29,NSE:MON100,113.7699966430664
2022-03-29,NSE:PHARMABEES,13.829999923706055
2022-03-29,NSE:BANKBEES,360.8800048828125
2022-03-29,NSE:NIFTYBEES,187.22000122070312
2022-03-29,NSE:CPSEETF,33.619998931884766
2022-03-29,NSE:ITBEES,36.939998626708984
2022-03-29,NSE:MOM100,30.860000610351562
2022-03-29,NSE:LOWVOLIETF,13.404999732971191
2022-03-29,NSE:MAFANG,51.630001068115234
2022-03-30,NSE:BANKBEES,364.989990234375
2022-03-30,NSE:CPSEETF,33.34000015258789
2022-03-30,NSE:ITBEES,37.290000915527344
2022-03-30,NSE:LOWVOLIETF,13.470999717712402
2022-03-30,NSE:MON100,116.01000213623047
2022-03-30,NSE:NIFTYBEES,188.91000366210938
2022-03-30,NSE:PHARMABEES,13.800000190734863
2022-03-30,NSE:MAFANG,51.11000061035156
2022-03-30,NSE:MOM100,31.170000076293945
2022-03-31,NSE:NIFTYBEES,188.8699951171875
2022-03-31,NSE:MOM100,31.280000686645508
2022-03-31,NSE:BANKBEES,365.510009765625
2022-03-31,NSE:CPSEETF,33.4900016784668
2022-03-31,NSE:MON100,116.20999908447266
2022-03-31,NSE:ITBEES,37.2400016784668
2022-03-31,NSE:MAFANG,51.45000076293945
2022-03-31,NSE:LOWVOLIETF,13.541000366210938
2022-03-31,NSE:PHARMABEES,13.680000305175781
2022-04-01,NSE:ITBEES,37.209999084472656
2022-04-01,NSE:CPSEETF,34.5099983215332
2022-04-01,NSE:NIFTYBEES,190.47000122070312
2022-04-01,NSE:MON100,115.58999633789062
2022-04-01,NSE:MOM100,31.770000457763672
2022-04-01,NSE:BANKBEES,372.8500061035156
2022-04-01,NSE:PHARMABEES,13.670000076293945
2022-04-01,NSE:MAFANG,50.79999923706055
2022-04-01,NSE:LOWVOLIETF,13.595999717712402
2022-04-04,NSE:NIFTYBEES,195.19000244140625
2022-04-04,NSE:ITBEES,37.310001373291016
2022-04-04,NSE:MOM100,32.150001525878906
2022-04-04,NSE:MON100,115.8499984741211
2022-04-04,NSE:BANKBEES,387.7900085449219
2022-04-04,NSE:CPSEETF,34.90999984741211
2022-04-04,NSE:LOWVOLIETF,13.871999740600586
2022-04-04,NSE:MAFANG,50.900001525878906
2022-04-04,NSE:PHARMABEES,13.829999923706055
2022-04-05,NSE:PHARMABEES,13.880000114440918
2022-04-05,NSE:BANKBEES,383.1199951171875
2022-04-05,NSE:MAFANG,51.91999816894531
2022-04-05,NSE:NIFTYBEES,194.5500030517578
2022-04-05,NSE:ITBEES,37.380001068115234
2022-04-05,NSE:LOWVOLIETF,13.993000030517578
2022-04-05,NSE:CPSEETF,35.529998779296875
2022-04-05,NSE:MOM100,32.90999984741211
2022-04-05,NSE:MON100,115.94000244140625
2022-04-06,NSE:NIFTYBEES,193.0
2022-04-06,NSE:CPSEETF,36.13999938964844
2022-04-06,NSE:MON100,114.0
2022-04-06,NSE:MOM100,32.779998779296875
2022-04-06,NSE:LOWVOLIETF,13.920999526977539
2022-04-06,NSE:ITBEES,36.720001220703125
2022-04-06,NSE:BANKBEES,379.1300048828125
2022-04-06,NSE:PHARMABEES,13.84000015258789
2022-04-06,NSE:MAFANG,50.93000030517578
2022-04-07,NSE:BANKBEES,378.55999755859375
2022-04-07,NSE:CPSEETF,36.029998779296875
2022-04-07,NSE:MOM100,32.529998779296875
2022-04-07,NSE:PHARMABEES,13.869999885559082
2022-04-07,NSE:LOWVOLIETF,13.875
2022-04-07,NSE:MAFANG,49.290000915527344
2022-04-07,NSE:MON100,112.91000366210938
2022-04-07,NSE:NIFTYBEES,191.25999450683594
2022-04-07,NSE:ITBEES,36.31999969482422
2022-04-08,NSE:LOWVOLIETF,13.99899959564209
2022-04-08,NSE:MON100,113.93000030517578
2022-04-08,NSE:CPSEETF,36.2599983215332
2022-04-08,NSE:MOM100,32.810001373291016
2022-04-08,NSE:NIFTYBEES,192.75999450683594
2022-04-08,NSE:ITBEES,36.31999969482422
2022-04-08,NSE:BANKBEES,380.489990234375
2022-04-08,NSE:MAFANG,49.02000045776367
2022-04-08,NSE:PHARMABEES,13.819999694824219
2022-04-11,NSE:MON100,112.16000366210938
2022-04-11,NSE:CPSEETF,36.43000030517578
2022-04-11,NSE:MAFANG,47.380001068115234
2022-04-11,NSE:PHARMABEES,13.84000015258789
2022-04-11,NSE:BANKBEES,378.5299987792969
2022-04-11,NSE:ITBEES,35.79999923706055
2022-04-11,NSE:NIFTYBEES,191.6699981689453
2022-04-11,NSE:MOM100,33.04999923706055
2022-04-11,NSE:LOWVOLIETF,13.916999816894531
2022-04-12,NSE:CPSEETF,36.0099983215332
2022-04-12,NSE:NIFTYBEES,190.4199981689453
2022-04-12,NSE:PHARMABEES,13.800000190734863
2022-04-12,NSE:MON100,111.4800033569336
2022-04-12,NSE:BANKBEES,379.82000732421875
2022-04-12,NSE:MOM100,32.45000076293945
2022-04-12,NSE:LOWVOLIETF,13.751999855041504
2022-04-12,NSE:MAFANG,46.970001220703125
2022-04-12,NSE:ITBEES,35.25
2022-04-13,NSE:NIFTYBEES,189.5399932861328
2022-04-13,NSE:ITBEES,35.099998474121094
2022-04-13,NSE:LOWVOLIETF,13.781000137329102
2022-04-13,NSE:MAFANG,46.849998474121094
2022-04-13,NSE:CPSEETF,36.20000076293945
2022-04-13,NSE:MON100,112.06999969482422
2022-04-13,NSE:MOM100,32.61000061035156
2022-04-13,NSE:BANKBEES,376.9599914550781
2022-04-13,NSE:PHARMABEES,13.890000343322754
2022-04-18,NSE:MOM100,32.18000030517578
2022-04-18,NSE:BANKBEES,370.45001220703125
2022-04-18,NSE:MON100,111.80999755859375
2022-04-18,NSE:CPSEETF,37.150001525878906
2022-04-18,NSE:LOWVOLIETF,13.696000099182129
2022-04-18,NSE:PHARMABEES,13.770000457763672
2022-04-18,NSE:MAFANG,44.869998931884766
2022-04-18,NSE:NIFTYBEES,186.22999572753906
2022-04-18,NSE:ITBEES,33.630001068115234
2022-04-19,NSE:LOWVOLIETF,13.517999649047852
2022-04-19,NSE:NIFTYBEES,183.67999267578125
2022-04-19,NSE:PHARMABEES,13.649999618530273
2022-04-19,NSE:MAFANG,45.77000045776367
2022-04-19,NSE:MON100,111.0199966430664
2022-04-19,NSE:ITBEES,32.59000015258789
2022-04-19,NSE:BANKBEES,365.57000732421875
2022-04-19,NSE:CPSEETF,37.220001220703125
2022-04-19,NSE:MOM100,31.829999923706055
2022-04-20,NSE:MAFANG,46.38999938964844
2022-04-20,NSE:MOM100,31.8700008392334
2022-04-20,NSE:CPSEETF,37.13999938964844
2022-04-20,NSE:NIFTYBEES,185.86000061035156
2022-04-20,NSE:PHARMABEES,13.770000457763672
2022-04-20,NSE:ITBEES,32.869998931884766
2022-04-20,NSE:LOWVOLIETF,13.616999626159668
2022-04-20,NSE:MON100,111.77999877929688
2022-04-20,NSE:BANKBEES,365.8299865722656
2022-04-21,NSE:MAFANG,45.2400016784668
2022-04-21,NSE:CPSEETF,37.61000061035156
2022-04-21,NSE:MOM100,32.31999969482422
2022-04-21,NSE:PHARMABEES,13.890000343322754
2022-04-21,NSE:BANKBEES,370.6400146484375
2022-04-21,NSE:NIFTYBEES,188.10000610351562
2022-04-21,NSE:LOWVOLIETF,13.777000427246094
2022-04-21,NSE:ITBEES,33.43000030517578
2022-04-21,NSE:MON100,110.66000366210938
2022-04-22,NSE:MON100,109.94000244140625
2022-04-22,NSE:MOM100,31.950000762939453
2022-04-22,NSE:NIFTYBEES,186.08999633789062
2022-04-22,NSE:LOWVOLIETF,13.666000366210938
2022-04-22,NSE:ITBEES,33.25
2022-04-22,NSE:CPSEETF,37.11000061035156
2022-04-22,NSE:MAFANG,43.20000076293945
2022-04-22,NSE:PHARMABEES,13.649999618530273
2022-04-22,NSE:BANKBEES,363.3599853515625
2022-04-25,NSE:PHARMABEES,13.40999984741211
2022-04-25,NSE:NIFTYBEES,183.86000061035156
2022-04-25,NSE:LOWVOLIETF,13.475000381469727
2022-04-25,NSE:CPSEETF,36.09000015258789
2022-04-25,NSE:MAFANG,42.41999816894531
2022-04-25,NSE:MON100,107.70999908447266
2022-04-25,NSE:BANKBEES,363.4100036621094
2022-04-25,NSE:ITBEES,32.56999969482422
2022-04-25,NSE:MOM100,31.31999969482422
2022-04-26,NSE:MOM100,32.0099983215332
2022-04-26,NSE:MAFANG,42.72999954223633
2022-04-26,NSE:LOWVOLIETF,13.656999588012695
2022-04-26,NSE:NIFTYBEES,186.11000061035156
2022-04-26,NSE:ITBEES,32.529998779296875
2022-04-26,NSE:CPSEETF,36.33000183105469
2022-04-26,NSE:PHARMABEES,13.539999961853027
2022-04-26,NSE:BANKBEES,366.29998779296875
2022-04-26,NSE:MON100,108.55000305175781
2022-04-27,NSE:MOM100,31.6299991607666
2022-04-27,NSE:PHARMABEES,13.399999618530273
2022-04-27,NSE:MAFANG,41.66999816894531
2022-04-27,NSE:LOWVOLIETF,13.666999816894531
2022-04-27,NSE:MON100,105.62000274658203
2022-04-27,NSE:NIFTYBEES,184.77999877929688
2022-04-27,NSE:ITBEES,32.380001068115234
2022-04-27,NSE:BANKBEES,363.1099853515625
2022-04-27,NSE:CPSEETF,36.040000915527344
2022-04-28,NSE:PHARMABEES,13.5
2022-04-28,NSE:MOM100,31.860000610351562
2022-04-28,NSE:BANKBEES,366.760009765625
2022-04-28,NSE:CPSEETF,36.43000030517578
2022-04-28,NSE:ITBEES,32.720001220703125
2022-04-28,NSE:MAFANG,42.09000015258789
2022-04-28,NSE:LOWVOLIETF,13.885000228881836
2022-04-28,NSE:NIFTYBEES,186.41000366210938
2022-04-28,NSE:MON100,107.76000213623047
2022-04-29,NSE:BANKBEES,363.82000732421875
2022-04-29,NSE:MAFANG,42.349998474121094
2022-04-29,NSE:MOM100,31.420000076293945
2022-04-29,NSE:MON100,108.31999969482422
2022-04-29,NSE:LOWVOLIETF,13.71500015258789
2022-04-29,NSE:NIFTYBEES,185.42999267578125
2022-04-29,NSE:PHARMABEES,13.579999923706055
2022-04-29,NSE:ITBEES,32.45000076293945
2022-04-29,NSE:CPSEETF,35.61000061035156
2022-05-02,NSE:MAFANG,41.61000061035156
2022-05-02,NSE:MON100,108.05000305175781
2022-05-02,NSE:BANKBEES,364.1099853515625
2022-05-02,NSE:CPSEETF,35.599998474121094
2022-05-02,NSE:LOWVOLIETF,13.668000221252441
2022-05-02,NSE:PHARMABEES,13.5
2022-05-02,NSE:NIFTYBEES,185.1199951171875
2022-05-02,NSE:MOM100,31.360000610351562
2022-05-04,NSE:BANKBEES,355.55999755859375
2022-05-04,NSE:NIFTYBEES,181.0500030517578
2022-05-04,NSE:ITBEES,31.600000381469727
2022-05-04,NSE:CPSEETF,35.84000015258789
2022-05-04,NSE:LOWVOLIETF,13.4399995803833
2022-05-04,NSE:MON100,107.62999725341797
2022-05-04,NSE:MOM100,30.81999969482422
2022-05-04,NSE:MAFANG,42.150001525878906
2022-05-04,NSE:PHARMABEES,13.199999809265137
2022-05-05,NSE:NIFTYBEES,181.00999450683594
2022-05-05,NSE:LOWVOLIETF,13.418000221252441
2022-05-05,NSE:MAFANG,43.08000183105469
2022-05-05,NSE:ITBEES,32.25
2022-05-05,NSE:BANKBEES,354.5899963378906
2022-05-05,NSE:CPSEETF,35.90999984741211
2022-05-05,NSE:MON100,107.94999694824219
2022-05-05,NSE:MOM100,30.649999618530273
2022-05-05,NSE:PHARMABEES,13.100000381469727
2022-05-06,NSE:PHARMABEES,12.899999618530273
2022-05-06,NSE:ITBEES,31.549999237060547
2022-05-06,NSE:MOM100,30.25
2022-05-06,NSE:NIFTYBEES,177.94000244140625
2022-05-06,NSE:MAFANG,41.310001373291016
2022-05-06,NSE:MON100,104.56999969482422
2022-05-06,NSE:BANKBEES,348.5799865722656
2022-05-06,NSE:LOWVOLIETF,13.27400016784668
2022-05-06,NSE:CPSEETF,36.220001220703125
2022-05-09,NSE:MON100,103.18000030517578
2022-05-09,NSE:NIFTYBEES,176.9499969482422
2022-05-09,NSE:CPSEETF,35.880001068115234
2022-05-09,NSE:ITBEES,31.579999923706055
2022-05-09,NSE:PHARMABEES,12.869999885559082
2022-05-09,NSE:LOWVOLIETF,13.204000473022461
2022-05-09,NSE:MAFANG,40.849998474121094
2022-05-09,NSE:MOM100,29.709999084472656
2022-05-09,NSE:BANKBEES,345.4700012207031
2022-05-10,NSE:PHARMABEES,12.670000076293945
2022-05-10,NSE:MON100,103.41000366210938
2022-05-10,NSE:LOWVOLIETF,13.248000144958496
2022-05-10,NSE:NIFTYBEES,176.16000366210938
2022-05-10,NSE:ITBEES,31.200000762939453
2022-05-10,NSE:MAFANG,40.0
2022-05-10,NSE:MOM100,28.979999542236328
2022-05-10,NSE:CPSEETF,34.66999816894531
2022-05-10,NSE:BANKBEES,346.6400146484375
2022-05-11,NSE:ITBEES,30.8799991607666
2022-05-11,NSE:BANKBEES,348.5
2022-05-11,NSE:CPSEETF,34.4900016784668
2022-05-11,NSE:MAFANG,40.029998779296875
2022-05-11,NSE:MOM100,28.899999618530273
2022-05-11,NSE:PHARMABEES,12.630000114440918
2022-05-11,NSE:MON100,103.98999786376953
2022-05-11,NSE:LOWVOLIETF,13.116999626159668
2022-05-11,NSE:NIFTYBEES,175.33999633789062
2022-05-12,NSE:MAFANG,38.470001220703125
2022-05-12,NSE:NIFTYBEES,171.72000122070312
2022-05-12,NSE:CPSEETF,33.91999816894531
2022-05-12,NSE:ITBEES,30.639999389648438
2022-05-12,NSE:PHARMABEES,12.489999771118164
2022-05-12,NSE:MON100,101.3499984741211
2022-05-12,NSE:MOM100,28.40999984741211
2022-05-12,NSE:BANKBEES,338.19000244140625
2022-05-12,NSE:LOWVOLIETF,12.932999610900879
2022-05-13,NSE:MON100,103.05999755859375
2022-05-13,NSE:LOWVOLIETF,13.039999961853027
2022-05-13,NSE:PHARMABEES,12.739999771118164
2022-05-13,NSE:ITBEES,30.420000076293945
2022-05-13,NSE:CPSEETF,33.810001373291016
2022-05-13,NSE:NIFTYBEES,171.39999389648438
2022-05-13,NSE:MAFANG,38.66999816894531
2022-05-13,NSE:BANKBEES,335.010009765625
2022-05-13,NSE:MOM100,28.559999465942383
2022-05-16,NSE:NIFTYBEES,172.1300048828125
2022-05-16,NSE:MAFANG,39.4900016784668
2022-05-16,NSE:LOWVOLIETF,12.972000122070312
2022-05-16,NSE:BANKBEES,338.79998779296875
2022-05-16,NSE:MON100,103.97000122070312
2022-05-16,NSE:CPSEETF,33.9900016784668
2022-05-16,NSE:PHARMABEES,12.680000305175781
2022-05-16,NSE:ITBEES,30.200000762939453
2022-05-16,NSE:MOM100,28.959999084472656
2022-05-17,NSE:NIFTYBEES,176.44000244140625
2022-05-17,NSE:BANKBEES,345.6000061035156
2022-05-17,NSE:PHARMABEES,12.789999961853027
2022-05-17,NSE:LOWVOLIETF,13.204999923706055
2022-05-17,NSE:MON100,103.97000122070312
2022-05-17,NSE:CPSEETF,35.27000045776367
2022-05-17,NSE:MAFANG,40.349998474121094
2022-05-17,NSE:ITBEES,30.969999313354492
2022-05-17,NSE:MOM100,29.790000915527344
2022-05-18,NSE:LOWVOLIETF,13.204999923706055
2022-05-18,NSE:MAFANG,40.060001373291016
2022-05-18,NSE:BANKBEES,345.1099853515625
2022-05-18,NSE:NIFTYBEES,176.0500030517578
2022-05-18,NSE:CPSEETF,34.849998474121094
2022-05-18,NSE:MON100,104.26000213623047
2022-05-18,NSE:ITBEES,30.90999984741211
2022-05-18,NSE:MOM100,29.68000030517578
2022-05-18,NSE:PHARMABEES,12.970000267028809
2022-05-19,NSE:MON100,99.98999786376953
2022-05-19,NSE:MAFANG,38.470001220703125
2022-05-19,NSE:CPSEETF,34.459999084472656
2022-05-19,NSE:BANKBEES,336.4200134277344
2022-05-19,NSE:MOM100,28.8799991607666
2022-05-19,NSE:NIFTYBEES,171.6999969482422
2022-05-19,NSE:ITBEES,29.110000610351562
2022-05-19,NSE:LOWVOLIETF,12.937999725341797
2022-05-19,NSE:PHARMABEES,12.6899995803833
2022-05-20,NSE:CPSEETF,34.97999954223633
2022-05-20,NSE:MON100,100.95999908447266
2022-05-20,NSE:ITBEES,29.56999969482422
2022-05-20,NSE:MAFANG,38.93000030517578
2022-05-20,NSE:LOWVOLIETF,13.255000114440918
2022-05-20,NSE:NIFTYBEES,175.9199981689453
2022-05-20,NSE:BANKBEES,345.2799987792969
2022-05-20,NSE:PHARMABEES,13.09000015258789
2022-05-20,NSE:MOM100,29.360000610351562
2022-05-23,NSE:PHARMABEES,12.989999771118164
2022-05-23,NSE:NIFTYBEES,175.52999877929688
2022-05-23,NSE:CPSEETF,34.20000076293945
2022-05-23,NSE:MOM100,29.43000030517578
2022-05-23,NSE:LOWVOLIETF,13.29699993133545
2022-05-23,NSE:MON100,100.87999725341797
2022-05-23,NSE:ITBEES,29.860000610351562
2022-05-23,NSE:BANKBEES,345.0
2022-05-23,NSE:MAFANG,39.130001068115234
2022-05-24,NSE:MAFANG,37.849998474121094
2022-05-24,NSE:MON100,99.72000122070312
2022-05-24,NSE:CPSEETF,34.0099983215332
2022-05-24,NSE:ITBEES,29.309999465942383
2022-05-24,NSE:NIFTYBEES,175.08999633789062
2022-05-24,NSE:BANKBEES,345.42999267578125
2022-05-24,NSE:LOWVOLIETF,13.227999687194824
2022-05-24,NSE:MOM100,29.149999618530273
2022-05-24,NSE:PHARMABEES,12.789999961853027
2022-05-25,NSE:MAFANG,36.79999923706055
2022-05-25,NSE:ITBEES,28.3799991607666
2022-05-25,NSE:CPSEETF,33.869998931884766
2022-05-25,NSE:BANKBEES,346.6000061035156
2022-05-25,NSE:LOWVOLIETF,13.100000381469727
2022-05-25,NSE:NIFTYBEES,174.1300048828125
2022-05-25,NSE:MON100,98.88999938964844
2022-05-25,NSE:MOM100,28.56999969482422
2022-05-25,NSE:PHARMABEES,12.630000114440918
2022-05-26,NSE:MAFANG,37.310001373291016
2022-05-26,NSE:BANKBEES,354.0400085449219
2022-05-26,NSE:NIFTYBEES,175.57000732421875
2022-05-26,NSE:PHARMABEES,12.65999984741211
2022-05-26,NSE:CPSEETF,34.20000076293945
2022-05-26,NSE:LOWVOLIETF,13.190999984741211
2022-05-26,NSE:ITBEES,28.729999542236328
2022-05-26,NSE:MON100,98.38999938964844
2022-05-26,NSE:MOM100,28.670000076293945
2022-05-27,NSE:ITBEES,29.3700008392334
2022-05-27,NSE:BANKBEES,359.0799865722656
2022-05-27,NSE:NIFTYBEES,177.10000610351562
2022-05-27,NSE:LOWVOLIETF,13.322999954223633
2022-05-27,NSE:MON100,99.41000366210938
2022-05-27,NSE:MOM100,29.079999923706055
2022-05-27,NSE:CPSEETF,33.7400016784668
2022-05-27,NSE:MAFANG,39.529998779296875
2022-05-27,NSE:PHARMABEES,12.729999542236328
2022-05-30,NSE:LOWVOLIETF,13.505999565124512
2022-05-30,NSE:MAFANG,40.9900016784668
2022-05-30,NSE:CPSEETF,33.95000076293945
2022-05-30,NSE:MOM100,29.989999771118164
2022-05-30,NSE:PHARMABEES,12.760000228881836
2022-05-30,NSE:BANKBEES,361.42999267578125
2022-05-30,NSE:NIFTYBEES,180.42999267578125
2022-05-30,NSE:MON100,100.54000091552734
2022-05-30,NSE:ITBEES,30.549999237060547
2022-05-31,NSE:CPSEETF,34.9900016784668
2022-05-31,NSE:MOM100,29.920000076293945
2022-05-31,NSE:ITBEES,30.6200008392334
2022-05-31,NSE:LOWVOLIETF,13.569000244140625
2022-05-31,NSE:PHARMABEES,12.699999809265137
2022-05-31,NSE:BANKBEES,357.6199951171875
2022-05-31,NSE:NIFTYBEES,179.8699951171875
2022-05-31,NSE:MON100,100.80999755859375
2022-05-31,NSE:MAFANG,40.720001220703125
2022-06-01,NSE:ITBEES,30.15999984741211
2022-06-01,NSE:BANKBEES,359.510009765625
2022-06-01,NSE:NIFTYBEES,179.58999633789062
2022-06-01,NSE:PHARMABEES,12.529999732971191
2022-06-01,NSE:MAFANG,40.630001068115234
2022-06-01,NSE:MON100,100.13999938964844
2022-06-01,NSE:MOM100,29.899999618530273
2022-06-01,NSE:LOWVOLIETF,13.472999572753906
2022-06-01,NSE:CPSEETF,35.08000183105469
2022-06-02,NSE:PHARMABEES,12.569999694824219
2022-06-02,NSE:NIFTYBEES,180.67999267578125
2022-06-02,NSE:ITBEES,30.739999771118164
2022-06-02,NSE:MOM100,30.110000610351562
2022-06-02,NSE:CPSEETF,35.290000915527344
2022-06-02,NSE:MON100,100.4000015258789
2022-06-02,NSE:BANKBEES,359.489990234375
2022-06-02,NSE:MAFANG,40.619998931884766
2022-06-02,NSE:LOWVOLIETF,13.5
2022-06-03,NSE:CPSEETF,34.93000030517578
2022-06-03,NSE:MON100,101.37000274658203
2022-06-03,NSE:BANKBEES,356.010009765625
2022-06-03,NSE:NIFTYBEES,180.2100067138672
2022-06-03,NSE:PHARMABEES,12.5
2022-06-03,NSE:LOWVOLIETF,13.345000267028809
2022-06-03,NSE:ITBEES,30.790000915527344
2022-06-03,NSE:MAFANG,42.11000061035156
2022-06-03,NSE:MOM100,29.790000915527344
2022-06-06,NSE:MON100,100.7300033569336
2022-06-06,NSE:NIFTYBEES,180.14999389648438
2022-06-06,NSE:MAFANG,41.189998626708984
2022-06-06,NSE:ITBEES,30.760000228881836
2022-06-06,NSE:MOM100,29.549999237060547
2022-06-06,NSE:CPSEETF,35.06999969482422
2022-06-06,NSE:PHARMABEES,12.5
2022-06-06,NSE:BANKBEES,356.4700012207031
2022-06-06,NSE:LOWVOLIETF,13.343000411987305
2022-06-07,NSE:BANKBEES,353.3900146484375
2022-06-07,NSE:MAFANG,40.880001068115234
2022-06-07,NSE:ITBEES,30.280000686645508
2022-06-07,NSE:PHARMABEES,12.369999885559082
2022-06-07,NSE:MON100,100.51000213623047
2022-06-07,NSE:CPSEETF,35.68000030517578
2022-06-07,NSE:LOWVOLIETF,13.125
2022-06-07,NSE:NIFTYBEES,178.55999755859375
2022-06-07,NSE:MOM100,29.31999969482422
2022-06-08,NSE:MAFANG,41.689998626708984
2022-06-08,NSE:PHARMABEES,12.390000343322754
2022-06-08,NSE:MON100,99.9000015258789
2022-06-08,NSE:CPSEETF,35.709999084472656
2022-06-08,NSE:NIFTYBEES,178.0800018310547
2022-06-08,NSE:ITBEES,30.3799991607666
2022-06-08,NSE:BANKBEES,352.6099853515625
2022-06-08,NSE:MOM100,29.270000457763672
2022-06-08,NSE:LOWVOLIETF,13.12399959564209
2022-06-09,NSE:CPSEETF,35.84000015258789
2022-06-09,NSE:MOM100,29.309999465942383
2022-06-09,NSE:PHARMABEES,12.5
2022-06-09,NSE:ITBEES,30.610000610351562
2022-06-09,NSE:LOWVOLIETF,13.185999870300293
2022-06-09,NSE:MON100,100.91999816894531
2022-06-09,NSE:NIFTYBEES,179.39999389648438
2022-06-09,NSE:BANKBEES,353.5799865722656
2022-06-09,NSE:MAFANG,41.83000183105469
2022-06-10,NSE:MON100,99.44999694824219
2022-06-10,NSE:NIFTYBEES,176.4600067138672
2022-06-10,NSE:PHARMABEES,12.489999771118164
2022-06-10,NSE:CPSEETF,35.63999938964844
2022-06-10,NSE:MOM100,29.219999313354492
2022-06-10,NSE:BANKBEES,348.6099853515625
2022-06-10,NSE:MAFANG,41.130001068115234
2022-06-10,NSE:LOWVOLIETF,13.144000053405762
2022-06-10,NSE:ITBEES,30.059999465942383
2022-06-13,NSE:LOWVOLIETF,12.918000221252441
2022-06-13,NSE:NIFTYBEES,171.8699951171875
2022-06-13,NSE:PHARMABEES,12.270000457763672
2022-06-13,NSE:CPSEETF,34.38999938964844
2022-06-13,NSE:MAFANG,39.119998931884766
2022-06-13,NSE:MON100,97.02999877929688
2022-06-13,NSE:BANKBEES,338.3599853515625
2022-06-13,NSE:MOM100,28.139999389648438
2022-06-13,NSE:ITBEES,28.81999969482422
2022-06-14,NSE:BANKBEES,337.1600036621094
2022-06-14,NSE:NIFTYBEES,171.3000030517578
2022-06-14,NSE:LOWVOLIETF,12.857999801635742
2022-06-14,NSE:MON100,95.37000274658203
2022-06-14,NSE:ITBEES,28.829999923706055
2022-06-14,NSE:MAFANG,37.77000045776367
2022-06-14,NSE:CPSEETF,34.709999084472656
2022-06-14,NSE:PHARMABEES,12.300000190734863
2022-06-14,NSE:MOM100,28.25
2022-06-15,NSE:ITBEES,28.739999771118164
2022-06-15,NSE:PHARMABEES,12.369999885559082
2022-06-15,NSE:BANKBEES,336.54998779296875
2022-06-15,NSE:NIFTYBEES,171.10000610351562
2022-06-15,NSE:MOM100,28.329999923706055
2022-06-15,NSE:CPSEETF,34.18000030517578
2022-06-15,NSE:MAFANG,38.22999954223633
2022-06-15,NSE:MON100,94.75
2022-06-15,NSE:LOWVOLIETF,12.859999656677246
2022-06-16,NSE:LOWVOLIETF,12.657999992370605
2022-06-16,NSE:NIFTYBEES,167.55999755859375
2022-06-16,NSE:ITBEES,28.010000228881836
2022-06-16,NSE:MAFANG,37.86000061035156
2022-06-16,NSE:MOM100,27.75
2022-06-16,NSE:PHARMABEES,12.140000343322754
2022-06-16,NSE:MON100,94.31999969482422
2022-06-16,NSE:CPSEETF,32.83000183105469
2022-06-16,NSE:BANKBEES,329.4100036621094
2022-06-17,NSE:MOM100,27.329999923706055
2022-06-17,NSE:PHARMABEES,11.9399995803833
2022-06-17,NSE:MON100,96.56999969482422
2022-06-17,NSE:CPSEETF,32.65999984741211
2022-06-17,NSE:LOWVOLIETF,12.385000228881836
2022-06-17,NSE:NIFTYBEES,166.8699951171875
2022-06-17,NSE:MAFANG,37.68000030517578
2022-06-17,NSE:BANKBEES,330.739990234375
2022-06-17,NSE:ITBEES,27.600000381469727
2022-06-20,NSE:PHARMABEES,11.930000305175781
2022-06-20,NSE:ITBEES,27.809999465942383
2022-06-20,NSE:LOWVOLIETF,12.526000022888184
2022-06-20,NSE:CPSEETF,31.440000534057617
2022-06-20,NSE:MOM100,26.93000030517578
2022-06-20,NSE:MON100,92.16999816894531
2022-06-20,NSE:BANKBEES,329.989990234375
2022-06-20,NSE:NIFTYBEES,167.30999755859375
2022-06-20,NSE:MAFANG,38.209999084472656
2022-06-21,NSE:MOM100,27.6200008392334
2022-06-21,NSE:CPSEETF,32.130001068115234
2022-06-21,NSE:MAFANG,38.72999954223633
2022-06-21,NSE:MON100,92.33999633789062
2022-06-21,NSE:NIFTYBEES,170.25999450683594
2022-06-21,NSE:PHARMABEES,12.140000343322754
2022-06-21,NSE:LOWVOLIETF,12.75
2022-06-21,NSE:BANKBEES,335.2300109863281
2022-06-21,NSE:ITBEES,28.690000534057617
2022-06-22,NSE:PHARMABEES,12.0
2022-06-22,NSE:BANKBEES,331.6400146484375
2022-06-22,NSE:NIFTYBEES,168.0800018310547
2022-06-22,NSE:LOWVOLIETF,12.583000183105469
2022-06-22,NSE:MON100,90.63999938964844
2022-06-22,NSE:MOM100,27.1299991607666
2022-06-22,NSE:ITBEES,28.3799991607666
2022-06-22,NSE:CPSEETF,31.59000015258789
2022-06-22,NSE:MAFANG,38.290000915527344
2022-06-23,NSE:PHARMABEES,12.149999618530273
2022-06-23,NSE:LOWVOLIETF,12.78499984741211
2022-06-23,NSE:CPSEETF,31.59000015258789
2022-06-23,NSE:MOM100,27.6299991607666
2022-06-23,NSE:ITBEES,28.979999542236328
2022-06-23,NSE:MAFANG,38.5
2022-06-23,NSE:BANKBEES,334.7699890136719
2022-06-23,NSE:NIFTYBEES,169.7100067138672
2022-06-23,NSE:MON100,89.97000122070312
2022-06-24,NSE:MAFANG,39.90999984741211
2022-06-24,NSE:LOWVOLIETF,12.878999710083008
2022-06-24,NSE:CPSEETF,31.770000457763672
2022-06-24,NSE:NIFTYBEES,171.16000366210938
2022-06-24,NSE:PHARMABEES,12.25
2022-06-24,NSE:MON100,91.52999877929688
2022-06-24,NSE:BANKBEES,339.69000244140625
2022-06-24,NSE:ITBEES,28.639999389648438
2022-06-24,NSE:MOM100,27.920000076293945
2022-06-27,NSE:PHARMABEES,12.319999694824219
2022-06-27,NSE:LOWVOLIETF,12.984000205993652
2022-06-27,NSE:CPSEETF,32.41999816894531
2022-06-27,NSE:ITBEES,29.219999313354492
2022-06-27,NSE:MOM100,28.350000381469727
2022-06-27,NSE:BANKBEES,341.3999938964844
2022-06-27,NSE:MON100,94.44999694824219
2022-06-27,NSE:MAFANG,41.09000015258789
2022-06-27,NSE:NIFTYBEES,172.6199951171875
2022-06-28,NSE:MON100,92.5
2022-06-28,NSE:CPSEETF,32.93000030517578
2022-06-28,NSE:ITBEES,29.329999923706055
2022-06-28,NSE:MAFANG,41.5
2022-06-28,NSE:MOM100,28.399999618530273
2022-06-28,NSE:NIFTYBEES,172.64999389648438
2022-06-28,NSE:LOWVOLIETF,12.96500015258789
2022-06-28,NSE:PHARMABEES,12.300000190734863
2022-06-28,NSE:BANKBEES,339.8900146484375
2022-06-29,NSE:BANKBEES,336.0899963378906
2022-06-29,NSE:LOWVOLIETF,12.878999710083008
2022-06-29,NSE:ITBEES,29.010000228881836
2022-06-29,NSE:MON100,89.83999633789062
2022-06-29,NSE:PHARMABEES,12.270000457763672
2022-06-29,NSE:NIFTYBEES,171.86000061035156
2022-06-29,NSE:MOM100,28.190000534057617
2022-06-29,NSE:MAFANG,40.2400016784668
2022-06-29,NSE:CPSEETF,33.310001373291016
2022-06-30,NSE:PHARMABEES,12.25
2022-06-30,NSE:MAFANG,39.599998474121094
2022-06-30,NSE:NIFTYBEES,171.60000610351562
2022-06-30,NSE:LOWVOLIETF,12.890999794006348
2022-06-30,NSE:BANKBEES,337.3399963378906
2022-06-30,NSE:MON100,89.91000366210938
2022-06-30,NSE:CPSEETF,32.959999084472656
2022-06-30,NSE:ITBEES,28.649999618530273
2022-06-30,NSE:MOM100,28.030000686645508
2022-07-01,NSE:ITBEES,28.799999237060547
2022-07-01,NSE:MON100,88.44999694824219
2022-07-01,NSE:NIFTYBEES,171.63999938964844
2022-07-01,NSE:PHARMABEES,12.3100004196167
2022-07-01,NSE:MAFANG,39.209999084472656
2022-07-01,NSE:CPSEETF,31.59000015258789
2022-07-01,NSE:LOWVOLIETF,12.958000183105469
2022-07-01,NSE:BANKBEES,339.30999755859375
2022-07-01,NSE:MOM100,28.25
2022-07-04,NSE:LOWVOLIETF,13.100000381469727
2022-07-04,NSE:MON100,90.06999969482422
2022-07-04,NSE:BANKBEES,342.739990234375
2022-07-04,NSE:ITBEES,28.709999084472656
2022-07-04,NSE:PHARMABEES,12.3100004196167
2022-07-04,NSE:MAFANG,39.58000183105469
2022-07-04,NSE:CPSEETF,31.43000030517578
2022-07-04,NSE:NIFTYBEES,172.6300048828125
2022-07-04,NSE:MOM100,28.270000457763672
2022-07-05,NSE:ITBEES,28.56999969482422
2022-07-05,NSE:MAFANG,39.689998626708984
2022-07-05,NSE:MON100,89.80999755859375
2022-07-05,NSE:MOM100,28.25
2022-07-05,NSE:LOWVOLIETF,13.079000473022461
2022-07-05,NSE:CPSEETF,31.520000457763672
2022-07-05,NSE:BANKBEES,341.42999267578125
2022-07-05,NSE:NIFTYBEES,172.0399932861328
2022-07-05,NSE:PHARMABEES,12.3100004196167
2022-07-06,NSE:NIFTYBEES,174.1199951171875
2022-07-06,NSE:CPSEETF,30.90999984741211
2022-07-06,NSE:MAFANG,40.599998474121094
2022-07-06,NSE:MOM100,28.790000915527344
2022-07-06,NSE:MON100,91.91999816894531
2022-07-06,NSE:PHARMABEES,12.40999984741211
2022-07-06,NSE:ITBEES,28.8799991607666
2022-07-06,NSE:LOWVOLIETF,13.223999977111816
2022-07-06,NSE:BANKBEES,347.20001220703125
2022-07-07,NSE:ITBEES,29.079999923706055
2022-07-07,NSE:LOWVOLIETF,13.27400016784668
2022-07-07,NSE:NIFTYBEES,175.5399932861328
2022-07-07,NSE:CPSEETF,31.5
2022-07-07,NSE:PHARMABEES,12.460000038146973
2022-07-07,NSE:MOM100,29.31999969482422
2022-07-07,NSE:MAFANG,41.04999923706055
2022-07-07,NSE:BANKBEES,352.9599914550781
2022-07-07,NSE:MON100,92.69999694824219
2022-07-08,NSE:NIFTYBEES,176.27999877929688
2022-07-08,NSE:LOWVOLIETF,13.359000205993652
2022-07-08,NSE:MAFANG,41.56999969482422
2022-07-08,NSE:MOM100,29.190000534057617
2022-07-08,NSE:BANKBEES,354.6499938964844
2022-07-08,NSE:CPSEETF,31.8799991607666
2022-07-08,NSE:ITBEES,29.139999389648438
2022-07-08,NSE:PHARMABEES,12.600000381469727
2022-07-08,NSE:MON100,94.12999725341797
2022-07-11,NSE:MON100,93.33000183105469
2022-07-11,NSE:LOWVOLIETF,13.309000015258789
2022-07-11,NSE:ITBEES,28.299999237060547
2022-07-11,NSE:NIFTYBEES,176.22999572753906
2022-07-11,NSE:CPSEETF,32.040000915527344
2022-07-11,NSE:PHARMABEES,12.609999656677246
2022-07-11,NSE:BANKBEES,358.739990234375
2022-07-11,NSE:MOM100,29.540000915527344
2022-07-11,NSE:MAFANG,41.790000915527344
2022-07-12,NSE:ITBEES,27.979999542236328
2022-07-12,NSE:NIFTYBEES,175.10000610351562
2022-07-12,NSE:PHARMABEES,12.539999961853027
2022-07-12,NSE:BANKBEES,355.010009765625
2022-07-12,NSE:MAFANG,40.220001220703125
2022-07-12,NSE:MOM100,29.3700008392334
2022-07-12,NSE:CPSEETF,32.0099983215332
2022-07-12,NSE:LOWVOLIETF,13.1899995803833
2022-07-12,NSE:MON100,91.47000122070312
2022-07-13,NSE:PHARMABEES,12.699999809265137
2022-07-13,NSE:BANKBEES,352.3299865722656
2022-07-13,NSE:MOM100,29.469999313354492
2022-07-13,NSE:ITBEES,27.8700008392334
2022-07-13,NSE:CPSEETF,32.150001525878906
2022-07-13,NSE:NIFTYBEES,174.05999755859375
2022-07-13,NSE:LOWVOLIETF,13.246000289916992
2022-07-13,NSE:MAFANG,40.150001525878906
2022-07-13,NSE:MON100,91.93000030517578
2022-07-14,NSE:BANKBEES,351.0899963378906
2022-07-14,NSE:MOM100,29.420000076293945
2022-07-14,NSE:MON100,91.62000274658203
2022-07-14,NSE:NIFTYBEES,173.92999267578125
2022-07-14,NSE:CPSEETF,32.16999816894531
2022-07-14,NSE:MAFANG,39.70000076293945
2022-07-14,NSE:PHARMABEES,12.770000457763672
2022-07-14,NSE:ITBEES,27.43000030517578
2022-07-14,NSE:LOWVOLIETF,13.190999984741211
2022-07-15,NSE:CPSEETF,32.20000076293945
2022-07-15,NSE:PHARMABEES,12.8100004196167
2022-07-15,NSE:ITBEES,27.399999618530273
2022-07-15,NSE:LOWVOLIETF,13.248000144958496
2022-07-15,NSE:NIFTYBEES,175.02000427246094
2022-07-15,NSE:BANKBEES,351.05999755859375
2022-07-15,NSE:MON100,92.55000305175781
2022-07-15,NSE:MOM100,29.690000534057617
2022-07-15,NSE:MAFANG,39.95000076293945
2022-07-18,NSE:MAFANG,41.02000045776367
2022-07-18,NSE:ITBEES,28.25
2022-07-18,NSE:LOWVOLIETF,13.35099983215332
2022-07-18,NSE:MOM100,30.18000030517578
2022-07-18,NSE:MON100,94.94999694824219
2022-07-18,NSE:PHARMABEES,12.779999732971191
2022-07-18,NSE:CPSEETF,32.68000030517578
2022-07-18,NSE:BANKBEES,357.54998779296875
2022-07-18,NSE:NIFTYBEES,177.38999938964844
2022-07-19,NSE:CPSEETF,32.7400016784668
2022-07-19,NSE:MOM100,30.270000457763672
2022-07-19,NSE:NIFTYBEES,177.8800048828125
2022-07-19,NSE:LOWVOLIETF,13.324000358581543
2022-07-19,NSE:PHARMABEES,12.760000228881836
2022-07-19,NSE:ITBEES,28.260000228881836
2022-07-19,NSE:BANKBEES,360.8399963378906
2022-07-19,NSE:MAFANG,40.63999938964844
2022-07-19,NSE:MON100,93.75
2022-07-20,NSE:CPSEETF,32.95000076293945
2022-07-20,NSE:PHARMABEES,12.789999961853027
2022-07-20,NSE:LOWVOLIETF,13.456999778747559
2022-07-20,NSE:ITBEES,29.049999237060547
2022-07-20,NSE:MAFANG,41.529998779296875
2022-07-20,NSE:MON100,96.04000091552734
2022-07-20,NSE:BANKBEES,362.9700012207031
2022-07-20,NSE:NIFTYBEES,179.52999877929688
2022-07-20,NSE:MOM100,30.329999923706055
2022-07-21,NSE:BANKBEES,365.30999755859375
2022-07-21,NSE:MOM100,30.770000457763672
2022-07-21,NSE:MAFANG,42.029998779296875
2022-07-21,NSE:MON100,97.31999969482422
2022-07-21,NSE:PHARMABEES,12.739999771118164
2022-07-21,NSE:LOWVOLIETF,13.550999641418457
2022-07-21,NSE:NIFTYBEES,180.5399932861328
2022-07-21,NSE:CPSEETF,33.279998779296875
2022-07-21,NSE:ITBEES,29.31999969482422
2022-07-22,NSE:LOWVOLIETF,13.66100025177002
2022-07-22,NSE:PHARMABEES,12.670000076293945
2022-07-22,NSE:BANKBEES,370.8999938964844
2022-07-22,NSE:NIFTYBEES,181.88999938964844
2022-07-22,NSE:MAFANG,42.5099983215332
2022-07-22,NSE:CPSEETF,33.0
2022-07-22,NSE:ITBEES,29.190000534057617
2022-07-22,NSE:MON100,97.9000015258789
2022-07-22,NSE:MOM100,30.799999237060547
2022-07-25,NSE:PHARMABEES,12.579999923706055
2022-07-25,NSE:NIFTYBEES,181.4600067138672
2022-07-25,NSE:MOM100,30.8700008392334
2022-07-25,NSE:CPSEETF,33.099998474121094
2022-07-25,NSE:MAFANG,42.459999084472656
2022-07-25,NSE:BANKBEES,370.29998779296875
2022-07-25,NSE:LOWVOLIETF,13.569999694824219
2022-07-25,NSE:ITBEES,29.239999771118164
2022-07-25,NSE:MON100,96.9800033569336
2022-07-26,NSE:LOWVOLIETF,13.36299991607666
2022-07-26,NSE:NIFTYBEES,179.91000366210938
2022-07-26,NSE:ITBEES,28.440000534057617
2022-07-26,NSE:MOM100,30.43000030517578
2022-07-26,NSE:MON100,95.27999877929688
2022-07-26,NSE:BANKBEES,367.7799987792969
2022-07-26,NSE:PHARMABEES,12.4399995803833
2022-07-26,NSE:MAFANG,41.81999969482422
2022-07-26,NSE:CPSEETF,32.9900016784668
2022-07-27,NSE:LOWVOLIETF,13.494999885559082
2022-07-27,NSE:MON100,95.9800033569336
2022-07-27,NSE:NIFTYBEES,181.60000610351562
2022-07-27,NSE:BANKBEES,372.2200012207031
2022-07-27,NSE:PHARMABEES,12.699999809265137
2022-07-27,NSE:ITBEES,28.84000015258789
2022-07-27,NSE:MOM100,30.81999969482422
2022-07-27,NSE:MAFANG,41.75
2022-07-27,NSE:CPSEETF,33.06999969482422
2022-07-28,NSE:MOM100,30.93000030517578
2022-07-28,NSE:LOWVOLIETF,13.684000015258789
2022-07-28,NSE:BANKBEES,377.0
2022-07-28,NSE:MON100,97.12000274658203
2022-07-28,NSE:PHARMABEES,12.710000038146973
2022-07-28,NSE:NIFTYBEES,184.17999267578125
2022-07-28,NSE:MAFANG,42.2400016784668
2022-07-28,NSE:ITBEES,29.690000534057617
2022-07-28,NSE:CPSEETF,33.29999923706055
2022-07-29,NSE:ITBEES,30.139999389648438
2022-07-29,NSE:MON100,99.30000305175781
2022-07-29,NSE:MAFANG,43.189998626708984
2022-07-29,NSE:MOM100,31.3799991607666
2022-07-29,NSE:NIFTYBEES,186.5399932861328
2022-07-29,NSE:PHARMABEES,12.84000015258789
2022-07-29,NSE:BANKBEES,378.0400085449219
2022-07-29,NSE:LOWVOLIETF,13.843999862670898
2022-07-29,NSE:CPSEETF,33.939998626708984
2022-08-01,NSE:BANKBEES,382.5299987792969
2022-08-01,NSE:CPSEETF,34.68000030517578
2022-08-01,NSE:ITBEES,30.260000228881836
2022-08-01,NSE:NIFTYBEES,188.6300048828125
2022-08-01,NSE:PHARMABEES,12.850000381469727
2022-08-01,NSE:MOM100,32.02000045776367
2022-08-01,NSE:LOWVOLIETF,13.920000076293945
2022-08-01,NSE:MON100,100.12999725341797
2022-08-01,NSE:MAFANG,43.27000045776367
2022-08-02,NSE:NIFTYBEES,188.6199951171875
2022-08-02,NSE:MAFANG,42.939998626708984
2022-08-02,NSE:MON100,98.93000030517578
2022-08-02,NSE:CPSEETF,34.90999984741211
2022-08-02,NSE:ITBEES,30.059999465942383
2022-08-02,NSE:BANKBEES,384.2799987792969
2022-08-02,NSE:LOWVOLIETF,13.960000038146973
2022-08-02,NSE:PHARMABEES,12.859999656677246
2022-08-02,NSE:MOM100,32.02000045776367
2022-08-03,NSE:BANKBEES,383.3999938964844
2022-08-03,NSE:CPSEETF,34.709999084472656
2022-08-03,NSE:MAFANG,43.220001220703125
2022-08-03,NSE:LOWVOLIETF,14.020999908447266
2022-08-03,NSE:NIFTYBEES,189.11000061035156
2022-08-03,NSE:MOM100,31.799999237060547
2022-08-03,NSE:PHARMABEES,12.760000228881836
2022-08-03,NSE:MON100,99.66999816894531
2022-08-03,NSE:ITBEES,30.520000457763672
2022-08-04,NSE:NIFTYBEES,189.1699981689453
2022-08-04,NSE:CPSEETF,34.400001525878906
2022-08-04,NSE:PHARMABEES,13.09000015258789
2022-08-04,NSE:ITBEES,30.809999465942383
2022-08-04,NSE:LOWVOLIETF,14.062999725341797
2022-08-04,NSE:MOM100,32.0
2022-08-04,NSE:BANKBEES,380.8399963378906
2022-08-04,NSE:MAFANG,43.709999084472656
2022-08-04,NSE:MON100,102.70999908447266
2022-08-05,NSE:MAFANG,44.16999816894531
2022-08-05,NSE:BANKBEES,382.739990234375
2022-08-05,NSE:NIFTYBEES,189.25
2022-08-05,NSE:MOM100,32.22999954223633
2022-08-05,NSE:LOWVOLIETF,14.071999549865723
2022-08-05,NSE:ITBEES,31.030000686645508
2022-08-05,NSE:MON100,102.94999694824219
2022-08-05,NSE:CPSEETF,34.439998626708984
2022-08-05,NSE:PHARMABEES,13.050000190734863
2022-08-08,NSE:ITBEES,30.979999542236328
2022-08-08,NSE:MON100,102.62999725341797
2022-08-08,NSE:MAFANG,44.2400016784668
2022-08-08,NSE:CPSEETF,34.90999984741211
2022-08-08,NSE:PHARMABEES,13.029999732971191
2022-08-08,NSE:LOWVOLIETF,14.131999969482422
2022-08-08,NSE:NIFTYBEES,190.7899932861328
2022-08-08,NSE:BANKBEES,386.4599914550781
2022-08-08,NSE:MOM100,32.9900016784668
2022-08-10,NSE:ITBEES,30.709999084472656
2022-08-10,NSE:PHARMABEES,13.029999732971191
2022-08-10,NSE:CPSEETF,35.0
2022-08-10,NSE:BANKBEES,386.8399963378906
2022-08-10,NSE:NIFTYBEES,191.0399932861328
2022-08-10,NSE:MOM100,32.25
2022-08-10,NSE:LOWVOLIETF,14.097000122070312
2022-08-10,NSE:MON100,101.20999908447266
2022-08-10,NSE:MAFANG,43.290000915527344
2022-08-11,NSE:MOM100,32.47999954223633
2022-08-11,NSE:NIFTYBEES,192.33999633789062
2022-08-11,NSE:CPSEETF,34.900001525878906
2022-08-11,NSE:LOWVOLIETF,14.163000106811523
2022-08-11,NSE:MAFANG,44.63999938964844
2022-08-11,NSE:BANKBEES,393.2200012207031
2022-08-11,NSE:PHARMABEES,13.140000343322754
2022-08-11,NSE:MON100,103.55000305175781
2022-08-11,NSE:ITBEES,31.270000457763672
2022-08-12,NSE:MOM100,32.75
2022-08-12,NSE:PHARMABEES,12.989999771118164
2022-08-12,NSE:CPSEETF,35.7400016784668
2022-08-12,NSE:NIFTYBEES,192.86000061035156
2022-08-12,NSE:ITBEES,30.989999771118164
2022-08-12,NSE:BANKBEES,394.8999938964844
2022-08-12,NSE:MAFANG,44.880001068115234
2022-08-12,NSE:LOWVOLIETF,14.081999778747559
2022-08-12,NSE:MON100,103.79000091552734
2022-08-16,NSE:MAFANG,45.36000061035156
2022-08-16,NSE:CPSEETF,35.869998931884766
2022-08-16,NSE:NIFTYBEES,194.08999633789062
2022-08-16,NSE:MON100,105.23999786376953
2022-08-16,NSE:ITBEES,31.010000228881836
2022-08-16,NSE:PHARMABEES,13.050000190734863
2022-08-16,NSE:MOM100,33.189998626708984
2022-08-16,NSE:LOWVOLIETF,14.26099967956543
2022-08-16,NSE:BANKBEES,397.05999755859375
2022-08-17,NSE:CPSEETF,35.900001525878906
2022-08-17,NSE:ITBEES,31.34000015258789
2022-08-17,NSE:PHARMABEES,13.09000015258789
2022-08-17,NSE:NIFTYBEES,195.5500030517578
2022-08-17,NSE:MAFANG,45.220001220703125
2022-08-17,NSE:MOM100,33.349998474121094
2022-08-17,NSE:LOWVOLIETF,14.342000007629395
2022-08-17,NSE:MON100,104.77999877929688
2022-08-17,NSE:BANKBEES,399.07000732421875
2022-08-18,NSE:CPSEETF,35.900001525878906
2022-08-18,NSE:LOWVOLIETF,14.376999855041504
2022-08-18,NSE:MAFANG,44.7599983215332
2022-08-18,NSE:BANKBEES,401.1000061035156
2022-08-18,NSE:MON100,104.19000244140625
2022-08-18,NSE:MOM100,33.41999816894531
2022-08-18,NSE:PHARMABEES,13.029999732971191
2022-08-18,NSE:ITBEES,31.139999389648438
2022-08-18,NSE:NIFTYBEES,195.7100067138672
2022-08-19,NSE:NIFTYBEES,193.61000061035156
2022-08-19,NSE:PHARMABEES,12.920000076293945
2022-08-19,NSE:MAFANG,44.689998626708984
2022-08-19,NSE:CPSEETF,35.4900016784668
2022-08-19,NSE:LOWVOLIETF,14.28600025177002
2022-08-19,NSE:ITBEES,31.100000381469727
2022-08-19,NSE:MOM100,32.779998779296875
2022-08-19,NSE:MON100,103.45999908447266
2022-08-19,NSE:BANKBEES,393.79998779296875
2022-08-22,NSE:MAFANG,43.65999984741211
2022-08-22,NSE:PHARMABEES,12.729999542236328
2022-08-22,NSE:CPSEETF,35.2400016784668
2022-08-22,NSE:MON100,102.1500015258789
2022-08-22,NSE:MOM100,32.290000915527344
2022-08-22,NSE:ITBEES,30.5
2022-08-22,NSE:NIFTYBEES,190.9499969482422
2022-08-22,NSE:BANKBEES,387.3800048828125
2022-08-22,NSE:LOWVOLIETF,14.123000144958496
2022-08-23,NSE:PHARMABEES,12.779999732971191
2022-08-23,NSE:MON100,101.30000305175781
2022-08-23,NSE:MOM100,32.61000061035156
2022-08-23,NSE:LOWVOLIETF,14.12600040435791
2022-08-23,NSE:NIFTYBEES,192.19000244140625
2022-08-23,NSE:CPSEETF,35.77000045776367
2022-08-23,NSE:MAFANG,43.11000061035156
2022-08-23,NSE:BANKBEES,391.7200012207031
2022-08-23,NSE:ITBEES,30.0
2022-08-24,NSE:PHARMABEES,12.770000457763672
2022-08-24,NSE:NIFTYBEES,192.6300048828125
2022-08-24,NSE:BANKBEES,394.8699951171875
2022-08-24,NSE:MON100,99.83999633789062
2022-08-24,NSE:ITBEES,29.920000076293945
2022-08-24,NSE:CPSEETF,36.04999923706055
2022-08-24,NSE:MAFANG,43.08000183105469
2022-08-24,NSE:LOWVOLIETF,14.157999992370605
2022-08-24,NSE:MOM100,32.810001373291016
2022-08-25,NSE:CPSEETF,36.060001373291016
2022-08-25,NSE:ITBEES,29.700000762939453
2022-08-25,NSE:MON100,101.45999908447266
2022-08-25,NSE:MAFANG,43.939998626708984
2022-08-25,NSE:LOWVOLIETF,14.109000205993652
2022-08-25,NSE:BANKBEES,394.260009765625
2022-08-25,NSE:PHARMABEES,12.739999771118164
2022-08-25,NSE:NIFTYBEES,191.77999877929688
2022-08-25,NSE:MOM100,32.91999816894531
2022-08-26,NSE:PHARMABEES,12.729999542236328
2022-08-26,NSE:MON100,101.54000091552734
2022-08-26,NSE:MAFANG,44.4900016784668
2022-08-26,NSE:CPSEETF,36.709999084472656
2022-08-26,NSE:ITBEES,29.770000457763672
2022-08-26,NSE:NIFTYBEES,191.9199981689453
2022-08-26,NSE:MOM100,33.04999923706055
2022-08-26,NSE:BANKBEES,394.8500061035156
2022-08-26,NSE:LOWVOLIETF,14.126999855041504
2022-08-29,NSE:CPSEETF,36.52000045776367
2022-08-29,NSE:MOM100,32.70000076293945
2022-08-29,NSE:MAFANG,43.119998931884766
2022-08-29,NSE:NIFTYBEES,189.44000244140625
2022-08-29,NSE:BANKBEES,387.7799987792969
2022-08-29,NSE:LOWVOLIETF,14.043999671936035
2022-08-29,NSE:MON100,98.31999969482422
2022-08-29,NSE:ITBEES,28.670000076293945
2022-08-29,NSE:PHARMABEES,12.65999984741211
2022-08-30,NSE:BANKBEES,399.95001220703125
2022-08-30,NSE:CPSEETF,37.09000015258789
2022-08-30,NSE:ITBEES,29.40999984741211
2022-08-30,NSE:PHARMABEES,12.819999694824219
2022-08-30,NSE:MON100,99.04000091552734
2022-08-30,NSE:MAFANG,43.25
2022-08-30,NSE:MOM100,33.36000061035156
2022-08-30,NSE:NIFTYBEES,193.9199981689453
2022-08-30,NSE:LOWVOLIETF,14.28600025177002
2022-09-01,NSE:MOM100,33.349998474121094
2022-09-01,NSE:BANKBEES,398.1099853515625
2022-09-01,NSE:NIFTYBEES,191.82000732421875
2022-09-01,NSE:LOWVOLIETF,14.20199966430664
2022-09-01,NSE:CPSEETF,36.75
2022-09-01,NSE:MON100,95.33000183105469
2022-09-01,NSE:MAFANG,41.939998626708984
2022-09-01,NSE:PHARMABEES,12.6899995803833
2022-09-01,NSE:ITBEES,28.920000076293945
2022-09-02,NSE:MAFANG,41.90999984741211
2022-09-02,NSE:LOWVOLIETF,14.157999992370605
2022-09-02,NSE:MOM100,33.40999984741211
2022-09-02,NSE:CPSEETF,36.709999084472656
2022-09-02,NSE:ITBEES,28.780000686645508
2022-09-02,NSE:PHARMABEES,12.609999656677246
2022-09-02,NSE:MON100,96.52999877929688
2022-09-02,NSE:BANKBEES,398.7699890136719
2022-09-02,NSE:NIFTYBEES,191.61000061035156
2022-09-05,NSE:MAFANG,41.650001525878906
2022-09-05,NSE:ITBEES,28.860000610351562
2022-09-05,NSE:NIFTYBEES,192.97999572753906
2022-09-05,NSE:MON100,94.97000122070312
2022-09-05,NSE:PHARMABEES,12.6899995803833
2022-09-05,NSE:MOM100,33.45000076293945
2022-09-05,NSE:CPSEETF,37.0
2022-09-05,NSE:BANKBEES,402.7900085449219
2022-09-05,NSE:LOWVOLIETF,14.142999649047852
2022-09-06,NSE:PHARMABEES,12.710000038146973
2022-09-06,NSE:MAFANG,41.77000045776367
2022-09-06,NSE:MOM100,34.45000076293945
2022-09-06,NSE:ITBEES,28.770000457763672
2022-09-06,NSE:NIFTYBEES,192.47999572753906
2022-09-06,NSE:LOWVOLIETF,14.142000198364258
2022-09-06,NSE:CPSEETF,37.09000015258789
2022-09-06,NSE:BANKBEES,401.25
2022-09-06,NSE:MON100,95.9000015258789
2022-09-07,NSE:MON100,94.7699966430664
2022-09-07,NSE:ITBEES,28.899999618530273
2022-09-07,NSE:NIFTYBEES,192.3699951171875
2022-09-07,NSE:LOWVOLIETF,14.204000473022461
2022-09-07,NSE:PHARMABEES,12.800000190734863
2022-09-07,NSE:CPSEETF,37.279998779296875
2022-09-07,NSE:MAFANG,40.86000061035156
2022-09-07,NSE:BANKBEES,399.2799987792969
2022-09-07,NSE:MOM100,33.939998626708984
2022-09-08,NSE:ITBEES,29.1200008392334
2022-09-08,NSE:PHARMABEES,12.8100004196167
2022-09-08,NSE:MON100,96.26000213623047
2022-09-08,NSE:CPSEETF,37.15999984741211
2022-09-08,NSE:LOWVOLIETF,14.28499984741211
2022-09-08,NSE:NIFTYBEES,194.0
2022-09-08,NSE:MAFANG,41.29999923706055
2022-09-08,NSE:MOM100,33.810001373291016
2022-09-08,NSE:BANKBEES,406.4700012207031
2022-09-09,NSE:MOM100,34.040000915527344
2022-09-09,NSE:NIFTYBEES,194.60000610351562
2022-09-09,NSE:PHARMABEES,12.829999923706055
2022-09-09,NSE:CPSEETF,37.220001220703125
2022-09-09,NSE:ITBEES,29.799999237060547
2022-09-09,NSE:MON100,97.29000091552734
2022-09-09,NSE:LOWVOLIETF,14.244999885559082
2022-09-09,NSE:BANKBEES,408.82000732421875
2022-09-09,NSE:MAFANG,41.650001525878906
2022-09-12,NSE:ITBEES,30.229999542236328
2022-09-12,NSE:MON100,97.29000091552734
2022-09-12,NSE:LOWVOLIETF,14.401000022888184
2022-09-12,NSE:CPSEETF,37.20000076293945
2022-09-12,NSE:BANKBEES,410.2200012207031
2022-09-12,NSE:MOM100,34.369998931884766
2022-09-12,NSE:MAFANG,42.529998779296875
2022-09-12,NSE:PHARMABEES,12.869999885559082
2022-09-12,NSE:NIFTYBEES,195.63999938964844
2022-09-13,NSE:BANKBEES,412.9599914550781
2022-09-13,NSE:MAFANG,42.83000183105469
2022-09-13,NSE:MOM100,34.470001220703125
2022-09-13,NSE:MON100,99.01000213623047
2022-09-13,NSE:ITBEES,30.209999084472656
2022-09-13,NSE:PHARMABEES,12.880000114440918
2022-09-13,NSE:CPSEETF,37.38999938964844
2022-09-13,NSE:LOWVOLIETF,14.430000305175781
2022-09-13,NSE:NIFTYBEES,196.9499969482422
2022-09-14,NSE:LOWVOLIETF,14.432999610900879
2022-09-14,NSE:CPSEETF,37.650001525878906
2022-09-14,NSE:MAFANG,40.79999923706055
2022-09-14,NSE:MOM100,34.4900016784668
2022-09-14,NSE:MON100,96.19000244140625
2022-09-14,NSE:ITBEES,29.209999084472656
2022-09-14,NSE:PHARMABEES,12.819999694824219
2022-09-14,NSE:BANKBEES,419.2900085449219
2022-09-14,NSE:NIFTYBEES,196.27000427246094
2022-09-15,NSE:MOM100,34.38999938964844
2022-09-15,NSE:MAFANG,40.810001373291016
2022-09-15,NSE:MON100,96.9000015258789
2022-09-15,NSE:LOWVOLIETF,14.321999549865723
2022-09-15,NSE:CPSEETF,38.0
2022-09-15,NSE:NIFTYBEES,195.69000244140625
2022-09-15,NSE:ITBEES,28.790000915527344
2022-09-15,NSE:BANKBEES,417.5299987792969
2022-09-15,NSE:PHARMABEES,12.649999618530273
2022-09-16,NSE:CPSEETF,37.65999984741211
2022-09-16,NSE:MOM100,33.560001373291016
2022-09-16,NSE:NIFTYBEES,191.89999389648438
2022-09-16,NSE:LOWVOLIETF,14.017000198364258
2022-09-16,NSE:PHARMABEES,12.5
2022-09-16,NSE:BANKBEES,412.3299865722656
2022-09-16,NSE:MAFANG,40.13999938964844
2022-09-16,NSE:ITBEES,27.739999771118164
2022-09-16,NSE:MON100,94.1500015258789
2022-09-19,NSE:LOWVOLIETF,13.975000381469727
2022-09-19,NSE:CPSEETF,37.40999984741211
2022-09-19,NSE:MOM100,33.63999938964844
2022-09-19,NSE:ITBEES,27.81999969482422
2022-09-19,NSE:MAFANG,40.02000045776367
2022-09-19,NSE:BANKBEES,413.3500061035156
2022-09-19,NSE:NIFTYBEES,192.75
2022-09-19,NSE:MON100,93.33000183105469
2022-09-19,NSE:PHARMABEES,12.489999771118164
2022-09-20,NSE:MAFANG,40.58000183105469
2022-09-20,NSE:PHARMABEES,12.890000343322754
2022-09-20,NSE:NIFTYBEES,194.44000244140625
2022-09-20,NSE:LOWVOLIETF,14.13700008392334
2022-09-20,NSE:CPSEETF,37.529998779296875
2022-09-20,NSE:MOM100,33.93000030517578
2022-09-20,NSE:BANKBEES,419.07000732421875
2022-09-20,NSE:ITBEES,28.040000915527344
2022-09-20,NSE:MON100,94.08999633789062
2022-09-21,NSE:MAFANG,40.68000030517578
2022-09-21,NSE:CPSEETF,37.040000915527344
2022-09-21,NSE:BANKBEES,416.5199890136719
2022-09-21,NSE:MOM100,33.599998474121094
2022-09-21,NSE:LOWVOLIETF,14.039999961853027
2022-09-21,NSE:MON100,93.55999755859375
2022-09-21,NSE:PHARMABEES,12.710000038146973
2022-09-21,NSE:NIFTYBEES,193.5
2022-09-21,NSE:ITBEES,27.850000381469727
2022-09-22,NSE:NIFTYBEES,192.9199981689453
2022-09-22,NSE:LOWVOLIETF,14.053000450134277
2022-09-22,NSE:ITBEES,27.790000915527344
2022-09-22,NSE:CPSEETF,36.66999816894531
2022-09-22,NSE:MOM100,33.75
2022-09-22,NSE:PHARMABEES,12.729999542236328
2022-09-22,NSE:BANKBEES,411.6700134277344
2022-09-22,NSE:MON100,93.12000274658203
2022-09-22,NSE:MAFANG,40.0099983215332
2022-09-23,NSE:PHARMABEES,12.760000228881836
2022-09-23,NSE:CPSEETF,35.650001525878906
2022-09-23,NSE:NIFTYBEES,189.63999938964844
2022-09-23,NSE:MON100,91.37999725341797
2022-09-23,NSE:MOM100,33.18000030517578
2022-09-23,NSE:ITBEES,27.59000015258789
2022-09-23,NSE:BANKBEES,401.5899963378906
2022-09-23,NSE:MAFANG,39.5
2022-09-23,NSE:LOWVOLIETF,13.871999740600586
2022-09-26,NSE:PHARMABEES,12.600000381469727
2022-09-26,NSE:MOM100,31.940000534057617
2022-09-26,NSE:MAFANG,39.15999984741211
2022-09-26,NSE:CPSEETF,34.54999923706055
2022-09-26,NSE:BANKBEES,391.5400085449219
2022-09-26,NSE:NIFTYBEES,186.2100067138672
2022-09-26,NSE:LOWVOLIETF,13.765999794006348
2022-09-26,NSE:ITBEES,27.739999771118164
2022-09-26,NSE:MON100,90.98999786376953
2022-09-27,NSE:CPSEETF,34.619998931884766
2022-09-27,NSE:BANKBEES,388.7200012207031
2022-09-27,NSE:MOM100,32.119998931884766
2022-09-27,NSE:ITBEES,27.989999771118164
2022-09-27,NSE:MAFANG,40.099998474121094
2022-09-27,NSE:MON100,91.91999816894531
2022-09-27,NSE:NIFTYBEES,186.0500030517578
2022-09-27,NSE:PHARMABEES,12.739999771118164
2022-09-27,NSE:LOWVOLIETF,13.758000373840332
2022-09-28,NSE:MAFANG,38.869998931884766
2022-09-28,NSE:NIFTYBEES,184.47000122070312
2022-09-28,NSE:CPSEETF,34.43000030517578
2022-09-28,NSE:LOWVOLIETF,13.786999702453613
2022-09-28,NSE:MON100,90.81999969482422
2022-09-28,NSE:PHARMABEES,12.789999961853027
2022-09-28,NSE:MOM100,32.04999923706055
2022-09-28,NSE:ITBEES,28.059999465942383
2022-09-28,NSE:BANKBEES,383.1700134277344
2022-09-29,NSE:LOWVOLIETF,13.720000267028809
2022-09-29,NSE:CPSEETF,34.65999984741211
2022-09-29,NSE:MOM100,32.04999923706055
2022-09-29,NSE:MON100,92.66999816894531
2022-09-29,NSE:PHARMABEES,13.020000457763672
2022-09-29,NSE:NIFTYBEES,184.07000732421875
2022-09-29,NSE:BANKBEES,382.0199890136719
2022-09-29,NSE:MAFANG,39.84000015258789
2022-09-29,NSE:ITBEES,27.850000381469727
2022-09-30,NSE:CPSEETF,34.95000076293945
2022-09-30,NSE:BANKBEES,391.04998779296875
2022-09-30,NSE:ITBEES,27.940000534057617
2022-09-30,NSE:LOWVOLIETF,13.83899974822998
2022-09-30,NSE:MOM100,32.540000915527344
2022-09-30,NSE:MAFANG,39.130001068115234
2022-09-30,NSE:PHARMABEES,13.09000015258789
2022-09-30,NSE:MON100,91.05999755859375
2022-09-30,NSE:NIFTYBEES,186.8300018310547
2022-10-03,NSE:BANKBEES,385.8800048828125
2022-10-03,NSE:MAFANG,39.27000045776367
2022-10-03,NSE:MON100,90.68000030517578
2022-10-03,NSE:MOM100,32.06999969482422
2022-10-03,NSE:ITBEES,27.709999084472656
2022-10-03,NSE:PHARMABEES,13.279999732971191
2022-10-03,NSE:NIFTYBEES,184.25
2022-10-03,NSE:LOWVOLIETF,13.67300033569336
2022-10-03,NSE:CPSEETF,35.04999923706055
2022-10-04,NSE:CPSEETF,35.779998779296875
2022-10-04,NSE:MON100,92.37999725341797
2022-10-04,NSE:BANKBEES,395.5199890136719
2022-10-04,NSE:PHARMABEES,13.359999656677246
2022-10-04,NSE:MAFANG,39.72999954223633
2022-10-04,NSE:NIFTYBEES,188.2899932861328
2022-10-04,NSE:ITBEES,28.40999984741211
2022-10-04,NSE:MOM100,32.849998474121094
2022-10-04,NSE:LOWVOLIETF,13.869999885559082
2022-10-06,NSE:MOM100,33.52000045776367
2022-10-06,NSE:MON100,93.75
2022-10-06,NSE:BANKBEES,397.32000732421875
2022-10-06,NSE:ITBEES,28.850000381469727
2022-10-06,NSE:MAFANG,39.869998931884766
2022-10-06,NSE:NIFTYBEES,188.94000244140625
2022-10-06,NSE:PHARMABEES,13.329999923706055
2022-10-06,NSE:LOWVOLIETF,13.930999755859375
2022-10-06,NSE:CPSEETF,36.029998779296875
2022-10-07,NSE:LOWVOLIETF,13.890999794006348
2022-10-07,NSE:NIFTYBEES,189.19000244140625
2022-10-07,NSE:PHARMABEES,13.289999961853027
2022-10-07,NSE:MON100,93.68000030517578
2022-10-07,NSE:MOM100,33.279998779296875
2022-10-07,NSE:CPSEETF,36.25
2022-10-07,NSE:MAFANG,40.189998626708984
2022-10-07,NSE:BANKBEES,396.3500061035156
2022-10-07,NSE:ITBEES,28.739999771118164
2022-10-10,NSE:CPSEETF,36.130001068115234
2022-10-10,NSE:MON100,90.48999786376953
2022-10-10,NSE:LOWVOLIETF,13.840999603271484
2022-10-10,NSE:BANKBEES,395.5799865722656
2022-10-10,NSE:NIFTYBEES,188.75
2022-10-10,NSE:PHARMABEES,13.180000305175781
2022-10-10,NSE:MAFANG,38.349998474121094
2022-10-10,NSE:MOM100,33.02000045776367
2022-10-10,NSE:ITBEES,28.979999542236328
2022-10-11,NSE:ITBEES,28.479999542236328
2022-10-11,NSE:NIFTYBEES,185.8699951171875
2022-10-11,NSE:BANKBEES,392.0
2022-10-11,NSE:MAFANG,38.0
2022-10-11,NSE:LOWVOLIETF,13.592000007629395
2022-10-11,NSE:CPSEETF,35.70000076293945
2022-10-11,NSE:MON100,89.76000213623047
2022-10-11,NSE:MOM100,32.470001220703125
2022-10-11,NSE:PHARMABEES,12.960000038146973
2022-10-12,NSE:BANKBEES,395.8699951171875
2022-10-12,NSE:LOWVOLIETF,13.720999717712402
2022-10-12,NSE:CPSEETF,36.400001525878906
2022-10-12,NSE:NIFTYBEES,187.2100067138672
2022-10-12,NSE:PHARMABEES,12.979999542236328
2022-10-12,NSE:ITBEES,28.6200008392334
2022-10-12,NSE:MON100,88.55000305175781
2022-10-12,NSE:MOM100,32.5
2022-10-12,NSE:MAFANG,37.290000915527344
2022-10-13,NSE:MON100,88.69999694824219
2022-10-13,NSE:LOWVOLIETF,13.637999534606934
2022-10-13,NSE:MAFANG,37.15999984741211
2022-10-13,NSE:PHARMABEES,13.010000228881836
2022-10-13,NSE:MOM100,32.290000915527344
2022-10-13,NSE:ITBEES,28.459999084472656
2022-10-13,NSE:NIFTYBEES,186.22999572753906
2022-10-13,NSE:BANKBEES,391.6099853515625
2022-10-13,NSE:CPSEETF,36.18000030517578
2022-10-14,NSE:LOWVOLIETF,13.678000450134277
2022-10-14,NSE:CPSEETF,35.9900016784668
2022-10-14,NSE:MOM100,32.40999984741211
2022-10-14,NSE:BANKBEES,397.8599853515625
2022-10-14,NSE:ITBEES,28.93000030517578
2022-10-14,NSE:MON100,89.62000274658203
2022-10-14,NSE:NIFTYBEES,188.02000427246094
2022-10-14,NSE:PHARMABEES,13.079999923706055
2022-10-14,NSE:MAFANG,37.59000015258789
2022-10-17,NSE:MON100,88.7699966430664
2022-10-17,NSE:MOM100,32.290000915527344
2022-10-17,NSE:CPSEETF,36.22999954223633
2022-10-17,NSE:NIFTYBEES,188.8300018310547
2022-10-17,NSE:BANKBEES,403.6499938964844
2022-10-17,NSE:PHARMABEES,13.109999656677246
2022-10-17,NSE:MAFANG,36.91999816894531
2022-10-17,NSE:ITBEES,28.959999084472656
2022-10-17,NSE:LOWVOLIETF,13.78499984741211
2022-10-18,NSE:CPSEETF,36.619998931884766
2022-10-18,NSE:NIFTYBEES,190.63999938964844
2022-10-18,NSE:PHARMABEES,13.109999656677246
2022-10-18,NSE:MOM100,32.779998779296875
2022-10-18,NSE:MON100,91.47000122070312
2022-10-18,NSE:ITBEES,29.260000228881836
2022-10-18,NSE:MAFANG,38.45000076293945
2022-10-18,NSE:BANKBEES,407.2099914550781
2022-10-18,NSE:LOWVOLIETF,13.82800006866455
2022-10-19,NSE:MOM100,32.70000076293945
2022-10-19,NSE:ITBEES,29.059999465942383
2022-10-19,NSE:CPSEETF,36.369998931884766
2022-10-19,NSE:MON100,91.5
2022-10-19,NSE:NIFTYBEES,190.8300018310547
2022-10-19,NSE:BANKBEES,408.010009765625
2022-10-19,NSE:MAFANG,38.18000030517578
2022-10-19,NSE:PHARMABEES,13.109999656677246
2022-10-19,NSE:LOWVOLIETF,13.866999626159668
2022-10-20,NSE:BANKBEES,405.9599914550781
2022-10-20,NSE:ITBEES,29.399999618530273
2022-10-20,NSE:PHARMABEES,13.1899995803833
2022-10-20,NSE:LOWVOLIETF,13.984000205993652
2022-10-20,NSE:MAFANG,38.06999969482422
2022-10-20,NSE:NIFTYBEES,191.44000244140625
2022-10-20,NSE:CPSEETF,36.95000076293945
2022-10-20,NSE:MOM100,32.630001068115234
2022-10-20,NSE:MON100,90.66000366210938
2022-10-21,NSE:NIFTYBEES,191.52000427246094
2022-10-21,NSE:ITBEES,29.31999969482422
2022-10-21,NSE:MOM100,32.4900016784668
2022-10-21,NSE:CPSEETF,36.72999954223633
2022-10-21,NSE:MON100,89.80999755859375
2022-10-21,NSE:LOWVOLIETF,13.920999526977539
2022-10-21,NSE:BANKBEES,412.1199951171875
2022-10-21,NSE:MAFANG,37.70000076293945
2022-10-21,NSE:PHARMABEES,13.109999656677246
2022-10-24,NSE:LOWVOLIETF,14.086999893188477
2022-10-24,NSE:MAFANG,38.33000183105469
2022-10-24,NSE:NIFTYBEES,193.1699981689453
2022-10-24,NSE:BANKBEES,416.70001220703125
2022-10-24,NSE:MON100,91.8499984741211
2022-10-24,NSE:PHARMABEES,13.430000305175781
2022-10-24,NSE:CPSEETF,37.0
2022-10-24,NSE:MOM100,32.790000915527344
2022-10-24,NSE:ITBEES,29.6299991607666
2022-10-25,NSE:PHARMABEES,13.210000038146973
2022-10-25,NSE:MOM100,32.810001373291016
2022-10-25,NSE:CPSEETF,37.08000183105469
2022-10-25,NSE:NIFTYBEES,192.49000549316406
2022-10-25,NSE:MAFANG,38.18000030517578
2022-10-25,NSE:ITBEES,29.719999313354492
2022-10-25,NSE:MON100,91.87999725341797
2022-10-25,NSE:LOWVOLIETF,13.970999717712402
2022-10-25,NSE:BANKBEES,415.3900146484375
2022-10-27,NSE:ITBEES,29.65999984741211
2022-10-27,NSE:NIFTYBEES,193.4499969482422
2022-10-27,NSE:LOWVOLIETF,14.013999938964844
2022-10-27,NSE:PHARMABEES,13.359999656677246
2022-10-27,NSE:MOM100,32.90999984741211
2022-10-27,NSE:CPSEETF,37.599998474121094
2022-10-27,NSE:MAFANG,37.970001220703125
2022-10-27,NSE:BANKBEES,416.94000244140625
2022-10-27,NSE:MON100,91.51000213623047
2022-10-28,NSE:MON100,90.4000015258789
2022-10-28,NSE:BANKBEES,414.17999267578125
2022-10-28,NSE:ITBEES,29.459999084472656
2022-10-28,NSE:MOM100,32.900001525878906
2022-10-28,NSE:CPSEETF,37.900001525878906
2022-10-28,NSE:PHARMABEES,13.199999809265137
2022-10-28,NSE:NIFTYBEES,193.9600067138672
2022-10-28,NSE:MAFANG,36.38999938964844
2022-10-28,NSE:LOWVOLIETF,14.109000205993652
2022-10-31,NSE:PHARMABEES,13.3100004196167
2022-10-31,NSE:MOM100,33.279998779296875
2022-10-31,NSE:LOWVOLIETF,14.20300006866455
2022-10-31,NSE:NIFTYBEES,196.27000427246094
2022-10-31,NSE:BANKBEES,417.25
2022-10-31,NSE:CPSEETF,38.0
2022-10-31,NSE:ITBEES,29.809999465942383
2022-10-31,NSE:MON100,92.5199966430664
2022-10-31,NSE:MAFANG,36.93000030517578
2022-11-01,NSE:ITBEES,30.360000610351562
2022-11-01,NSE:PHARMABEES,13.600000381469727
2022-11-01,NSE:MAFANG,37.04999923706055
2022-11-01,NSE:CPSEETF,38.779998779296875
2022-11-01,NSE:NIFTYBEES,197.97999572753906
2022-11-01,NSE:MOM100,33.630001068115234
2022-11-01,NSE:BANKBEES,417.3999938964844
2022-11-01,NSE:MON100,93.58999633789062
2022-11-01,NSE:LOWVOLIETF,14.447999954223633
2022-11-02,NSE:PHARMABEES,13.649999618530273
2022-11-02,NSE:MAFANG,36.619998931884766
2022-11-02,NSE:BANKBEES,415.8599853515625
2022-11-02,NSE:MON100,92.68000030517578
2022-11-02,NSE:LOWVOLIETF,14.395999908447266
2022-11-02,NSE:ITBEES,30.229999542236328
2022-11-02,NSE:NIFTYBEES,197.41000366210938
2022-11-02,NSE:MOM100,33.40999984741211
2022-11-02,NSE:CPSEETF,38.65999984741211
2022-11-03,NSE:LOWVOLIETF,14.329999923706055
2022-11-03,NSE:ITBEES,29.959999084472656
2022-11-03,NSE:MAFANG,35.61000061035156
2022-11-03,NSE:PHARMABEES,13.65999984741211
2022-11-03,NSE:MOM100,33.66999816894531
2022-11-03,NSE:NIFTYBEES,197.38999938964844
2022-11-03,NSE:BANKBEES,417.3800048828125
2022-11-03,NSE:CPSEETF,38.61000061035156
2022-11-03,NSE:MON100,89.45999908447266
2022-11-04,NSE:LOWVOLIETF,14.288000106811523
2022-11-04,NSE:ITBEES,29.81999969482422
2022-11-04,NSE:BANKBEES,417.0
2022-11-04,NSE:CPSEETF,38.47999954223633
2022-11-04,NSE:MAFANG,34.869998931884766
2022-11-04,NSE:NIFTYBEES,197.77000427246094
2022-11-04,NSE:MOM100,33.58000183105469
2022-11-04,NSE:MON100,88.16000366210938
2022-11-04,NSE:PHARMABEES,13.579999923706055
2022-11-07,NSE:MON100,88.68000030517578
2022-11-07,NSE:NIFTYBEES,198.6199951171875
2022-11-07,NSE:BANKBEES,421.1600036621094
2022-11-07,NSE:MAFANG,35.06999969482422
2022-11-07,NSE:ITBEES,29.8799991607666
2022-11-07,NSE:MOM100,33.779998779296875
2022-11-07,NSE:PHARMABEES,13.380000114440918
2022-11-07,NSE:LOWVOLIETF,14.331999778747559
2022-11-07,NSE:CPSEETF,38.86000061035156
2022-11-09,NSE:NIFTYBEES,198.32000732421875
2022-11-09,NSE:PHARMABEES,13.1899995803833
2022-11-09,NSE:LOWVOLIETF,14.277000427246094
2022-11-09,NSE:MON100,89.0
2022-11-09,NSE:MAFANG,35.0
2022-11-09,NSE:ITBEES,29.809999465942383
2022-11-09,NSE:MOM100,33.58000183105469
2022-11-09,NSE:CPSEETF,38.47999954223633
2022-11-09,NSE:BANKBEES,422.2900085449219
2022-11-10,NSE:MOM100,33.189998626708984
2022-11-10,NSE:MON100,87.5199966430664
2022-11-10,NSE:MAFANG,34.22999954223633
2022-11-10,NSE:LOWVOLIETF,14.218999862670898
2022-11-10,NSE:CPSEETF,38.13999938964844
2022-11-10,NSE:NIFTYBEES,196.86000061035156
2022-11-10,NSE:PHARMABEES,13.130000114440918
2022-11-10,NSE:ITBEES,29.719999313354492
2022-11-10,NSE:BANKBEES,420.57000732421875
2022-11-11,NSE:MAFANG,36.70000076293945
2022-11-11,NSE:CPSEETF,38.220001220703125
2022-11-11,NSE:NIFTYBEES,200.22000122070312
2022-11-11,NSE:PHARMABEES,13.15999984741211
2022-11-11,NSE:ITBEES,30.770000457763672
2022-11-11,NSE:MOM100,33.209999084472656
2022-11-11,NSE:MON100,91.91999816894531
2022-11-11,NSE:BANKBEES,425.92999267578125
2022-11-11,NSE:LOWVOLIETF,14.336000442504883
2022-11-14,NSE:MOM100,33.209999084472656
2022-11-14,NSE:CPSEETF,38.029998779296875
2022-11-14,NSE:MON100,92.5999984741211
2022-11-14,NSE:NIFTYBEES,200.1699981689453
2022-11-14,NSE:MAFANG,37.040000915527344
2022-11-14,NSE:PHARMABEES,13.15999984741211
2022-11-14,NSE:ITBEES,31.040000915527344
2022-11-14,NSE:LOWVOLIETF,14.357000350952148
2022-11-14,NSE:BANKBEES,425.6499938964844
2022-11-15,NSE:CPSEETF,38.38999938964844
2022-11-15,NSE:BANKBEES,428.510009765625
2022-11-15,NSE:MOM100,33.22999954223633
2022-11-15,NSE:PHARMABEES,13.199999809265137
2022-11-15,NSE:LOWVOLIETF,14.38599967956543
2022-11-15,NSE:MON100,93.13999938964844
2022-11-15,NSE:MAFANG,37.599998474121094
2022-11-15,NSE:ITBEES,31.040000915527344
2022-11-15,NSE:NIFTYBEES,200.91000366210938
2022-11-16,NSE:MON100,93.91999816894531
2022-11-16,NSE:PHARMABEES,13.130000114440918
2022-11-16,NSE:BANKBEES,429.8699951171875
2022-11-16,NSE:ITBEES,31.190000534057617
2022-11-16,NSE:MAFANG,38.529998779296875
2022-11-16,NSE:CPSEETF,38.470001220703125
2022-11-16,NSE:LOWVOLIETF,14.388999938964844
2022-11-16,NSE:MOM100,33.11000061035156
2022-11-16,NSE:NIFTYBEES,200.8699951171875
2022-11-17,NSE:PHARMABEES,13.09000015258789
2022-11-17,NSE:CPSEETF,38.5
2022-11-17,NSE:MON100,92.97000122070312
2022-11-17,NSE:MOM100,32.95000076293945
2022-11-17,NSE:ITBEES,30.920000076293945
2022-11-17,NSE:LOWVOLIETF,14.371999740600586
2022-11-17,NSE:BANKBEES,429.54998779296875
2022-11-17,NSE:NIFTYBEES,200.1999969482422
2022-11-17,NSE:MAFANG,38.34000015258789
2022-11-18,NSE:MON100,93.58000183105469
2022-11-18,NSE:CPSEETF,38.09000015258789
2022-11-18,NSE:PHARMABEES,12.949999809265137
2022-11-18,NSE:ITBEES,30.8700008392334
2022-11-18,NSE:MAFANG,38.380001068115234
2022-11-18,NSE:LOWVOLIETF,14.361000061035156
2022-11-18,NSE:BANKBEES,429.45001220703125
2022-11-18,NSE:NIFTYBEES,199.9199981689453
2022-11-18,NSE:MOM100,32.77000045776367
2022-11-21,NSE:BANKBEES,428.04998779296875
2022-11-21,NSE:MON100,93.02999877929688
2022-11-21,NSE:LOWVOLIETF,14.26200008392334
2022-11-21,NSE:ITBEES,30.450000762939453
2022-11-21,NSE:PHARMABEES,12.9399995803833
2022-11-21,NSE:MOM100,32.66999816894531
2022-11-21,NSE:NIFTYBEES,198.5500030517578
2022-11-21,NSE:CPSEETF,37.97999954223633
2022-11-21,NSE:MAFANG,37.77000045776367
2022-11-22,NSE:PHARMABEES,12.970000267028809
2022-11-22,NSE:MAFANG,36.959999084472656
2022-11-22,NSE:MON100,92.23999786376953
2022-11-22,NSE:MOM100,32.91999816894531
2022-11-22,NSE:BANKBEES,428.95001220703125
2022-11-22,NSE:NIFTYBEES,199.22999572753906
2022-11-22,NSE:ITBEES,30.59000015258789
2022-11-22,NSE:LOWVOLIETF,14.286999702453613
2022-11-22,NSE:CPSEETF,38.22999954223633
2022-11-23,NSE:BANKBEES,431.80999755859375
2022-11-23,NSE:LOWVOLIETF,14.305999755859375
2022-11-23,NSE:MON100,93.31999969482422
2022-11-23,NSE:PHARMABEES,13.010000228881836
2022-11-23,NSE:CPSEETF,38.15999984741211
2022-11-23,NSE:MAFANG,37.290000915527344
2022-11-23,NSE:NIFTYBEES,199.50999450683594
2022-11-23,NSE:MOM100,33.099998474121094
2022-11-23,NSE:ITBEES,30.56999969482422
2022-11-24,NSE:NIFTYBEES,201.72000122070312
2022-11-24,NSE:BANKBEES,435.1600036621094
2022-11-24,NSE:MAFANG,38.400001525878906
2022-11-24,NSE:MON100,94.20999908447266
2022-11-24,NSE:PHARMABEES,13.020000457763672
2022-11-24,NSE:ITBEES,31.350000381469727
2022-11-24,NSE:LOWVOLIETF,14.444000244140625
2022-11-24,NSE:CPSEETF,38.599998474121094
2022-11-24,NSE:MOM100,33.15999984741211
2022-11-25,NSE:ITBEES,31.6200008392334
2022-11-25,NSE:LOWVOLIETF,14.472000122070312
2022-11-25,NSE:BANKBEES,435.1600036621094
2022-11-25,NSE:PHARMABEES,13.079999923706055
2022-11-25,NSE:MOM100,33.439998626708984
2022-11-25,NSE:MAFANG,38.5
2022-11-25,NSE:NIFTYBEES,202.35000610351562
2022-11-25,NSE:MON100,94.05000305175781
2022-11-25,NSE:CPSEETF,38.7599983215332
2022-11-28,NSE:CPSEETF,38.7599983215332
2022-11-28,NSE:MAFANG,37.810001373291016
2022-11-28,NSE:MOM100,33.65999984741211
2022-11-28,NSE:ITBEES,31.59000015258789
2022-11-28,NSE:MON100,93.31999969482422
2022-11-28,NSE:PHARMABEES,13.109999656677246
2022-11-28,NSE:LOWVOLIETF,14.586999893188477
2022-11-28,NSE:BANKBEES,435.30999755859375
2022-11-28,NSE:NIFTYBEES,203.0399932861328
2022-11-29,NSE:MAFANG,37.81999969482422
2022-11-29,NSE:MOM100,33.54999923706055
2022-11-29,NSE:NIFTYBEES,203.42999267578125
2022-11-29,NSE:MON100,93.2699966430664
2022-11-29,NSE:BANKBEES,435.8999938964844
2022-11-29,NSE:ITBEES,31.610000610351562
2022-11-29,NSE:CPSEETF,38.630001068115234
2022-11-29,NSE:PHARMABEES,13.1899995803833
2022-11-29,NSE:LOWVOLIETF,14.720000267028809
2022-11-30,NSE:MAFANG,37.849998474121094
2022-11-30,NSE:MOM100,33.869998931884766
2022-11-30,NSE:MON100,92.68000030517578
2022-11-30,NSE:ITBEES,31.6299991607666
2022-11-30,NSE:PHARMABEES,13.260000228881836
2022-11-30,NSE:LOWVOLIETF,14.814000129699707
2022-11-30,NSE:NIFTYBEES,204.6999969482422
2022-11-30,NSE:CPSEETF,38.810001373291016
2022-11-30,NSE:BANKBEES,436.92999267578125
2022-12-01,NSE:MOM100,34.18000030517578
2022-12-01,NSE:BANKBEES,436.70001220703125
2022-12-01,NSE:MAFANG,39.529998779296875
2022-12-01,NSE:CPSEETF,38.63999938964844
2022-12-01,NSE:PHARMABEES,13.25
2022-12-01,NSE:LOWVOLIETF,14.890999794006348
2022-12-01,NSE:MON100,94.98999786376953
2022-12-01,NSE:ITBEES,32.380001068115234
2022-12-01,NSE:NIFTYBEES,205.5399932861328
2022-12-02,NSE:PHARMABEES,13.199999809265137
2022-12-02,NSE:MOM100,34.5
2022-12-02,NSE:BANKBEES,435.6099853515625
2022-12-02,NSE:MAFANG,39.880001068115234
2022-12-02,NSE:ITBEES,32.369998931884766
2022-12-02,NSE:MON100,95.16000366210938
2022-12-02,NSE:NIFTYBEES,204.80999755859375
2022-12-02,NSE:LOWVOLIETF,14.842000007629395
2022-12-02,NSE:CPSEETF,38.66999816894531
2022-12-05,NSE:PHARMABEES,13.1899995803833
2022-12-05,NSE:MON100,95.25
2022-12-05,NSE:ITBEES,32.22999954223633
2022-12-05,NSE:BANKBEES,437.8999938964844
2022-12-05,NSE:MAFANG,40.380001068115234
2022-12-05,NSE:CPSEETF,39.27000045776367
2022-12-05,NSE:LOWVOLIETF,14.781999588012695
2022-12-05,NSE:NIFTYBEES,204.44000244140625
2022-12-05,NSE:MOM100,34.630001068115234
2022-12-06,NSE:ITBEES,31.739999771118164
2022-12-06,NSE:NIFTYBEES,204.13999938964844
2022-12-06,NSE:MAFANG,40.15999984741211
2022-12-06,NSE:CPSEETF,39.20000076293945
2022-12-06,NSE:PHARMABEES,13.100000381469727
2022-12-06,NSE:LOWVOLIETF,14.72700023651123
2022-12-06,NSE:BANKBEES,436.7699890136719
2022-12-06,NSE:MON100,95.02999877929688
2022-12-06,NSE:MOM100,34.470001220703125
2022-12-07,NSE:PHARMABEES,13.010000228881836
2022-12-07,NSE:MON100,93.66999816894531
2022-12-07,NSE:BANKBEES,435.3399963378906
2022-12-07,NSE:NIFTYBEES,202.8699951171875
2022-12-07,NSE:CPSEETF,38.84000015258789
2022-12-07,NSE:MOM100,34.27000045776367
2022-12-07,NSE:MAFANG,39.52000045776367
2022-12-07,NSE:LOWVOLIETF,14.748000144958496
2022-12-07,NSE:ITBEES,31.459999084472656
2022-12-08,NSE:ITBEES,31.399999618530273
2022-12-08,NSE:CPSEETF,38.70000076293945
2022-12-08,NSE:MON100,93.80000305175781
2022-12-08,NSE:LOWVOLIETF,14.758000373840332
2022-12-08,NSE:MAFANG,39.61000061035156
2022-12-08,NSE:PHARMABEES,12.869999885559082
2022-12-08,NSE:BANKBEES,440.5
2022-12-08,NSE:MOM100,34.31999969482422
2022-12-08,NSE:NIFTYBEES,203.6199951171875
2022-12-09,NSE:MAFANG,39.40999984741211
2022-12-09,NSE:BANKBEES,440.9800109863281
2022-12-09,NSE:LOWVOLIETF,14.63700008392334
2022-12-09,NSE:MOM100,34.2599983215332
2022-12-09,NSE:CPSEETF,38.43000030517578
2022-12-09,NSE:ITBEES,30.440000534057617
2022-12-09,NSE:MON100,93.9800033569336
2022-12-09,NSE:NIFTYBEES,202.47999572753906
2022-12-09,NSE:PHARMABEES,12.899999618530273
2022-12-12,NSE:MAFANG,39.72999954223633
2022-12-12,NSE:NIFTYBEES,202.61000061035156
2022-12-12,NSE:MOM100,34.380001068115234
2022-12-12,NSE:MON100,93.94000244140625
2022-12-12,NSE:LOWVOLIETF,14.673999786376953
2022-12-12,NSE:CPSEETF,38.59000015258789
2022-12-12,NSE:PHARMABEES,12.890000343322754
2022-12-12,NSE:BANKBEES,441.7699890136719
2022-12-12,NSE:ITBEES,30.270000457763672
2022-12-13,NSE:MON100,94.9800033569336
2022-12-13,NSE:PHARMABEES,12.920000076293945
2022-12-13,NSE:NIFTYBEES,203.77000427246094
2022-12-13,NSE:CPSEETF,38.689998626708984
2022-12-13,NSE:MAFANG,39.849998474121094
2022-12-13,NSE:MOM100,34.66999816894531
2022-12-13,NSE:LOWVOLIETF,14.76099967956543
2022-12-13,NSE:ITBEES,30.59000015258789
2022-12-13,NSE:BANKBEES,444.7099914550781
2022-12-14,NSE:MOM100,34.880001068115234
2022-12-14,NSE:CPSEETF,39.15999984741211
2022-12-14,NSE:NIFTYBEES,204.35000610351562
2022-12-14,NSE:MAFANG,40.41999816894531
2022-12-14,NSE:BANKBEES,444.8399963378906
2022-12-14,NSE:PHARMABEES,12.979999542236328
2022-12-14,NSE:LOWVOLIETF,14.741000175476074
2022-12-14,NSE:MON100,95.88999938964844
2022-12-14,NSE:ITBEES,30.860000610351562
2022-12-15,NSE:MAFANG,39.47999954223633
2022-12-15,NSE:LOWVOLIETF,14.595000267028809
2022-12-15,NSE:BANKBEES,439.69000244140625
2022-12-15,NSE:ITBEES,30.34000015258789
2022-12-15,NSE:CPSEETF,38.869998931884766
2022-12-15,NSE:MON100,94.61000061035156
2022-12-15,NSE:PHARMABEES,12.9399995803833
2022-12-15,NSE:NIFTYBEES,201.5800018310547
2022-12-15,NSE:MOM100,34.47999954223633
2022-12-16,NSE:ITBEES,29.90999984741211
2022-12-16,NSE:MON100,92.83000183105469
2022-12-16,NSE:MAFANG,38.2400016784668
2022-12-16,NSE:CPSEETF,38.36000061035156
2022-12-16,NSE:NIFTYBEES,200.16000366210938
2022-12-16,NSE:PHARMABEES,12.779999732971191
2022-12-16,NSE:BANKBEES,436.8500061035156
2022-12-16,NSE:MOM100,33.939998626708984
2022-12-16,NSE:LOWVOLIETF,14.442999839782715
2022-12-19,NSE:MON100,92.80999755859375
2022-12-19,NSE:BANKBEES,439.1400146484375
2022-12-19,NSE:LOWVOLIETF,14.605999946594238
2022-12-19,NSE:NIFTYBEES,201.6699981689453
2022-12-19,NSE:CPSEETF,38.68000030517578
2022-12-19,NSE:ITBEES,29.780000686645508
2022-12-19,NSE:PHARMABEES,12.789999961853027
2022-12-19,NSE:MOM100,34.02000045776367
2022-12-19,NSE:MAFANG,38.349998474121094
2022-12-20,NSE:CPSEETF,38.459999084472656
2022-12-20,NSE:BANKBEES,440.0199890136719
2022-12-20,NSE:MON100,91.0
2022-12-20,NSE:PHARMABEES,12.720000267028809
2022-12-20,NSE:NIFTYBEES,201.2100067138672
2022-12-20,NSE:LOWVOLIETF,14.48900032043457
2022-12-20,NSE:ITBEES,29.809999465942383
2022-12-20,NSE:MOM100,33.869998931884766
2022-12-20,NSE:MAFANG,37.689998626708984
2022-12-21,NSE:NIFTYBEES,199.39999389648438
2022-12-21,NSE:PHARMABEES,13.0600004196167
2022-12-21,NSE:MON100,91.31999969482422
2022-12-21,NSE:LOWVOLIETF,14.460000038146973
2022-12-21,NSE:ITBEES,29.90999984741211
2022-12-21,NSE:CPSEETF,37.939998626708984
2022-12-21,NSE:MOM100,33.56999969482422
2022-12-21,NSE:MAFANG,37.77000045776367
2022-12-21,NSE:BANKBEES,432.05999755859375
2022-12-22,NSE:MAFANG,38.08000183105469
2022-12-22,NSE:PHARMABEES,12.989999771118164
2022-12-22,NSE:NIFTYBEES,198.5500030517578
2022-12-22,NSE:ITBEES,29.969999313354492
2022-12-22,NSE:CPSEETF,37.54999923706055
2022-12-22,NSE:MON100,91.37999725341797
2022-12-22,NSE:LOWVOLIETF,14.354999542236328
2022-12-22,NSE:MOM100,33.2400016784668
2022-12-22,NSE:BANKBEES,430.3599853515625
2022-12-23,NSE:PHARMABEES,12.899999618530273
2022-12-23,NSE:MON100,89.83000183105469
2022-12-23,NSE:NIFTYBEES,195.14999389648438
2022-12-23,NSE:LOWVOLIETF,14.14900016784668
2022-12-23,NSE:MAFANG,37.099998474121094
2022-12-23,NSE:MOM100,32.029998779296875
2022-12-23,NSE:ITBEES,29.43000030517578
2022-12-23,NSE:BANKBEES,421.3800048828125
2022-12-23,NSE:CPSEETF,36.75
2022-12-26,NSE:BANKBEES,430.8800048828125
2022-12-26,NSE:PHARMABEES,12.8100004196167
2022-12-26,NSE:ITBEES,29.559999465942383
2022-12-26,NSE:MAFANG,37.7400016784668
2022-12-26,NSE:MON100,90.25
2022-12-26,NSE:NIFTYBEES,197.22999572753906
2022-12-26,NSE:MOM100,32.90999984741211
2022-12-26,NSE:CPSEETF,37.380001068115234
2022-12-26,NSE:LOWVOLIETF,14.262999534606934
2022-12-27,NSE:CPSEETF,37.689998626708984
2022-12-27,NSE:MOM100,33.13999938964844
2022-12-27,NSE:LOWVOLIETF,14.295999526977539
2022-12-27,NSE:MON100,90.1500015258789
2022-12-27,NSE:MAFANG,37.81999969482422
2022-12-27,NSE:NIFTYBEES,198.0
2022-12-27,NSE:ITBEES,29.850000381469727
2022-12-27,NSE:BANKBEES,433.17999267578125
2022-12-27,NSE:PHARMABEES,12.779999732971191
2022-12-28,NSE:MAFANG,37.0
2022-12-28,NSE:PHARMABEES,12.760000228881836
2022-12-28,NSE:BANKBEES,432.69000244140625
2022-12-28,NSE:MOM100,33.220001220703125
2022-12-28,NSE:NIFTYBEES,197.99000549316406
2022-12-28,NSE:MON100,89.08000183105469
2022-12-28,NSE:CPSEETF,37.790000915527344
2022-12-28,NSE:LOWVOLIETF,14.312999725341797
2022-12-28,NSE:ITBEES,29.729999542236328
2022-12-29,NSE:NIFTYBEES,198.77999877929688
2022-12-29,NSE:MOM100,33.18000030517578
2022-12-29,NSE:CPSEETF,37.86000061035156
2022-12-29,NSE:LOWVOLIETF,14.293999671936035
2022-12-29,NSE:PHARMABEES,12.720000267028809
2022-12-29,NSE:BANKBEES,436.92999267578125
2022-12-29,NSE:MAFANG,36.880001068115234
2022-12-29,NSE:ITBEES,29.84000015258789
2022-12-29,NSE:MON100,87.9000015258789
2022-12-30,NSE:PHARMABEES,12.729999542236328
2022-12-30,NSE:MOM100,33.439998626708984
2022-12-30,NSE:LOWVOLIETF,14.279000282287598
2022-12-30,NSE:ITBEES,29.829999923706055
2022-12-30,NSE:BANKBEES,435.4800109863281
2022-12-30,NSE:NIFTYBEES,198.0399932861328
2022-12-30,NSE:MON100,88.95999908447266
2022-12-30,NSE:MAFANG,37.79999923706055
2022-12-30,NSE:CPSEETF,38.060001373291016
2023-01-02,NSE:MAFANG,38.43000030517578
2023-01-02,NSE:PHARMABEES,12.680000305175781
2023-01-02,NSE:ITBEES,29.8700008392334
2023-01-02,NSE:MON100,89.73999786376953
2023-01-02,NSE:LOWVOLIETF,14.276000022888184
2023-01-02,NSE:BANKBEES,437.17999267578125
2023-01-02,NSE:CPSEETF,38.47999954223633
2023-01-02,NSE:NIFTYBEES,199.33999633789062
2023-01-02,NSE:MOM100,33.77000045776367
2023-01-03,NSE:ITBEES,30.18000030517578
2023-01-03,NSE:BANKBEES,439.2300109863281
2023-01-03,NSE:CPSEETF,38.369998931884766
2023-01-03,NSE:LOWVOLIETF,14.281999588012695
2023-01-03,NSE:MOM100,33.79999923706055
2023-01-03,NSE:PHARMABEES,12.75
2023-01-03,NSE:MON100,90.25
2023-01-03,NSE:NIFTYBEES,199.67999267578125
2023-01-03,NSE:MAFANG,38.040000915527344
2023-01-04,NSE:LOWVOLIETF,14.166999816894531
2023-01-04,NSE:BANKBEES,435.32000732421875
2023-01-04,NSE:CPSEETF,37.650001525878906
2023-01-04,NSE:MON100,89.01000213623047
2023-01-04,NSE:PHARMABEES,12.75
2023-01-04,NSE:ITBEES,29.889999389648438
2023-01-04,NSE:NIFTYBEES,197.6699981689453
2023-01-04,NSE:MOM100,33.40999984741211
2023-01-04,NSE:MAFANG,37.369998931884766
2023-01-05,NSE:LOWVOLIETF,14.265000343322754
2023-01-05,NSE:ITBEES,29.729999542236328
2023-01-05,NSE:MAFANG,36.7400016784668
2023-01-05,NSE:PHARMABEES,12.850000381469727
2023-01-05,NSE:NIFTYBEES,197.07000732421875
2023-01-05,NSE:MOM100,33.470001220703125
2023-01-05,NSE:MON100,88.68000030517578
2023-01-05,NSE:CPSEETF,37.81999969482422
2023-01-05,NSE:BANKBEES,431.6300048828125
2023-01-06,NSE:BANKBEES,427.4100036621094
2023-01-06,NSE:MON100,87.58000183105469
2023-01-06,NSE:ITBEES,29.18000030517578
2023-01-06,NSE:CPSEETF,37.59000015258789
2023-01-06,NSE:PHARMABEES,12.779999732971191
2023-01-06,NSE:LOWVOLIETF,14.258000373840332
2023-01-06,NSE:MOM100,33.40999984741211
2023-01-06,NSE:NIFTYBEES,195.72000122070312
2023-01-06,NSE:MAFANG,36.45000076293945
2023-01-09,NSE:CPSEETF,37.7599983215332
2023-01-09,NSE:MON100,89.5199966430664
2023-01-09,NSE:LOWVOLIETF,14.390000343322754
2023-01-09,NSE:MOM100,33.5
2023-01-09,NSE:NIFTYBEES,198.27999877929688
2023-01-09,NSE:MAFANG,36.83000183105469
2023-01-09,NSE:ITBEES,29.8700008392334
2023-01-09,NSE:PHARMABEES,12.859999656677246
2023-01-09,NSE:BANKBEES,430.82000732421875
2023-01-10,NSE:ITBEES,29.6200008392334
2023-01-10,NSE:MON100,89.5
2023-01-10,NSE:NIFTYBEES,196.1300048828125
2023-01-10,NSE:MAFANG,36.84000015258789
2023-01-10,NSE:LOWVOLIETF,14.303000450134277
2023-01-10,NSE:MOM100,33.34000015258789
2023-01-10,NSE:BANKBEES,426.0899963378906
2023-01-10,NSE:PHARMABEES,12.859999656677246
2023-01-10,NSE:CPSEETF,37.810001373291016
2023-01-11,NSE:NIFTYBEES,196.1300048828125
2023-01-11,NSE:ITBEES,29.81999969482422
2023-01-11,NSE:LOWVOLIETF,14.180000305175781
2023-01-11,NSE:BANKBEES,428.0
2023-01-11,NSE:CPSEETF,37.560001373291016
2023-01-11,NSE:MOM100,33.36000061035156
2023-01-11,NSE:MAFANG,37.220001220703125
2023-01-11,NSE:MON100,89.9000015258789
2023-01-11,NSE:PHARMABEES,12.800000190734863
2023-01-12,NSE:CPSEETF,37.59000015258789
2023-01-12,NSE:MAFANG,37.790000915527344
2023-01-12,NSE:ITBEES,29.8799991607666
2023-01-12,NSE:BANKBEES,426.29998779296875
2023-01-12,NSE:LOWVOLIETF,14.260000228881836
2023-01-12,NSE:MOM100,33.310001373291016
2023-01-12,NSE:MON100,90.91000366210938
2023-01-12,NSE:PHARMABEES,12.770000457763672
2023-01-12,NSE:NIFTYBEES,195.61000061035156
2023-01-13,NSE:ITBEES,30.100000381469727
2023-01-13,NSE:MON100,90.7699966430664
2023-01-13,NSE:MAFANG,38.15999984741211
2023-01-13,NSE:CPSEETF,37.849998474121094
2023-01-13,NSE:MOM100,33.279998779296875
2023-01-13,NSE:BANKBEES,429.239990234375
2023-01-13,NSE:PHARMABEES,12.760000228881836
2023-01-13,NSE:NIFTYBEES,196.61000061035156
2023-01-13,NSE:LOWVOLIETF,14.321000099182129
2023-01-16,NSE:MOM100,33.20000076293945
2023-01-16,NSE:NIFTYBEES,196.05999755859375
2023-01-16,NSE:BANKBEES,427.6700134277344
2023-01-16,NSE:PHARMABEES,12.75
2023-01-16,NSE:ITBEES,30.489999771118164
2023-01-16,NSE:LOWVOLIETF,14.333000183105469
2023-01-16,NSE:CPSEETF,37.86000061035156
2023-01-16,NSE:MON100,91.83000183105469
2023-01-16,NSE:MAFANG,38.43000030517578
2023-01-17,NSE:MOM100,33.09000015258789
2023-01-17,NSE:PHARMABEES,12.760000228881836
2023-01-17,NSE:ITBEES,30.6200008392334
2023-01-17,NSE:LOWVOLIETF,14.449999809265137
2023-01-17,NSE:MON100,92.19999694824219
2023-01-17,NSE:NIFTYBEES,197.47000122070312
2023-01-17,NSE:CPSEETF,38.11000061035156
2023-01-17,NSE:BANKBEES,428.0400085449219
2023-01-17,NSE:MAFANG,38.5
2023-01-18,NSE:MON100,92.51000213623047
2023-01-18,NSE:CPSEETF,38.4900016784668
2023-01-18,NSE:PHARMABEES,12.8100004196167
2023-01-18,NSE:ITBEES,30.770000457763672
2023-01-18,NSE:NIFTYBEES,198.64999389648438
2023-01-18,NSE:BANKBEES,430.010009765625
2023-01-18,NSE:MAFANG,38.91999816894531
2023-01-18,NSE:LOWVOLIETF,14.50100040435791
2023-01-18,NSE:MOM100,33.349998474121094
2023-01-19,NSE:BANKBEES,428.6700134277344
2023-01-19,NSE:MON100,90.95999908447266
2023-01-19,NSE:MAFANG,38.41999816894531
2023-01-19,NSE:CPSEETF,38.81999969482422
2023-01-19,NSE:ITBEES,30.809999465942383
2023-01-19,NSE:NIFTYBEES,198.42999267578125
2023-01-19,NSE:MOM100,33.2400016784668
2023-01-19,NSE:PHARMABEES,12.800000190734863
2023-01-19,NSE:LOWVOLIETF,14.4350004196167
2023-01-20,NSE:CPSEETF,39.099998474121094
2023-01-20,NSE:MOM100,33.150001525878906
2023-01-20,NSE:LOWVOLIETF,14.333999633789062
2023-01-20,NSE:NIFTYBEES,197.4499969482422
2023-01-20,NSE:ITBEES,30.700000762939453
2023-01-20,NSE:MON100,90.31999969482422
2023-01-20,NSE:PHARMABEES,12.739999771118164
2023-01-20,NSE:MAFANG,38.34000015258789
2023-01-20,NSE:BANKBEES,430.5899963378906
2023-01-23,NSE:PHARMABEES,12.8100004196167
2023-01-23,NSE:NIFTYBEES,198.44000244140625
2023-01-23,NSE:BANKBEES,433.57000732421875
2023-01-23,NSE:MON100,92.0999984741211
2023-01-23,NSE:MAFANG,39.58000183105469
2023-01-23,NSE:MOM100,33.04999923706055
2023-01-23,NSE:LOWVOLIETF,14.418000221252441
2023-01-23,NSE:CPSEETF,39.130001068115234
2023-01-23,NSE:ITBEES,31.260000228881836
2023-01-24,NSE:MOM100,33.040000915527344
2023-01-24,NSE:PHARMABEES,12.720000267028809
2023-01-24,NSE:NIFTYBEES,198.4199981689453
2023-01-24,NSE:LOWVOLIETF,14.38700008392334
2023-01-24,NSE:ITBEES,31.489999771118164
2023-01-24,NSE:MON100,93.94999694824219
2023-01-24,NSE:BANKBEES,432.6600036621094
2023-01-24,NSE:CPSEETF,38.88999938964844
2023-01-24,NSE:MAFANG,40.70000076293945
2023-01-25,NSE:CPSEETF,38.70000076293945
2023-01-25,NSE:PHARMABEES,12.579999923706055
2023-01-25,NSE:MAFANG,40.68000030517578
2023-01-25,NSE:BANKBEES,422.4100036621094
2023-01-25,NSE:MON100,92.80000305175781
2023-01-25,NSE:MOM100,32.54999923706055
2023-01-25,NSE:LOWVOLIETF,14.258000373840332
2023-01-25,NSE:ITBEES,31.219999313354492
2023-01-25,NSE:NIFTYBEES,196.0399932861328
2023-01-27,NSE:MAFANG,41.81999969482422
2023-01-27,NSE:BANKBEES,409.3399963378906
2023-01-27,NSE:MON100,94.66999816894531
2023-01-27,NSE:MOM100,32.20000076293945
2023-01-27,NSE:NIFTYBEES,193.0
2023-01-27,NSE:PHARMABEES,12.600000381469727
2023-01-27,NSE:ITBEES,30.979999542236328
2023-01-27,NSE:CPSEETF,38.369998931884766
2023-01-27,NSE:LOWVOLIETF,14.208999633789062
2023-01-30,NSE:CPSEETF,37.65999984741211
2023-01-30,NSE:PHARMABEES,12.600000381469727
2023-01-30,NSE:LOWVOLIETF,14.185999870300293
2023-01-30,NSE:NIFTYBEES,193.25
2023-01-30,NSE:ITBEES,31.350000381469727
2023-01-30,NSE:MOM100,32.040000915527344
2023-01-30,NSE:MAFANG,42.84000015258789
2023-01-30,NSE:MON100,95.25
2023-01-30,NSE:BANKBEES,409.3800048828125
2023-01-31,NSE:PHARMABEES,12.479999542236328
2023-01-31,NSE:BANKBEES,412.3800048828125
2023-01-31,NSE:MAFANG,41.86000061035156
2023-01-31,NSE:LOWVOLIETF,14.15999984741211
2023-01-31,NSE:MON100,94.87000274658203
2023-01-31,NSE:CPSEETF,38.2599983215332
2023-01-31,NSE:ITBEES,31.0
2023-01-31,NSE:NIFTYBEES,193.44000244140625
2023-01-31,NSE:MOM100,32.4900016784668
2023-02-01,NSE:PHARMABEES,12.460000038146973
2023-02-01,NSE:CPSEETF,37.63999938964844
2023-02-01,NSE:ITBEES,31.229999542236328
2023-02-01,NSE:MAFANG,42.61000061035156
2023-02-01,NSE:NIFTYBEES,193.1300048828125
2023-02-01,NSE:BANKBEES,410.4200134277344
2023-02-01,NSE:MON100,95.66999816894531
2023-02-01,NSE:MOM100,32.36000061035156
2023-02-01,NSE:LOWVOLIETF,14.079000473022461
2023-02-02,NSE:PHARMABEES,12.40999984741211
2023-02-02,NSE:CPSEETF,37.2599983215332
2023-02-02,NSE:ITBEES,31.829999923706055
2023-02-02,NSE:MON100,99.33000183105469
2023-02-02,NSE:BANKBEES,412.3299865722656
2023-02-02,NSE:LOWVOLIETF,14.114999771118164
2023-02-02,NSE:NIFTYBEES,192.91000366210938
2023-02-02,NSE:MOM100,32.2400016784668
2023-02-02,NSE:MAFANG,45.220001220703125
2023-02-03,NSE:MAFANG,46.959999084472656
2023-02-03,NSE:CPSEETF,37.540000915527344
2023-02-03,NSE:PHARMABEES,12.289999961853027
2023-02-03,NSE:BANKBEES,419.1400146484375
2023-02-03,NSE:ITBEES,31.829999923706055
2023-02-03,NSE:MON100,99.69000244140625
2023-02-03,NSE:NIFTYBEES,195.1199951171875
2023-02-03,NSE:MOM100,32.209999084472656
2023-02-03,NSE:LOWVOLIETF,14.20300006866455
2023-02-06,NSE:CPSEETF,37.650001525878906
2023-02-06,NSE:MAFANG,46.599998474121094
2023-02-06,NSE:LOWVOLIETF,14.157999992370605
2023-02-06,NSE:PHARMABEES,12.329999923706055
2023-02-06,NSE:ITBEES,31.6299991607666
2023-02-06,NSE:BANKBEES,418.30999755859375
2023-02-06,NSE:NIFTYBEES,194.47999572753906
2023-02-06,NSE:MOM100,32.459999084472656
2023-02-06,NSE:MON100,100.22000122070312
2023-02-07,NSE:PHARMABEES,12.3100004196167
2023-02-07,NSE:MON100,100.79000091552734
2023-02-07,NSE:MAFANG,46.72999954223633
2023-02-07,NSE:NIFTYBEES,194.0399932861328
2023-02-07,NSE:BANKBEES,419.3699951171875
2023-02-07,NSE:ITBEES,31.540000915527344
2023-02-07,NSE:MOM100,32.459999084472656
2023-02-07,NSE:CPSEETF,37.779998779296875
2023-02-07,NSE:LOWVOLIETF,14.180999755859375
2023-02-08,NSE:CPSEETF,37.779998779296875
2023-02-08,NSE:BANKBEES,419.760009765625
2023-02-08,NSE:NIFTYBEES,195.5399932861328
2023-02-08,NSE:MON100,102.05000305175781
2023-02-08,NSE:LOWVOLIETF,14.23799991607666
2023-02-08,NSE:PHARMABEES,12.510000228881836
2023-02-08,NSE:MOM100,32.75
2023-02-08,NSE:MAFANG,47.529998779296875
2023-02-08,NSE:ITBEES,32.119998931884766
2023-02-09,NSE:CPSEETF,37.939998626708984
2023-02-09,NSE:MON100,101.7300033569336
2023-02-09,NSE:BANKBEES,420.2300109863281
2023-02-09,NSE:PHARMABEES,12.4399995803833
2023-02-09,NSE:NIFTYBEES,195.88999938964844
2023-02-09,NSE:MAFANG,47.220001220703125
2023-02-09,NSE:MOM100,32.84000015258789
2023-02-09,NSE:ITBEES,32.290000915527344
2023-02-09,NSE:LOWVOLIETF,14.253999710083008
2023-02-10,NSE:LOWVOLIETF,14.25
2023-02-10,NSE:CPSEETF,37.88999938964844
2023-02-10,NSE:MOM100,32.91999816894531
2023-02-10,NSE:NIFTYBEES,195.49000549316406
2023-02-10,NSE:BANKBEES,420.05999755859375
2023-02-10,NSE:ITBEES,32.209999084472656
2023-02-10,NSE:MON100,99.58999633789062
2023-02-10,NSE:PHARMABEES,12.470000267028809
2023-02-10,NSE:MAFANG,46.47999954223633
2023-02-13,NSE:MOM100,32.5099983215332
2023-02-13,NSE:MON100,99.36000061035156
2023-02-13,NSE:ITBEES,31.610000610351562
2023-02-13,NSE:CPSEETF,38.16999816894531
2023-02-13,NSE:BANKBEES,417.3399963378906
2023-02-13,NSE:LOWVOLIETF,14.190999984741211
2023-02-13,NSE:PHARMABEES,12.430000305175781
2023-02-13,NSE:MAFANG,45.63999938964844
2023-02-13,NSE:NIFTYBEES,194.60000610351562
2023-02-14,NSE:CPSEETF,38.130001068115234
2023-02-14,NSE:MAFANG,46.599998474121094
2023-02-14,NSE:NIFTYBEES,195.97999572753906
2023-02-14,NSE:PHARMABEES,12.399999618530273
2023-02-14,NSE:BANKBEES,420.6000061035156
2023-02-14,NSE:MON100,100.41999816894531
2023-02-14,NSE:LOWVOLIETF,14.170999526977539
2023-02-14,NSE:ITBEES,31.850000381469727
2023-02-14,NSE:MOM100,32.310001373291016
2023-02-15,NSE:PHARMABEES,12.369999885559082
2023-02-15,NSE:MOM100,32.5099983215332
2023-02-15,NSE:CPSEETF,38.029998779296875
2023-02-15,NSE:MON100,100.62999725341797
2023-02-15,NSE:LOWVOLIETF,14.293999671936035
2023-02-15,NSE:MAFANG,47.27000045776367
2023-02-15,NSE:NIFTYBEES,197.0800018310547
2023-02-15,NSE:BANKBEES,421.69000244140625
2023-02-15,NSE:ITBEES,32.20000076293945
2023-02-16,NSE:MOM100,32.779998779296875
2023-02-16,NSE:NIFTYBEES,197.35000610351562
2023-02-16,NSE:ITBEES,32.7599983215332
2023-02-16,NSE:MAFANG,47.75
2023-02-16,NSE:MON100,101.62999725341797
2023-02-16,NSE:LOWVOLIETF,14.395000457763672
2023-02-16,NSE:PHARMABEES,12.449999809265137
2023-02-16,NSE:BANKBEES,421.2799987792969
2023-02-16,NSE:CPSEETF,38.869998931884766
2023-02-17,NSE:NIFTYBEES,196.3000030517578
2023-02-17,NSE:MOM100,32.5
2023-02-17,NSE:PHARMABEES,12.319999694824219
2023-02-17,NSE:ITBEES,32.41999816894531
2023-02-17,NSE:LOWVOLIETF,14.256999969482422
2023-02-17,NSE:MON100,99.75
2023-02-17,NSE:BANKBEES,416.30999755859375
2023-02-17,NSE:MAFANG,45.93000030517578
2023-02-17,NSE:CPSEETF,38.9900016784668
2023-02-20,NSE:BANKBEES,412.8399963378906
2023-02-20,NSE:NIFTYBEES,195.58999633789062
2023-02-20,NSE:MON100,100.0199966430664
2023-02-20,NSE:CPSEETF,38.77000045776367
2023-02-20,NSE:LOWVOLIETF,14.21500015258789
2023-02-20,NSE:ITBEES,32.58000183105469
2023-02-20,NSE:PHARMABEES,12.220000267028809
2023-02-20,NSE:MOM100,32.599998474121094
2023-02-20,NSE:MAFANG,45.459999084472656
2023-02-21,NSE:ITBEES,32.33000183105469
2023-02-21,NSE:NIFTYBEES,195.25999450683594
2023-02-21,NSE:MON100,99.75
2023-02-21,NSE:CPSEETF,39.029998779296875
2023-02-21,NSE:LOWVOLIETF,14.258999824523926
2023-02-21,NSE:MAFANG,45.459999084472656
2023-02-21,NSE:PHARMABEES,12.170000076293945
2023-02-21,NSE:MOM100,32.470001220703125
2023-02-21,NSE:BANKBEES,411.8999938964844
2023-02-22,NSE:BANKBEES,405.8999938964844
2023-02-22,NSE:ITBEES,31.8700008392334
2023-02-22,NSE:MOM100,32.0099983215332
2023-02-22,NSE:LOWVOLIETF,14.105999946594238
2023-02-22,NSE:CPSEETF,38.619998931884766
2023-02-22,NSE:MAFANG,44.290000915527344
2023-02-22,NSE:MON100,97.95999908447266
2023-02-22,NSE:PHARMABEES,12.149999618530273
2023-02-22,NSE:NIFTYBEES,192.50999450683594
2023-02-23,NSE:CPSEETF,38.63999938964844
2023-02-23,NSE:LOWVOLIETF,14.02299976348877
2023-02-23,NSE:MOM100,31.959999084472656
2023-02-23,NSE:MON100,98.41999816894531
2023-02-23,NSE:BANKBEES,405.80999755859375
2023-02-23,NSE:PHARMABEES,12.130000114440918
2023-02-23,NSE:MAFANG,45.0
2023-02-23,NSE:ITBEES,31.829999923706055
2023-02-23,NSE:NIFTYBEES,192.00999450683594
2023-02-24,NSE:NIFTYBEES,191.4600067138672
2023-02-24,NSE:MAFANG,44.900001525878906
2023-02-24,NSE:PHARMABEES,12.15999984741211
2023-02-24,NSE:MOM100,31.979999542236328
2023-02-24,NSE:CPSEETF,39.04999923706055
2023-02-24,NSE:MON100,98.51000213623047
2023-02-24,NSE:ITBEES,31.760000228881836
2023-02-24,NSE:LOWVOLIETF,13.984000205993652
2023-02-24,NSE:BANKBEES,404.67999267578125
2023-02-27,NSE:MAFANG,44.58000183105469
2023-02-27,NSE:PHARMABEES,12.0600004196167
2023-02-27,NSE:CPSEETF,39.43000030517578
2023-02-27,NSE:LOWVOLIETF,13.880999565124512
2023-02-27,NSE:BANKBEES,408.3599853515625
2023-02-27,NSE:MON100,98.0199966430664
2023-02-27,NSE:ITBEES,31.149999618530273
2023-02-27,NSE:NIFTYBEES,190.55999755859375
2023-02-27,NSE:MOM100,31.600000381469727
2023-02-28,NSE:BANKBEES,408.05999755859375
2023-02-28,NSE:ITBEES,30.940000534057617
2023-02-28,NSE:LOWVOLIETF,13.906000137329102
2023-02-28,NSE:NIFTYBEES,189.6999969482422
2023-02-28,NSE:MAFANG,44.7400016784668
2023-02-28,NSE:MON100,97.76000213623047
2023-02-28,NSE:MOM100,31.790000915527344
2023-02-28,NSE:CPSEETF,39.16999816894531
2023-02-28,NSE:PHARMABEES,11.920000076293945
2023-03-01,NSE:MAFANG,45.38999938964844
2023-03-01,NSE:MON100,98.18000030517578
2023-03-01,NSE:MOM100,32.38999938964844
2023-03-01,NSE:CPSEETF,39.5
2023-03-01,NSE:LOWVOLIETF,13.944999694824219
2023-03-01,NSE:BANKBEES,412.3699951171875
2023-03-01,NSE:ITBEES,31.43000030517578
2023-03-01,NSE:PHARMABEES,11.930000305175781
2023-03-01,NSE:NIFTYBEES,191.27999877929688
2023-03-02,NSE:PHARMABEES,11.920000076293945
2023-03-02,NSE:NIFTYBEES,189.92999267578125
2023-03-02,NSE:ITBEES,31.040000915527344
2023-03-02,NSE:BANKBEES,409.5299987792969
2023-03-02,NSE:MON100,97.47000122070312
2023-03-02,NSE:MOM100,32.369998931884766
2023-03-02,NSE:CPSEETF,39.58000183105469
2023-03-02,NSE:MAFANG,44.68000030517578
2023-03-02,NSE:LOWVOLIETF,13.946000099182129
2023-03-03,NSE:MON100,97.2300033569336
2023-03-03,NSE:NIFTYBEES,192.50999450683594
2023-03-03,NSE:ITBEES,31.139999389648438
2023-03-03,NSE:PHARMABEES,11.9399995803833
2023-03-03,NSE:MOM100,32.43000030517578
2023-03-03,NSE:MAFANG,44.36000061035156
2023-03-03,NSE:CPSEETF,39.709999084472656
2023-03-03,NSE:LOWVOLIETF,14.031999588012695
2023-03-03,NSE:BANKBEES,416.9599914550781
2023-03-06,NSE:BANKBEES,417.8399963378906
2023-03-06,NSE:MON100,98.87000274658203
2023-03-06,NSE:NIFTYBEES,193.6300048828125
2023-03-06,NSE:CPSEETF,40.5
2023-03-06,NSE:ITBEES,31.420000076293945
2023-03-06,NSE:MAFANG,45.54999923706055
2023-03-06,NSE:LOWVOLIETF,14.133999824523926
2023-03-06,NSE:PHARMABEES,11.970000267028809
2023-03-06,NSE:MOM100,32.880001068115234
2023-03-08,NSE:LOWVOLIETF,14.121999740600586
2023-03-08,NSE:BANKBEES,419.9100036621094
2023-03-08,NSE:MON100,98.11000061035156
2023-03-08,NSE:MOM100,32.86000061035156
2023-03-08,NSE:PHARMABEES,11.90999984741211
2023-03-08,NSE:ITBEES,31.25
2023-03-08,NSE:NIFTYBEES,193.9499969482422
2023-03-08,NSE:CPSEETF,40.65999984741211
2023-03-08,NSE:MAFANG,44.619998931884766
2023-03-09,NSE:LOWVOLIETF,14.039999961853027
2023-03-09,NSE:MOM100,32.90999984741211
2023-03-09,NSE:ITBEES,31.040000915527344
2023-03-09,NSE:PHARMABEES,11.859999656677246
2023-03-09,NSE:CPSEETF,40.439998626708984
2023-03-09,NSE:BANKBEES,417.1300048828125
2023-03-09,NSE:MAFANG,44.619998931884766
2023-03-09,NSE:MON100,97.77999877929688
2023-03-09,NSE:NIFTYBEES,192.63999938964844
2023-03-10,NSE:MAFANG,43.619998931884766
2023-03-10,NSE:MON100,96.94000244140625
2023-03-10,NSE:CPSEETF,40.540000915527344
2023-03-10,NSE:BANKBEES,410.0
2023-03-10,NSE:LOWVOLIETF,13.982999801635742
2023-03-10,NSE:ITBEES,30.860000610351562
2023-03-10,NSE:MOM100,32.650001525878906
2023-03-10,NSE:NIFTYBEES,190.75
2023-03-10,NSE:PHARMABEES,11.84000015258789
2023-03-13,NSE:MOM100,31.989999771118164
2023-03-13,NSE:CPSEETF,40.06999969482422
2023-03-13,NSE:MON100,95.5999984741211
2023-03-13,NSE:NIFTYBEES,188.1199951171875
2023-03-13,NSE:MAFANG,43.310001373291016
2023-03-13,NSE:ITBEES,30.530000686645508
2023-03-13,NSE:LOWVOLIETF,13.873000144958496
2023-03-13,NSE:BANKBEES,401.2099914550781
2023-03-13,NSE:PHARMABEES,11.75
2023-03-14,NSE:PHARMABEES,11.739999771118164
2023-03-14,NSE:CPSEETF,39.77000045776367
2023-03-14,NSE:MAFANG,43.7599983215332
2023-03-14,NSE:MOM100,31.829999923706055
2023-03-14,NSE:LOWVOLIETF,13.755999565124512
2023-03-14,NSE:MON100,96.61000061035156
2023-03-14,NSE:BANKBEES,399.739990234375
2023-03-14,NSE:ITBEES,30.040000915527344
2023-03-14,NSE:NIFTYBEES,186.91000366210938
2023-03-15,NSE:PHARMABEES,11.75
2023-03-15,NSE:CPSEETF,39.90999984741211
2023-03-15,NSE:LOWVOLIETF,13.805000305175781
2023-03-15,NSE:MAFANG,45.0099983215332
2023-03-15,NSE:MOM100,31.860000610351562
2023-03-15,NSE:MON100,98.31999969482422
2023-03-15,NSE:NIFTYBEES,186.10000610351562
2023-03-15,NSE:ITBEES,29.950000762939453
2023-03-15,NSE:BANKBEES,395.80999755859375
2023-03-16,NSE:NIFTYBEES,186.22999572753906
2023-03-16,NSE:MAFANG,45.88999938964844
2023-03-16,NSE:MON100,99.56999969482422
2023-03-16,NSE:PHARMABEES,11.890000343322754
2023-03-16,NSE:BANKBEES,396.3699951171875
2023-03-16,NSE:LOWVOLIETF,13.873000144958496
2023-03-16,NSE:ITBEES,29.770000457763672
2023-03-16,NSE:CPSEETF,40.029998779296875
2023-03-16,NSE:MOM100,31.889999389648438
2023-03-17,NSE:NIFTYBEES,187.4199981689453
2023-03-17,NSE:BANKBEES,399.760009765625
2023-03-17,NSE:CPSEETF,40.099998474121094
2023-03-17,NSE:MAFANG,47.15999984741211
2023-03-17,NSE:PHARMABEES,11.84000015258789
2023-03-17,NSE:LOWVOLIETF,13.902999877929688
2023-03-17,NSE:MON100,100.69000244140625
2023-03-17,NSE:ITBEES,29.979999542236328
2023-03-17,NSE:MOM100,31.770000457763672
2023-03-20,NSE:NIFTYBEES,186.1999969482422
2023-03-20,NSE:CPSEETF,39.70000076293945
2023-03-20,NSE:MOM100,31.510000228881836
2023-03-20,NSE:MAFANG,46.68000030517578
2023-03-20,NSE:MON100,100.5199966430664
2023-03-20,NSE:LOWVOLIETF,13.87600040435791
2023-03-20,NSE:ITBEES,29.530000686645508
2023-03-20,NSE:BANKBEES,397.4599914550781
2023-03-20,NSE:PHARMABEES,11.8100004196167
2023-03-21,NSE:NIFTYBEES,187.4600067138672
2023-03-21,NSE:LOWVOLIETF,13.888999938964844
2023-03-21,NSE:MOM100,31.719999313354492
2023-03-21,NSE:PHARMABEES,11.789999961853027
2023-03-21,NSE:MAFANG,47.25
2023-03-21,NSE:BANKBEES,402.95001220703125
2023-03-21,NSE:MON100,100.76000213623047
2023-03-21,NSE:ITBEES,29.34000015258789
2023-03-21,NSE:CPSEETF,39.45000076293945
2023-03-22,NSE:MAFANG,47.91999816894531
2023-03-22,NSE:CPSEETF,39.209999084472656
2023-03-22,NSE:NIFTYBEES,187.8800048828125
2023-03-22,NSE:PHARMABEES,11.880000114440918
2023-03-22,NSE:MON100,101.05000305175781
2023-03-22,NSE:BANKBEES,403.9599914550781
2023-03-22,NSE:ITBEES,29.450000762939453
2023-03-22,NSE:MOM100,31.760000228881836
2023-03-22,NSE:LOWVOLIETF,13.892999649047852
2023-03-23,NSE:CPSEETF,39.189998626708984
2023-03-23,NSE:MON100,101.43000030517578
2023-03-23,NSE:LOWVOLIETF,13.835000038146973
2023-03-23,NSE:MOM100,31.700000762939453
2023-03-23,NSE:BANKBEES,400.2200012207031
2023-03-23,NSE:ITBEES,29.170000076293945
2023-03-23,NSE:MAFANG,47.79999923706055
2023-03-23,NSE:NIFTYBEES,186.91000366210938
2023-03-23,NSE:PHARMABEES,11.890000343322754
2023-03-24,NSE:ITBEES,29.15999984741211
2023-03-24,NSE:MOM100,31.309999465942383
2023-03-24,NSE:NIFTYBEES,185.67999267578125
2023-03-24,NSE:LOWVOLIETF,13.810999870300293
2023-03-24,NSE:MAFANG,48.43000030517578
2023-03-24,NSE:CPSEETF,38.72999954223633
2023-03-24,NSE:PHARMABEES,11.899999618530273
2023-03-24,NSE:MON100,101.38999938964844
2023-03-24,NSE:BANKBEES,397.7300109863281
2023-03-27,NSE:MOM100,31.200000762939453
2023-03-27,NSE:LOWVOLIETF,13.807999610900879
2023-03-27,NSE:PHARMABEES,12.050000190734863
2023-03-27,NSE:ITBEES,29.170000076293945
2023-03-27,NSE:NIFTYBEES,186.17999267578125
2023-03-27,NSE:BANKBEES,398.45001220703125
2023-03-27,NSE:CPSEETF,38.58000183105469
2023-03-27,NSE:MAFANG,48.5
2023-03-27,NSE:MON100,102.3499984741211
2023-03-28,NSE:BANKBEES,400.0199890136719
2023-03-28,NSE:CPSEETF,38.470001220703125
2023-03-28,NSE:PHARMABEES,12.010000228881836
2023-03-28,NSE:MON100,101.27999877929688
2023-03-28,NSE:ITBEES,28.90999984741211
2023-03-28,NSE:MOM100,31.209999084472656
2023-03-28,NSE:NIFTYBEES,185.7100067138672
2023-03-28,NSE:LOWVOLIETF,13.732999801635742
2023-03-28,NSE:MAFANG,47.779998779296875
2023-03-29,NSE:MON100,102.98999786376953
2023-03-29,NSE:NIFTYBEES,187.08999633789062
2023-03-29,NSE:LOWVOLIETF,13.758000373840332
2023-03-29,NSE:ITBEES,29.219999313354492
2023-03-29,NSE:CPSEETF,39.130001068115234
2023-03-29,NSE:BANKBEES,404.010009765625
2023-03-29,NSE:MAFANG,48.45000076293945
2023-03-29,NSE:MOM100,31.850000381469727
2023-03-29,NSE:PHARMABEES,12.069999694824219
2023-03-31,NSE:BANKBEES,410.54998779296875
2023-03-31,NSE:ITBEES,29.84000015258789
2023-03-31,NSE:MON100,104.38999938964844
2023-03-31,NSE:MOM100,31.950000762939453
2023-03-31,NSE:PHARMABEES,12.15999984741211
2023-03-31,NSE:NIFTYBEES,189.86000061035156
2023-03-31,NSE:MAFANG,49.5
2023-03-31,NSE:CPSEETF,39.560001373291016
2023-03-31,NSE:LOWVOLIETF,14.027000427246094
2023-04-03,NSE:CPSEETF,40.029998779296875
2023-04-03,NSE:ITBEES,29.81999969482422
2023-04-03,NSE:LOWVOLIETF,14.053000450134277
2023-04-03,NSE:MON100,104.68000030517578
2023-04-03,NSE:MOM100,31.889999389648438
2023-04-03,NSE:BANKBEES,412.3699951171875
2023-04-03,NSE:PHARMABEES,12.199999809265137
2023-04-03,NSE:MAFANG,50.47999954223633
2023-04-03,NSE:NIFTYBEES,190.55999755859375
2023-04-05,NSE:CPSEETF,40.119998931884766
2023-04-05,NSE:ITBEES,30.139999389648438
2023-04-05,NSE:NIFTYBEES,192.19000244140625
2023-04-05,NSE:LOWVOLIETF,14.175000190734863
2023-04-05,NSE:BANKBEES,414.0899963378906
2023-04-05,NSE:MON100,103.91000366210938
2023-04-05,NSE:PHARMABEES,12.300000190734863
2023-04-05,NSE:MOM100,32.040000915527344
2023-04-05,NSE:MAFANG,50.060001373291016
2023-04-06,NSE:NIFTYBEES,192.94000244140625
2023-04-06,NSE:MAFANG,48.77000045776367
2023-04-06,NSE:MOM100,32.06999969482422
2023-04-06,NSE:BANKBEES,414.80999755859375
2023-04-06,NSE:CPSEETF,39.95000076293945
2023-04-06,NSE:MON100,102.81999969482422
2023-04-06,NSE:LOWVOLIETF,14.151000022888184
2023-04-06,NSE:PHARMABEES,12.430000305175781
2023-04-06,NSE:ITBEES,30.010000228881836
2023-04-10,NSE:MOM100,32.290000915527344
2023-04-10,NSE:PHARMABEES,12.449999809265137
2023-04-10,NSE:CPSEETF,40.58000183105469
2023-04-10,NSE:BANKBEES,413.1300048828125
2023-04-10,NSE:NIFTYBEES,192.63999938964844
2023-04-10,NSE:MAFANG,49.09000015258789
2023-04-10,NSE:LOWVOLIETF,14.180000305175781
2023-04-10,NSE:ITBEES,30.200000762939453
2023-04-10,NSE:MON100,103.6500015258789
2023-04-11,NSE:LOWVOLIETF,14.199999809265137
2023-04-11,NSE:CPSEETF,40.900001525878906
2023-04-11,NSE:PHARMABEES,12.449999809265137
2023-04-11,NSE:ITBEES,29.90999984741211
2023-04-11,NSE:MAFANG,49.40999984741211
2023-04-11,NSE:MOM100,32.459999084472656
2023-04-11,NSE:BANKBEES,418.1300048828125
2023-04-11,NSE:NIFTYBEES,193.75999450683594
2023-04-11,NSE:MON100,104.13999938964844
2023-04-12,NSE:CPSEETF,40.880001068115234
2023-04-12,NSE:BANKBEES,420.42999267578125
2023-04-12,NSE:PHARMABEES,12.720000267028809
2023-04-12,NSE:NIFTYBEES,194.63999938964844
2023-04-12,NSE:LOWVOLIETF,14.241999626159668
2023-04-12,NSE:MAFANG,49.2599983215332
2023-04-12,NSE:MON100,103.37999725341797
2023-04-12,NSE:ITBEES,30.15999984741211
2023-04-12,NSE:MOM100,32.599998474121094
2023-04-13,NSE:MON100,102.62999725341797
2023-04-13,NSE:PHARMABEES,12.619999885559082
2023-04-13,NSE:MOM100,32.61000061035156
2023-04-13,NSE:LOWVOLIETF,14.220000267028809
2023-04-13,NSE:BANKBEES,425.3999938964844
2023-04-13,NSE:MAFANG,48.709999084472656
2023-04-13,NSE:NIFTYBEES,194.77000427246094
2023-04-13,NSE:ITBEES,29.59000015258789
2023-04-13,NSE:CPSEETF,40.84000015258789
2023-04-17,NSE:BANKBEES,427.04998779296875
2023-04-17,NSE:PHARMABEES,12.539999961853027
2023-04-17,NSE:NIFTYBEES,193.91000366210938
2023-04-17,NSE:MAFANG,49.0099983215332
2023-04-17,NSE:ITBEES,28.18000030517578
2023-04-17,NSE:LOWVOLIETF,14.201000213623047
2023-04-17,NSE:MOM100,32.7599983215332
2023-04-17,NSE:MON100,103.80000305175781
2023-04-17,NSE:CPSEETF,41.279998779296875
2023-04-18,NSE:MOM100,33.029998779296875
2023-04-18,NSE:LOWVOLIETF,14.184000015258789
2023-04-18,NSE:NIFTYBEES,193.24000549316406
2023-04-18,NSE:ITBEES,28.34000015258789
2023-04-18,NSE:BANKBEES,426.9100036621094
2023-04-18,NSE:PHARMABEES,12.770000457763672
2023-04-18,NSE:MAFANG,49.2599983215332
2023-04-18,NSE:MON100,104.80000305175781
2023-04-18,NSE:CPSEETF,41.16999816894531
2023-04-19,NSE:NIFTYBEES,192.86000061035156
2023-04-19,NSE:MOM100,33.0099983215332
2023-04-19,NSE:MAFANG,48.70000076293945
2023-04-19,NSE:ITBEES,27.850000381469727
2023-04-19,NSE:BANKBEES,425.8599853515625
2023-04-19,NSE:LOWVOLIETF,14.092000007629395
2023-04-19,NSE:CPSEETF,40.7599983215332
2023-04-19,NSE:PHARMABEES,12.760000228881836
2023-04-19,NSE:MON100,103.75
2023-04-20,NSE:LOWVOLIETF,14.097000122070312
2023-04-20,NSE:BANKBEES,427.05999755859375
2023-04-20,NSE:PHARMABEES,12.640000343322754
2023-04-20,NSE:MAFANG,48.47999954223633
2023-04-20,NSE:ITBEES,27.790000915527344
2023-04-20,NSE:MOM100,33.0
2023-04-20,NSE:CPSEETF,40.939998626708984
2023-04-20,NSE:NIFTYBEES,192.99000549316406
2023-04-20,NSE:MON100,103.61000061035156
2023-04-21,NSE:PHARMABEES,12.6899995803833
2023-04-21,NSE:MAFANG,48.349998474121094
2023-04-21,NSE:CPSEETF,40.970001220703125
2023-04-21,NSE:LOWVOLIETF,14.12600040435791
2023-04-21,NSE:MOM100,32.900001525878906
2023-04-21,NSE:BANKBEES,425.6400146484375
2023-04-21,NSE:ITBEES,27.969999313354492
2023-04-21,NSE:MON100,103.52999877929688
2023-04-21,NSE:NIFTYBEES,192.85000610351562
2023-04-24,NSE:MOM100,33.11000061035156
2023-04-24,NSE:LOWVOLIETF,14.187999725341797
2023-04-24,NSE:BANKBEES,431.0899963378906
2023-04-24,NSE:MAFANG,48.38999938964844
2023-04-24,NSE:NIFTYBEES,193.9499969482422
2023-04-24,NSE:CPSEETF,41.06999969482422
2023-04-24,NSE:MON100,103.66999816894531
2023-04-24,NSE:PHARMABEES,12.59000015258789
2023-04-24,NSE:ITBEES,28.15999984741211
2023-04-25,NSE:CPSEETF,41.029998779296875
2023-04-25,NSE:LOWVOLIETF,14.196999549865723
2023-04-25,NSE:NIFTYBEES,194.1300048828125
2023-04-25,NSE:BANKBEES,431.19000244140625
2023-04-25,NSE:MAFANG,47.7599983215332
2023-04-25,NSE:MOM100,33.04999923706055
2023-04-25,NSE:MON100,103.31999969482422
2023-04-25,NSE:PHARMABEES,12.569999694824219
2023-04-25,NSE:ITBEES,28.1200008392334
2023-04-26,NSE:ITBEES,28.229999542236328
2023-04-26,NSE:CPSEETF,41.29999923706055
2023-04-26,NSE:MOM100,33.150001525878906
2023-04-26,NSE:NIFTYBEES,194.6199951171875
2023-04-26,NSE:LOWVOLIETF,14.288999557495117
2023-04-26,NSE:MON100,103.11000061035156
2023-04-26,NSE:PHARMABEES,12.609999656677246
2023-04-26,NSE:MAFANG,47.900001525878906
2023-04-26,NSE:BANKBEES,432.6499938964844
2023-04-27,NSE:MON100,103.0199966430664
2023-04-27,NSE:CPSEETF,41.290000915527344
2023-04-27,NSE:PHARMABEES,12.649999618530273
2023-04-27,NSE:ITBEES,28.489999771118164
2023-04-27,NSE:MAFANG,47.939998626708984
2023-04-27,NSE:BANKBEES,434.4200134277344
2023-04-27,NSE:LOWVOLIETF,14.357999801635742
2023-04-27,NSE:MOM100,33.369998931884766
2023-04-27,NSE:NIFTYBEES,195.92999267578125
2023-04-28,NSE:PHARMABEES,12.739999771118164
2023-04-28,NSE:BANKBEES,436.6000061035156
2023-04-28,NSE:MOM100,33.59000015258789
2023-04-28,NSE:ITBEES,28.860000610351562
2023-04-28,NSE:CPSEETF,41.470001220703125
2023-04-28,NSE:NIFTYBEES,197.2899932861328
2023-04-28,NSE:MAFANG,49.13999938964844
2023-04-28,NSE:LOWVOLIETF,14.487000465393066
2023-04-28,NSE:MON100,103.97000122070312
2023-05-02,NSE:NIFTYBEES,198.38999938964844
2023-05-02,NSE:BANKBEES,437.8500061035156
2023-05-02,NSE:LOWVOLIETF,14.557999610900879
2023-05-02,NSE:PHARMABEES,12.720000267028809
2023-05-02,NSE:MAFANG,49.459999084472656
2023-05-02,NSE:MOM100,34.060001373291016
2023-05-02,NSE:CPSEETF,42.20000076293945
2023-05-02,NSE:MON100,105.11000061035156
2023-05-02,NSE:ITBEES,29.239999771118164
2023-05-03,NSE:MAFANG,49.040000915527344
2023-05-03,NSE:LOWVOLIETF,14.583999633789062
2023-05-03,NSE:MON100,104.22000122070312
2023-05-03,NSE:MOM100,34.0
2023-05-03,NSE:BANKBEES,437.7200012207031
2023-05-03,NSE:PHARMABEES,12.710000038146973
2023-05-03,NSE:NIFTYBEES,197.67999267578125
2023-05-03,NSE:ITBEES,28.959999084472656
2023-05-03,NSE:CPSEETF,42.369998931884766
2023-05-04,NSE:LOWVOLIETF,14.605999946594238
2023-05-04,NSE:MOM100,34.29999923706055
2023-05-04,NSE:NIFTYBEES,199.44000244140625
2023-05-04,NSE:ITBEES,29.079999923706055
2023-05-04,NSE:CPSEETF,42.349998474121094
2023-05-04,NSE:MON100,103.52999877929688
2023-05-04,NSE:BANKBEES,441.17999267578125
2023-05-04,NSE:MAFANG,48.72999954223633
2023-05-04,NSE:PHARMABEES,12.779999732971191
2023-05-05,NSE:NIFTYBEES,197.83999633789062
2023-05-05,NSE:LOWVOLIETF,14.550000190734863
2023-05-05,NSE:BANKBEES,432.1400146484375
2023-05-05,NSE:MAFANG,49.130001068115234
2023-05-05,NSE:MOM100,34.2599983215332
2023-05-05,NSE:PHARMABEES,12.75
2023-05-05,NSE:ITBEES,28.920000076293945
2023-05-05,NSE:CPSEETF,42.18000030517578
2023-05-05,NSE:MON100,103.66000366210938
2023-05-08,NSE:MOM100,34.5
2023-05-08,NSE:ITBEES,29.1200008392334
2023-05-08,NSE:MON100,104.73999786376953
2023-05-08,NSE:MAFANG,49.75
2023-05-08,NSE:CPSEETF,42.68000030517578
2023-05-08,NSE:BANKBEES,437.5400085449219
2023-05-08,NSE:NIFTYBEES,199.7100067138672
2023-05-08,NSE:LOWVOLIETF,14.684000015258789
2023-05-08,NSE:PHARMABEES,12.800000190734863
2023-05-09,NSE:MOM100,34.34000015258789
2023-05-09,NSE:ITBEES,29.309999465942383
2023-05-09,NSE:MON100,104.91000366210938
2023-05-09,NSE:BANKBEES,436.2900085449219
2023-05-09,NSE:NIFTYBEES,199.6999969482422
2023-05-09,NSE:LOWVOLIETF,14.76200008392334
2023-05-09,NSE:MAFANG,50.61000061035156
2023-05-09,NSE:PHARMABEES,12.84000015258789
2023-05-09,NSE:CPSEETF,42.619998931884766
2023-05-10,NSE:LOWVOLIETF,14.78600025177002
2023-05-10,NSE:MAFANG,50.54999923706055
2023-05-10,NSE:MON100,104.7699966430664
2023-05-10,NSE:CPSEETF,42.95000076293945
2023-05-10,NSE:BANKBEES,437.2200012207031
2023-05-10,NSE:MOM100,34.459999084472656
2023-05-10,NSE:NIFTYBEES,200.0
2023-05-10,NSE:PHARMABEES,12.84000015258789
2023-05-10,NSE:ITBEES,29.329999923706055
2023-05-11,NSE:PHARMABEES,12.720000267028809
2023-05-11,NSE:BANKBEES,439.3900146484375
2023-05-11,NSE:MON100,106.4000015258789
2023-05-11,NSE:MAFANG,51.7400016784668
2023-05-11,NSE:MOM100,34.619998931884766
2023-05-11,NSE:CPSEETF,43.06999969482422
2023-05-11,NSE:ITBEES,29.360000610351562
2023-05-11,NSE:NIFTYBEES,200.35000610351562
2023-05-11,NSE:LOWVOLIETF,14.791999816894531
2023-05-12,NSE:ITBEES,29.290000915527344
2023-05-12,NSE:MOM100,34.36000061035156
2023-05-12,NSE:MAFANG,52.43000030517578
2023-05-12,NSE:CPSEETF,42.56999969482422
2023-05-12,NSE:NIFTYBEES,200.25999450683594
2023-05-12,NSE:MON100,106.77999877929688
2023-05-12,NSE:PHARMABEES,12.619999885559082
2023-05-12,NSE:LOWVOLIETF,14.734000205993652
2023-05-12,NSE:BANKBEES,442.5899963378906
2023-05-15,NSE:MOM100,34.560001373291016
2023-05-15,NSE:MAFANG,51.97999954223633
2023-05-15,NSE:ITBEES,29.399999618530273
2023-05-15,NSE:NIFTYBEES,201.33999633789062
2023-05-15,NSE:PHARMABEES,12.630000114440918
2023-05-15,NSE:LOWVOLIETF,14.831999778747559
2023-05-15,NSE:CPSEETF,42.630001068115234
2023-05-15,NSE:BANKBEES,445.19000244140625
2023-05-15,NSE:MON100,106.48999786376953
2023-05-16,NSE:BANKBEES,444.9700012207031
2023-05-16,NSE:ITBEES,29.479999542236328
2023-05-16,NSE:MOM100,34.689998626708984
2023-05-16,NSE:MAFANG,52.13999938964844
2023-05-16,NSE:MON100,106.62999725341797
2023-05-16,NSE:NIFTYBEES,200.50999450683594
2023-05-16,NSE:PHARMABEES,12.609999656677246
2023-05-16,NSE:LOWVOLIETF,14.755000114440918
2023-05-16,NSE:CPSEETF,42.91999816894531
2023-05-17,NSE:CPSEETF,42.91999816894531
2023-05-17,NSE:BANKBEES,442.8599853515625
2023-05-17,NSE:ITBEES,29.200000762939453
2023-05-17,NSE:MAFANG,52.79999923706055
2023-05-17,NSE:MOM100,34.59000015258789
2023-05-17,NSE:PHARMABEES,12.539999961853027
2023-05-17,NSE:MON100,107.05000305175781
2023-05-17,NSE:NIFTYBEES,199.75999450683594
2023-05-17,NSE:LOWVOLIETF,14.697999954223633
2023-05-18,NSE:BANKBEES,443.7900085449219
2023-05-18,NSE:MOM100,34.47999954223633
2023-05-18,NSE:NIFTYBEES,199.0500030517578
2023-05-18,NSE:MAFANG,53.880001068115234
2023-05-18,NSE:LOWVOLIETF,14.649999618530273
2023-05-18,NSE:MON100,108.77999877929688
2023-05-18,NSE:CPSEETF,42.52000045776367
2023-05-19,NSE:BANKBEES,445.57000732421875
2023-05-19,NSE:MAFANG,55.56999969482422
2023-05-19,NSE:MON100,111.27999877929688
2023-05-19,NSE:LOWVOLIETF,14.625
2023-05-19,NSE:CPSEETF,43.060001373291016
2023-05-19,NSE:ITBEES,29.530000686645508
2023-05-19,NSE:PHARMABEES,12.279999732971191
2023-05-19,NSE:NIFTYBEES,199.82000732421875
2023-05-19,NSE:MOM100,34.380001068115234
2023-05-22,NSE:MAFANG,55.27000045776367
2023-05-22,NSE:LOWVOLIETF,14.758999824523926
2023-05-22,NSE:BANKBEES,445.2699890136719
2023-05-22,NSE:PHARMABEES,12.399999618530273
2023-05-22,NSE:MON100,110.7699966430664
2023-05-22,NSE:ITBEES,30.270000457763672
2023-05-22,NSE:MOM100,34.68000030517578
2023-05-22,NSE:CPSEETF,42.45000076293945
2023-05-22,NSE:NIFTYBEES,200.74000549316406
2023-05-23,NSE:LOWVOLIETF,14.720000267028809
2023-05-23,NSE:NIFTYBEES,201.02000427246094
2023-05-23,NSE:MAFANG,55.709999084472656
2023-05-23,NSE:ITBEES,30.15999984741211
2023-05-23,NSE:MON100,111.08999633789062
2023-05-23,NSE:PHARMABEES,12.449999809265137
2023-05-23,NSE:BANKBEES,445.3699951171875
2023-05-23,NSE:MOM100,34.869998931884766
2023-05-23,NSE:CPSEETF,42.369998931884766
2023-05-24,NSE:LOWVOLIETF,14.75
2023-05-24,NSE:PHARMABEES,12.569999694824219
2023-05-24,NSE:BANKBEES,443.2900085449219
2023-05-24,NSE:MON100,109.6500015258789
2023-05-24,NSE:NIFTYBEES,200.24000549316406
2023-05-24,NSE:ITBEES,30.1200008392334
2023-05-24,NSE:CPSEETF,42.540000915527344
2023-05-24,NSE:MAFANG,54.88999938964844
2023-05-24,NSE:MOM100,34.90999984741211
2023-05-25,NSE:MON100,111.29000091552734
2023-05-25,NSE:CPSEETF,42.540000915527344
2023-05-25,NSE:MAFANG,56.09000015258789
2023-05-25,NSE:BANKBEES,442.9100036621094
2023-05-25,NSE:MOM100,35.04999923706055
2023-05-25,NSE:LOWVOLIETF,14.779999732971191
2023-05-25,NSE:NIFTYBEES,200.6999969482422
2023-05-25,NSE:PHARMABEES,12.59000015258789
2023-05-25,NSE:ITBEES,30.200000762939453
2023-05-26,NSE:MAFANG,56.439998626708984
2023-05-26,NSE:MOM100,35.369998931884766
2023-05-26,NSE:CPSEETF,42.4900016784668
2023-05-26,NSE:LOWVOLIETF,14.989999771118164
2023-05-26,NSE:MON100,111.66999816894531
2023-05-26,NSE:BANKBEES,446.1499938964844
2023-05-26,NSE:PHARMABEES,12.739999771118164
2023-05-26,NSE:NIFTYBEES,202.85000610351562
2023-05-26,NSE:ITBEES,30.579999923706055
2023-05-29,NSE:MON100,115.0999984741211
2023-05-29,NSE:CPSEETF,42.40999984741211
2023-05-29,NSE:MAFANG,58.29999923706055
2023-05-29,NSE:BANKBEES,449.92999267578125
2023-05-29,NSE:MOM100,35.65999984741211
2023-05-29,NSE:LOWVOLIETF,14.97700023651123
2023-05-29,NSE:NIFTYBEES,204.13999938964844
2023-05-30,NSE:BANKBEES,450.80999755859375
2023-05-30,NSE:PHARMABEES,12.739999771118164
2023-05-30,NSE:MOM100,35.7599983215332
2023-05-30,NSE:LOWVOLIETF,15.008000373840332
2023-05-30,NSE:MAFANG,59.4900016784668
2023-05-30,NSE:CPSEETF,42.459999084472656
2023-05-30,NSE:MON100,115.9000015258789
2023-05-30,NSE:NIFTYBEES,204.36000061035156
2023-05-30,NSE:ITBEES,30.600000381469727
2023-05-31,NSE:LOWVOLIETF,15.03499984741211
2023-05-31,NSE:NIFTYBEES,203.66000366210938
2023-05-31,NSE:CPSEETF,41.9900016784668
2023-05-31,NSE:BANKBEES,448.75
2023-05-31,NSE:MON100,114.83000183105469
2023-05-31,NSE:MAFANG,59.06999969482422
2023-05-31,NSE:MOM100,35.70000076293945
2023-05-31,NSE:PHARMABEES,12.829999923706055
2023-05-31,NSE:ITBEES,30.610000610351562
2023-06-01,NSE:CPSEETF,41.720001220703125
2023-06-01,NSE:MAFANG,58.56999969482422
2023-06-01,NSE:MOM100,35.970001220703125
2023-06-01,NSE:NIFTYBEES,202.99000549316406
2023-06-01,NSE:MON100,114.0
2023-06-01,NSE:LOWVOLIETF,15.109999656677246
2023-06-01,NSE:BANKBEES,445.7699890136719
2023-06-01,NSE:ITBEES,30.719999313354492
2023-06-01,NSE:PHARMABEES,12.970000267028809
2023-06-02,NSE:BANKBEES,447.6400146484375
2023-06-02,NSE:MON100,115.62000274658203
2023-06-02,NSE:MOM100,36.08000183105469
2023-06-02,NSE:PHARMABEES,13.029999732971191
2023-06-02,NSE:CPSEETF,41.790000915527344
2023-06-02,NSE:MAFANG,59.81999969482422
2023-06-02,NSE:ITBEES,30.739999771118164
2023-06-02,NSE:LOWVOLIETF,15.095000267028809
2023-06-02,NSE:NIFTYBEES,203.83999633789062
2023-06-05,NSE:PHARMABEES,13.069999694824219
2023-06-05,NSE:CPSEETF,41.959999084472656
2023-06-05,NSE:LOWVOLIETF,15.095999717712402
2023-06-05,NSE:MOM100,36.11000061035156
2023-06-05,NSE:NIFTYBEES,204.27999877929688
2023-06-05,NSE:MON100,116.22000122070312
2023-06-05,NSE:MAFANG,60.04999923706055
2023-06-05,NSE:ITBEES,30.6299991607666
2023-06-05,NSE:BANKBEES,449.239990234375
2023-06-06,NSE:CPSEETF,42.029998779296875
2023-06-06,NSE:ITBEES,30.079999923706055
2023-06-06,NSE:LOWVOLIETF,15.164999961853027
2023-06-06,NSE:BANKBEES,449.8500061035156
2023-06-06,NSE:PHARMABEES,13.1899995803833
2023-06-06,NSE:NIFTYBEES,204.0399932861328
2023-06-06,NSE:MOM100,36.02000045776367
2023-06-06,NSE:MON100,116.43000030517578
2023-06-06,NSE:MAFANG,60.68000030517578
2023-06-07,NSE:MAFANG,61.0
2023-06-07,NSE:NIFTYBEES,205.33999633789062
2023-06-07,NSE:MOM100,36.400001525878906
2023-06-07,NSE:CPSEETF,42.349998474121094
2023-06-07,NSE:PHARMABEES,13.210000038146973
2023-06-07,NSE:ITBEES,30.290000915527344
2023-06-07,NSE:LOWVOLIETF,15.329999923706055
2023-06-07,NSE:MON100,116.26000213623047
2023-06-07,NSE:BANKBEES,450.3399963378906
2023-06-08,NSE:PHARMABEES,13.0600004196167
2023-06-08,NSE:MON100,114.63999938964844
2023-06-08,NSE:NIFTYBEES,204.50999450683594
2023-06-08,NSE:ITBEES,29.959999084472656
2023-06-08,NSE:MAFANG,60.119998931884766
2023-06-08,NSE:LOWVOLIETF,15.239999771118164
2023-06-08,NSE:MOM100,36.209999084472656
2023-06-08,NSE:CPSEETF,42.650001525878906
2023-06-08,NSE:BANKBEES,447.8800048828125
2023-06-09,NSE:MOM100,36.310001373291016
2023-06-09,NSE:NIFTYBEES,204.02999877929688
2023-06-09,NSE:CPSEETF,42.81999969482422
2023-06-09,NSE:MON100,115.61000061035156
2023-06-09,NSE:PHARMABEES,13.0
2023-06-09,NSE:LOWVOLIETF,15.168999671936035
2023-06-09,NSE:MAFANG,60.650001525878906
2023-06-09,NSE:BANKBEES,447.75
2023-06-09,NSE:ITBEES,29.739999771118164
2023-06-12,NSE:ITBEES,30.110000610351562
2023-06-12,NSE:BANKBEES,447.5299987792969
2023-06-12,NSE:MON100,116.86000061035156
2023-06-12,NSE:MOM100,36.470001220703125
2023-06-12,NSE:PHARMABEES,12.989999771118164
2023-06-12,NSE:MAFANG,61.380001068115234
2023-06-12,NSE:NIFTYBEES,204.4600067138672
2023-06-12,NSE:CPSEETF,42.95000076293945
2023-06-12,NSE:LOWVOLIETF,15.234000205993652
2023-06-13,NSE:MOM100,36.779998779296875
2023-06-13,NSE:NIFTYBEES,205.4499969482422
2023-06-13,NSE:MON100,118.7300033569336
2023-06-13,NSE:ITBEES,30.209999084472656
2023-06-13,NSE:LOWVOLIETF,15.288000106811523
2023-06-13,NSE:BANKBEES,448.6099853515625
2023-06-13,NSE:CPSEETF,43.13999938964844
2023-06-13,NSE:PHARMABEES,13.140000343322754
2023-06-13,NSE:MAFANG,62.33000183105469
2023-06-14,NSE:MOM100,36.9900016784668
2023-06-14,NSE:NIFTYBEES,205.85000610351562
2023-06-14,NSE:MON100,119.01000213623047
2023-06-14,NSE:ITBEES,30.15999984741211
2023-06-14,NSE:PHARMABEES,13.119999885559082
2023-06-14,NSE:LOWVOLIETF,15.317999839782715
2023-06-14,NSE:CPSEETF,43.41999816894531
2023-06-14,NSE:MAFANG,62.68000030517578
2023-06-14,NSE:BANKBEES,447.8900146484375
2023-06-15,NSE:BANKBEES,442.2200012207031
2023-06-15,NSE:MON100,118.91000366210938
2023-06-15,NSE:PHARMABEES,13.3100004196167
2023-06-15,NSE:CPSEETF,43.380001068115234
2023-06-15,NSE:NIFTYBEES,205.30999755859375
2023-06-15,NSE:ITBEES,30.09000015258789
2023-06-15,NSE:MOM100,37.08000183105469
2023-06-15,NSE:LOWVOLIETF,15.368000030517578
2023-06-15,NSE:MAFANG,63.61000061035156
2023-06-16,NSE:PHARMABEES,13.380000114440918
2023-06-16,NSE:MOM100,37.27000045776367
2023-06-16,NSE:BANKBEES,446.9100036621094
2023-06-16,NSE:NIFTYBEES,206.69000244140625
2023-06-16,NSE:LOWVOLIETF,15.409000396728516
2023-06-16,NSE:MAFANG,64.55000305175781
2023-06-16,NSE:CPSEETF,43.59000015258789
2023-06-16,NSE:MON100,120.80999755859375
2023-06-16,NSE:ITBEES,30.030000686645508
2023-06-19,NSE:MAFANG,63.599998474121094
2023-06-19,NSE:NIFTYBEES,205.8699951171875
2023-06-19,NSE:CPSEETF,43.41999816894531
2023-06-19,NSE:LOWVOLIETF,15.404999732971191
2023-06-19,NSE:MOM100,37.380001068115234
2023-06-19,NSE:MON100,120.18000030517578
2023-06-19,NSE:BANKBEES,444.04998779296875
2023-06-19,NSE:PHARMABEES,13.40999984741211
2023-06-19,NSE:ITBEES,30.1200008392334
2023-06-20,NSE:LOWVOLIETF,15.49899959564209
2023-06-20,NSE:MON100,119.69000244140625
2023-06-20,NSE:NIFTYBEES,206.5
2023-06-20,NSE:MAFANG,63.41999816894531
2023-06-20,NSE:PHARMABEES,13.390000343322754
2023-06-20,NSE:BANKBEES,444.79998779296875
2023-06-20,NSE:ITBEES,30.329999923706055
2023-06-20,NSE:CPSEETF,43.75
2023-06-20,NSE:MOM100,37.52000045776367
2023-06-21,NSE:MOM100,37.779998779296875
2023-06-21,NSE:NIFTYBEES,206.8699951171875
2023-06-21,NSE:BANKBEES,445.5400085449219
2023-06-21,NSE:MON100,119.91999816894531
2023-06-21,NSE:LOWVOLIETF,15.482000350952148
2023-06-21,NSE:CPSEETF,44.040000915527344
2023-06-21,NSE:PHARMABEES,13.399999618530273
2023-06-21,NSE:ITBEES,30.389999389648438
2023-06-21,NSE:MAFANG,63.08000183105469
2023-06-22,NSE:BANKBEES,444.45001220703125
2023-06-22,NSE:MAFANG,61.439998626708984
2023-06-22,NSE:NIFTYBEES,206.24000549316406
2023-06-22,NSE:LOWVOLIETF,15.418999671936035
2023-06-22,NSE:MOM100,37.41999816894531
2023-06-22,NSE:ITBEES,30.25
2023-06-22,NSE:CPSEETF,43.65999984741211
2023-06-22,NSE:PHARMABEES,13.319999694824219
2023-06-22,NSE:MON100,118.37999725341797
2023-06-23,NSE:LOWVOLIETF,15.352999687194824
2023-06-23,NSE:CPSEETF,43.290000915527344
2023-06-23,NSE:BANKBEES,443.4700012207031
2023-06-23,NSE:NIFTYBEES,204.97999572753906
2023-06-23,NSE:PHARMABEES,13.329999923706055
2023-06-23,NSE:MOM100,36.9900016784668
2023-06-23,NSE:MON100,118.75
2023-06-23,NSE:MAFANG,62.119998931884766
2023-06-23,NSE:ITBEES,29.989999771118164
2023-06-26,NSE:LOWVOLIETF,15.407999992370605
2023-06-26,NSE:ITBEES,29.950000762939453
2023-06-26,NSE:BANKBEES,443.4599914550781
2023-06-26,NSE:MOM100,37.16999816894531
2023-06-26,NSE:MAFANG,61.58000183105469
2023-06-26,NSE:CPSEETF,43.209999084472656
2023-06-26,NSE:MON100,118.43000030517578
2023-06-26,NSE:NIFTYBEES,205.1699981689453
2023-06-26,NSE:PHARMABEES,13.510000228881836
2023-06-27,NSE:BANKBEES,448.3599853515625
2023-06-27,NSE:MOM100,37.47999954223633
2023-06-27,NSE:MAFANG,61.56999969482422
2023-06-27,NSE:ITBEES,30.1299991607666
2023-06-27,NSE:PHARMABEES,13.550000190734863
2023-06-27,NSE:LOWVOLIETF,15.484000205993652
2023-06-27,NSE:MON100,117.5199966430664
2023-06-27,NSE:NIFTYBEES,206.4600067138672
2023-06-27,NSE:CPSEETF,43.16999816894531
2023-06-28,NSE:CPSEETF,43.529998779296875
2023-06-28,NSE:PHARMABEES,13.770000457763672
2023-06-28,NSE:BANKBEES,450.80999755859375
2023-06-28,NSE:MOM100,37.599998474121094
2023-06-28,NSE:MAFANG,61.849998474121094
2023-06-28,NSE:MON100,118.38999938964844
2023-06-28,NSE:LOWVOLIETF,15.520999908447266
2023-06-28,NSE:ITBEES,30.219999313354492
2023-06-28,NSE:NIFTYBEES,208.17999267578125
2023-06-30,NSE:BANKBEES,454.4800109863281
2023-06-30,NSE:MON100,119.45999908447266
2023-06-30,NSE:MOM100,38.0
2023-06-30,NSE:LOWVOLIETF,15.652000427246094
2023-06-30,NSE:NIFTYBEES,210.61000061035156
2023-06-30,NSE:ITBEES,30.940000534057617
2023-06-30,NSE:PHARMABEES,13.920000076293945
2023-06-30,NSE:MAFANG,61.95000076293945
2023-06-30,NSE:CPSEETF,44.220001220703125
2023-07-03,NSE:NIFTYBEES,212.3000030517578
2023-07-03,NSE:MON100,120.9000015258789
2023-07-03,NSE:CPSEETF,44.18000030517578
2023-07-03,NSE:LOWVOLIETF,15.656999588012695
2023-07-03,NSE:BANKBEES,459.7300109863281
2023-07-03,NSE:MOM100,38.11000061035156
2023-07-03,NSE:MAFANG,62.869998931884766
2023-07-04,NSE:MAFANG,63.83000183105469
2023-07-04,NSE:BANKBEES,462.2300109863281
2023-07-04,NSE:MOM100,37.91999816894531
2023-07-04,NSE:LOWVOLIETF,15.72599983215332
2023-07-04,NSE:CPSEETF,44.150001525878906
2023-07-04,NSE:NIFTYBEES,213.05999755859375
2023-07-04,NSE:MON100,120.87999725341797
2023-07-05,NSE:LOWVOLIETF,15.894000053405762
2023-07-05,NSE:BANKBEES,459.989990234375
2023-07-05,NSE:CPSEETF,44.310001373291016
2023-07-05,NSE:MAFANG,63.83000183105469
2023-07-05,NSE:MON100,120.48999786376953
2023-07-05,NSE:MOM100,38.22999954223633
2023-07-05,NSE:NIFTYBEES,212.9199981689453
2023-07-06,NSE:MOM100,38.58000183105469
2023-07-06,NSE:MAFANG,63.54999923706055
2023-07-06,NSE:MON100,121.19000244140625
2023-07-06,NSE:CPSEETF,45.279998779296875
2023-07-06,NSE:LOWVOLIETF,15.989999771118164
2023-07-06,NSE:NIFTYBEES,213.9600067138672
2023-07-06,NSE:BANKBEES,461.6400146484375
2023-07-07,NSE:BANKBEES,457.8800048828125
2023-07-07,NSE:MOM100,38.34000015258789
2023-07-07,NSE:NIFTYBEES,212.72000122070312
2023-07-07,NSE:LOWVOLIETF,15.817000389099121
2023-07-07,NSE:MON100,120.94000244140625
2023-07-07,NSE:PHARMABEES,13.949999809265137
2023-07-07,NSE:CPSEETF,44.83000183105469
2023-07-07,NSE:MAFANG,63.18000030517578
2023-07-07,NSE:ITBEES,31.020000457763672
2023-07-10,NSE:MON100,120.62000274658203
2023-07-10,NSE:MAFANG,62.900001525878906
2023-07-10,NSE:NIFTYBEES,212.63999938964844
2023-07-10,NSE:PHARMABEES,13.899999618530273
2023-07-10,NSE:CPSEETF,44.43000030517578
2023-07-10,NSE:ITBEES,30.670000076293945
2023-07-10,NSE:BANKBEES,456.6099853515625
2023-07-10,NSE:MOM100,38.189998626708984
2023-07-10,NSE:LOWVOLIETF,15.753999710083008
2023-07-11,NSE:NIFTYBEES,213.4499969482422
2023-07-11,NSE:LOWVOLIETF,15.887999534606934
2023-07-11,NSE:MON100,120.86000061035156
2023-07-11,NSE:MAFANG,62.939998626708984
2023-07-11,NSE:MOM100,38.529998779296875
2023-07-11,NSE:CPSEETF,44.91999816894531
2023-07-11,NSE:BANKBEES,456.07000732421875
2023-07-12,NSE:MON100,121.19000244140625
2023-07-12,NSE:MAFANG,62.72999954223633
2023-07-12,NSE:CPSEETF,44.97999954223633
2023-07-12,NSE:MOM100,38.70000076293945
2023-07-12,NSE:LOWVOLIETF,15.902999877929688
2023-07-12,NSE:NIFTYBEES,213.25
2023-07-12,NSE:BANKBEES,454.8999938964844
2023-07-13,NSE:MAFANG,63.70000076293945
2023-07-13,NSE:BANKBEES,454.9800109863281
2023-07-13,NSE:LOWVOLIETF,15.850000381469727
2023-07-13,NSE:MON100,122.5999984741211
2023-07-13,NSE:MOM100,38.560001373291016
2023-07-13,NSE:NIFTYBEES,213.69000244140625
2023-07-13,NSE:CPSEETF,44.400001525878906
2023-07-14,NSE:PHARMABEES,14.109999656677246
2023-07-14,NSE:LOWVOLIETF,15.98799991607666
2023-07-14,NSE:NIFTYBEES,214.8300018310547
2023-07-14,NSE:MAFANG,65.19000244140625
2023-07-14,NSE:ITBEES,32.41999816894531
2023-07-14,NSE:MON100,124.19000244140625
2023-07-14,NSE:MOM100,38.72999954223633
2023-07-14,NSE:BANKBEES,456.2300109863281
2023-07-14,NSE:CPSEETF,44.470001220703125
2023-07-17,NSE:NIFTYBEES,216.52999877929688
2023-07-17,NSE:BANKBEES,462.17999267578125
2023-07-17,NSE:LOWVOLIETF,16.04800033569336
2023-07-17,NSE:ITBEES,32.58000183105469
2023-07-17,NSE:MOM100,38.849998474121094
2023-07-17,NSE:CPSEETF,44.31999969482422
2023-07-17,NSE:MON100,124.08000183105469
2023-07-17,NSE:MAFANG,65.33999633789062
2023-07-17,NSE:PHARMABEES,14.220000267028809
2023-07-18,NSE:LOWVOLIETF,16.0939998626709
2023-07-18,NSE:MON100,124.73999786376953
2023-07-18,NSE:MAFANG,65.6500015258789
2023-07-18,NSE:NIFTYBEES,217.02000427246094
2023-07-18,NSE:MOM100,38.93000030517578
2023-07-18,NSE:BANKBEES,461.4599914550781
2023-07-18,NSE:CPSEETF,44.2400016784668
2023-07-19,NSE:ITBEES,32.90999984741211
2023-07-19,NSE:MAFANG,67.5999984741211
2023-07-19,NSE:PHARMABEES,14.270000457763672
2023-07-19,NSE:BANKBEES,464.0199890136719
2023-07-19,NSE:MOM100,39.060001373291016
2023-07-19,NSE:NIFTYBEES,217.97000122070312
2023-07-19,NSE:MON100,126.4000015258789
2023-07-19,NSE:LOWVOLIETF,16.143999099731445
2023-07-19,NSE:CPSEETF,44.68000030517578
2023-07-20,NSE:CPSEETF,44.77000045776367
2023-07-20,NSE:MOM100,39.18000030517578
2023-07-20,NSE:MON100,125.08000183105469
2023-07-20,NSE:PHARMABEES,14.460000038146973
2023-07-20,NSE:LOWVOLIETF,16.22599983215332
2023-07-20,NSE:MAFANG,67.47000122070312
2023-07-20,NSE:NIFTYBEES,219.50999450683594
2023-07-20,NSE:ITBEES,32.7599983215332
2023-07-20,NSE:BANKBEES,469.1499938964844
2023-07-21,NSE:PHARMABEES,14.470000267028809
2023-07-21,NSE:NIFTYBEES,217.47999572753906
2023-07-21,NSE:ITBEES,31.43000030517578
2023-07-21,NSE:MAFANG,64.52999877929688
2023-07-21,NSE:MOM100,39.09000015258789
2023-07-21,NSE:CPSEETF,44.81999969482422
2023-07-21,NSE:LOWVOLIETF,16.139999389648438
2023-07-21,NSE:MON100,123.31999969482422
2023-07-21,NSE:BANKBEES,468.69000244140625
2023-07-24,NSE:BANKBEES,467.5299987792969
2023-07-24,NSE:MOM100,39.150001525878906
2023-07-24,NSE:MAFANG,63.939998626708984
2023-07-24,NSE:NIFTYBEES,216.72999572753906
2023-07-24,NSE:LOWVOLIETF,16.131000518798828
2023-07-24,NSE:MON100,122.73999786376953
2023-07-24,NSE:PHARMABEES,14.529999732971191
2023-07-24,NSE:ITBEES,31.40999984741211
2023-07-24,NSE:CPSEETF,45.34000015258789
2023-07-25,NSE:CPSEETF,45.83000183105469
2023-07-25,NSE:NIFTYBEES,216.63999938964844
2023-07-25,NSE:MON100,123.23999786376953
2023-07-25,NSE:MAFANG,64.06999969482422
2023-07-25,NSE:BANKBEES,466.80999755859375
2023-07-25,NSE:MOM100,39.130001068115234
2023-07-25,NSE:LOWVOLIETF,16.06399917602539
2023-07-26,NSE:ITBEES,31.3700008392334
2023-07-26,NSE:PHARMABEES,14.680000305175781
2023-07-26,NSE:BANKBEES,468.6000061035156
2023-07-26,NSE:MOM100,39.38999938964844
2023-07-26,NSE:MON100,124.29000091552734
2023-07-26,NSE:CPSEETF,45.81999969482422
2023-07-26,NSE:NIFTYBEES,217.72000122070312
2023-07-26,NSE:MAFANG,64.44999694824219
2023-07-26,NSE:LOWVOLIETF,16.101999282836914
2023-07-27,NSE:MON100,125.23999786376953
2023-07-27,NSE:NIFTYBEES,216.6300048828125
2023-07-27,NSE:MOM100,39.529998779296875
2023-07-27,NSE:LOWVOLIETF,16.20800018310547
2023-07-27,NSE:CPSEETF,45.81999969482422
2023-07-27,NSE:BANKBEES,465.70001220703125
2023-07-27,NSE:MAFANG,64.98999786376953
2023-07-28,NSE:NIFTYBEES,216.33999633789062
2023-07-28,NSE:CPSEETF,46.54999923706055
2023-07-28,NSE:MOM100,39.68000030517578
2023-07-28,NSE:MAFANG,64.87999725341797
2023-07-28,NSE:MON100,125.58999633789062
2023-07-28,NSE:PHARMABEES,15.199999809265137
2023-07-28,NSE:BANKBEES,463.0299987792969
2023-07-28,NSE:LOWVOLIETF,16.27199935913086
2023-07-28,NSE:ITBEES,31.049999237060547
2023-07-31,NSE:MAFANG,65.70999908447266
2023-07-31,NSE:CPSEETF,47.709999084472656
2023-07-31,NSE:NIFTYBEES,217.5800018310547
2023-07-31,NSE:LOWVOLIETF,16.340999603271484
2023-07-31,NSE:MON100,126.04000091552734
2023-07-31,NSE:BANKBEES,464.5199890136719
2023-07-31,NSE:MOM100,39.97999954223633
2023-08-01,NSE:LOWVOLIETF,16.32900047302246
2023-08-01,NSE:BANKBEES,463.5400085449219
2023-08-01,NSE:NIFTYBEES,217.22999572753906
2023-08-01,NSE:MAFANG,65.83000183105469
2023-08-01,NSE:CPSEETF,47.95000076293945
2023-08-01,NSE:MON100,126.05999755859375
2023-08-01,NSE:MOM100,40.16999816894531
2023-08-02,NSE:MAFANG,65.44000244140625
2023-08-02,NSE:MON100,124.43000030517578
2023-08-02,NSE:CPSEETF,46.88999938964844
2023-08-02,NSE:LOWVOLIETF,16.2450008392334
2023-08-02,NSE:NIFTYBEES,215.10000610351562
2023-08-02,NSE:MOM100,39.63999938964844
2023-08-02,NSE:BANKBEES,458.1199951171875
2023-08-03,NSE:MOM100,39.560001373291016
2023-08-03,NSE:LOWVOLIETF,16.0939998626709
2023-08-03,NSE:MAFANG,63.84000015258789
2023-08-03,NSE:BANKBEES,453.760009765625
2023-08-03,NSE:ITBEES,31.489999771118164
2023-08-03,NSE:CPSEETF,46.529998779296875
2023-08-03,NSE:MON100,123.48999786376953
2023-08-03,NSE:NIFTYBEES,213.55999755859375
2023-08-03,NSE:PHARMABEES,15.319999694824219
2023-08-04,NSE:LOWVOLIETF,16.253000259399414
2023-08-04,NSE:BANKBEES,456.8800048828125
2023-08-04,NSE:NIFTYBEES,215.0399932861328
2023-08-04,NSE:MAFANG,64.95999908447266
2023-08-04,NSE:CPSEETF,46.81999969482422
2023-08-04,NSE:MON100,124.19999694824219
2023-08-04,NSE:MOM100,39.95000076293945
2023-08-04,NSE:ITBEES,31.959999084472656
2023-08-04,NSE:PHARMABEES,15.489999771118164
2023-08-07,NSE:ITBEES,32.29999923706055
2023-08-07,NSE:MOM100,40.27000045776367
2023-08-07,NSE:NIFTYBEES,215.9499969482422
2023-08-07,NSE:PHARMABEES,15.729999542236328
2023-08-07,NSE:CPSEETF,46.790000915527344
2023-08-07,NSE:BANKBEES,455.9100036621094
2023-08-07,NSE:MON100,123.30000305175781
2023-08-07,NSE:MAFANG,65.01000213623047
2023-08-07,NSE:LOWVOLIETF,16.246999740600586
2023-08-08,NSE:ITBEES,32.36000061035156
2023-08-08,NSE:BANKBEES,457.3299865722656
2023-08-08,NSE:LOWVOLIETF,16.30500030517578
2023-08-08,NSE:MOM100,40.2599983215332
2023-08-08,NSE:MAFANG,64.87999725341797
2023-08-08,NSE:PHARMABEES,15.829999923706055
2023-08-08,NSE:MON100,123.01000213623047
2023-08-08,NSE:CPSEETF,46.79999923706055
2023-08-08,NSE:NIFTYBEES,215.7899932861328
2023-08-09,NSE:PHARMABEES,15.9399995803833
2023-08-09,NSE:BANKBEES,457.45001220703125
2023-08-09,NSE:MOM100,40.5
2023-08-09,NSE:MON100,123.04000091552734
2023-08-09,NSE:MAFANG,64.62999725341797
2023-08-09,NSE:NIFTYBEES,216.49000549316406
2023-08-09,NSE:ITBEES,32.47999954223633
2023-08-09,NSE:CPSEETF,47.189998626708984
2023-08-09,NSE:LOWVOLIETF,16.325000762939453
2023-08-10,NSE:ITBEES,32.38999938964844
2023-08-10,NSE:MAFANG,63.83000183105469
2023-08-10,NSE:PHARMABEES,15.800000190734863
2023-08-10,NSE:LOWVOLIETF,16.231000900268555
2023-08-10,NSE:MON100,122.55000305175781
2023-08-10,NSE:NIFTYBEES,215.3300018310547
2023-08-10,NSE:MOM100,39.72999954223633
2023-08-10,NSE:BANKBEES,454.3999938964844
2023-08-10,NSE:CPSEETF,47.15999984741211
2023-08-11,NSE:NIFTYBEES,214.39999389648438
2023-08-11,NSE:ITBEES,32.41999816894531
2023-08-11,NSE:CPSEETF,47.380001068115234
2023-08-11,NSE:MOM100,40.310001373291016
2023-08-11,NSE:LOWVOLIETF,16.179000854492188
2023-08-11,NSE:MAFANG,63.189998626708984
2023-08-11,NSE:PHARMABEES,15.609999656677246
2023-08-11,NSE:MON100,122.30999755859375
2023-08-11,NSE:BANKBEES,451.4100036621094
2023-08-14,NSE:CPSEETF,47.27000045776367
2023-08-14,NSE:MOM100,40.22999954223633
2023-08-14,NSE:MON100,121.05000305175781
2023-08-14,NSE:PHARMABEES,15.5600004196167
2023-08-14,NSE:NIFTYBEES,214.50999450683594
2023-08-14,NSE:LOWVOLIETF,16.16699981689453
2023-08-14,NSE:ITBEES,32.54999923706055
2023-08-14,NSE:BANKBEES,449.69000244140625
2023-08-14,NSE:MAFANG,62.720001220703125
2023-08-16,NSE:MON100,121.06999969482422
2023-08-16,NSE:PHARMABEES,15.65999984741211
2023-08-16,NSE:NIFTYBEES,214.57000732421875
2023-08-16,NSE:LOWVOLIETF,16.177000045776367
2023-08-16,NSE:MAFANG,63.18000030517578
2023-08-16,NSE:ITBEES,32.75
2023-08-16,NSE:MOM100,40.220001220703125
2023-08-16,NSE:BANKBEES,447.6600036621094
2023-08-16,NSE:CPSEETF,47.709999084472656
2023-08-17,NSE:PHARMABEES,15.59000015258789
2023-08-17,NSE:ITBEES,32.619998931884766
2023-08-17,NSE:NIFTYBEES,213.6999969482422
2023-08-17,NSE:MOM100,40.33000183105469
2023-08-17,NSE:MON100,120.23999786376953
2023-08-17,NSE:BANKBEES,446.9800109863281
2023-08-17,NSE:LOWVOLIETF,16.166000366210938
2023-08-17,NSE:CPSEETF,47.459999084472656
2023-08-17,NSE:MAFANG,61.86000061035156
2023-08-18,NSE:LOWVOLIETF,16.073999404907227
2023-08-18,NSE:BANKBEES,446.489990234375
2023-08-18,NSE:ITBEES,32.220001220703125
2023-08-18,NSE:NIFTYBEES,213.0
2023-08-18,NSE:MON100,118.79000091552734
2023-08-18,NSE:PHARMABEES,15.510000228881836
2023-08-18,NSE:MAFANG,60.31999969482422
2023-08-18,NSE:CPSEETF,47.02000045776367
2023-08-18,NSE:MOM100,40.279998779296875
2023-08-21,NSE:LOWVOLIETF,16.159000396728516
2023-08-21,NSE:ITBEES,32.459999084472656
2023-08-21,NSE:NIFTYBEES,213.5
2023-08-21,NSE:MAFANG,60.790000915527344
2023-08-21,NSE:PHARMABEES,15.5600004196167
2023-08-21,NSE:CPSEETF,47.529998779296875
2023-08-21,NSE:BANKBEES,448.0400085449219
2023-08-21,NSE:MON100,119.91000366210938
2023-08-21,NSE:MOM100,40.630001068115234
2023-08-22,NSE:MOM100,40.959999084472656
2023-08-22,NSE:NIFTYBEES,213.42999267578125
2023-08-22,NSE:MON100,121.0199966430664
2023-08-22,NSE:CPSEETF,48.09000015258789
2023-08-22,NSE:BANKBEES,448.0799865722656
2023-08-22,NSE:MAFANG,61.869998931884766
2023-08-22,NSE:PHARMABEES,15.5600004196167
2023-08-22,NSE:LOWVOLIETF,16.17099952697754
2023-08-22,NSE:ITBEES,32.4900016784668
2023-08-23,NSE:NIFTYBEES,214.3699951171875
2023-08-23,NSE:MAFANG,61.720001220703125
2023-08-23,NSE:CPSEETF,48.2400016784668
2023-08-23,NSE:MON100,120.58999633789062
2023-08-23,NSE:ITBEES,32.5
2023-08-23,NSE:BANKBEES,452.9100036621094
2023-08-23,NSE:LOWVOLIETF,16.18000030517578
2023-08-23,NSE:MOM100,41.27000045776367
2023-08-23,NSE:PHARMABEES,15.529999732971191
2023-08-24,NSE:LOWVOLIETF,16.190000534057617
2023-08-24,NSE:MON100,122.56999969482422
2023-08-24,NSE:CPSEETF,47.95000076293945
2023-08-24,NSE:NIFTYBEES,213.77000427246094
2023-08-24,NSE:ITBEES,32.650001525878906
2023-08-24,NSE:MAFANG,63.2599983215332
2023-08-24,NSE:BANKBEES,453.3800048828125
2023-08-24,NSE:MOM100,41.22999954223633
2023-08-24,NSE:PHARMABEES,15.430000305175781
2023-08-25,NSE:MAFANG,61.7400016784668
2023-08-25,NSE:MOM100,41.02000045776367
2023-08-25,NSE:PHARMABEES,15.260000228881836
2023-08-25,NSE:CPSEETF,47.560001373291016
2023-08-25,NSE:NIFTYBEES,212.75999450683594
2023-08-25,NSE:ITBEES,32.40999984741211
2023-08-25,NSE:BANKBEES,450.6300048828125
2023-08-25,NSE:LOWVOLIETF,16.042999267578125
2023-08-25,NSE:MON100,120.18000030517578
2023-08-28,NSE:LOWVOLIETF,16.06599998474121
2023-08-28,NSE:BANKBEES,453.1499938964844
2023-08-28,NSE:MOM100,41.119998931884766
2023-08-28,NSE:NIFTYBEES,212.8699951171875
2023-08-28,NSE:CPSEETF,48.0
2023-08-28,NSE:MON100,120.91000366210938
2023-08-28,NSE:MAFANG,61.91999816894531
2023-08-28,NSE:ITBEES,32.29999923706055
2023-08-28,NSE:PHARMABEES,15.40999984741211
2023-08-29,NSE:PHARMABEES,15.359999656677246
2023-08-29,NSE:LOWVOLIETF,16.077999114990234
2023-08-29,NSE:ITBEES,32.38999938964844
2023-08-29,NSE:NIFTYBEES,213.16000366210938
2023-08-29,NSE:CPSEETF,48.16999816894531
2023-08-29,NSE:MOM100,41.36000061035156
2023-08-29,NSE:BANKBEES,453.3399963378906
2023-08-29,NSE:MAFANG,62.33000183105469
2023-08-29,NSE:MON100,121.44999694824219
2023-08-30,NSE:CPSEETF,48.119998931884766
2023-08-30,NSE:MOM100,41.61000061035156
2023-08-30,NSE:ITBEES,32.72999954223633
2023-08-30,NSE:NIFTYBEES,213.5399932861328
2023-08-30,NSE:MAFANG,63.18000030517578
2023-08-30,NSE:MON100,123.20999908447266
2023-08-30,NSE:PHARMABEES,15.380000114440918
2023-08-30,NSE:LOWVOLIETF,16.121999740600586
2023-08-30,NSE:BANKBEES,450.82000732421875
2023-08-31,NSE:MON100,123.83000183105469
2023-08-31,NSE:CPSEETF,47.90999984741211
2023-08-31,NSE:PHARMABEES,15.329999923706055
2023-08-31,NSE:LOWVOLIETF,16.02199935913086
2023-08-31,NSE:ITBEES,32.720001220703125
2023-08-31,NSE:NIFTYBEES,212.77000427246094
2023-08-31,NSE:MOM100,41.599998474121094
2023-08-31,NSE:MAFANG,63.79999923706055
2023-08-31,NSE:BANKBEES,449.20001220703125
2023-09-01,NSE:BANKBEES,452.79998779296875
2023-09-01,NSE:ITBEES,33.06999969482422
2023-09-01,NSE:MAFANG,64.23999786376953
2023-09-01,NSE:MON100,124.5999984741211
2023-09-01,NSE:CPSEETF,49.40999984741211
2023-09-01,NSE:MOM100,41.9900016784668
2023-09-01,NSE:NIFTYBEES,214.27000427246094
2023-09-01,NSE:PHARMABEES,15.25
2023-09-01,NSE:LOWVOLIETF,16.100000381469727
2023-09-04,NSE:CPSEETF,50.560001373291016
2023-09-04,NSE:MOM100,42.5
2023-09-04,NSE:MAFANG,64.4000015258789
2023-09-04,NSE:ITBEES,33.81999969482422
2023-09-04,NSE:BANKBEES,454.25
2023-09-04,NSE:MON100,124.75
2023-09-04,NSE:PHARMABEES,15.279999732971191
2023-09-04,NSE:NIFTYBEES,215.58999633789062
2023-09-04,NSE:LOWVOLIETF,16.214000701904297
2023-09-05,NSE:PHARMABEES,15.470000267028809
2023-09-05,NSE:ITBEES,33.970001220703125
2023-09-05,NSE:MAFANG,64.63999938964844
2023-09-05,NSE:NIFTYBEES,215.83999633789062
2023-09-05,NSE:BANKBEES,454.6700134277344
2023-09-05,NSE:LOWVOLIETF,16.270999908447266
2023-09-05,NSE:CPSEETF,50.7400016784668
2023-09-05,NSE:MON100,124.52999877929688
2023-09-05,NSE:MOM100,42.900001525878906
2023-09-06,NSE:LOWVOLIETF,16.319000244140625
2023-09-06,NSE:BANKBEES,453.54998779296875
2023-09-06,NSE:CPSEETF,50.61000061035156
2023-09-06,NSE:MAFANG,64.69999694824219
2023-09-06,NSE:NIFTYBEES,216.22000122070312
2023-09-06,NSE:MOM100,42.93000030517578
2023-09-06,NSE:PHARMABEES,15.600000381469727
2023-09-06,NSE:MON100,124.43000030517578
2023-09-06,NSE:ITBEES,33.95000076293945
2023-09-07,NSE:CPSEETF,51.529998779296875
2023-09-07,NSE:NIFTYBEES,217.2899932861328
2023-09-07,NSE:ITBEES,34.04999923706055
2023-09-07,NSE:MAFANG,64.20999908447266
2023-09-07,NSE:MOM100,43.150001525878906
2023-09-07,NSE:PHARMABEES,15.550000190734863
2023-09-07,NSE:MON100,123.5999984741211
2023-09-07,NSE:LOWVOLIETF,16.371000289916992
2023-09-07,NSE:BANKBEES,457.3599853515625
2023-09-08,NSE:MON100,122.9000015258789
2023-09-08,NSE:NIFTYBEES,218.41000366210938
2023-09-08,NSE:BANKBEES,460.2699890136719
2023-09-08,NSE:MAFANG,64.3499984741211
2023-09-08,NSE:CPSEETF,52.45000076293945
2023-09-08,NSE:PHARMABEES,15.479999542236328
2023-09-08,NSE:ITBEES,34.06999969482422
2023-09-08,NSE:MOM100,43.650001525878906
2023-09-08,NSE:LOWVOLIETF,16.433000564575195
2023-09-11,NSE:MON100,123.83000183105469
2023-09-11,NSE:NIFTYBEES,220.3800048828125
2023-09-11,NSE:LOWVOLIETF,16.507999420166016
2023-09-11,NSE:MAFANG,64.25
2023-09-11,NSE:CPSEETF,52.84000015258789
2023-09-11,NSE:ITBEES,34.279998779296875
2023-09-11,NSE:MOM100,44.029998779296875
2023-09-11,NSE:PHARMABEES,15.529999732971191
2023-09-11,NSE:BANKBEES,464.1099853515625
2023-09-12,NSE:CPSEETF,50.869998931884766
2023-09-12,NSE:MAFANG,64.5199966430664
2023-09-12,NSE:NIFTYBEES,220.19000244140625
2023-09-12,NSE:BANKBEES,463.8599853515625
2023-09-12,NSE:ITBEES,34.68000030517578
2023-09-12,NSE:MON100,124.12999725341797
2023-09-12,NSE:PHARMABEES,15.5600004196167
2023-09-12,NSE:MOM100,42.75
2023-09-12,NSE:LOWVOLIETF,16.514999389648438
2023-09-13,NSE:MOM100,42.83000183105469
2023-09-13,NSE:BANKBEES,467.510009765625
2023-09-13,NSE:LOWVOLIETF,16.513999938964844
2023-09-13,NSE:NIFTYBEES,221.42999267578125
2023-09-13,NSE:MON100,123.30000305175781
2023-09-13,NSE:PHARMABEES,15.699999809265137
2023-09-13,NSE:MAFANG,64.0
2023-09-13,NSE:ITBEES,34.599998474121094
2023-09-13,NSE:CPSEETF,51.58000183105469
2023-09-14,NSE:BANKBEES,468.57000732421875
2023-09-14,NSE:LOWVOLIETF,16.538999557495117
2023-09-14,NSE:PHARMABEES,15.729999542236328
2023-09-14,NSE:MON100,123.87999725341797
2023-09-14,NSE:MOM100,43.220001220703125
2023-09-14,NSE:MAFANG,64.37999725341797
2023-09-14,NSE:ITBEES,34.720001220703125
2023-09-14,NSE:NIFTYBEES,221.52999877929688
2023-09-14,NSE:CPSEETF,52.13999938964844
2023-09-15,NSE:PHARMABEES,15.8100004196167
2023-09-15,NSE:ITBEES,35.06999969482422
2023-09-15,NSE:CPSEETF,51.90999984741211
2023-09-15,NSE:NIFTYBEES,222.57000732421875
2023-09-15,NSE:MAFANG,64.61000061035156
2023-09-15,NSE:LOWVOLIETF,16.5939998626709
2023-09-15,NSE:MON100,124.66000366210938
2023-09-15,NSE:BANKBEES,470.739990234375
2023-09-15,NSE:MOM100,43.43000030517578
2023-09-18,NSE:ITBEES,34.81999969482422
2023-09-18,NSE:MAFANG,64.19000244140625
2023-09-18,NSE:NIFTYBEES,221.9199981689453
2023-09-18,NSE:BANKBEES,468.5899963378906
2023-09-18,NSE:MOM100,43.25
2023-09-18,NSE:MON100,123.51000213623047
2023-09-18,NSE:LOWVOLIETF,16.648000717163086
2023-09-18,NSE:PHARMABEES,15.760000228881836
2023-09-18,NSE:CPSEETF,52.709999084472656
2023-09-20,NSE:MOM100,43.18000030517578
2023-09-20,NSE:MON100,123.47000122070312
2023-09-20,NSE:NIFTYBEES,219.60000610351562
2023-09-20,NSE:PHARMABEES,15.6899995803833
2023-09-20,NSE:MAFANG,63.75
2023-09-20,NSE:CPSEETF,53.119998931884766
2023-09-20,NSE:ITBEES,34.599998474121094
2023-09-20,NSE:LOWVOLIETF,16.576000213623047
2023-09-20,NSE:BANKBEES,462.67999267578125
2023-09-21,NSE:MON100,121.75
2023-09-21,NSE:MAFANG,62.4900016784668
2023-09-21,NSE:PHARMABEES,15.550000190734863
2023-09-21,NSE:ITBEES,34.52000045776367
2023-09-21,NSE:LOWVOLIETF,16.409000396728516
2023-09-21,NSE:CPSEETF,52.25
2023-09-21,NSE:NIFTYBEES,217.6300048828125
2023-09-21,NSE:MOM100,42.81999969482422
2023-09-21,NSE:BANKBEES,454.7799987792969
2023-09-22,NSE:BANKBEES,455.45001220703125
2023-09-22,NSE:CPSEETF,52.2400016784668
2023-09-22,NSE:NIFTYBEES,216.80999755859375
2023-09-22,NSE:ITBEES,34.59000015258789
2023-09-22,NSE:MAFANG,61.18000030517578
2023-09-22,NSE:LOWVOLIETF,16.416000366210938
2023-09-22,NSE:MON100,120.37000274658203
2023-09-22,NSE:PHARMABEES,15.3100004196167
2023-09-22,NSE:MOM100,42.810001373291016
2023-09-25,NSE:MON100,120.06999969482422
2023-09-25,NSE:LOWVOLIETF,16.323999404907227
2023-09-25,NSE:PHARMABEES,15.260000228881836
2023-09-25,NSE:ITBEES,34.310001373291016
2023-09-25,NSE:MOM100,42.91999816894531
2023-09-25,NSE:CPSEETF,52.29999923706055
2023-09-25,NSE:NIFTYBEES,216.8000030517578
2023-09-25,NSE:MAFANG,60.95000076293945
2023-09-25,NSE:BANKBEES,456.1300048828125
2023-09-26,NSE:BANKBEES,454.8599853515625
2023-09-26,NSE:CPSEETF,52.470001220703125
2023-09-26,NSE:ITBEES,34.13999938964844
2023-09-26,NSE:MAFANG,61.209999084472656
2023-09-26,NSE:PHARMABEES,15.229999542236328
2023-09-26,NSE:NIFTYBEES,216.57000732421875
2023-09-26,NSE:LOWVOLIETF,16.356000900268555
2023-09-26,NSE:MON100,120.05999755859375
2023-09-26,NSE:MOM100,43.0
2023-09-27,NSE:CPSEETF,52.65999984741211
2023-09-27,NSE:LOWVOLIETF,16.386999130249023
2023-09-27,NSE:BANKBEES,455.19000244140625
2023-09-27,NSE:ITBEES,34.290000915527344
2023-09-27,NSE:PHARMABEES,15.399999618530273
2023-09-27,NSE:MON100,119.75
2023-09-27,NSE:MAFANG,60.72999954223633
2023-09-27,NSE:MOM100,43.2400016784668
2023-09-27,NSE:NIFTYBEES,217.55999755859375
2023-09-28,NSE:BANKBEES,451.7699890136719
2023-09-28,NSE:NIFTYBEES,215.77000427246094
2023-09-28,NSE:PHARMABEES,15.25
2023-09-28,NSE:ITBEES,33.540000915527344
2023-09-28,NSE:MAFANG,60.97999954223633
2023-09-28,NSE:MON100,119.18000030517578
2023-09-28,NSE:LOWVOLIETF,16.11199951171875
2023-09-28,NSE:MOM100,42.779998779296875
2023-09-28,NSE:CPSEETF,52.52000045776367
2023-09-29,NSE:PHARMABEES,15.65999984741211
2023-09-29,NSE:MAFANG,61.439998626708984
2023-09-29,NSE:MON100,120.56999969482422
2023-09-29,NSE:BANKBEES,454.4200134277344
2023-09-29,NSE:ITBEES,33.4900016784668
2023-09-29,NSE:NIFTYBEES,216.75
2023-09-29,NSE:LOWVOLIETF,16.288000106811523
2023-09-29,NSE:CPSEETF,53.58000183105469
2023-09-29,NSE:MOM100,43.27000045776367
2023-10-03,NSE:CPSEETF,52.880001068115234
2023-10-03,NSE:ITBEES,33.349998474121094
2023-10-03,NSE:MOM100,43.33000183105469
2023-10-03,NSE:NIFTYBEES,215.57000732421875
2023-10-03,NSE:MON100,119.94000244140625
2023-10-03,NSE:MAFANG,61.7400016784668
2023-10-03,NSE:BANKBEES,452.07000732421875
2023-10-03,NSE:LOWVOLIETF,16.1299991607666
2023-10-03,NSE:PHARMABEES,15.529999732971191
2023-10-04,NSE:CPSEETF,52.2400016784668
2023-10-04,NSE:LOWVOLIETF,16.110000610351562
2023-10-04,NSE:MON100,118.45999908447266
2023-10-04,NSE:BANKBEES,448.3399963378906
2023-10-04,NSE:ITBEES,33.459999084472656
2023-10-04,NSE:PHARMABEES,15.3100004196167
2023-10-04,NSE:NIFTYBEES,214.39999389648438
2023-10-04,NSE:MAFANG,60.790000915527344
2023-10-04,NSE:MOM100,42.779998779296875
2023-10-05,NSE:LOWVOLIETF,16.14299964904785
2023-10-05,NSE:ITBEES,33.7599983215332
2023-10-05,NSE:MAFANG,61.4900016784668
2023-10-05,NSE:NIFTYBEES,215.52999877929688
2023-10-05,NSE:CPSEETF,52.150001525878906
2023-10-05,NSE:BANKBEES,450.8699951171875
2023-10-05,NSE:MON100,119.87999725341797
2023-10-05,NSE:PHARMABEES,15.260000228881836
2023-10-05,NSE:MOM100,42.560001373291016
2023-10-06,NSE:MON100,119.55999755859375
2023-10-06,NSE:MAFANG,61.959999084472656
2023-10-06,NSE:MOM100,42.97999954223633
2023-10-06,NSE:ITBEES,34.0099983215332
2023-10-06,NSE:LOWVOLIETF,16.222000122070312
2023-10-06,NSE:PHARMABEES,15.390000343322754
2023-10-06,NSE:CPSEETF,52.290000915527344
2023-10-06,NSE:BANKBEES,452.6700134277344
2023-10-06,NSE:NIFTYBEES,216.6199951171875
2023-10-09,NSE:NIFTYBEES,215.47999572753906
2023-10-09,NSE:LOWVOLIETF,16.099000930786133
2023-10-09,NSE:MAFANG,62.31999969482422
2023-10-09,NSE:CPSEETF,51.79999923706055
2023-10-09,NSE:ITBEES,33.880001068115234
2023-10-09,NSE:BANKBEES,448.4800109863281
2023-10-09,NSE:PHARMABEES,15.329999923706055
2023-10-09,NSE:MOM100,42.43000030517578
2023-10-09,NSE:MON100,119.5
2023-10-10,NSE:MON100,121.93000030517578
2023-10-10,NSE:PHARMABEES,15.359999656677246
2023-10-10,NSE:BANKBEES,453.0299987792969
2023-10-10,NSE:MOM100,42.79999923706055
2023-10-10,NSE:LOWVOLIETF,16.20400047302246
2023-10-10,NSE:NIFTYBEES,217.1300048828125
2023-10-10,NSE:ITBEES,34.18000030517578
2023-10-10,NSE:MAFANG,63.189998626708984
2023-10-10,NSE:CPSEETF,52.84000015258789
2023-10-11,NSE:NIFTYBEES,218.75999450683594
2023-10-11,NSE:PHARMABEES,15.40999984741211
2023-10-11,NSE:MON100,122.33999633789062
2023-10-11,NSE:LOWVOLIETF,16.35300064086914
2023-10-11,NSE:ITBEES,34.209999084472656
2023-10-11,NSE:MAFANG,63.310001373291016
2023-10-11,NSE:CPSEETF,52.91999816894531
2023-10-11,NSE:MOM100,43.189998626708984
2023-10-11,NSE:BANKBEES,454.42999267578125
2023-10-12,NSE:LOWVOLIETF,16.339000701904297
2023-10-12,NSE:BANKBEES,455.2300109863281
2023-10-12,NSE:MON100,123.58999633789062
2023-10-12,NSE:PHARMABEES,15.40999984741211
2023-10-12,NSE:MOM100,43.16999816894531
2023-10-12,NSE:NIFTYBEES,218.60000610351562
2023-10-12,NSE:ITBEES,33.66999816894531
2023-10-12,NSE:MAFANG,63.970001220703125
2023-10-12,NSE:CPSEETF,53.439998626708984
2023-10-13,NSE:MOM100,42.959999084472656
2023-10-13,NSE:CPSEETF,53.5099983215332
2023-10-13,NSE:PHARMABEES,15.449999809265137
2023-10-13,NSE:MAFANG,62.79999923706055
2023-10-13,NSE:LOWVOLIETF,16.378999710083008
2023-10-13,NSE:ITBEES,33.459999084472656
2023-10-13,NSE:BANKBEES,452.260009765625
2023-10-13,NSE:MON100,122.18000030517578
2023-10-13,NSE:NIFTYBEES,218.07000732421875
2023-10-16,NSE:CPSEETF,53.91999816894531
2023-10-16,NSE:MAFANG,62.369998931884766
2023-10-16,NSE:ITBEES,33.38999938964844
2023-10-16,NSE:LOWVOLIETF,16.339000701904297
2023-10-16,NSE:MOM100,43.220001220703125
2023-10-16,NSE:BANKBEES,451.54998779296875
2023-10-16,NSE:NIFTYBEES,217.89999389648438
2023-10-16,NSE:MON100,121.68000030517578
2023-10-16,NSE:PHARMABEES,15.399999618530273
2023-10-17,NSE:MON100,122.12000274658203
2023-10-17,NSE:MOM100,43.40999984741211
2023-10-17,NSE:NIFTYBEES,218.5500030517578
2023-10-17,NSE:MAFANG,63.29999923706055
2023-10-17,NSE:PHARMABEES,15.430000305175781
2023-10-17,NSE:LOWVOLIETF,16.46299934387207
2023-10-17,NSE:BANKBEES,452.5
2023-10-17,NSE:ITBEES,33.43000030517578
2023-10-17,NSE:CPSEETF,54.58000183105469
2023-10-18,NSE:NIFTYBEES,217.1999969482422
2023-10-18,NSE:MOM100,43.0099983215332
2023-10-18,NSE:ITBEES,33.22999954223633
2023-10-18,NSE:PHARMABEES,15.579999923706055
2023-10-18,NSE:MON100,121.62999725341797
2023-10-18,NSE:BANKBEES,448.17999267578125
2023-10-18,NSE:MAFANG,62.470001220703125
2023-10-18,NSE:CPSEETF,54.130001068115234
2023-10-18,NSE:LOWVOLIETF,16.378999710083008
2023-10-19,NSE:CPSEETF,54.040000915527344
2023-10-19,NSE:NIFTYBEES,216.6699981689453
2023-10-19,NSE:BANKBEES,446.75
2023-10-19,NSE:ITBEES,33.220001220703125
2023-10-19,NSE:PHARMABEES,15.520000457763672
2023-10-19,NSE:MAFANG,61.54999923706055
2023-10-19,NSE:MON100,120.6500015258789
2023-10-19,NSE:MOM100,42.97999954223633
2023-10-19,NSE:LOWVOLIETF,16.430999755859375
2023-10-20,NSE:MON100,119.43000030517578
2023-10-20,NSE:BANKBEES,446.3500061035156
2023-10-20,NSE:MAFANG,61.25
2023-10-20,NSE:NIFTYBEES,215.3000030517578
2023-10-20,NSE:MOM100,42.4900016784668
2023-10-20,NSE:LOWVOLIETF,16.378000259399414
2023-10-20,NSE:ITBEES,33.119998931884766
2023-10-20,NSE:PHARMABEES,15.3100004196167
2023-10-20,NSE:CPSEETF,53.650001525878906
2023-10-23,NSE:BANKBEES,440.8299865722656
2023-10-23,NSE:CPSEETF,52.58000183105469
2023-10-23,NSE:ITBEES,32.4900016784668
2023-10-23,NSE:LOWVOLIETF,16.167999267578125
2023-10-23,NSE:MOM100,41.43000030517578
2023-10-23,NSE:NIFTYBEES,213.1699981689453
2023-10-23,NSE:MON100,117.30000305175781
2023-10-23,NSE:PHARMABEES,15.130000114440918
2023-10-23,NSE:MAFANG,60.630001068115234
2023-10-25,NSE:PHARMABEES,15.039999961853027
2023-10-25,NSE:LOWVOLIETF,16.042999267578125
2023-10-25,NSE:NIFTYBEES,211.47999572753906
2023-10-25,NSE:MON100,118.86000061035156
2023-10-25,NSE:BANKBEES,437.4100036621094
2023-10-25,NSE:MAFANG,61.279998779296875
2023-10-25,NSE:CPSEETF,52.310001373291016
2023-10-25,NSE:ITBEES,32.279998779296875
2023-10-25,NSE:MOM100,41.599998474121094
2023-10-26,NSE:NIFTYBEES,208.74000549316406
2023-10-26,NSE:LOWVOLIETF,15.868000030517578
2023-10-26,NSE:MAFANG,59.900001525878906
2023-10-26,NSE:MON100,116.61000061035156
2023-10-26,NSE:ITBEES,32.040000915527344
2023-10-26,NSE:PHARMABEES,14.899999618530273
2023-10-26,NSE:CPSEETF,51.91999816894531
2023-10-26,NSE:MOM100,40.86000061035156
2023-10-26,NSE:BANKBEES,432.2300109863281
2023-10-27,NSE:NIFTYBEES,210.57000732421875
2023-10-27,NSE:LOWVOLIETF,15.987000465393066
2023-10-27,NSE:MAFANG,59.220001220703125
2023-10-27,NSE:PHARMABEES,14.970000267028809
2023-10-27,NSE:CPSEETF,52.970001220703125
2023-10-27,NSE:MOM100,41.27000045776367
2023-10-27,NSE:MON100,116.48999786376953
2023-10-27,NSE:BANKBEES,436.7300109863281
2023-10-27,NSE:ITBEES,32.349998474121094
2023-10-30,NSE:CPSEETF,53.040000915527344
2023-10-30,NSE:NIFTYBEES,211.52000427246094
2023-10-30,NSE:MAFANG,59.95000076293945
2023-10-30,NSE:LOWVOLIETF,16.05900001525879
2023-10-30,NSE:PHARMABEES,15.020000457763672
2023-10-30,NSE:ITBEES,32.36000061035156
2023-10-30,NSE:MON100,116.33000183105469
2023-10-30,NSE:MOM100,41.349998474121094
2023-10-30,NSE:BANKBEES,439.0799865722656
2023-10-31,NSE:NIFTYBEES,210.97999572753906
2023-10-31,NSE:MAFANG,60.41999816894531
2023-10-31,NSE:MON100,116.48999786376953
2023-10-31,NSE:ITBEES,32.27000045776367
2023-10-31,NSE:PHARMABEES,14.920000076293945
2023-10-31,NSE:MOM100,41.38999938964844
2023-10-31,NSE:CPSEETF,53.13999938964844
2023-10-31,NSE:LOWVOLIETF,16.110000610351562
2023-10-31,NSE:BANKBEES,437.510009765625
2023-11-01,NSE:PHARMABEES,14.979999542236328
2023-11-01,NSE:LOWVOLIETF,16.04599952697754
2023-11-01,NSE:ITBEES,32.099998474121094
2023-11-01,NSE:NIFTYBEES,209.99000549316406
2023-11-01,NSE:MON100,116.95999908447266
2023-11-01,NSE:MAFANG,60.59000015258789
2023-11-01,NSE:MOM100,41.4900016784668
2023-11-01,NSE:CPSEETF,52.709999084472656
2023-11-01,NSE:BANKBEES,436.45001220703125
2023-11-02,NSE:LOWVOLIETF,16.12700080871582
2023-11-02,NSE:NIFTYBEES,211.63999938964844
2023-11-02,NSE:ITBEES,32.380001068115234
2023-11-02,NSE:MON100,120.0
2023-11-02,NSE:MAFANG,61.779998779296875
2023-11-02,NSE:MOM100,41.779998779296875
2023-11-02,NSE:CPSEETF,53.04999923706055
2023-11-02,NSE:BANKBEES,439.19000244140625
2023-11-02,NSE:PHARMABEES,15.09000015258789
2023-11-03,NSE:MOM100,42.08000183105469
2023-11-03,NSE:LOWVOLIETF,16.222000122070312
2023-11-03,NSE:MAFANG,62.16999816894531
2023-11-03,NSE:ITBEES,32.59000015258789
2023-11-03,NSE:NIFTYBEES,212.69000244140625
2023-11-03,NSE:BANKBEES,442.1000061035156
2023-11-03,NSE:MON100,120.7300033569336
2023-11-03,NSE:CPSEETF,53.630001068115234
2023-11-03,NSE:PHARMABEES,15.109999656677246
2023-11-06,NSE:LOWVOLIETF,16.392000198364258
2023-11-06,NSE:MOM100,42.369998931884766
2023-11-06,NSE:MON100,122.81999969482422
2023-11-06,NSE:CPSEETF,54.349998474121094
2023-11-06,NSE:NIFTYBEES,214.55999755859375
2023-11-06,NSE:BANKBEES,444.79998779296875
2023-11-06,NSE:MAFANG,63.18000030517578
2023-11-06,NSE:ITBEES,32.709999084472656
2023-11-06,NSE:PHARMABEES,15.300000190734863
2023-11-07,NSE:BANKBEES,445.80999755859375
2023-11-07,NSE:CPSEETF,54.40999984741211
2023-11-07,NSE:ITBEES,32.7599983215332
2023-11-07,NSE:NIFTYBEES,214.49000549316406
2023-11-07,NSE:LOWVOLIETF,16.46299934387207
2023-11-07,NSE:MAFANG,62.939998626708984
2023-11-07,NSE:MOM100,42.54999923706055
2023-11-07,NSE:PHARMABEES,15.529999732971191
2023-11-07,NSE:MON100,122.61000061035156
2023-11-08,NSE:ITBEES,32.650001525878906
2023-11-08,NSE:BANKBEES,445.3399963378906
2023-11-08,NSE:PHARMABEES,15.729999542236328
2023-11-08,NSE:CPSEETF,54.810001373291016
2023-11-08,NSE:LOWVOLIETF,16.465999603271484
2023-11-08,NSE:MON100,123.58999633789062
2023-11-08,NSE:MOM100,42.959999084472656
2023-11-08,NSE:MAFANG,63.9900016784668
2023-11-08,NSE:NIFTYBEES,214.8300018310547
2023-11-09,NSE:NIFTYBEES,214.3000030517578
2023-11-09,NSE:MON100,123.76000213623047
2023-11-09,NSE:BANKBEES,445.5899963378906
2023-11-09,NSE:MAFANG,64.33000183105469
2023-11-09,NSE:CPSEETF,54.849998474121094
2023-11-09,NSE:MOM100,43.09000015258789
2023-11-09,NSE:ITBEES,32.5099983215332
2023-11-09,NSE:LOWVOLIETF,16.493000030517578
2023-11-09,NSE:PHARMABEES,15.710000038146973
2023-11-10,NSE:ITBEES,32.43000030517578
2023-11-10,NSE:NIFTYBEES,214.24000549316406
2023-11-10,NSE:MAFANG,64.01000213623047
2023-11-10,NSE:MON100,122.8499984741211
2023-11-10,NSE:PHARMABEES,15.75
2023-11-10,NSE:LOWVOLIETF,16.479999542236328
2023-11-10,NSE:MOM100,43.27000045776367
2023-11-10,NSE:BANKBEES,446.1099853515625
2023-11-10,NSE:CPSEETF,55.290000915527344
2023-11-13,NSE:MON100,124.9800033569336
2023-11-13,NSE:NIFTYBEES,214.5500030517578
2023-11-13,NSE:PHARMABEES,15.729999542236328
2023-11-13,NSE:BANKBEES,446.8399963378906
2023-11-13,NSE:LOWVOLIETF,16.506999969482422
2023-11-13,NSE:MAFANG,65.05000305175781
2023-11-13,NSE:CPSEETF,56.650001525878906
2023-11-13,NSE:ITBEES,32.400001525878906
2023-11-13,NSE:MOM100,43.54999923706055
2023-11-15,NSE:BANKBEES,450.4800109863281
2023-11-15,NSE:MAFANG,66.94000244140625
2023-11-15,NSE:MOM100,43.95000076293945
2023-11-15,NSE:ITBEES,33.18000030517578
2023-11-15,NSE:NIFTYBEES,216.97000122070312
2023-11-15,NSE:LOWVOLIETF,16.586000442504883
2023-11-15,NSE:PHARMABEES,15.739999771118164
2023-11-15,NSE:CPSEETF,56.93000030517578
2023-11-15,NSE:MON100,127.8499984741211
2023-11-16,NSE:PHARMABEES,15.899999618530273
2023-11-16,NSE:MAFANG,66.9800033569336
2023-11-16,NSE:ITBEES,34.040000915527344
2023-11-16,NSE:BANKBEES,450.20001220703125
2023-11-16,NSE:CPSEETF,57.18000030517578
2023-11-16,NSE:NIFTYBEES,218.16000366210938
2023-11-16,NSE:MOM100,44.43000030517578
2023-11-16,NSE:LOWVOLIETF,16.740999221801758
2023-11-16,NSE:MON100,127.62000274658203
2023-11-17,NSE:MAFANG,67.19000244140625
2023-11-17,NSE:NIFTYBEES,218.02000427246094
2023-11-17,NSE:MON100,128.0500030517578
2023-11-17,NSE:PHARMABEES,16.059999465942383
2023-11-17,NSE:LOWVOLIETF,16.886999130249023
2023-11-17,NSE:MOM100,44.54999923706055
2023-11-17,NSE:ITBEES,33.970001220703125
2023-11-17,NSE:CPSEETF,57.08000183105469
2023-11-17,NSE:BANKBEES,444.9200134277344
2023-11-20,NSE:MAFANG,67.41999816894531
2023-11-20,NSE:CPSEETF,56.9900016784668
2023-11-20,NSE:PHARMABEES,16.040000915527344
2023-11-20,NSE:BANKBEES,444.6199951171875
2023-11-20,NSE:LOWVOLIETF,16.834999084472656
2023-11-20,NSE:NIFTYBEES,217.35000610351562
2023-11-20,NSE:MON100,128.2899932861328
2023-11-20,NSE:ITBEES,34.18000030517578
2023-11-20,NSE:MOM100,44.560001373291016
2023-11-21,NSE:MOM100,44.619998931884766
2023-11-21,NSE:BANKBEES,445.6499938964844
2023-11-21,NSE:NIFTYBEES,218.38999938964844
2023-11-21,NSE:CPSEETF,57.029998779296875
2023-11-21,NSE:LOWVOLIETF,16.878000259399414
2023-11-21,NSE:PHARMABEES,16.219999313354492
2023-11-21,NSE:MON100,130.08999633789062
2023-11-21,NSE:MAFANG,68.3499984741211
2023-11-21,NSE:ITBEES,34.119998931884766
2023-11-22,NSE:BANKBEES,443.55999755859375
2023-11-22,NSE:MON100,129.3000030517578
2023-11-22,NSE:MOM100,44.689998626708984
2023-11-22,NSE:NIFTYBEES,218.52999877929688
2023-11-22,NSE:PHARMABEES,16.31999969482422
2023-11-22,NSE:LOWVOLIETF,16.91900062561035
2023-11-22,NSE:CPSEETF,57.119998931884766
2023-11-22,NSE:MAFANG,68.68000030517578
2023-11-22,NSE:ITBEES,34.369998931884766
2023-11-23,NSE:MAFANG,69.1500015258789
2023-11-23,NSE:BANKBEES,444.2300109863281
2023-11-23,NSE:MOM100,44.68000030517578
2023-11-23,NSE:LOWVOLIETF,16.94700050354004
2023-11-23,NSE:NIFTYBEES,218.55999755859375
2023-11-23,NSE:CPSEETF,57.040000915527344
2023-11-23,NSE:MON100,129.91000366210938
2023-11-23,NSE:ITBEES,34.189998626708984
2023-11-23,NSE:PHARMABEES,16.100000381469727
2023-11-24,NSE:LOWVOLIETF,16.875
2023-11-24,NSE:MON100,129.80999755859375
2023-11-24,NSE:NIFTYBEES,218.47999572753906
2023-11-24,NSE:PHARMABEES,16.209999084472656
2023-11-24,NSE:BANKBEES,445.70001220703125
2023-11-24,NSE:MAFANG,69.19000244140625
2023-11-24,NSE:MOM100,44.72999954223633
2023-11-24,NSE:ITBEES,33.90999984741211
2023-11-24,NSE:CPSEETF,57.41999816894531
2023-11-28,NSE:ITBEES,33.959999084472656
2023-11-28,NSE:PHARMABEES,16.139999389648438
2023-11-28,NSE:LOWVOLIETF,16.91699981689453
2023-11-28,NSE:CPSEETF,57.689998626708984
2023-11-28,NSE:NIFTYBEES,219.55999755859375
2023-11-28,NSE:BANKBEES,447.0199890136719
2023-11-28,NSE:MOM100,44.959999084472656
2023-11-28,NSE:MON100,129.32000732421875
2023-11-28,NSE:MAFANG,68.76000213623047
2023-11-29,NSE:MOM100,45.349998474121094
2023-11-29,NSE:LOWVOLIETF,17.11400032043457
2023-11-29,NSE:MAFANG,68.9000015258789
2023-11-29,NSE:NIFTYBEES,221.66000366210938
2023-11-29,NSE:BANKBEES,453.8299865722656
2023-11-29,NSE:MON100,130.1699981689453
2023-11-29,NSE:ITBEES,34.40999984741211
2023-11-29,NSE:PHARMABEES,16.219999313354492
2023-11-29,NSE:CPSEETF,57.810001373291016
2023-11-30,NSE:MOM100,45.70000076293945
2023-11-30,NSE:LOWVOLIETF,17.243999481201172
2023-11-30,NSE:ITBEES,34.400001525878906
2023-11-30,NSE:BANKBEES,453.82000732421875
2023-11-30,NSE:PHARMABEES,16.479999542236328
2023-11-30,NSE:MAFANG,68.91000366210938
2023-11-30,NSE:NIFTYBEES,222.1300048828125
2023-11-30,NSE:MON100,129.85000610351562
2023-11-30,NSE:CPSEETF,58.31999969482422
2023-12-01,NSE:BANKBEES,456.5
2023-12-01,NSE:NIFTYBEES,223.75
2023-12-01,NSE:MAFANG,68.63999938964844
2023-12-01,NSE:PHARMABEES,16.520000457763672
2023-12-01,NSE:LOWVOLIETF,17.35300064086914
2023-12-01,NSE:ITBEES,34.41999816894531
2023-12-01,NSE:CPSEETF,59.06999969482422
2023-12-01,NSE:MOM100,46.209999084472656
2023-12-01,NSE:MON100,129.61000061035156
2023-12-04,NSE:ITBEES,34.4900016784668
2023-12-04,NSE:MOM100,47.150001525878906
2023-12-04,NSE:PHARMABEES,16.489999771118164
2023-12-04,NSE:CPSEETF,60.709999084472656
2023-12-04,NSE:MAFANG,68.26000213623047
2023-12-04,NSE:BANKBEES,473.6000061035156
2023-12-04,NSE:NIFTYBEES,228.17999267578125
2023-12-04,NSE:LOWVOLIETF,17.548999786376953
2023-12-04,NSE:MON100,129.72999572753906
2023-12-05,NSE:MON100,128.7899932861328
2023-12-05,NSE:ITBEES,34.27000045776367
2023-12-05,NSE:PHARMABEES,16.459999084472656
2023-12-05,NSE:LOWVOLIETF,17.67099952697754
2023-12-05,NSE:MAFANG,67.37000274658203
2023-12-05,NSE:NIFTYBEES,230.05999755859375
2023-12-05,NSE:BANKBEES,478.760009765625
2023-12-05,NSE:MOM100,47.279998779296875
2023-12-05,NSE:CPSEETF,61.68000030517578
2023-12-06,NSE:ITBEES,34.95000076293945
2023-12-06,NSE:LOWVOLIETF,17.652999877929688
2023-12-06,NSE:BANKBEES,476.95001220703125
2023-12-06,NSE:CPSEETF,61.689998626708984
2023-12-06,NSE:MON100,129.61000061035156
2023-12-06,NSE:MOM100,47.15999984741211
2023-12-06,NSE:PHARMABEES,16.40999984741211
2023-12-06,NSE:NIFTYBEES,230.94000244140625
2023-12-06,NSE:MAFANG,68.23999786376953
2023-12-07,NSE:MOM100,47.459999084472656
2023-12-07,NSE:PHARMABEES,16.559999465942383
2023-12-07,NSE:ITBEES,34.84000015258789
2023-12-07,NSE:NIFTYBEES,230.8300018310547
2023-12-07,NSE:CPSEETF,62.38999938964844
2023-12-07,NSE:MON100,128.77000427246094
2023-12-07,NSE:MAFANG,67.47000122070312
2023-12-07,NSE:BANKBEES,477.3699951171875
2023-12-07,NSE:LOWVOLIETF,17.750999450683594
2023-12-08,NSE:ITBEES,35.27000045776367
2023-12-08,NSE:NIFTYBEES,231.36000061035156
2023-12-08,NSE:LOWVOLIETF,17.67799949645996
2023-12-08,NSE:CPSEETF,62.0
2023-12-08,NSE:MON100,130.0
2023-12-08,NSE:PHARMABEES,16.43000030517578
2023-12-08,NSE:MOM100,47.380001068115234
2023-12-08,NSE:MAFANG,68.51000213623047
2023-12-08,NSE:BANKBEES,481.4800109863281
2023-12-11,NSE:NIFTYBEES,231.7899932861328
2023-12-11,NSE:CPSEETF,62.66999816894531
2023-12-11,NSE:PHARMABEES,16.299999237060547
2023-12-11,NSE:ITBEES,35.400001525878906
2023-12-11,NSE:LOWVOLIETF,17.70199966430664
2023-12-11,NSE:MOM100,47.65999984741211
2023-12-11,NSE:MAFANG,69.01000213623047
2023-12-11,NSE:MON100,130.3300018310547
2023-12-11,NSE:BANKBEES,482.69000244140625
2023-12-12,NSE:BANKBEES,480.07000732421875
2023-12-12,NSE:MON100,131.83999633789062
2023-12-12,NSE:MOM100,47.52000045776367
2023-12-12,NSE:ITBEES,35.33000183105469
2023-12-12,NSE:NIFTYBEES,230.9600067138672
2023-12-12,NSE:PHARMABEES,16.209999084472656
2023-12-12,NSE:LOWVOLIETF,17.726999282836914
2023-12-12,NSE:MAFANG,69.05000305175781
2023-12-12,NSE:CPSEETF,62.040000915527344
2023-12-13,NSE:MON100,132.6300048828125
2023-12-13,NSE:MOM100,47.779998779296875
2023-12-13,NSE:PHARMABEES,16.399999618530273
2023-12-13,NSE:LOWVOLIETF,17.80299949645996
2023-12-13,NSE:CPSEETF,62.779998779296875
2023-12-13,NSE:NIFTYBEES,231.14999389648438
2023-12-13,NSE:ITBEES,34.9900016784668
2023-12-13,NSE:BANKBEES,480.6400146484375
2023-12-13,NSE:MAFANG,69.72000122070312
2023-12-14,NSE:NIFTYBEES,233.99000549316406
2023-12-14,NSE:MOM100,48.56999969482422
2023-12-14,NSE:ITBEES,36.09000015258789
2023-12-14,NSE:CPSEETF,62.9900016784668
2023-12-14,NSE:MAFANG,71.16999816894531
2023-12-14,NSE:PHARMABEES,16.389999389648438
2023-12-14,NSE:BANKBEES,486.7099914550781
2023-12-14,NSE:LOWVOLIETF,17.979000091552734
2023-12-14,NSE:MON100,134.77000427246094
2023-12-15,NSE:MOM100,48.97999954223633
2023-12-15,NSE:CPSEETF,64.26000213623047
2023-12-15,NSE:LOWVOLIETF,18.093000411987305
2023-12-15,NSE:PHARMABEES,16.3700008392334
2023-12-15,NSE:MON100,134.44000244140625
2023-12-15,NSE:ITBEES,37.88999938964844
2023-12-15,NSE:NIFTYBEES,236.6199951171875
2023-12-15,NSE:MAFANG,71.1500015258789
2023-12-15,NSE:BANKBEES,489.8800048828125
2023-12-18,NSE:LOWVOLIETF,18.141000747680664
2023-12-18,NSE:CPSEETF,64.33000183105469
2023-12-18,NSE:BANKBEES,488.1499938964844
2023-12-18,NSE:MAFANG,71.44999694824219
2023-12-18,NSE:MOM100,48.72999954223633
2023-12-18,NSE:PHARMABEES,16.719999313354492
2023-12-18,NSE:ITBEES,37.86000061035156
2023-12-18,NSE:MON100,134.92999267578125
2023-12-18,NSE:NIFTYBEES,236.57000732421875
2023-12-19,NSE:NIFTYBEES,236.6999969482422
2023-12-19,NSE:CPSEETF,64.94000244140625
2023-12-19,NSE:BANKBEES,488.5899963378906
2023-12-19,NSE:LOWVOLIETF,18.160999298095703
2023-12-19,NSE:MOM100,48.54999923706055
2023-12-19,NSE:ITBEES,37.38999938964844
2023-12-19,NSE:MAFANG,72.16999816894531
2023-12-19,NSE:PHARMABEES,16.65999984741211
2023-12-19,NSE:MON100,135.2899932861328
2023-12-20,NSE:BANKBEES,483.2699890136719
2023-12-20,NSE:CPSEETF,63.540000915527344
2023-12-20,NSE:NIFTYBEES,233.25
2023-12-20,NSE:ITBEES,36.709999084472656
2023-12-20,NSE:MON100,135.22999572753906
2023-12-20,NSE:MAFANG,72.04000091552734
2023-12-20,NSE:MOM100,47.15999984741211
2023-12-20,NSE:PHARMABEES,16.360000610351562
2023-12-20,NSE:LOWVOLIETF,17.947999954223633
2023-12-21,NSE:NIFTYBEES,234.60000610351562
2023-12-21,NSE:MAFANG,72.18000030517578
2023-12-21,NSE:MON100,134.9199981689453
2023-12-21,NSE:LOWVOLIETF,18.027999877929688
2023-12-21,NSE:ITBEES,36.88999938964844
2023-12-21,NSE:BANKBEES,488.2099914550781
2023-12-21,NSE:MOM100,47.72999954223633
2023-12-21,NSE:PHARMABEES,16.489999771118164
2023-12-21,NSE:CPSEETF,64.58999633789062
2023-12-22,NSE:LOWVOLIETF,18.19300079345703
2023-12-22,NSE:MON100,135.2899932861328
2023-12-22,NSE:ITBEES,37.70000076293945
2023-12-22,NSE:MOM100,48.02000045776367
2023-12-22,NSE:MAFANG,72.5
2023-12-22,NSE:NIFTYBEES,235.5
2023-12-22,NSE:CPSEETF,64.94999694824219
2023-12-22,NSE:PHARMABEES,16.670000076293945
2023-12-22,NSE:BANKBEES,483.6000061035156
2023-12-26,NSE:MAFANG,72.63999938964844
2023-12-26,NSE:CPSEETF,66.2699966430664
2023-12-26,NSE:LOWVOLIETF,18.37299919128418
2023-12-26,NSE:MON100,136.11000061035156
2023-12-26,NSE:BANKBEES,486.0
2023-12-26,NSE:ITBEES,37.54999923706055
2023-12-26,NSE:PHARMABEES,16.809999465942383
2023-12-26,NSE:MOM100,48.18000030517578
2023-12-26,NSE:NIFTYBEES,236.92999267578125
2023-12-27,NSE:MAFANG,73.08999633789062
2023-12-27,NSE:LOWVOLIETF,18.451000213623047
2023-12-27,NSE:ITBEES,37.72999954223633
2023-12-27,NSE:NIFTYBEES,238.91000366210938
2023-12-27,NSE:CPSEETF,65.98999786376953
2023-12-27,NSE:PHARMABEES,16.920000076293945
2023-12-27,NSE:MOM100,48.56999969482422
2023-12-27,NSE:BANKBEES,491.4100036621094
2023-12-27,NSE:MON100,136.91000366210938
2023-12-28,NSE:CPSEETF,67.29000091552734
2023-12-28,NSE:MOM100,48.91999816894531
2023-12-28,NSE:MON100,137.14999389648438
2023-12-28,NSE:BANKBEES,493.5799865722656
2023-12-28,NSE:MAFANG,73.29000091552734
2023-12-28,NSE:LOWVOLIETF,18.73200035095215
2023-12-28,NSE:PHARMABEES,17.110000610351562
2023-12-28,NSE:NIFTYBEES,240.16000366210938
2023-12-28,NSE:ITBEES,37.720001220703125
2023-12-29,NSE:MON100,136.6300048828125
2023-12-29,NSE:PHARMABEES,17.09000015258789
2023-12-29,NSE:CPSEETF,66.87999725341797
2023-12-29,NSE:MAFANG,73.01000213623047
2023-12-29,NSE:ITBEES,37.36000061035156
2023-12-29,NSE:MOM100,49.22999954223633
2023-12-29,NSE:LOWVOLIETF,18.719999313354492
2023-12-29,NSE:BANKBEES,492.42999267578125
2023-12-29,NSE:NIFTYBEES,239.64999389648438
2024-01-01,NSE:MON100,137.0399932861328
2024-01-01,NSE:MOM100,49.5
2024-01-01,NSE:LOWVOLIETF,18.729999542236328
2024-01-01,NSE:CPSEETF,67.16999816894531
2024-01-01,NSE:BANKBEES,491.6499938964844
2024-01-01,NSE:ITBEES,37.68000030517578
2024-01-01,NSE:NIFTYBEES,240.35000610351562
2024-01-01,NSE:MAFANG,73.0199966430664
2024-01-01,NSE:PHARMABEES,17.139999389648438
2024-01-02,NSE:MOM100,49.220001220703125
2024-01-02,NSE:LOWVOLIETF,18.663999557495117
2024-01-02,NSE:NIFTYBEES,239.2100067138672
2024-01-02,NSE:PHARMABEES,17.549999237060547
2024-01-02,NSE:CPSEETF,67.25
2024-01-02,NSE:ITBEES,37.33000183105469
2024-01-02,NSE:MON100,136.17999267578125
2024-01-02,NSE:MAFANG,72.55999755859375
2024-01-02,NSE:BANKBEES,487.1400146484375
2024-01-03,NSE:MAFANG,71.0
2024-01-03,NSE:LOWVOLIETF,18.621000289916992
2024-01-03,NSE:NIFTYBEES,237.74000549316406
2024-01-03,NSE:BANKBEES,486.1700134277344
2024-01-03,NSE:MON100,134.97000122070312
2024-01-03,NSE:ITBEES,36.43000030517578
2024-01-03,NSE:MOM100,49.779998779296875
2024-01-03,NSE:CPSEETF,67.05999755859375
2024-01-03,NSE:PHARMABEES,17.65999984741211
2024-01-04,NSE:PHARMABEES,17.68000030517578
2024-01-04,NSE:NIFTYBEES,239.3000030517578
2024-01-04,NSE:MOM100,50.29999923706055
2024-01-04,NSE:ITBEES,36.40999984741211
2024-01-04,NSE:MON100,134.14999389648438
2024-01-04,NSE:LOWVOLIETF,18.697999954223633
2024-01-04,NSE:CPSEETF,68.30999755859375
2024-01-04,NSE:BANKBEES,491.239990234375
2024-01-04,NSE:MAFANG,70.22000122070312
2024-01-05,NSE:LOWVOLIETF,18.704999923706055
2024-01-05,NSE:ITBEES,36.849998474121094
2024-01-05,NSE:NIFTYBEES,239.74000549316406
2024-01-05,NSE:MON100,132.4600067138672
2024-01-05,NSE:CPSEETF,68.55000305175781
2024-01-05,NSE:PHARMABEES,17.639999389648438
2024-01-05,NSE:MOM100,50.5099983215332
2024-01-05,NSE:MAFANG,70.93000030517578
2024-01-05,NSE:BANKBEES,490.6499938964844
2024-01-08,NSE:NIFTYBEES,237.67999267578125
2024-01-08,NSE:BANKBEES,483.9100036621094
2024-01-08,NSE:MOM100,50.02000045776367
2024-01-08,NSE:PHARMABEES,17.469999313354492
2024-01-08,NSE:LOWVOLIETF,18.535999298095703
2024-01-08,NSE:ITBEES,36.5099983215332
2024-01-08,NSE:MON100,132.47000122070312
2024-01-08,NSE:MAFANG,69.77999877929688
2024-01-08,NSE:CPSEETF,68.37000274658203
2024-01-09,NSE:LOWVOLIETF,18.555999755859375
2024-01-09,NSE:BANKBEES,481.6199951171875
2024-01-09,NSE:MON100,134.69000244140625
2024-01-09,NSE:PHARMABEES,17.6200008392334
2024-01-09,NSE:NIFTYBEES,237.77999877929688
2024-01-09,NSE:MAFANG,70.94000244140625
2024-01-09,NSE:MOM100,50.06999969482422
2024-01-09,NSE:ITBEES,36.63999938964844
2024-01-09,NSE:CPSEETF,68.5999984741211
2024-01-10,NSE:ITBEES,36.7599983215332
2024-01-10,NSE:MAFANG,71.02999877929688
2024-01-10,NSE:NIFTYBEES,238.75999450683594
2024-01-10,NSE:BANKBEES,483.4700012207031
2024-01-10,NSE:LOWVOLIETF,18.51799964904785
2024-01-10,NSE:PHARMABEES,17.649999618530273
2024-01-10,NSE:MON100,135.50999450683594
2024-01-10,NSE:CPSEETF,68.2300033569336
2024-01-10,NSE:MOM100,50.09000015258789
2024-01-11,NSE:MAFANG,72.01000213623047
2024-01-11,NSE:CPSEETF,68.11000061035156
2024-01-11,NSE:MON100,136.22999572753906
2024-01-11,NSE:MOM100,50.38999938964844
2024-01-11,NSE:ITBEES,36.720001220703125
2024-01-11,NSE:PHARMABEES,17.639999389648438
2024-01-11,NSE:LOWVOLIETF,18.601999282836914
2024-01-11,NSE:NIFTYBEES,238.8699951171875
2024-01-11,NSE:BANKBEES,483.3999938964844
2024-01-12,NSE:CPSEETF,68.38999938964844
2024-01-12,NSE:MON100,135.74000549316406
2024-01-12,NSE:MOM100,50.619998931884766
2024-01-12,NSE:MAFANG,71.76000213623047
2024-01-12,NSE:ITBEES,38.540000915527344
2024-01-12,NSE:LOWVOLIETF,18.77199935913086
2024-01-12,NSE:BANKBEES,486.2099914550781
2024-01-12,NSE:PHARMABEES,17.610000610351562
2024-01-12,NSE:NIFTYBEES,241.72999572753906
2024-01-15,NSE:BANKBEES,490.489990234375
2024-01-15,NSE:MOM100,50.619998931884766
2024-01-15,NSE:ITBEES,39.22999954223633
2024-01-15,NSE:PHARMABEES,17.809999465942383
2024-01-15,NSE:MON100,135.74000549316406
2024-01-15,NSE:NIFTYBEES,244.07000732421875
2024-01-15,NSE:CPSEETF,69.83000183105469
2024-01-15,NSE:MAFANG,71.76000213623047
2024-01-15,NSE:LOWVOLIETF,18.947999954223633
2024-01-16,NSE:PHARMABEES,17.610000610351562
2024-01-16,NSE:CPSEETF,69.5
2024-01-16,NSE:MON100,135.72000122070312
2024-01-16,NSE:BANKBEES,489.6700134277344
2024-01-16,NSE:MOM100,50.81999969482422
2024-01-16,NSE:MAFANG,71.83999633789062
2024-01-16,NSE:ITBEES,38.81999969482422
2024-01-16,NSE:LOWVOLIETF,18.906999588012695
2024-01-16,NSE:NIFTYBEES,243.24000549316406
2024-01-17,NSE:BANKBEES,470.5400085449219
2024-01-17,NSE:ITBEES,38.97999954223633
2024-01-17,NSE:LOWVOLIETF,18.735000610351562
2024-01-17,NSE:NIFTYBEES,238.3800048828125
2024-01-17,NSE:PHARMABEES,17.440000534057617
2024-01-17,NSE:CPSEETF,69.19999694824219
2024-01-17,NSE:MAFANG,71.12000274658203
2024-01-17,NSE:MON100,135.3300018310547
2024-01-17,NSE:MOM100,50.7400016784668
2024-01-18,NSE:MAFANG,71.38999938964844
2024-01-18,NSE:LOWVOLIETF,18.604999542236328
2024-01-18,NSE:CPSEETF,68.62000274658203
2024-01-18,NSE:NIFTYBEES,237.50999450683594
2024-01-18,NSE:MON100,135.72999572753906
2024-01-18,NSE:BANKBEES,466.5899963378906
2024-01-18,NSE:MOM100,50.279998779296875
2024-01-19,NSE:MOM100,50.83000183105469
2024-01-19,NSE:NIFTYBEES,239.14999389648438
2024-01-19,NSE:MON100,137.5800018310547
2024-01-19,NSE:BANKBEES,466.1400146484375
2024-01-19,NSE:MAFANG,72.52999877929688
2024-01-19,NSE:LOWVOLIETF,18.746000289916992
2024-01-19,NSE:PHARMABEES,17.649999618530273
2024-01-19,NSE:ITBEES,39.209999084472656
2024-01-19,NSE:CPSEETF,70.08000183105469
2024-01-23,NSE:LOWVOLIETF,18.400999069213867
2024-01-23,NSE:ITBEES,38.650001525878906
2024-01-23,NSE:MOM100,49.959999084472656
2024-01-23,NSE:MAFANG,73.9000015258789
2024-01-23,NSE:CPSEETF,68.79000091552734
2024-01-23,NSE:MON100,139.89999389648438
2024-01-23,NSE:PHARMABEES,17.770000457763672
2024-01-23,NSE:NIFTYBEES,234.8699951171875
2024-01-23,NSE:BANKBEES,459.54998779296875
2024-01-24,NSE:MAFANG,75.04000091552734
2024-01-24,NSE:MON100,141.57000732421875
2024-01-24,NSE:MOM100,50.58000183105469
2024-01-24,NSE:PHARMABEES,18.049999237060547
2024-01-24,NSE:CPSEETF,70.54000091552734
2024-01-24,NSE:NIFTYBEES,237.2899932861328
2024-01-24,NSE:LOWVOLIETF,18.70800018310547
2024-01-24,NSE:BANKBEES,460.20001220703125
2024-01-24,NSE:ITBEES,39.27000045776367
2024-01-25,NSE:MON100,141.88999938964844
2024-01-25,NSE:PHARMABEES,17.790000915527344
2024-01-25,NSE:BANKBEES,457.510009765625
2024-01-25,NSE:ITBEES,38.68000030517578
2024-01-25,NSE:CPSEETF,71.41000366210938
2024-01-25,NSE:LOWVOLIETF,18.611000061035156
2024-01-25,NSE:NIFTYBEES,236.14999389648438
2024-01-25,NSE:MOM100,50.54999923706055
2024-01-25,NSE:MAFANG,75.86000061035156
2024-01-29,NSE:MON100,141.64999389648438
2024-01-29,NSE:MOM100,51.06999969482422
2024-01-29,NSE:NIFTYBEES,240.0500030517578
2024-01-29,NSE:CPSEETF,74.31999969482422
2024-01-29,NSE:ITBEES,38.689998626708984
2024-01-29,NSE:PHARMABEES,17.90999984741211
2024-01-29,NSE:BANKBEES,464.260009765625
2024-01-29,NSE:LOWVOLIETF,18.819000244140625
2024-01-29,NSE:MAFANG,75.91000366210938
2024-01-30,NSE:PHARMABEES,17.760000228881836
2024-01-30,NSE:MON100,142.47999572753906
2024-01-30,NSE:ITBEES,38.61000061035156
2024-01-30,NSE:MOM100,50.599998474121094
2024-01-30,NSE:CPSEETF,73.70999908447266
2024-01-30,NSE:BANKBEES,462.94000244140625
2024-01-30,NSE:MAFANG,76.69000244140625
2024-01-30,NSE:LOWVOLIETF,18.695999145507812
2024-01-30,NSE:NIFTYBEES,238.1300048828125
2024-01-31,NSE:LOWVOLIETF,18.875999450683594
2024-01-31,NSE:CPSEETF,74.37999725341797
2024-01-31,NSE:BANKBEES,468.760009765625
2024-01-31,NSE:MOM100,51.630001068115234
2024-01-31,NSE:MAFANG,75.77999877929688
2024-01-31,NSE:PHARMABEES,18.229999542236328
2024-01-31,NSE:MON100,140.47000122070312
2024-01-31,NSE:NIFTYBEES,240.25999450683594
2024-01-31,NSE:ITBEES,38.779998779296875
2024-02-01,NSE:NIFTYBEES,240.02999877929688
2024-02-01,NSE:ITBEES,38.689998626708984
2024-02-01,NSE:PHARMABEES,18.1200008392334
2024-02-01,NSE:CPSEETF,74.76000213623047
2024-02-01,NSE:BANKBEES,470.2799987792969
2024-02-01,NSE:MAFANG,74.66000366210938
2024-02-01,NSE:MON100,139.6300048828125
2024-02-01,NSE:MOM100,51.470001220703125
2024-02-01,NSE:LOWVOLIETF,18.825000762939453
2024-02-02,NSE:CPSEETF,77.58000183105469
2024-02-02,NSE:LOWVOLIETF,19.003999710083008
2024-02-02,NSE:BANKBEES,469.239990234375
2024-02-02,NSE:MAFANG,77.5199966430664
2024-02-02,NSE:PHARMABEES,18.270000457763672
2024-02-02,NSE:NIFTYBEES,241.3000030517578
2024-02-02,NSE:ITBEES,39.47999954223633
2024-02-02,NSE:MOM100,51.68000030517578
2024-02-02,NSE:MON100,141.80999755859375
2024-02-05,NSE:MOM100,51.630001068115234
2024-02-05,NSE:MON100,141.80999755859375
2024-02-05,NSE:BANKBEES,466.3699951171875
2024-02-05,NSE:NIFTYBEES,240.24000549316406
2024-02-05,NSE:LOWVOLIETF,19.121999740600586
2024-02-05,NSE:PHARMABEES,18.59000015258789
2024-02-05,NSE:CPSEETF,79.19000244140625
2024-02-05,NSE:ITBEES,39.349998474121094
2024-02-05,NSE:MAFANG,78.58000183105469
2024-02-06,NSE:LOWVOLIETF,19.283000946044922
2024-02-06,NSE:BANKBEES,466.1199951171875
2024-02-06,NSE:PHARMABEES,18.770000457763672
2024-02-06,NSE:MON100,141.8300018310547
2024-02-06,NSE:MAFANG,79.01000213623047
2024-02-06,NSE:NIFTYBEES,242.00999450683594
2024-02-06,NSE:ITBEES,40.5
2024-02-06,NSE:CPSEETF,79.54000091552734
2024-02-06,NSE:MOM100,52.13999938964844
2024-02-07,NSE:ITBEES,40.09000015258789
2024-02-07,NSE:PHARMABEES,18.81999969482422
2024-02-07,NSE:MAFANG,78.79000091552734
2024-02-07,NSE:LOWVOLIETF,19.32699966430664
2024-02-07,NSE:BANKBEES,467.2300109863281
2024-02-07,NSE:MON100,141.36000061035156
2024-02-07,NSE:NIFTYBEES,242.35000610351562
2024-02-07,NSE:MOM100,52.38999938964844
2024-02-07,NSE:CPSEETF,79.12000274658203
2024-02-08,NSE:BANKBEES,459.6000061035156
2024-02-08,NSE:LOWVOLIETF,19.201000213623047
2024-02-08,NSE:PHARMABEES,18.799999237060547
2024-02-08,NSE:MON100,142.77999877929688
2024-02-08,NSE:MAFANG,80.08999633789062
2024-02-08,NSE:NIFTYBEES,240.27999877929688
2024-02-08,NSE:ITBEES,40.15999984741211
2024-02-08,NSE:MOM100,52.619998931884766
2024-02-08,NSE:CPSEETF,80.19999694824219
2024-02-09,NSE:LOWVOLIETF,19.218000411987305
2024-02-09,NSE:MAFANG,80.66999816894531
2024-02-09,NSE:ITBEES,40.0
2024-02-09,NSE:PHARMABEES,18.920000076293945
2024-02-09,NSE:BANKBEES,465.25
2024-02-09,NSE:MON100,143.42999267578125
2024-02-09,NSE:NIFTYBEES,240.77999877929688
2024-02-09,NSE:MOM100,52.150001525878906
2024-02-09,NSE:CPSEETF,78.72000122070312
2024-02-12,NSE:LOWVOLIETF,19.128999710083008
2024-02-12,NSE:MOM100,50.939998626708984
2024-02-12,NSE:MAFANG,81.30000305175781
2024-02-12,NSE:ITBEES,40.189998626708984
2024-02-12,NSE:CPSEETF,74.98999786376953
2024-02-12,NSE:NIFTYBEES,239.32000732421875
2024-02-12,NSE:MON100,144.67999267578125
2024-02-12,NSE:BANKBEES,458.0899963378906
2024-02-12,NSE:PHARMABEES,18.989999771118164
2024-02-13,NSE:NIFTYBEES,240.58999633789062
2024-02-13,NSE:CPSEETF,76.23999786376953
2024-02-13,NSE:ITBEES,40.439998626708984
2024-02-13,NSE:BANKBEES,464.0799865722656
2024-02-13,NSE:PHARMABEES,19.079999923706055
2024-02-13,NSE:MAFANG,80.80999755859375
2024-02-13,NSE:LOWVOLIETF,19.28499984741211
2024-02-13,NSE:MOM100,51.040000915527344
2024-02-13,NSE:MON100,143.3000030517578
2024-02-14,NSE:MAFANG,79.8499984741211
2024-02-14,NSE:MON100,142.64999389648438
2024-02-14,NSE:BANKBEES,467.1000061035156
2024-02-14,NSE:LOWVOLIETF,19.386999130249023
2024-02-14,NSE:MOM100,51.5099983215332
2024-02-14,NSE:PHARMABEES,18.920000076293945
2024-02-14,NSE:ITBEES,40.02000045776367
2024-02-14,NSE:CPSEETF,78.37999725341797
2024-02-14,NSE:NIFTYBEES,241.5500030517578
2024-02-15,NSE:ITBEES,40.20000076293945
2024-02-15,NSE:LOWVOLIETF,19.444000244140625
2024-02-15,NSE:MOM100,51.9900016784668
2024-02-15,NSE:PHARMABEES,18.90999984741211
2024-02-15,NSE:MAFANG,81.26000213623047
2024-02-15,NSE:BANKBEES,471.1300048828125
2024-02-15,NSE:MON100,143.74000549316406
2024-02-15,NSE:CPSEETF,81.26000213623047
2024-02-15,NSE:NIFTYBEES,242.72000122070312
2024-02-16,NSE:LOWVOLIETF,19.591999053955078
2024-02-16,NSE:CPSEETF,81.08000183105469
2024-02-16,NSE:NIFTYBEES,243.99000549316406
2024-02-16,NSE:MON100,144.33999633789062
2024-02-16,NSE:ITBEES,40.70000076293945
2024-02-16,NSE:BANKBEES,472.7799987792969
2024-02-16,NSE:MOM100,52.36000061035156
2024-02-16,NSE:MAFANG,82.5199966430664
2024-02-16,NSE:PHARMABEES,19.209999084472656
2024-02-19,NSE:BANKBEES,473.7300109863281
2024-02-19,NSE:LOWVOLIETF,19.663000106811523
2024-02-19,NSE:NIFTYBEES,245.0399932861328
2024-02-19,NSE:CPSEETF,81.05999755859375
2024-02-19,NSE:MAFANG,82.4000015258789
2024-02-19,NSE:MON100,145.16000366210938
2024-02-19,NSE:MOM100,52.47999954223633
2024-02-19,NSE:PHARMABEES,19.389999389648438
2024-02-19,NSE:ITBEES,40.58000183105469
2024-02-20,NSE:BANKBEES,479.32000732421875
2024-02-20,NSE:MOM100,52.47999954223633
2024-02-20,NSE:ITBEES,40.2599983215332
2024-02-20,NSE:PHARMABEES,19.31999969482422
2024-02-20,NSE:LOWVOLIETF,19.679000854492188
2024-02-20,NSE:MON100,142.47000122070312
2024-02-20,NSE:MAFANG,81.33000183105469
2024-02-20,NSE:CPSEETF,81.69999694824219
2024-02-20,NSE:NIFTYBEES,245.3699951171875
2024-02-21,NSE:MOM100,51.939998626708984
2024-02-21,NSE:BANKBEES,478.5
2024-02-21,NSE:CPSEETF,79.91000366210938
2024-02-21,NSE:PHARMABEES,19.260000228881836
2024-02-21,NSE:LOWVOLIETF,19.545000076293945
2024-02-21,NSE:NIFTYBEES,243.8699951171875
2024-02-21,NSE:MAFANG,80.19000244140625
2024-02-21,NSE:MON100,141.83999633789062
2024-02-21,NSE:ITBEES,39.66999816894531
2024-02-22,NSE:BANKBEES,478.3500061035156
2024-02-22,NSE:CPSEETF,81.16000366210938
2024-02-22,NSE:ITBEES,40.34000015258789
2024-02-22,NSE:NIFTYBEES,245.7899932861328
2024-02-22,NSE:MAFANG,81.77999877929688
2024-02-22,NSE:MOM100,52.310001373291016
2024-02-22,NSE:MON100,144.00999450683594
2024-02-22,NSE:PHARMABEES,19.280000686645508
2024-02-22,NSE:LOWVOLIETF,19.608999252319336
2024-02-23,NSE:CPSEETF,81.31999969482422
2024-02-23,NSE:MAFANG,83.2699966430664
2024-02-23,NSE:MOM100,52.56999969482422
2024-02-23,NSE:MON100,144.99000549316406
2024-02-23,NSE:LOWVOLIETF,19.666000366210938
2024-02-23,NSE:PHARMABEES,19.3799991607666
2024-02-23,NSE:NIFTYBEES,245.69000244140625
2024-02-23,NSE:BANKBEES,477.5299987792969
2024-02-23,NSE:ITBEES,40.29999923706055
2024-02-26,NSE:PHARMABEES,19.290000915527344
2024-02-26,NSE:NIFTYBEES,244.8699951171875
2024-02-26,NSE:MON100,144.75
2024-02-26,NSE:MAFANG,83.43000030517578
2024-02-26,NSE:ITBEES,39.88999938964844
2024-02-26,NSE:CPSEETF,81.22000122070312
2024-02-26,NSE:MOM100,52.41999816894531
2024-02-26,NSE:LOWVOLIETF,19.615999221801758
2024-02-26,NSE:BANKBEES,473.92999267578125
2024-02-27,NSE:MAFANG,83.5
2024-02-27,NSE:CPSEETF,81.27999877929688
2024-02-27,NSE:PHARMABEES,19.360000610351562
2024-02-27,NSE:NIFTYBEES,245.5
2024-02-27,NSE:BANKBEES,474.4200134277344
2024-02-27,NSE:ITBEES,40.08000183105469
2024-02-27,NSE:MON100,145.19000244140625
2024-02-27,NSE:LOWVOLIETF,19.658000946044922
2024-02-27,NSE:MOM100,52.310001373291016
2024-02-28,NSE:ITBEES,39.970001220703125
2024-02-28,NSE:MAFANG,83.45999908447266
2024-02-28,NSE:CPSEETF,80.08999633789062
2024-02-28,NSE:MOM100,51.61000061035156
2024-02-28,NSE:NIFTYBEES,243.07000732421875
2024-02-28,NSE:PHARMABEES,19.25
2024-02-28,NSE:LOWVOLIETF,19.434999465942383
2024-02-28,NSE:MON100,144.2100067138672
2024-02-28,NSE:BANKBEES,469.07000732421875
2024-02-29,NSE:NIFTYBEES,243.25
2024-02-29,NSE:LOWVOLIETF,19.542999267578125
2024-02-29,NSE:BANKBEES,471.0
2024-02-29,NSE:PHARMABEES,19.309999465942383
2024-02-29,NSE:ITBEES,39.970001220703125
2024-02-29,NSE:MON100,143.85000610351562
2024-02-29,NSE:MAFANG,83.36000061035156
2024-02-29,NSE:MOM100,51.54999923706055
2024-02-29,NSE:CPSEETF,80.1500015258789
2024-03-01,NSE:MOM100,52.189998626708984
2024-03-01,NSE:NIFTYBEES,246.85000610351562
2024-03-01,NSE:BANKBEES,481.20001220703125
2024-03-01,NSE:LOWVOLIETF,19.670000076293945
2024-03-01,NSE:MAFANG,83.44999694824219
2024-03-01,NSE:MON100,145.75
2024-03-01,NSE:ITBEES,39.810001373291016
2024-03-01,NSE:CPSEETF,81.58000183105469
2024-03-01,NSE:PHARMABEES,19.15999984741211
2024-03-04,NSE:LOWVOLIETF,19.719999313354492
2024-03-04,NSE:MON100,147.6300048828125
2024-03-04,NSE:CPSEETF,83.66999816894531
2024-03-04,NSE:NIFTYBEES,247.8300018310547
2024-03-04,NSE:PHARMABEES,19.299999237060547
2024-03-04,NSE:BANKBEES,483.2900085449219
2024-03-04,NSE:ITBEES,39.599998474121094
2024-03-04,NSE:MOM100,52.5099983215332
2024-03-04,NSE:MAFANG,84.69999694824219
2024-03-05,NSE:MAFANG,84.41999816894531
2024-03-05,NSE:ITBEES,38.9900016784668
2024-03-05,NSE:NIFTYBEES,247.33999633789062
2024-03-05,NSE:PHARMABEES,19.34000015258789
2024-03-05,NSE:CPSEETF,84.5999984741211
2024-03-05,NSE:BANKBEES,484.6300048828125
2024-03-05,NSE:MOM100,52.380001068115234
2024-03-05,NSE:LOWVOLIETF,19.670000076293945
2024-03-05,NSE:MON100,146.42999267578125
2024-03-06,NSE:MAFANG,84.5999984741211
2024-03-06,NSE:PHARMABEES,19.450000762939453
2024-03-06,NSE:BANKBEES,488.3399963378906
2024-03-06,NSE:MOM100,51.9900016784668
2024-03-06,NSE:ITBEES,39.209999084472656
2024-03-06,NSE:MON100,145.32000732421875
2024-03-06,NSE:NIFTYBEES,248.6199951171875
2024-03-06,NSE:CPSEETF,83.97000122070312
2024-03-06,NSE:LOWVOLIETF,19.790000915527344
2024-03-07,NSE:ITBEES,39.349998474121094
2024-03-07,NSE:CPSEETF,83.93000030517578
2024-03-07,NSE:NIFTYBEES,248.6699981689453
2024-03-07,NSE:MOM100,52.20000076293945
2024-03-07,NSE:PHARMABEES,19.5
2024-03-07,NSE:MAFANG,84.9000015258789
2024-03-07,NSE:MON100,146.2100067138672
2024-03-07,NSE:LOWVOLIETF,19.84000015258789
2024-03-07,NSE:BANKBEES,486.82000732421875
2024-03-11,NSE:CPSEETF,82.7300033569336
2024-03-11,NSE:PHARMABEES,19.56999969482422
2024-03-11,NSE:MON100,146.32000732421875
2024-03-11,NSE:BANKBEES,482.70001220703125
2024-03-11,NSE:LOWVOLIETF,19.809999465942383
2024-03-11,NSE:MAFANG,85.56999969482422
2024-03-11,NSE:MOM100,52.13999938964844
2024-03-11,NSE:NIFTYBEES,247.4499969482422
2024-03-11,NSE:ITBEES,39.220001220703125
2024-03-12,NSE:ITBEES,39.369998931884766
2024-03-12,NSE:MON100,145.91000366210938
2024-03-12,NSE:LOWVOLIETF,19.700000762939453
2024-03-12,NSE:MAFANG,85.18000030517578
2024-03-12,NSE:NIFTYBEES,247.4199981689453
2024-03-12,NSE:CPSEETF,81.27999877929688
2024-03-12,NSE:BANKBEES,482.07000732421875
2024-03-12,NSE:MOM100,51.34000015258789
2024-03-12,NSE:PHARMABEES,19.290000915527344
2024-03-13,NSE:BANKBEES,477.8399963378906
2024-03-13,NSE:LOWVOLIETF,19.459999084472656
2024-03-13,NSE:PHARMABEES,18.950000762939453
2024-03-13,NSE:ITBEES,39.0099983215332
2024-03-13,NSE:MON100,145.8000030517578
2024-03-13,NSE:MAFANG,83.66999816894531
2024-03-13,NSE:MOM100,49.380001068115234
2024-03-13,NSE:NIFTYBEES,243.7100067138672
2024-03-13,NSE:CPSEETF,76.01000213623047
2024-03-14,NSE:ITBEES,39.849998474121094
2024-03-14,NSE:MOM100,49.97999954223633
2024-03-14,NSE:MON100,145.85000610351562
2024-03-14,NSE:NIFTYBEES,245.38999938964844
2024-03-14,NSE:LOWVOLIETF,19.600000381469727
2024-03-14,NSE:BANKBEES,476.70001220703125
2024-03-14,NSE:PHARMABEES,19.15999984741211
2024-03-14,NSE:MAFANG,84.05000305175781
2024-03-14,NSE:CPSEETF,77.45999908447266
2024-03-15,NSE:NIFTYBEES,243.8000030517578
2024-03-15,NSE:MAFANG,82.58000183105469
2024-03-15,NSE:MON100,145.07000732421875
2024-03-15,NSE:BANKBEES,474.010009765625
2024-03-15,NSE:CPSEETF,76.30999755859375
2024-03-15,NSE:MOM100,49.869998931884766
2024-03-15,NSE:LOWVOLIETF,19.510000228881836
2024-03-15,NSE:ITBEES,39.68000030517578
2024-03-15,NSE:PHARMABEES,19.020000457763672
2024-03-18,NSE:MAFANG,82.91999816894531
2024-03-18,NSE:CPSEETF,76.54000091552734
2024-03-18,NSE:PHARMABEES,19.149999618530273
2024-03-18,NSE:NIFTYBEES,243.97999572753906
2024-03-18,NSE:BANKBEES,474.04998779296875
2024-03-18,NSE:LOWVOLIETF,19.5
2024-03-18,NSE:MON100,144.83999633789062
2024-03-18,NSE:MOM100,49.68000030517578
2024-03-18,NSE:ITBEES,39.119998931884766
2024-03-19,NSE:MON100,145.0
2024-03-19,NSE:CPSEETF,75.56999969482422
2024-03-19,NSE:MOM100,49.0099983215332
2024-03-19,NSE:PHARMABEES,18.739999771118164
2024-03-19,NSE:ITBEES,38.02000045776367
2024-03-19,NSE:NIFTYBEES,241.60000610351562
2024-03-19,NSE:BANKBEES,472.07000732421875
2024-03-19,NSE:LOWVOLIETF,19.170000076293945
2024-03-19,NSE:MAFANG,82.48999786376953
2024-03-20,NSE:LOWVOLIETF,19.229999542236328
2024-03-20,NSE:CPSEETF,76.16000366210938
2024-03-20,NSE:NIFTYBEES,241.5800018310547
2024-03-20,NSE:MON100,145.25999450683594
2024-03-20,NSE:MAFANG,83.66000366210938
2024-03-20,NSE:BANKBEES,471.510009765625
2024-03-20,NSE:ITBEES,37.93000030517578
2024-03-20,NSE:MOM100,49.060001373291016
2024-03-20,NSE:PHARMABEES,18.65999984741211
2024-03-21,NSE:LOWVOLIETF,19.399999618530273
2024-03-21,NSE:ITBEES,38.20000076293945
2024-03-21,NSE:MON100,148.27000427246094
2024-03-21,NSE:MAFANG,84.91999816894531
2024-03-21,NSE:MOM100,50.150001525878906
2024-03-21,NSE:CPSEETF,78.38999938964844
2024-03-21,NSE:NIFTYBEES,243.99000549316406
2024-03-21,NSE:BANKBEES,475.25
2024-03-21,NSE:PHARMABEES,18.8700008392334
2024-03-22,NSE:PHARMABEES,19.100000381469727
2024-03-22,NSE:MON100,149.0399932861328
2024-03-22,NSE:CPSEETF,78.77999877929688
2024-03-22,NSE:NIFTYBEES,244.74000549316406
2024-03-22,NSE:ITBEES,37.40999984741211
2024-03-22,NSE:LOWVOLIETF,19.579999923706055
2024-03-22,NSE:MAFANG,84.4800033569336
2024-03-22,NSE:BANKBEES,477.010009765625
2024-03-22,NSE:MOM100,50.630001068115234
2024-03-26,NSE:LOWVOLIETF,19.520000457763672
2024-03-26,NSE:NIFTYBEES,243.7899932861328
2024-03-26,NSE:ITBEES,37.11000061035156
2024-03-26,NSE:BANKBEES,475.05999755859375
2024-03-26,NSE:MON100,149.7100067138672
2024-03-26,NSE:CPSEETF,78.88999938964844
2024-03-26,NSE:MOM100,50.95000076293945
2024-03-26,NSE:PHARMABEES,19.1200008392334
2024-03-26,NSE:MAFANG,85.73999786376953
2024-03-27,NSE:PHARMABEES,19.110000610351562
2024-03-27,NSE:MON100,149.49000549316406
2024-03-27,NSE:MOM100,50.84000015258789
2024-03-27,NSE:CPSEETF,78.80000305175781
2024-03-27,NSE:LOWVOLIETF,19.520000457763672
2024-03-27,NSE:NIFTYBEES,244.9600067138672
2024-03-27,NSE:ITBEES,36.88999938964844
2024-03-27,NSE:BANKBEES,477.1300048828125
2024-03-27,NSE:MAFANG,86.20999908447266
2024-03-28,NSE:CPSEETF,79.91000366210938
2024-03-28,NSE:PHARMABEES,19.270000457763672
2024-03-28,NSE:MAFANG,87.55999755859375
2024-03-28,NSE:LOWVOLIETF,19.68000030517578
2024-03-28,NSE:MON100,149.3800048828125
2024-03-28,NSE:BANKBEES,480.3900146484375
2024-03-28,NSE:NIFTYBEES,246.9600067138672
2024-03-28,NSE:MOM100,51.209999084472656
2024-03-28,NSE:ITBEES,37.04999923706055
2024-04-01,NSE:LOWVOLIETF,19.770000457763672
2024-04-01,NSE:PHARMABEES,19.510000228881836
2024-04-01,NSE:BANKBEES,485.1000061035156
2024-04-01,NSE:MOM100,52.130001068115234
2024-04-01,NSE:ITBEES,37.18000030517578
2024-04-01,NSE:CPSEETF,81.37000274658203
2024-04-01,NSE:MON100,150.10000610351562
2024-04-01,NSE:MAFANG,88.2699966430664
2024-04-01,NSE:NIFTYBEES,248.19000244140625
2024-04-02,NSE:ITBEES,36.93000030517578
2024-04-02,NSE:NIFTYBEES,248.64999389648438
2024-04-02,NSE:MON100,148.27000427246094
2024-04-02,NSE:LOWVOLIETF,19.75
2024-04-02,NSE:BANKBEES,484.3299865722656
2024-04-02,NSE:CPSEETF,82.48999786376953
2024-04-02,NSE:MAFANG,87.98999786376953
2024-04-02,NSE:MOM100,52.66999816894531
2024-04-02,NSE:PHARMABEES,19.5
2024-04-03,NSE:NIFTYBEES,248.58999633789062
2024-04-03,NSE:MOM100,52.900001525878906
2024-04-03,NSE:BANKBEES,485.05999755859375
2024-04-03,NSE:MAFANG,89.58999633789062
2024-04-03,NSE:LOWVOLIETF,19.670000076293945
2024-04-03,NSE:CPSEETF,83.2699966430664
2024-04-03,NSE:MON100,147.52999877929688
2024-04-03,NSE:ITBEES,37.15999984741211
2024-04-03,NSE:PHARMABEES,19.489999771118164
2024-04-04,NSE:ITBEES,37.59000015258789
2024-04-04,NSE:LOWVOLIETF,19.649999618530273
2024-04-04,NSE:MON100,148.75
2024-04-04,NSE:MAFANG,91.94999694824219
2024-04-04,NSE:MOM100,53.0099983215332
2024-04-04,NSE:PHARMABEES,19.440000534057617
2024-04-04,NSE:BANKBEES,489.3999938964844
2024-04-04,NSE:NIFTYBEES,249.22999572753906
2024-04-04,NSE:CPSEETF,82.9000015258789
2024-04-05,NSE:PHARMABEES,19.510000228881836
2024-04-05,NSE:MAFANG,95.5199966430664
2024-04-05,NSE:ITBEES,37.41999816894531
2024-04-05,NSE:BANKBEES,493.3299865722656
2024-04-05,NSE:MOM100,53.38999938964844
2024-04-05,NSE:NIFTYBEES,249.0500030517578
2024-04-05,NSE:MON100,147.30999755859375
2024-04-05,NSE:LOWVOLIETF,19.690000534057617
2024-04-05,NSE:CPSEETF,83.43000030517578
2024-04-08,NSE:NIFTYBEES,250.75
2024-04-08,NSE:MON100,148.30999755859375
2024-04-08,NSE:LOWVOLIETF,19.75
2024-04-08,NSE:MAFANG,97.12000274658203
2024-04-08,NSE:BANKBEES,494.1000061035156
2024-04-08,NSE:MOM100,53.41999816894531
2024-04-08,NSE:ITBEES,37.209999084472656
2024-04-08,NSE:PHARMABEES,19.559999465942383
2024-04-08,NSE:CPSEETF,83.91000366210938
2024-04-09,NSE:LOWVOLIETF,19.639999389648438
2024-04-09,NSE:BANKBEES,496.55999755859375
2024-04-09,NSE:ITBEES,37.18000030517578
2024-04-09,NSE:MAFANG,99.58000183105469
2024-04-09,NSE:NIFTYBEES,250.74000549316406
2024-04-09,NSE:MOM100,53.189998626708984
2024-04-09,NSE:MON100,147.8000030517578
2024-04-09,NSE:PHARMABEES,19.510000228881836
2024-04-09,NSE:CPSEETF,83.80000305175781
2024-04-10,NSE:MON100,148.52000427246094
2024-04-10,NSE:MAFANG,99.0999984741211
2024-04-10,NSE:PHARMABEES,19.459999084472656
2024-04-10,NSE:ITBEES,37.400001525878906
2024-04-10,NSE:NIFTYBEES,251.57000732421875
2024-04-10,NSE:BANKBEES,498.32000732421875
2024-04-10,NSE:CPSEETF,84.75
2024-04-10,NSE:MOM100,53.70000076293945
2024-04-10,NSE:LOWVOLIETF,19.700000762939453
2024-04-12,NSE:LOWVOLIETF,19.5
2024-04-12,NSE:BANKBEES,494.94000244140625
2024-04-12,NSE:MON100,149.41000366210938
2024-04-12,NSE:NIFTYBEES,249.55999755859375
2024-04-12,NSE:MAFANG,98.91000366210938
2024-04-12,NSE:ITBEES,37.18000030517578
2024-04-12,NSE:CPSEETF,84.05999755859375
2024-04-12,NSE:MOM100,53.459999084472656
2024-04-12,NSE:PHARMABEES,19.139999389648438
2024-04-15,NSE:MOM100,52.61000061035156
2024-04-15,NSE:MAFANG,97.7699966430664
2024-04-15,NSE:PHARMABEES,18.940000534057617
2024-04-15,NSE:CPSEETF,84.12999725341797
2024-04-15,NSE:BANKBEES,486.7099914550781
2024-04-15,NSE:LOWVOLIETF,19.290000915527344
2024-04-15,NSE:MON100,148.07000732421875
2024-04-15,NSE:ITBEES,36.56999969482422
2024-04-15,NSE:NIFTYBEES,246.8699951171875
2024-04-16,NSE:MOM100,52.58000183105469
2024-04-16,NSE:CPSEETF,84.55000305175781
2024-04-16,NSE:ITBEES,35.63999938964844
2024-04-16,NSE:LOWVOLIETF,19.25
2024-04-16,NSE:MON100,145.75
2024-04-16,NSE:BANKBEES,484.4700012207031
2024-04-16,NSE:MAFANG,95.13999938964844
2024-04-16,NSE:NIFTYBEES,245.52000427246094
2024-04-16,NSE:PHARMABEES,18.940000534057617
2024-04-18,NSE:ITBEES,35.560001373291016
2024-04-18,NSE:BANKBEES,480.0799865722656
2024-04-18,NSE:MOM100,52.31999969482422
2024-04-18,NSE:CPSEETF,83.27999877929688
2024-04-18,NSE:PHARMABEES,18.850000381469727
2024-04-18,NSE:NIFTYBEES,243.94000244140625
2024-04-18,NSE:MON100,143.97000122070312
2024-04-18,NSE:MAFANG,96.16999816894531
2024-04-18,NSE:LOWVOLIETF,19.06999969482422
2024-04-19,NSE:MOM100,51.810001373291016
2024-04-19,NSE:LOWVOLIETF,19.049999237060547
2024-04-19,NSE:CPSEETF,83.26000213623047
2024-04-19,NSE:NIFTYBEES,245.52999877929688
2024-04-19,NSE:MON100,141.6300048828125
2024-04-19,NSE:MAFANG,97.11000061035156
2024-04-19,NSE:ITBEES,35.41999816894531
2024-04-19,NSE:PHARMABEES,18.75
2024-04-19,NSE:BANKBEES,484.7900085449219
2024-04-22,NSE:PHARMABEES,19.0
2024-04-22,NSE:LOWVOLIETF,19.209999084472656
2024-04-22,NSE:MAFANG,95.88999938964844
2024-04-22,NSE:CPSEETF,83.47000122070312
2024-04-22,NSE:NIFTYBEES,247.30999755859375
2024-04-22,NSE:MOM100,52.439998626708984
2024-04-22,NSE:MON100,141.66000366210938
2024-04-22,NSE:ITBEES,35.59000015258789
2024-04-22,NSE:BANKBEES,488.8999938964844
2024-04-23,NSE:MOM100,53.54999923706055
2024-04-23,NSE:NIFTYBEES,247.82000732421875
2024-04-23,NSE:BANKBEES,488.2300109863281
2024-04-23,NSE:PHARMABEES,18.760000228881836
2024-04-23,NSE:CPSEETF,84.0
2024-04-23,NSE:MAFANG,92.29000091552734
2024-04-23,NSE:MON100,141.25
2024-04-23,NSE:ITBEES,35.7599983215332
2024-04-23,NSE:LOWVOLIETF,19.25
2024-04-24,NSE:ITBEES,35.4900016784668
2024-04-24,NSE:CPSEETF,84.94999694824219
2024-04-24,NSE:MON100,143.3000030517578
2024-04-24,NSE:LOWVOLIETF,19.350000381469727
2024-04-24,NSE:BANKBEES,490.1700134277344
2024-04-24,NSE:PHARMABEES,18.899999618530273
2024-04-24,NSE:MAFANG,92.88999938964844
2024-04-24,NSE:MOM100,53.36000061035156
2024-04-24,NSE:NIFTYBEES,247.94000244140625
2024-04-25,NSE:ITBEES,35.58000183105469
2024-04-25,NSE:MON100,142.14999389648438
2024-04-25,NSE:LOWVOLIETF,19.3799991607666
2024-04-25,NSE:PHARMABEES,19.15999984741211
2024-04-25,NSE:CPSEETF,85.83999633789062
2024-04-25,NSE:MOM100,53.619998931884766
2024-04-25,NSE:BANKBEES,493.2300109863281
2024-04-25,NSE:NIFTYBEES,249.27000427246094
2024-04-25,NSE:MAFANG,94.83000183105469
2024-04-26,NSE:ITBEES,35.68000030517578
2024-04-26,NSE:CPSEETF,86.30999755859375
2024-04-26,NSE:LOWVOLIETF,19.360000610351562
2024-04-26,NSE:MON100,144.8300018310547
2024-04-26,NSE:MOM100,53.88999938964844
2024-04-26,NSE:BANKBEES,490.70001220703125
2024-04-26,NSE:NIFTYBEES,248.44000244140625
2024-04-26,NSE:MAFANG,95.41000366210938
2024-04-26,NSE:PHARMABEES,19.280000686645508
2024-04-29,NSE:PHARMABEES,19.3799991607666
2024-04-29,NSE:MAFANG,94.26000213623047
2024-04-29,NSE:MON100,144.89999389648438
2024-04-29,NSE:MOM100,54.13999938964844
2024-04-29,NSE:LOWVOLIETF,19.43000030517578
2024-04-29,NSE:CPSEETF,86.47000122070312
2024-04-29,NSE:ITBEES,35.630001068115234
2024-04-29,NSE:NIFTYBEES,250.58999633789062
2024-04-29,NSE:BANKBEES,502.7799987792969
2024-04-30,NSE:NIFTYBEES,250.05999755859375
2024-04-30,NSE:MOM100,54.31999969482422
2024-04-30,NSE:PHARMABEES,19.270000457763672
2024-04-30,NSE:ITBEES,35.25
2024-04-30,NSE:MAFANG,96.06999969482422
2024-04-30,NSE:MON100,144.72000122070312
2024-04-30,NSE:LOWVOLIETF,19.399999618530273
2024-04-30,NSE:CPSEETF,86.91999816894531
2024-04-30,NSE:BANKBEES,502.3800048828125
2024-05-02,NSE:BANKBEES,501.30999755859375
2024-05-02,NSE:NIFTYBEES,250.83999633789062
2024-05-02,NSE:CPSEETF,88.12999725341797
2024-05-02,NSE:MAFANG,96.8499984741211
2024-05-02,NSE:LOWVOLIETF,19.520000457763672
2024-05-02,NSE:PHARMABEES,19.399999618530273
2024-05-02,NSE:ITBEES,35.22999954223633
2024-05-02,NSE:MOM100,54.470001220703125
2024-05-02,NSE:MON100,143.22999572753906
2024-05-03,NSE:BANKBEES,498.739990234375
2024-05-03,NSE:NIFTYBEES,248.75
2024-05-03,NSE:ITBEES,34.939998626708984
2024-05-03,NSE:MOM100,54.400001525878906
2024-05-03,NSE:PHARMABEES,19.420000076293945
2024-05-03,NSE:CPSEETF,88.66999816894531
2024-05-03,NSE:MAFANG,95.26000213623047
2024-05-03,NSE:LOWVOLIETF,19.420000076293945
2024-05-03,NSE:MON100,144.13999938964844
2024-05-06,NSE:LOWVOLIETF,19.440000534057617
2024-05-06,NSE:CPSEETF,87.27999877929688
2024-05-06,NSE:PHARMABEES,19.5
2024-05-06,NSE:NIFTYBEES,248.3699951171875
2024-05-06,NSE:MAFANG,96.80000305175781
2024-05-06,NSE:ITBEES,35.22999954223633
2024-05-06,NSE:MON100,145.67999267578125
2024-05-06,NSE:BANKBEES,497.67999267578125
2024-05-06,NSE:MOM100,54.099998474121094
2024-05-07,NSE:BANKBEES,492.2900085449219
2024-05-07,NSE:ITBEES,35.52000045776367
2024-05-07,NSE:NIFTYBEES,247.11000061035156
2024-05-07,NSE:LOWVOLIETF,19.479999542236328
2024-05-07,NSE:MON100,146.47999572753906
2024-05-07,NSE:CPSEETF,84.98999786376953
2024-05-07,NSE:MAFANG,96.06999969482422
2024-05-07,NSE:MOM100,53.20000076293945
2024-05-07,NSE:PHARMABEES,19.170000076293945
2024-05-08,NSE:NIFTYBEES,247.24000549316406
2024-05-08,NSE:LOWVOLIETF,19.450000762939453
2024-05-08,NSE:BANKBEES,489.9200134277344
2024-05-08,NSE:CPSEETF,86.29000091552734
2024-05-08,NSE:MON100,146.6199951171875
2024-05-08,NSE:MOM100,53.459999084472656
2024-05-08,NSE:ITBEES,35.40999984741211
2024-05-08,NSE:MAFANG,97.30999755859375
2024-05-08,NSE:PHARMABEES,19.139999389648438
2024-05-09,NSE:ITBEES,35.22999954223633
2024-05-09,NSE:NIFTYBEES,243.49000549316406
2024-05-09,NSE:MON100,146.0500030517578
2024-05-09,NSE:BANKBEES,484.7900085449219
2024-05-09,NSE:CPSEETF,83.76000213623047
2024-05-09,NSE:LOWVOLIETF,19.1200008392334
2024-05-09,NSE:MAFANG,96.41000366210938
2024-05-09,NSE:MOM100,53.04999923706055
2024-05-09,NSE:PHARMABEES,18.780000686645508
2024-05-10,NSE:CPSEETF,85.06999969482422
2024-05-10,NSE:BANKBEES,485.8399963378906
2024-05-10,NSE:MON100,147.50999450683594
2024-05-10,NSE:ITBEES,34.88999938964844
2024-05-10,NSE:LOWVOLIETF,19.31999969482422
2024-05-10,NSE:NIFTYBEES,244.97000122070312
2024-05-10,NSE:PHARMABEES,18.770000457763672
2024-05-10,NSE:MAFANG,95.2699966430664
2024-05-10,NSE:MOM100,52.810001373291016
2024-05-13,NSE:LOWVOLIETF,19.450000762939453
2024-05-13,NSE:ITBEES,35.11000061035156
2024-05-13,NSE:CPSEETF,84.5199966430664
2024-05-13,NSE:MON100,147.10000610351562
2024-05-13,NSE:MOM100,53.029998779296875
2024-05-13,NSE:NIFTYBEES,245.16000366210938
2024-05-13,NSE:PHARMABEES,19.260000228881836
2024-05-13,NSE:BANKBEES,489.1000061035156
2024-05-13,NSE:MAFANG,94.7300033569336
2024-05-14,NSE:PHARMABEES,19.18000030517578
2024-05-14,NSE:LOWVOLIETF,19.489999771118164
2024-05-14,NSE:MOM100,53.58000183105469
2024-05-14,NSE:MAFANG,94.98999786376953
2024-05-14,NSE:ITBEES,35.11000061035156
2024-05-14,NSE:CPSEETF,86.01000213623047
2024-05-14,NSE:NIFTYBEES,246.61000061035156
2024-05-14,NSE:MON100,146.30999755859375
2024-05-14,NSE:BANKBEES,489.80999755859375
2024-05-15,NSE:CPSEETF,87.44999694824219
2024-05-15,NSE:PHARMABEES,19.239999771118164
2024-05-15,NSE:BANKBEES,488.07000732421875
2024-05-15,NSE:MAFANG,95.18000030517578
2024-05-15,NSE:NIFTYBEES,246.4199981689453
2024-05-15,NSE:MOM100,54.09000015258789
2024-05-15,NSE:ITBEES,35.189998626708984
2024-05-15,NSE:MON100,148.2100067138672
2024-05-15,NSE:LOWVOLIETF,19.40999984741211
2024-05-16,NSE:BANKBEES,490.4599914550781
2024-05-16,NSE:MAFANG,95.25
2024-05-16,NSE:CPSEETF,87.72000122070312
2024-05-16,NSE:MOM100,54.459999084472656
2024-05-16,NSE:ITBEES,35.720001220703125
2024-05-16,NSE:LOWVOLIETF,19.510000228881836
2024-05-16,NSE:NIFTYBEES,248.17999267578125
2024-05-16,NSE:MON100,150.3300018310547
2024-05-16,NSE:PHARMABEES,19.290000915527344
2024-05-17,NSE:LOWVOLIETF,19.5
2024-05-17,NSE:MOM100,54.939998626708984
2024-05-17,NSE:ITBEES,35.560001373291016
2024-05-17,NSE:BANKBEES,491.5799865722656
2024-05-17,NSE:MAFANG,95.51000213623047
2024-05-17,NSE:PHARMABEES,19.260000228881836
2024-05-17,NSE:CPSEETF,88.69999694824219
2024-05-17,NSE:NIFTYBEES,248.72999572753906
2024-05-17,NSE:MON100,149.49000549316406
2024-05-21,NSE:BANKBEES,491.8399963378906
2024-05-21,NSE:MON100,150.69000244140625
2024-05-21,NSE:NIFTYBEES,249.74000549316406
2024-05-21,NSE:MOM100,55.52000045776367
2024-05-21,NSE:PHARMABEES,19.479999542236328
2024-05-21,NSE:CPSEETF,92.66999816894531
2024-05-21,NSE:LOWVOLIETF,19.549999237060547
2024-05-21,NSE:ITBEES,35.5099983215332
2024-05-21,NSE:MAFANG,95.58000183105469
2024-05-22,NSE:NIFTYBEES,250.36000061035156
2024-05-22,NSE:BANKBEES,489.6700134277344
2024-05-22,NSE:PHARMABEES,19.6299991607666
2024-05-22,NSE:ITBEES,35.689998626708984
2024-05-22,NSE:MAFANG,95.43000030517578
2024-05-22,NSE:MON100,150.97000122070312
2024-05-22,NSE:LOWVOLIETF,19.649999618530273
2024-05-22,NSE:CPSEETF,93.56999969482422
2024-05-22,NSE:MOM100,55.65999984741211
2024-05-23,NSE:MOM100,55.810001373291016
2024-05-23,NSE:MON100,151.97999572753906
2024-05-23,NSE:CPSEETF,93.51000213623047
2024-05-23,NSE:LOWVOLIETF,19.799999237060547
2024-05-23,NSE:BANKBEES,498.7099914550781
2024-05-23,NSE:ITBEES,36.130001068115234
2024-05-23,NSE:NIFTYBEES,254.2899932861328
2024-05-23,NSE:PHARMABEES,19.489999771118164
2024-05-23,NSE:MAFANG,96.05000305175781
2024-05-24,NSE:LOWVOLIETF,19.799999237060547
2024-05-24,NSE:BANKBEES,501.32000732421875
2024-05-24,NSE:ITBEES,35.97999954223633
2024-05-24,NSE:CPSEETF,94.26000213623047
2024-05-24,NSE:NIFTYBEES,254.97999572753906
2024-05-24,NSE:MOM100,55.849998474121094
2024-05-24,NSE:MON100,150.69000244140625
2024-05-24,NSE:MAFANG,95.93000030517578
2024-05-24,NSE:PHARMABEES,19.420000076293945
2024-05-27,NSE:MON100,151.3800048828125
2024-05-27,NSE:CPSEETF,93.3499984741211
2024-05-27,NSE:LOWVOLIETF,19.760000228881836
2024-05-27,NSE:PHARMABEES,19.440000534057617
2024-05-27,NSE:MOM100,56.20000076293945
2024-05-27,NSE:ITBEES,36.15999984741211
2024-05-27,NSE:BANKBEES,503.7099914550781
2024-05-27,NSE:MAFANG,95.66000366210938
2024-05-27,NSE:NIFTYBEES,254.72000122070312
2024-05-28,NSE:CPSEETF,91.80999755859375
2024-05-28,NSE:LOWVOLIETF,19.780000686645508
2024-05-28,NSE:MON100,151.6999969482422
2024-05-28,NSE:PHARMABEES,19.510000228881836
2024-05-28,NSE:ITBEES,36.0099983215332
2024-05-28,NSE:MOM100,55.810001373291016
2024-05-28,NSE:MAFANG,96.05000305175781
2024-05-28,NSE:BANKBEES,503.3800048828125
2024-05-28,NSE:NIFTYBEES,254.1999969482422
2024-05-29,NSE:PHARMABEES,19.649999618530273
2024-05-29,NSE:BANKBEES,497.6499938964844
2024-05-29,NSE:ITBEES,35.709999084472656
2024-05-29,NSE:MOM100,55.58000183105469
2024-05-29,NSE:CPSEETF,91.91000366210938
2024-05-29,NSE:MAFANG,95.91000366210938
2024-05-29,NSE:MON100,151.3000030517578
2024-05-29,NSE:LOWVOLIETF,19.700000762939453
2024-05-29,NSE:NIFTYBEES,252.3699951171875
2024-05-30,NSE:MAFANG,94.7699966430664
2024-05-30,NSE:MOM100,54.900001525878906
2024-05-30,NSE:MON100,150.88999938964844
2024-05-30,NSE:NIFTYBEES,250.35000610351562
2024-05-30,NSE:LOWVOLIETF,19.739999771118164
2024-05-30,NSE:ITBEES,35.0099983215332
2024-05-30,NSE:BANKBEES,499.0
2024-05-30,NSE:PHARMABEES,19.309999465942383
2024-05-30,NSE:CPSEETF,90.55999755859375
2024-05-31,NSE:MAFANG,95.12000274658203
2024-05-31,NSE:ITBEES,34.70000076293945
2024-05-31,NSE:MOM100,55.599998474121094
2024-05-31,NSE:LOWVOLIETF,19.43000030517578
2024-05-31,NSE:BANKBEES,502.5
2024-05-31,NSE:MON100,150.42999267578125
2024-05-31,NSE:PHARMABEES,19.110000610351562
2024-05-31,NSE:NIFTYBEES,251.14999389648438
2024-05-31,NSE:CPSEETF,91.7300033569336
2024-06-03,NSE:PHARMABEES,19.280000686645508
2024-06-03,NSE:NIFTYBEES,258.1400146484375
2024-06-03,NSE:MAFANG,94.61000061035156
2024-06-03,NSE:BANKBEES,522.6099853515625
2024-06-03,NSE:CPSEETF,98.66999816894531
2024-06-03,NSE:MON100,150.61000061035156
2024-06-03,NSE:LOWVOLIETF,20.049999237060547
2024-06-03,NSE:ITBEES,34.91999816894531
2024-06-03,NSE:MOM100,56.93000030517578
2024-06-04,NSE:MOM100,56.18000030517578
2024-06-04,NSE:LOWVOLIETF,20.020000457763672
2024-06-04,NSE:PHARMABEES,19.15999984741211
2024-06-04,NSE:NIFTYBEES,250.47999572753906
2024-06-04,NSE:MAFANG,92.77999877929688
2024-06-04,NSE:ITBEES,34.7599983215332
2024-06-04,NSE:BANKBEES,503.1400146484375
2024-06-04,NSE:MON100,148.77999877929688
2024-06-04,NSE:CPSEETF,86.94999694824219
2024-06-05,NSE:ITBEES,35.29999923706055
2024-06-05,NSE:BANKBEES,502.2699890136719
2024-06-05,NSE:NIFTYBEES,251.3000030517578
2024-06-05,NSE:CPSEETF,85.33000183105469
2024-06-05,NSE:LOWVOLIETF,20.079999923706055
2024-06-05,NSE:MON100,150.19000244140625
2024-06-05,NSE:MOM100,54.66999816894531
2024-06-05,NSE:MAFANG,93.55000305175781
2024-06-05,NSE:PHARMABEES,19.610000610351562
2024-06-06,NSE:NIFTYBEES,252.97999572753906
2024-06-06,NSE:MOM100,55.939998626708984
2024-06-06,NSE:MON100,154.24000549316406
2024-06-06,NSE:PHARMABEES,19.559999465942383
2024-06-06,NSE:LOWVOLIETF,20.059999465942383
2024-06-06,NSE:BANKBEES,503.70001220703125
2024-06-06,NSE:CPSEETF,87.69999694824219
2024-06-06,NSE:MAFANG,94.2300033569336
2024-06-06,NSE:ITBEES,36.29999923706055
2024-06-07,NSE:MON100,154.8000030517578
2024-06-07,NSE:PHARMABEES,19.93000030517578
2024-06-07,NSE:MOM100,56.75
2024-06-07,NSE:CPSEETF,89.72000122070312
2024-06-07,NSE:NIFTYBEES,258.4200134277344
2024-06-07,NSE:ITBEES,37.47999954223633
2024-06-07,NSE:BANKBEES,509.1499938964844
2024-06-07,NSE:LOWVOLIETF,20.299999237060547
2024-06-07,NSE:MAFANG,95.13999938964844
2024-06-10,NSE:LOWVOLIETF,20.450000762939453
2024-06-10,NSE:BANKBEES,508.80999755859375
2024-06-10,NSE:MOM100,56.849998474121094
2024-06-10,NSE:MON100,154.3699951171875
2024-06-10,NSE:CPSEETF,90.41999816894531
2024-06-10,NSE:MAFANG,95.38999938964844
2024-06-10,NSE:NIFTYBEES,257.94000244140625
2024-06-10,NSE:PHARMABEES,20.079999923706055
2024-06-10,NSE:ITBEES,36.939998626708984
2024-06-11,NSE:NIFTYBEES,258.79998779296875
2024-06-11,NSE:MAFANG,95.25
2024-06-11,NSE:ITBEES,36.91999816894531
2024-06-11,NSE:PHARMABEES,20.049999237060547
2024-06-11,NSE:LOWVOLIETF,20.440000534057617
2024-06-11,NSE:MOM100,57.29999923706055
2024-06-11,NSE:BANKBEES,508.3999938964844
2024-06-11,NSE:MON100,154.5399932861328
2024-06-11,NSE:CPSEETF,91.66999816894531
2024-06-12,NSE:BANKBEES,510.6600036621094
2024-06-12,NSE:NIFTYBEES,259.3900146484375
2024-06-12,NSE:PHARMABEES,20.059999465942383
2024-06-12,NSE:ITBEES,36.959999084472656
2024-06-12,NSE:MOM100,57.91999816894531
2024-06-12,NSE:MON100,156.1300048828125
2024-06-12,NSE:CPSEETF,93.30000305175781
2024-06-12,NSE:MAFANG,94.95999908447266
2024-06-12,NSE:LOWVOLIETF,20.469999313354492
2024-06-13,NSE:NIFTYBEES,260.29998779296875
2024-06-13,NSE:CPSEETF,93.41000366210938
2024-06-13,NSE:MON100,158.92999267578125
2024-06-13,NSE:MAFANG,95.01000213623047
2024-06-13,NSE:ITBEES,37.279998779296875
2024-06-13,NSE:BANKBEES,510.510009765625
2024-06-13,NSE:MOM100,58.369998931884766
2024-06-13,NSE:LOWVOLIETF,20.5
2024-06-13,NSE:PHARMABEES,20.1299991607666
2024-06-14,NSE:MON100,159.24000549316406
2024-06-14,NSE:MOM100,58.970001220703125
2024-06-14,NSE:CPSEETF,93.95999908447266
2024-06-14,NSE:MAFANG,95.22000122070312
2024-06-14,NSE:NIFTYBEES,260.6499938964844
2024-06-14,NSE:PHARMABEES,20.200000762939453
2024-06-14,NSE:ITBEES,37.02000045776367
2024-06-14,NSE:LOWVOLIETF,20.530000686645508
2024-06-14,NSE:BANKBEES,512.1400146484375
2024-06-18,NSE:MON100,162.02000427246094
2024-06-18,NSE:MOM100,59.33000183105469
2024-06-18,NSE:ITBEES,37.130001068115234
2024-06-18,NSE:CPSEETF,95.18000030517578
2024-06-18,NSE:NIFTYBEES,261.55999755859375
2024-06-18,NSE:LOWVOLIETF,20.56999969482422
2024-06-18,NSE:PHARMABEES,20.15999984741211
2024-06-18,NSE:MAFANG,95.33999633789062
2024-06-18,NSE:BANKBEES,516.4500122070312
2024-06-19,NSE:NIFTYBEES,261.3800048828125
2024-06-19,NSE:ITBEES,37.310001373291016
2024-06-19,NSE:MOM100,58.7599983215332
2024-06-19,NSE:MON100,162.33999633789062
2024-06-19,NSE:LOWVOLIETF,20.5
2024-06-19,NSE:CPSEETF,93.83999633789062
2024-06-19,NSE:MAFANG,94.7300033569336
2024-06-19,NSE:BANKBEES,526.1599731445312
2024-06-19,NSE:PHARMABEES,19.989999771118164
2024-06-20,NSE:BANKBEES,530.3400268554688
2024-06-20,NSE:LOWVOLIETF,20.34000015258789
2024-06-20,NSE:CPSEETF,93.62999725341797
2024-06-20,NSE:MAFANG,95.19000244140625
2024-06-20,NSE:NIFTYBEES,261.7200012207031
2024-06-20,NSE:MOM100,59.31999969482422
2024-06-20,NSE:PHARMABEES,19.889999389648438
2024-06-20,NSE:MON100,163.22000122070312
2024-06-20,NSE:ITBEES,37.2599983215332
2024-06-21,NSE:CPSEETF,93.18000030517578
2024-06-21,NSE:ITBEES,37.58000183105469
2024-06-21,NSE:LOWVOLIETF,20.329999923706055
2024-06-21,NSE:PHARMABEES,19.8799991607666
2024-06-21,NSE:NIFTYBEES,260.8699951171875
2024-06-21,NSE:MON100,161.66000366210938
2024-06-21,NSE:MAFANG,94.69000244140625
2024-06-21,NSE:BANKBEES,528.6900024414062
2024-06-21,NSE:MOM100,59.33000183105469
2024-06-24,NSE:CPSEETF,93.54000091552734
2024-06-24,NSE:MAFANG,94.38999938964844
2024-06-24,NSE:ITBEES,37.47999954223633
2024-06-24,NSE:LOWVOLIETF,20.43000030517578
2024-06-24,NSE:PHARMABEES,19.860000610351562
2024-06-24,NSE:MON100,161.36000061035156
2024-06-24,NSE:BANKBEES,529.1599731445312
2024-06-24,NSE:NIFTYBEES,261.6600036621094
2024-06-24,NSE:MOM100,59.41999816894531
2024-06-25,NSE:MAFANG,93.94999694824219
2024-06-25,NSE:ITBEES,37.88999938964844
2024-06-25,NSE:MOM100,59.220001220703125
2024-06-25,NSE:NIFTYBEES,263.5899963378906
2024-06-25,NSE:MON100,160.27000427246094
2024-06-25,NSE:LOWVOLIETF,20.489999771118164
2024-06-25,NSE:BANKBEES,538.0800170898438
2024-06-25,NSE:CPSEETF,92.91000366210938
2024-06-25,NSE:PHARMABEES,19.850000381469727
2024-06-26,NSE:LOWVOLIETF,20.5
2024-06-26,NSE:MON100,162.08999633789062
2024-06-26,NSE:MOM100,59.060001373291016
2024-06-26,NSE:CPSEETF,92.91000366210938
2024-06-26,NSE:BANKBEES,540.4099731445312
2024-06-26,NSE:ITBEES,37.83000183105469
2024-06-26,NSE:PHARMABEES,19.8700008392334
2024-06-26,NSE:MAFANG,92.76000213623047
2024-06-26,NSE:NIFTYBEES,265.010009765625
2024-06-27,NSE:CPSEETF,93.6500015258789
2024-06-27,NSE:PHARMABEES,19.84000015258789
2024-06-27,NSE:MAFANG,93.47000122070312
2024-06-27,NSE:MOM100,59.25
2024-06-27,NSE:NIFTYBEES,266.95001220703125
2024-06-27,NSE:BANKBEES,540.1099853515625
2024-06-27,NSE:ITBEES,38.540000915527344
2024-06-27,NSE:LOWVOLIETF,20.649999618530273
2024-06-27,NSE:MON100,162.22000122070312
2024-06-28,NSE:MON100,162.80999755859375
2024-06-28,NSE:ITBEES,38.599998474121094
2024-06-28,NSE:PHARMABEES,20.079999923706055
2024-06-28,NSE:MAFANG,94.37999725341797
2024-06-28,NSE:NIFTYBEES,267.4800109863281
2024-06-28,NSE:MOM100,59.58000183105469
2024-06-28,NSE:LOWVOLIETF,20.700000762939453
2024-06-28,NSE:CPSEETF,94.36000061035156
2024-06-28,NSE:BANKBEES,537.2000122070312
2024-07-01,NSE:MOM100,60.150001525878906
2024-07-01,NSE:ITBEES,39.310001373291016
2024-07-01,NSE:NIFTYBEES,268.29998779296875
2024-07-01,NSE:BANKBEES,539.280029296875
2024-07-01,NSE:MAFANG,94.62999725341797
2024-07-01,NSE:LOWVOLIETF,20.829999923706055
2024-07-01,NSE:MON100,161.94000244140625
2024-07-01,NSE:CPSEETF,93.94000244140625
2024-07-01,NSE:PHARMABEES,20.079999923706055
2024-07-02,NSE:MOM100,59.77000045776367
2024-07-02,NSE:NIFTYBEES,269.0299987792969
2024-07-02,NSE:CPSEETF,94.2300033569336
2024-07-02,NSE:MAFANG,95.2699966430664
2024-07-02,NSE:MON100,162.61000061035156
2024-07-02,NSE:LOWVOLIETF,20.780000686645508
2024-07-02,NSE:PHARMABEES,20.1200008392334
2024-07-02,NSE:ITBEES,39.77000045776367
2024-07-02,NSE:BANKBEES,535.6799926757812
2024-07-03,NSE:MON100,163.9600067138672
2024-07-03,NSE:NIFTYBEES,270.2300109863281
2024-07-03,NSE:ITBEES,39.779998779296875
2024-07-03,NSE:MOM100,60.130001068115234
2024-07-03,NSE:CPSEETF,95.58000183105469
2024-07-03,NSE:MAFANG,97.08000183105469
2024-07-03,NSE:LOWVOLIETF,20.889999389648438
2024-07-03,NSE:BANKBEES,542.8300170898438
2024-07-03,NSE:PHARMABEES,20.260000228881836
2024-07-04,NSE:CPSEETF,96.5
2024-07-04,NSE:MOM100,60.540000915527344
2024-07-04,NSE:NIFTYBEES,270.5299987792969
2024-07-04,NSE:ITBEES,40.22999954223633
2024-07-04,NSE:PHARMABEES,20.520000457763672
2024-07-04,NSE:MAFANG,98.0999984741211
2024-07-04,NSE:LOWVOLIETF,20.940000534057617
2024-07-04,NSE:MON100,165.25999450683594
2024-07-04,NSE:BANKBEES,543.3800048828125
2024-07-05,NSE:ITBEES,40.2400016784668
2024-07-05,NSE:MON100,165.97000122070312
2024-07-05,NSE:BANKBEES,539.5999755859375
2024-07-05,NSE:MOM100,61.06999969482422
2024-07-05,NSE:PHARMABEES,20.84000015258789
2024-07-05,NSE:MAFANG,98.72000122070312
2024-07-05,NSE:NIFTYBEES,270.5299987792969
2024-07-05,NSE:LOWVOLIETF,21.040000915527344
2024-07-05,NSE:CPSEETF,98.29000091552734
2024-07-08,NSE:MAFANG,99.52999877929688
2024-07-08,NSE:PHARMABEES,20.68000030517578
2024-07-08,NSE:ITBEES,40.22999954223633
2024-07-08,NSE:BANKBEES,537.7000122070312
2024-07-08,NSE:CPSEETF,99.58000183105469
2024-07-08,NSE:NIFTYBEES,270.0400085449219
2024-07-08,NSE:LOWVOLIETF,21.079999923706055
2024-07-08,NSE:MON100,167.52999877929688
2024-07-08,NSE:MOM100,60.91999816894531
2024-07-09,NSE:MAFANG,100.0999984741211
2024-07-09,NSE:NIFTYBEES,271.3800048828125
2024-07-09,NSE:MON100,168.55999755859375
2024-07-09,NSE:MOM100,61.06999969482422
2024-07-09,NSE:ITBEES,40.16999816894531
2024-07-09,NSE:LOWVOLIETF,21.209999084472656
2024-07-09,NSE:CPSEETF,99.86000061035156
2024-07-09,NSE:PHARMABEES,20.979999542236328
2024-07-09,NSE:BANKBEES,538.9199829101562
2024-07-10,NSE:LOWVOLIETF,21.280000686645508
2024-07-10,NSE:MAFANG,100.45999908447266
2024-07-10,NSE:MOM100,60.86000061035156
2024-07-10,NSE:MON100,168.5800018310547
2024-07-10,NSE:NIFTYBEES,270.9200134277344
2024-07-10,NSE:CPSEETF,100.02999877929688
2024-07-10,NSE:PHARMABEES,21.06999969482422
2024-07-10,NSE:ITBEES,39.75
2024-07-10,NSE:BANKBEES,535.5
2024-07-11,NSE:NIFTYBEES,270.75
2024-07-11,NSE:PHARMABEES,20.969999313354492
2024-07-11,NSE:BANKBEES,536.1500244140625
2024-07-11,NSE:LOWVOLIETF,21.270000457763672
2024-07-11,NSE:CPSEETF,101.27999877929688
2024-07-11,NSE:MON100,169.88999938964844
2024-07-11,NSE:ITBEES,39.810001373291016
2024-07-11,NSE:MOM100,61.09000015258789
2024-07-11,NSE:MAFANG,101.66000366210938
2024-07-12,NSE:LOWVOLIETF,21.3700008392334
2024-07-12,NSE:CPSEETF,101.33999633789062
2024-07-12,NSE:PHARMABEES,20.940000534057617
2024-07-12,NSE:BANKBEES,535.510009765625
2024-07-12,NSE:MAFANG,100.04000091552734
2024-07-12,NSE:NIFTYBEES,271.94000244140625
2024-07-12,NSE:MON100,166.67999267578125
2024-07-12,NSE:MOM100,61.150001525878906
2024-07-12,NSE:ITBEES,41.61000061035156
2024-07-15,NSE:MAFANG,101.0999984741211
2024-07-15,NSE:MOM100,61.65999984741211
2024-07-15,NSE:PHARMABEES,21.200000762939453
2024-07-15,NSE:LOWVOLIETF,21.479999542236328
2024-07-15,NSE:BANKBEES,538.030029296875
2024-07-15,NSE:MON100,168.92999267578125
2024-07-15,NSE:ITBEES,41.61000061035156
2024-07-15,NSE:CPSEETF,102.91999816894531
2024-07-15,NSE:NIFTYBEES,273.0899963378906
2024-07-16,NSE:NIFTYBEES,273.54998779296875
2024-07-16,NSE:ITBEES,41.790000915527344
2024-07-16,NSE:MOM100,61.72999954223633
2024-07-16,NSE:MON100,167.9499969482422
2024-07-16,NSE:LOWVOLIETF,21.5
2024-07-16,NSE:MAFANG,100.58999633789062
2024-07-16,NSE:CPSEETF,102.75
2024-07-16,NSE:BANKBEES,537.3800048828125
2024-07-16,NSE:PHARMABEES,21.170000076293945
2024-07-18,NSE:CPSEETF,101.4800033569336
2024-07-18,NSE:MON100,166.52000427246094
2024-07-18,NSE:BANKBEES,538.47998046875
2024-07-18,NSE:ITBEES,42.66999816894531
2024-07-18,NSE:PHARMABEES,21.110000610351562
2024-07-18,NSE:MAFANG,99.44999694824219
2024-07-18,NSE:MOM100,61.06999969482422
2024-07-18,NSE:LOWVOLIETF,21.639999389648438
2024-07-18,NSE:NIFTYBEES,275.510009765625
2024-07-19,NSE:MON100,161.9600067138672
2024-07-19,NSE:MAFANG,96.9800033569336
2024-07-19,NSE:PHARMABEES,20.81999969482422
2024-07-19,NSE:LOWVOLIETF,21.440000534057617
2024-07-19,NSE:ITBEES,42.61000061035156
2024-07-19,NSE:MOM100,59.959999084472656
2024-07-19,NSE:NIFTYBEES,273.2900085449219
2024-07-19,NSE:BANKBEES,534.9099731445312
2024-07-19,NSE:CPSEETF,98.41000366210938
2024-07-22,NSE:LOWVOLIETF,21.43000030517578
2024-07-22,NSE:PHARMABEES,21.030000686645508
2024-07-22,NSE:BANKBEES,535.030029296875
2024-07-22,NSE:MAFANG,98.12999725341797
2024-07-22,NSE:CPSEETF,99.58999633789062
2024-07-22,NSE:MON100,161.75999450683594
2024-07-22,NSE:ITBEES,42.41999816894531
2024-07-22,NSE:MOM100,60.59000015258789
2024-07-22,NSE:NIFTYBEES,272.45001220703125
2024-07-23,NSE:NIFTYBEES,272.6400146484375
2024-07-23,NSE:MAFANG,97.38999938964844
2024-07-23,NSE:ITBEES,42.90999984741211
2024-07-23,NSE:LOWVOLIETF,21.6200008392334
2024-07-23,NSE:CPSEETF,98.30000305175781
2024-07-23,NSE:MOM100,60.310001373291016
2024-07-23,NSE:BANKBEES,530.0999755859375
2024-07-23,NSE:PHARMABEES,21.15999984741211
2024-07-23,NSE:MON100,162.49000549316406
2024-07-24,NSE:PHARMABEES,21.280000686645508
2024-07-24,NSE:LOWVOLIETF,21.489999771118164
2024-07-24,NSE:MAFANG,98.29000091552734
2024-07-24,NSE:BANKBEES,526.3800048828125
2024-07-24,NSE:ITBEES,42.849998474121094
2024-07-24,NSE:CPSEETF,99.58000183105469
2024-07-24,NSE:MON100,160.9199981689453
2024-07-24,NSE:MOM100,60.90999984741211
2024-07-24,NSE:NIFTYBEES,271.8900146484375
2024-07-25,NSE:BANKBEES,521.8200073242188
2024-07-25,NSE:NIFTYBEES,271.9200134277344
2024-07-25,NSE:MON100,156.67999267578125
2024-07-25,NSE:MAFANG,96.94999694824219
2024-07-25,NSE:LOWVOLIETF,21.579999923706055
2024-07-25,NSE:ITBEES,42.7599983215332
2024-07-25,NSE:MOM100,60.7400016784668
2024-07-25,NSE:PHARMABEES,21.469999313354492
2024-07-25,NSE:CPSEETF,100.66999816894531
2024-07-26,NSE:CPSEETF,101.8499984741211
2024-07-26,NSE:MAFANG,98.25
2024-07-26,NSE:NIFTYBEES,276.05999755859375
2024-07-26,NSE:PHARMABEES,21.969999313354492
2024-07-26,NSE:ITBEES,43.75
2024-07-26,NSE:MOM100,61.77000045776367
2024-07-26,NSE:LOWVOLIETF,21.81999969482422
2024-07-26,NSE:MON100,156.92999267578125
2024-07-26,NSE:BANKBEES,525.2999877929688
2024-07-29,NSE:MON100,157.47999572753906
2024-07-29,NSE:ITBEES,43.709999084472656
2024-07-29,NSE:NIFTYBEES,276.67999267578125
2024-07-29,NSE:BANKBEES,526.9199829101562
2024-07-29,NSE:CPSEETF,102.69999694824219
2024-07-29,NSE:MAFANG,99.37999725341797
2024-07-29,NSE:LOWVOLIETF,21.899999618530273
2024-07-29,NSE:PHARMABEES,22.09000015258789
2024-07-29,NSE:MOM100,62.38999938964844
2024-07-30,NSE:CPSEETF,104.20999908447266
2024-07-30,NSE:BANKBEES,528.3200073242188
2024-07-30,NSE:ITBEES,43.619998931884766
2024-07-30,NSE:MON100,156.5399932861328
2024-07-30,NSE:MOM100,62.709999084472656
2024-07-30,NSE:LOWVOLIETF,21.8799991607666
2024-07-30,NSE:NIFTYBEES,277.1000061035156
2024-07-30,NSE:PHARMABEES,21.969999313354492
2024-07-30,NSE:MAFANG,98.36000061035156
2024-07-31,NSE:MOM100,63.119998931884766
2024-07-31,NSE:LOWVOLIETF,22.010000228881836
2024-07-31,NSE:BANKBEES,528.9400024414062
2024-07-31,NSE:PHARMABEES,22.18000030517578
2024-07-31,NSE:MAFANG,98.2300033569336
2024-07-31,NSE:ITBEES,43.68000030517578
2024-07-31,NSE:NIFTYBEES,277.75
2024-07-31,NSE:MON100,156.3000030517578
2024-07-31,NSE:CPSEETF,104.44999694824219
2024-08-01,NSE:BANKBEES,528.75
2024-08-01,NSE:NIFTYBEES,278.3299865722656
2024-08-01,NSE:MON100,158.82000732421875
2024-08-01,NSE:ITBEES,43.599998474121094
2024-08-01,NSE:LOWVOLIETF,22.059999465942383
2024-08-01,NSE:MOM100,62.599998474121094
2024-08-01,NSE:MAFANG,97.52999877929688
2024-08-01,NSE:CPSEETF,106.16999816894531
2024-08-01,NSE:PHARMABEES,22.190000534057617
2024-08-02,NSE:PHARMABEES,22.34000015258789
2024-08-02,NSE:MAFANG,96.04000091552734
2024-08-02,NSE:MON100,153.7899932861328
2024-08-02,NSE:LOWVOLIETF,21.899999618530273
2024-08-02,NSE:MOM100,62.220001220703125
2024-08-02,NSE:NIFTYBEES,275.69000244140625
2024-08-02,NSE:ITBEES,42.59000015258789
2024-08-02,NSE:CPSEETF,104.51000213623047
2024-08-02,NSE:BANKBEES,527.1099853515625
2024-08-05,NSE:MAFANG,92.54000091552734
2024-08-05,NSE:BANKBEES,514.8200073242188
2024-08-05,NSE:NIFTYBEES,269.4800109863281
2024-08-05,NSE:MON100,145.0399932861328
2024-08-05,NSE:CPSEETF,100.1500015258789
2024-08-05,NSE:LOWVOLIETF,22.0
2024-08-05,NSE:MOM100,60.189998626708984
2024-08-05,NSE:PHARMABEES,22.25
2024-08-05,NSE:ITBEES,41.29999923706055
2024-08-06,NSE:ITBEES,41.220001220703125
2024-08-06,NSE:NIFTYBEES,267.6099853515625
2024-08-06,NSE:MOM100,59.4900016784668
2024-08-06,NSE:MON100,146.8699951171875
2024-08-06,NSE:BANKBEES,510.6400146484375
2024-08-06,NSE:PHARMABEES,21.979999542236328
2024-08-06,NSE:MAFANG,91.16000366210938
2024-08-06,NSE:LOWVOLIETF,21.549999237060547
2024-08-06,NSE:CPSEETF,99.2300033569336
2024-08-07,NSE:LOWVOLIETF,21.770000457763672
2024-08-07,NSE:PHARMABEES,22.479999542236328
2024-08-07,NSE:NIFTYBEES,271.1000061035156
2024-08-07,NSE:MAFANG,91.45999908447266
2024-08-07,NSE:CPSEETF,103.33000183105469
2024-08-07,NSE:ITBEES,41.880001068115234
2024-08-07,NSE:MOM100,60.849998474121094
2024-08-07,NSE:MON100,149.3699951171875
2024-08-07,NSE:BANKBEES,514.260009765625
2024-08-08,NSE:BANKBEES,513.969970703125
2024-08-08,NSE:CPSEETF,101.48999786376953
2024-08-08,NSE:MAFANG,92.36000061035156
2024-08-08,NSE:MON100,147.60000610351562
2024-08-08,NSE:NIFTYBEES,269.3299865722656
2024-08-08,NSE:PHARMABEES,22.59000015258789
2024-08-08,NSE:ITBEES,41.209999084472656
2024-08-08,NSE:MOM100,60.79999923706055
2024-08-08,NSE:LOWVOLIETF,21.639999389648438
2024-08-09,NSE:BANKBEES,516.989990234375
2024-08-09,NSE:PHARMABEES,22.639999389648438
2024-08-09,NSE:MOM100,61.150001525878906
2024-08-09,NSE:CPSEETF,103.22000122070312
2024-08-09,NSE:MAFANG,94.38999938964844
2024-08-09,NSE:NIFTYBEES,271.5899963378906
2024-08-09,NSE:MON100,152.10000610351562
2024-08-09,NSE:LOWVOLIETF,21.75
2024-08-09,NSE:ITBEES,41.83000183105469
2024-08-12,NSE:PHARMABEES,22.639999389648438
2024-08-12,NSE:NIFTYBEES,271.44000244140625
2024-08-12,NSE:MON100,151.77999877929688
2024-08-12,NSE:LOWVOLIETF,21.6200008392334
2024-08-12,NSE:MOM100,61.31999969482422
2024-08-12,NSE:BANKBEES,518.9099731445312
2024-08-12,NSE:ITBEES,41.810001373291016
2024-08-12,NSE:CPSEETF,102.9000015258789
2024-08-12,NSE:MAFANG,92.51000213623047
2024-08-13,NSE:MOM100,60.880001068115234
2024-08-13,NSE:CPSEETF,101.7699966430664
2024-08-13,NSE:MAFANG,92.83000183105469
2024-08-13,NSE:LOWVOLIETF,21.59000015258789
2024-08-13,NSE:BANKBEES,512.4099731445312
2024-08-13,NSE:ITBEES,41.75
2024-08-13,NSE:NIFTYBEES,269.5199890136719
2024-08-13,NSE:MON100,152.33999633789062
2024-08-13,NSE:PHARMABEES,22.610000610351562
2024-08-14,NSE:MAFANG,93.91999816894531
2024-08-14,NSE:BANKBEES,511.3299865722656
2024-08-14,NSE:LOWVOLIETF,21.579999923706055
2024-08-14,NSE:NIFTYBEES,269.3399963378906
2024-08-14,NSE:MON100,154.83999633789062
2024-08-14,NSE:ITBEES,42.459999084472656
2024-08-14,NSE:MOM100,60.5099983215332
2024-08-14,NSE:CPSEETF,100.44000244140625
2024-08-14,NSE:PHARMABEES,22.440000534057617
2024-08-16,NSE:ITBEES,43.720001220703125
2024-08-16,NSE:LOWVOLIETF,21.860000610351562
2024-08-16,NSE:BANKBEES,518.1799926757812
2024-08-16,NSE:PHARMABEES,22.610000610351562
2024-08-16,NSE:MON100,159.39999389648438
2024-08-16,NSE:MAFANG,95.31999969482422
2024-08-16,NSE:MOM100,61.709999084472656
2024-08-16,NSE:NIFTYBEES,273.80999755859375
2024-08-16,NSE:CPSEETF,101.83999633789062
2024-08-19,NSE:NIFTYBEES,274.42999267578125
2024-08-19,NSE:MON100,158.6999969482422
2024-08-19,NSE:CPSEETF,102.83000183105469
2024-08-19,NSE:PHARMABEES,22.729999542236328
2024-08-19,NSE:ITBEES,44.06999969482422
2024-08-19,NSE:BANKBEES,517.0399780273438
2024-08-19,NSE:MOM100,62.09000015258789
2024-08-19,NSE:LOWVOLIETF,21.829999923706055
2024-08-19,NSE:MAFANG,94.44999694824219
2024-08-20,NSE:BANKBEES,521.6599731445312
2024-08-20,NSE:METALIETF,9.210000038146973
2024-08-20,NSE:PHARMABEES,22.790000915527344
2024-08-20,NSE:ITBEES,44.4900016784668
2024-08-20,NSE:CPSEETF,102.69999694824219
2024-08-20,NSE:NIFTYBEES,275.8299865722656
2024-08-20,NSE:LOWVOLIETF,22.040000915527344
2024-08-20,NSE:MAFANG,95.61000061035156
2024-08-20,NSE:MOM100,62.290000915527344
2024-08-20,NSE:MON100,161.1300048828125
2024-08-21,NSE:CPSEETF,102.73999786376953
2024-08-21,NSE:NIFTYBEES,276.1199951171875
2024-08-21,NSE:MAFANG,95.41999816894531
2024-08-21,NSE:ITBEES,44.4900016784668
2024-08-21,NSE:LOWVOLIETF,22.190000534057617
2024-08-21,NSE:METALIETF,9.289999961853027
2024-08-21,NSE:PHARMABEES,23.040000915527344
2024-08-21,NSE:MOM100,62.560001373291016
2024-08-21,NSE:MON100,160.6999969482422
2024-08-21,NSE:BANKBEES,520.6099853515625
2024-08-22,NSE:MAFANG,95.95999908447266
2024-08-22,NSE:ITBEES,44.439998626708984
2024-08-22,NSE:BANKBEES,522.8400268554688
2024-08-22,NSE:LOWVOLIETF,22.260000228881836
2024-08-22,NSE:METALIETF,9.350000381469727
2024-08-22,NSE:NIFTYBEES,276.4800109863281
2024-08-22,NSE:CPSEETF,102.19000244140625
2024-08-22,NSE:PHARMABEES,23.030000686645508
2024-08-22,NSE:MOM100,63.16999816894531
2024-08-22,NSE:MON100,161.3800048828125
2024-08-23,NSE:NIFTYBEES,276.6000061035156
2024-08-23,NSE:PHARMABEES,23.030000686645508
2024-08-23,NSE:ITBEES,44.029998779296875
2024-08-23,NSE:MON100,159.75
2024-08-23,NSE:CPSEETF,102.37000274658203
2024-08-23,NSE:BANKBEES,522.469970703125
2024-08-23,NSE:METALIETF,9.300000190734863
2024-08-23,NSE:MAFANG,95.86000061035156
2024-08-23,NSE:LOWVOLIETF,22.25
2024-08-23,NSE:MOM100,62.790000915527344
2024-08-26,NSE:ITBEES,44.540000915527344
2024-08-26,NSE:MON100,160.9199981689453
2024-08-26,NSE:BANKBEES,524.489990234375
2024-08-26,NSE:NIFTYBEES,278.8399963378906
2024-08-26,NSE:METALIETF,9.510000228881836
2024-08-26,NSE:MOM100,63.130001068115234
2024-08-26,NSE:MAFANG,94.48999786376953
2024-08-26,NSE:LOWVOLIETF,22.399999618530273
2024-08-26,NSE:PHARMABEES,23.020000457763672
2024-08-26,NSE:CPSEETF,103.62999725341797
2024-08-27,NSE:NIFTYBEES,278.70001220703125
2024-08-27,NSE:MAFANG,94.4000015258789
2024-08-27,NSE:CPSEETF,103.26000213623047
2024-08-27,NSE:MON100,160.02000427246094
2024-08-27,NSE:BANKBEES,525.9199829101562
2024-08-27,NSE:MOM100,63.38999938964844
2024-08-28,NSE:METALIETF,9.430000305175781
2024-08-28,NSE:ITBEES,45.40999984741211
2024-08-28,NSE:NIFTYBEES,278.94000244140625
2024-08-28,NSE:MON100,160.57000732421875
2024-08-28,NSE:CPSEETF,102.9800033569336
2024-08-28,NSE:LOWVOLIETF,22.389999389648438
2024-08-28,NSE:PHARMABEES,23.489999771118164
2024-08-28,NSE:MAFANG,94.44999694824219
2024-08-28,NSE:BANKBEES,524.8400268554688
2024-08-28,NSE:MOM100,63.380001068115234
2024-08-29,NSE:NIFTYBEES,280.1000061035156
2024-08-29,NSE:CPSEETF,102.75
2024-08-29,NSE:BANKBEES,524.7899780273438
2024-08-29,NSE:ITBEES,45.5
2024-08-29,NSE:MAFANG,93.9800033569336
2024-08-29,NSE:METALIETF,9.380000114440918
2024-08-29,NSE:MON100,158.72999572753906
2024-08-29,NSE:LOWVOLIETF,22.43000030517578
2024-08-29,NSE:MOM100,63.11000061035156
2024-08-29,NSE:PHARMABEES,23.3700008392334
2024-08-30,NSE:BANKBEES,526.72998046875
2024-08-30,NSE:MOM100,63.4900016784668
2024-08-30,NSE:LOWVOLIETF,22.549999237060547
2024-08-30,NSE:CPSEETF,103.38999938964844
2024-08-30,NSE:MAFANG,94.7699966430664
2024-08-30,NSE:MON100,159.94000244140625
2024-08-30,NSE:NIFTYBEES,281.0799865722656
2024-08-30,NSE:METALIETF,9.40999984741211
2024-08-30,NSE:PHARMABEES,23.739999771118164
2024-08-30,NSE:ITBEES,45.66999816894531
2024-09-02,NSE:MON100,159.9600067138672
2024-09-02,NSE:METALIETF,9.319999694824219
2024-09-02,NSE:LOWVOLIETF,22.6299991607666
2024-09-02,NSE:NIFTYBEES,281.45001220703125
2024-09-02,NSE:CPSEETF,102.70999908447266
2024-09-02,NSE:MAFANG,94.0999984741211
2024-09-02,NSE:BANKBEES,527.4099731445312
2024-09-02,NSE:ITBEES,45.97999954223633
2024-09-02,NSE:MOM100,63.369998931884766
2024-09-02,NSE:PHARMABEES,23.5
2024-09-03,NSE:MAFANG,94.31999969482422
2024-09-03,NSE:METALIETF,9.270000457763672
2024-09-03,NSE:MON100,159.11000061035156
2024-09-03,NSE:BANKBEES,529.760009765625
2024-09-03,NSE:CPSEETF,102.29000091552734
2024-09-03,NSE:LOWVOLIETF,22.65999984741211
2024-09-03,NSE:MOM100,63.5099983215332
2024-09-03,NSE:ITBEES,45.77000045776367
2024-09-03,NSE:NIFTYBEES,281.7200012207031
2024-09-03,NSE:PHARMABEES,23.510000228881836
2024-09-04,NSE:BANKBEES,528.8599853515625
2024-09-04,NSE:ITBEES,45.439998626708984
2024-09-04,NSE:METALIETF,9.199999809265137
2024-09-04,NSE:CPSEETF,100.87999725341797
2024-09-04,NSE:MOM100,63.43000030517578
2024-09-04,NSE:MAFANG,92.70999908447266
2024-09-04,NSE:PHARMABEES,23.670000076293945
2024-09-04,NSE:LOWVOLIETF,22.709999084472656
2024-09-04,NSE:NIFTYBEES,281.2799987792969
2024-09-04,NSE:MON100,155.82000732421875
2024-09-05,NSE:MON100,156.1300048828125
2024-09-05,NSE:MOM100,63.65999984741211
2024-09-05,NSE:LOWVOLIETF,22.68000030517578
2024-09-05,NSE:NIFTYBEES,280.42999267578125
2024-09-05,NSE:CPSEETF,99.87000274658203
2024-09-05,NSE:METALIETF,9.199999809265137
2024-09-05,NSE:ITBEES,45.63999938964844
2024-09-05,NSE:BANKBEES,529.0599975585938
2024-09-05,NSE:MAFANG,93.4000015258789
2024-09-05,NSE:PHARMABEES,23.649999618530273
2024-09-06,NSE:MAFANG,93.08999633789062
2024-09-06,NSE:ITBEES,45.189998626708984
2024-09-06,NSE:BANKBEES,520.530029296875
2024-09-06,NSE:CPSEETF,97.98999786376953
2024-09-06,NSE:METALIETF,9.170000076293945
2024-09-06,NSE:MOM100,62.81999969482422
2024-09-06,NSE:NIFTYBEES,277.82000732421875
2024-09-06,NSE:LOWVOLIETF,22.549999237060547
2024-09-06,NSE:MON100,154.6699981689453
2024-09-06,NSE:PHARMABEES,23.540000915527344
2024-09-09,NSE:MOM100,62.4900016784668
2024-09-09,NSE:ITBEES,44.81999969482422
2024-09-09,NSE:CPSEETF,96.97000122070312
2024-09-09,NSE:LOWVOLIETF,22.690000534057617
2024-09-09,NSE:BANKBEES,524.47998046875
2024-09-09,NSE:PHARMABEES,23.510000228881836
2024-09-09,NSE:MON100,153.72000122070312
2024-09-09,NSE:METALIETF,9.100000381469727
2024-09-09,NSE:NIFTYBEES,277.67999267578125
2024-09-09,NSE:MAFANG,93.7699966430664
2024-09-10,NSE:BANKBEES,526.6599731445312
2024-09-10,NSE:MON100,153.4199981689453
2024-09-10,NSE:METALIETF,9.170000076293945
2024-09-10,NSE:CPSEETF,97.41000366210938
2024-09-10,NSE:PHARMABEES,23.75
2024-09-10,NSE:MOM100,63.279998779296875
2024-09-10,NSE:MAFANG,93.22000122070312
2024-09-10,NSE:NIFTYBEES,279.20001220703125
2024-09-10,NSE:ITBEES,45.63999938964844
2024-09-10,NSE:LOWVOLIETF,22.799999237060547
2024-09-11,NSE:CPSEETF,96.51000213623047
2024-09-11,NSE:ITBEES,45.4900016784668
2024-09-11,NSE:MAFANG,93.19999694824219
2024-09-11,NSE:LOWVOLIETF,22.780000686645508
2024-09-11,NSE:MOM100,63.13999938964844
2024-09-11,NSE:BANKBEES,523.0599975585938
2024-09-11,NSE:METALIETF,9.039999961853027
2024-09-11,NSE:NIFTYBEES,277.5400085449219
2024-09-11,NSE:PHARMABEES,23.709999084472656
2024-09-11,NSE:MON100,154.39999389648438
2024-09-12,NSE:BANKBEES,530.8499755859375
2024-09-12,NSE:LOWVOLIETF,23.1200008392334
2024-09-12,NSE:MON100,157.4600067138672
2024-09-12,NSE:METALIETF,9.270000457763672
2024-09-12,NSE:NIFTYBEES,282.7099914550781
2024-09-12,NSE:MAFANG,93.80000305175781
2024-09-12,NSE:ITBEES,46.08000183105469
2024-09-12,NSE:PHARMABEES,23.8700008392334
2024-09-12,NSE:MOM100,63.93000030517578
2024-09-12,NSE:CPSEETF,98.26000213623047
2024-09-13,NSE:BANKBEES,532.3400268554688
2024-09-13,NSE:CPSEETF,97.87999725341797
2024-09-13,NSE:PHARMABEES,23.920000076293945
2024-09-13,NSE:NIFTYBEES,283.19000244140625
2024-09-13,NSE:MAFANG,94.31999969482422
2024-09-13,NSE:METALIETF,9.390000343322754
2024-09-13,NSE:LOWVOLIETF,23.100000381469727
2024-09-13,NSE:MON100,158.47999572753906
2024-09-13,NSE:ITBEES,46.310001373291016
2024-09-13,NSE:MOM100,64.30000305175781
2024-09-16,NSE:PHARMABEES,23.940000534057617
2024-09-16,NSE:METALIETF,9.449999809265137
2024-09-16,NSE:NIFTYBEES,283.2699890136719
2024-09-16,NSE:MON100,158.89999389648438
2024-09-16,NSE:MAFANG,94.44000244140625
2024-09-16,NSE:CPSEETF,98.55999755859375
2024-09-16,NSE:MOM100,64.52999877929688
2024-09-16,NSE:ITBEES,46.290000915527344
2024-09-16,NSE:BANKBEES,534.739990234375
2024-09-16,NSE:LOWVOLIETF,23.170000076293945
2024-09-17,NSE:NIFTYBEES,283.8900146484375
2024-09-17,NSE:PHARMABEES,23.8799991607666
2024-09-17,NSE:ITBEES,46.349998474121094
2024-09-17,NSE:METALIETF,9.380000114440918
2024-09-17,NSE:BANKBEES,535.3200073242188
2024-09-17,NSE:MON100,158.75999450683594
2024-09-17,NSE:LOWVOLIETF,23.079999923706055
2024-09-17,NSE:MAFANG,93.08999633789062
2024-09-17,NSE:CPSEETF,98.44999694824219
2024-09-17,NSE:MOM100,64.41999816894531
2024-09-18,NSE:PHARMABEES,23.540000915527344
2024-09-18,NSE:MON100,157.47999572753906
2024-09-18,NSE:MAFANG,93.41999816894531
2024-09-18,NSE:LOWVOLIETF,23.020000457763672
2024-09-18,NSE:METALIETF,9.329999923706055
2024-09-18,NSE:NIFTYBEES,283.3599853515625
2024-09-18,NSE:CPSEETF,97.56999969482422
2024-09-18,NSE:MOM100,64.0199966430664
2024-09-18,NSE:ITBEES,45.06999969482422
2024-09-18,NSE:BANKBEES,540.739990234375
2024-09-19,NSE:NIFTYBEES,283.9200134277344
2024-09-19,NSE:PHARMABEES,23.389999389648438
2024-09-19,NSE:LOWVOLIETF,23.1200008392334
2024-09-19,NSE:MOM100,63.91999816894531
2024-09-19,NSE:CPSEETF,96.9800033569336
2024-09-19,NSE:ITBEES,44.810001373291016
2024-09-19,NSE:BANKBEES,544.2100219726562
2024-09-19,NSE:MON100,160.49000549316406
2024-09-19,NSE:METALIETF,9.210000038146973
2024-09-19,NSE:MAFANG,93.19000244140625
2024-09-20,NSE:BANKBEES,550.6799926757812
2024-09-20,NSE:METALIETF,9.399999618530273
2024-09-20,NSE:NIFTYBEES,287.1000061035156
2024-09-20,NSE:LOWVOLIETF,23.3799991607666
2024-09-20,NSE:ITBEES,45.08000183105469
2024-09-20,NSE:MOM100,64.55000305175781
2024-09-20,NSE:CPSEETF,98.16999816894531
2024-09-20,NSE:PHARMABEES,23.43000030517578
2024-09-20,NSE:MAFANG,94.12999725341797
2024-09-20,NSE:MON100,160.44000244140625
2024-09-23,NSE:BANKBEES,556.5700073242188
2024-09-23,NSE:CPSEETF,99.54000091552734
2024-09-23,NSE:PHARMABEES,23.549999237060547
2024-09-23,NSE:ITBEES,44.939998626708984
2024-09-23,NSE:NIFTYBEES,289.3399963378906
2024-09-23,NSE:MAFANG,93.94999694824219
2024-09-23,NSE:MOM100,65.01000213623047
2024-09-23,NSE:METALIETF,9.430000305175781
2024-09-23,NSE:LOWVOLIETF,23.579999923706055
2024-09-23,NSE:MON100,160.9199981689453
2024-09-24,NSE:LOWVOLIETF,23.459999084472656
2024-09-24,NSE:NIFTYBEES,289.29998779296875
2024-09-24,NSE:METALIETF,9.75
2024-09-24,NSE:MAFANG,94.06999969482422
2024-09-24,NSE:PHARMABEES,23.670000076293945
2024-09-24,NSE:CPSEETF,100.69000244140625
2024-09-24,NSE:BANKBEES,554.3900146484375
2024-09-24,NSE:MOM100,65.13999938964844
2024-09-24,NSE:ITBEES,45.290000915527344
2024-09-24,NSE:MON100,161.6300048828125
2024-09-25,NSE:MOM100,64.83000183105469
2024-09-25,NSE:MAFANG,94.30000305175781
2024-09-25,NSE:NIFTYBEES,290.0899963378906
2024-09-25,NSE:ITBEES,44.849998474121094
2024-09-25,NSE:MON100,161.38999938964844
2024-09-25,NSE:BANKBEES,554.6300048828125
2024-09-25,NSE:LOWVOLIETF,23.420000076293945
2024-09-25,NSE:METALIETF,9.800000190734863
2024-09-25,NSE:PHARMABEES,23.729999542236328
2024-09-25,NSE:CPSEETF,101.55999755859375
2024-09-26,NSE:NIFTYBEES,291.54998779296875
2024-09-26,NSE:LOWVOLIETF,23.559999465942383
2024-09-26,NSE:MOM100,64.80000305175781
2024-09-26,NSE:PHARMABEES,23.719999313354492
2024-09-26,NSE:MAFANG,95.12000274658203
2024-09-26,NSE:BANKBEES,557.4500122070312
2024-09-26,NSE:ITBEES,45.08000183105469
2024-09-26,NSE:CPSEETF,101.30999755859375
2024-09-26,NSE:METALIETF,9.989999771118164
2024-09-26,NSE:MON100,164.72000122070312
2024-09-27,NSE:MOM100,64.7699966430664
2024-09-27,NSE:NIFTYBEES,291.9700012207031
2024-09-27,NSE:PHARMABEES,23.899999618530273
2024-09-27,NSE:METALIETF,10.079999923706055
2024-09-27,NSE:BANKBEES,553.22998046875
2024-09-27,NSE:ITBEES,45.34000015258789
2024-09-27,NSE:MAFANG,94.94999694824219
2024-09-27,NSE:LOWVOLIETF,23.68000030517578
2024-09-27,NSE:MON100,164.35000610351562
2024-09-27,NSE:CPSEETF,101.79000091552734
2024-09-30,NSE:MON100,163.0800018310547
2024-09-30,NSE:CPSEETF,101.3499984741211
2024-09-30,NSE:MAFANG,94.87999725341797
2024-09-30,NSE:METALIETF,10.210000038146973
2024-09-30,NSE:MOM100,64.4800033569336
2024-09-30,NSE:BANKBEES,544.780029296875
2024-09-30,NSE:PHARMABEES,23.760000228881836
2024-09-30,NSE:ITBEES,44.93000030517578
2024-09-30,NSE:NIFTYBEES,288.3800048828125
2024-09-30,NSE:LOWVOLIETF,23.399999618530273
2024-10-01,NSE:BANKBEES,544.3599853515625
2024-10-01,NSE:METALIETF,10.239999771118164
2024-10-01,NSE:CPSEETF,100.94000244140625
2024-10-01,NSE:MON100,164.47000122070312
2024-10-01,NSE:LOWVOLIETF,23.3700008392334
2024-10-01,NSE:MOM100,64.62999725341797
2024-10-01,NSE:NIFTYBEES,288.2699890136719
2024-10-01,NSE:PHARMABEES,23.790000915527344
2024-10-01,NSE:ITBEES,45.290000915527344
2024-10-01,NSE:MAFANG,94.77999877929688
2024-10-03,NSE:MON100,162.1999969482422
2024-10-03,NSE:PHARMABEES,23.579999923706055
2024-10-03,NSE:CPSEETF,99.58999633789062
2024-10-03,NSE:METALIETF,10.229999542236328
2024-10-03,NSE:MOM100,63.77000045776367
2024-10-03,NSE:LOWVOLIETF,22.93000030517578
2024-10-03,NSE:NIFTYBEES,282.69000244140625
2024-10-03,NSE:ITBEES,45.099998474121094
2024-10-03,NSE:MAFANG,93.55999755859375
2024-10-03,NSE:BANKBEES,534.5499877929688
2024-10-04,NSE:PHARMABEES,23.649999618530273
2024-10-04,NSE:MAFANG,94.05999755859375
2024-10-04,NSE:MOM100,63.2599983215332
2024-10-04,NSE:MON100,162.39999389648438
2024-10-04,NSE:METALIETF,10.140000343322754
2024-10-04,NSE:LOWVOLIETF,23.010000228881836
2024-10-04,NSE:NIFTYBEES,280.1499938964844
2024-10-04,NSE:ITBEES,45.279998779296875
2024-10-04,NSE:BANKBEES,529.8800048828125
2024-10-04,NSE:CPSEETF,99.0199966430664
2024-10-07,NSE:ITBEES,45.09000015258789
2024-10-07,NSE:MOM100,61.52000045776367
2024-10-07,NSE:MON100,162.32000732421875
2024-10-07,NSE:CPSEETF,95.94000244140625
2024-10-07,NSE:LOWVOLIETF,22.760000228881836
2024-10-07,NSE:PHARMABEES,23.469999313354492
2024-10-07,NSE:NIFTYBEES,278.010009765625
2024-10-07,NSE:METALIETF,9.9399995803833
2024-10-07,NSE:MAFANG,94.05999755859375
2024-10-07,NSE:BANKBEES,521.5999755859375
2024-10-08,NSE:LOWVOLIETF,22.6200008392334
2024-10-08,NSE:MOM100,62.790000915527344
2024-10-08,NSE:ITBEES,45.22999954223633
2024-10-08,NSE:METALIETF,9.8100004196167
2024-10-08,NSE:MAFANG,94.33999633789062
2024-10-08,NSE:MON100,162.58999633789062
2024-10-08,NSE:BANKBEES,524.969970703125
2024-10-08,NSE:CPSEETF,97.18000030517578
2024-10-08,NSE:PHARMABEES,23.799999237060547
2024-10-08,NSE:NIFTYBEES,279.3999938964844
2024-10-09,NSE:ITBEES,45.4900016784668
2024-10-09,NSE:LOWVOLIETF,22.6200008392334
2024-10-09,NSE:METALIETF,9.819999694824219
2024-10-09,NSE:BANKBEES,524.6400146484375
2024-10-09,NSE:PHARMABEES,24.299999237060547
2024-10-09,NSE:CPSEETF,97.27999877929688
2024-10-09,NSE:MON100,164.05999755859375
2024-10-09,NSE:NIFTYBEES,278.7200012207031
2024-10-09,NSE:MOM100,63.290000915527344
2024-10-09,NSE:MAFANG,95.48999786376953
2024-10-10,NSE:ITBEES,45.060001373291016
2024-10-10,NSE:BANKBEES,529.1900024414062
2024-10-10,NSE:PHARMABEES,23.809999465942383
2024-10-10,NSE:MON100,165.1999969482422
2024-10-10,NSE:MAFANG,95.66000366210938
2024-10-10,NSE:NIFTYBEES,279.29998779296875
2024-10-10,NSE:CPSEETF,98.0
2024-10-10,NSE:MOM100,63.18000030517578
2024-10-10,NSE:LOWVOLIETF,22.510000228881836
2024-10-10,NSE:METALIETF,9.84000015258789
2024-10-11,NSE:LOWVOLIETF,22.520000457763672
2024-10-11,NSE:NIFTYBEES,278.7200012207031
2024-10-11,NSE:ITBEES,45.16999816894531
2024-10-11,NSE:METALIETF,9.9399995803833
2024-10-11,NSE:BANKBEES,526.4600219726562
2024-10-11,NSE:MOM100,63.61000061035156
2024-10-11,NSE:PHARMABEES,24.010000228881836
2024-10-11,NSE:CPSEETF,97.91999816894531
2024-10-11,NSE:MON100,164.92999267578125
2024-10-11,NSE:MAFANG,97.05000305175781
2024-10-14,NSE:METALIETF,9.90999984741211
2024-10-14,NSE:BANKBEES,531.760009765625
2024-10-14,NSE:PHARMABEES,24.18000030517578
2024-10-14,NSE:CPSEETF,97.87000274658203
2024-10-14,NSE:MON100,165.82000732421875
2024-10-14,NSE:MOM100,63.689998626708984
2024-10-14,NSE:NIFTYBEES,280.760009765625
2024-10-14,NSE:LOWVOLIETF,22.6299991607666
2024-10-14,NSE:ITBEES,45.77000045776367
2024-10-14,NSE:MAFANG,97.19999694824219
2024-10-15,NSE:LOWVOLIETF,22.579999923706055
2024-10-15,NSE:METALIETF,9.75
2024-10-15,NSE:CPSEETF,97.51000213623047
2024-10-15,NSE:MOM100,63.79999923706055
2024-10-15,NSE:MAFANG,97.16999816894531
2024-10-15,NSE:MON100,166.4600067138672
2024-10-15,NSE:PHARMABEES,24.030000686645508
2024-10-15,NSE:BANKBEES,532.7000122070312
2024-10-15,NSE:NIFTYBEES,279.8299865722656
2024-10-15,NSE:ITBEES,45.72999954223633
2024-10-16,NSE:MOM100,63.709999084472656
2024-10-16,NSE:CPSEETF,96.87000274658203
2024-10-16,NSE:ITBEES,45.22999954223633
2024-10-16,NSE:MAFANG,96.5
2024-10-16,NSE:NIFTYBEES,278.5
2024-10-16,NSE:MON100,165.14999389648438
2024-10-16,NSE:LOWVOLIETF,22.549999237060547
2024-10-16,NSE:METALIETF,9.720000267028809
2024-10-16,NSE:BANKBEES,531.6500244140625
2024-10-16,NSE:PHARMABEES,23.950000762939453
2024-10-17,NSE:ITBEES,45.619998931884766
2024-10-17,NSE:MOM100,62.63999938964844
2024-10-17,NSE:MON100,165.75
2024-10-17,NSE:CPSEETF,96.05000305175781
2024-10-17,NSE:METALIETF,9.609999656677246
2024-10-17,NSE:BANKBEES,526.9000244140625
2024-10-17,NSE:LOWVOLIETF,22.200000762939453
2024-10-17,NSE:PHARMABEES,23.739999771118164
2024-10-17,NSE:MAFANG,96.16000366210938
2024-10-17,NSE:NIFTYBEES,276.69000244140625
2024-10-18,NSE:PHARMABEES,23.809999465942383
2024-10-18,NSE:MOM100,62.88999938964844
2024-10-18,NSE:MAFANG,96.13999938964844
2024-10-18,NSE:METALIETF,9.760000228881836
2024-10-18,NSE:NIFTYBEES,277.5299987792969
2024-10-18,NSE:LOWVOLIETF,22.219999313354492
2024-10-18,NSE:MON100,165.44000244140625
2024-10-18,NSE:ITBEES,45.0
2024-10-18,NSE:BANKBEES,534.3099975585938
2024-10-18,NSE:CPSEETF,96.69000244140625
2024-10-21,NSE:METALIETF,9.619999885559082
2024-10-21,NSE:NIFTYBEES,276.4700012207031
2024-10-21,NSE:ITBEES,44.4900016784668
2024-10-21,NSE:MOM100,61.970001220703125
2024-10-21,NSE:LOWVOLIETF,22.079999923706055
2024-10-21,NSE:MAFANG,95.9800033569336
2024-10-21,NSE:MON100,165.2899932861328
2024-10-21,NSE:PHARMABEES,23.540000915527344
2024-10-21,NSE:BANKBEES,532.5499877929688
2024-10-21,NSE:CPSEETF,95.58000183105469
2024-10-22,NSE:CPSEETF,92.93000030517578
2024-10-22,NSE:MOM100,60.900001525878906
2024-10-22,NSE:ITBEES,44.060001373291016
2024-10-22,NSE:MON100,165.0500030517578
2024-10-22,NSE:PHARMABEES,23.229999542236328
2024-10-22,NSE:NIFTYBEES,273.55999755859375
2024-10-22,NSE:BANKBEES,526.7100219726562
2024-10-22,NSE:MAFANG,95.23999786376953
2024-10-22,NSE:METALIETF,9.319999694824219
2024-10-22,NSE:LOWVOLIETF,21.8799991607666
2024-10-23,NSE:LOWVOLIETF,21.8700008392334
2024-10-23,NSE:MOM100,60.5
2024-10-23,NSE:ITBEES,45.11000061035156
2024-10-23,NSE:MAFANG,97.66000366210938
2024-10-23,NSE:MON100,165.85000610351562
2024-10-23,NSE:PHARMABEES,22.8799991607666
2024-10-23,NSE:BANKBEES,526.1099853515625
2024-10-23,NSE:METALIETF,9.300000190734863
2024-10-23,NSE:CPSEETF,92.25
2024-10-23,NSE:NIFTYBEES,273.0899963378906
2024-10-24,NSE:CPSEETF,92.8499984741211
2024-10-24,NSE:MAFANG,97.1500015258789
2024-10-24,NSE:MON100,165.2899932861328
2024-10-24,NSE:PHARMABEES,22.979999542236328
2024-10-24,NSE:NIFTYBEES,272.1199951171875
2024-10-24,NSE:BANKBEES,528.6199951171875
2024-10-24,NSE:METALIETF,9.279999732971191
2024-10-24,NSE:ITBEES,45.029998779296875
2024-10-24,NSE:LOWVOLIETF,21.649999618530273
2024-10-24,NSE:MOM100,60.34000015258789
2024-10-25,NSE:NIFTYBEES,270.4800109863281
2024-10-25,NSE:BANKBEES,522.1400146484375
2024-10-25,NSE:METALIETF,9.069999694824219
2024-10-25,NSE:MON100,165.86000061035156
2024-10-25,NSE:PHARMABEES,22.969999313354492
2024-10-25,NSE:CPSEETF,90.76000213623047
2024-10-25,NSE:ITBEES,44.88999938964844
2024-10-25,NSE:LOWVOLIETF,21.639999389648438
2024-10-25,NSE:MAFANG,97.16999816894531
2024-10-25,NSE:MOM100,59.060001373291016
2024-10-28,NSE:MAFANG,98.06999969482422
2024-10-28,NSE:MON100,167.4199981689453
2024-10-28,NSE:NIFTYBEES,271.9700012207031
2024-10-28,NSE:ITBEES,45.11000061035156
2024-10-28,NSE:PHARMABEES,23.329999923706055
2024-10-28,NSE:METALIETF,9.25
2024-10-28,NSE:MOM100,59.599998474121094
2024-10-28,NSE:LOWVOLIETF,21.719999313354492
2024-10-28,NSE:BANKBEES,526.4500122070312
2024-10-28,NSE:CPSEETF,90.16999816894531
2024-10-29,NSE:MAFANG,97.79000091552734
2024-10-29,NSE:ITBEES,45.06999969482422
2024-10-29,NSE:BANKBEES,536.280029296875
2024-10-29,NSE:LOWVOLIETF,21.649999618530273
2024-10-29,NSE:NIFTYBEES,273.5899963378906
2024-10-29,NSE:MOM100,60.060001373291016
2024-10-29,NSE:MON100,166.91000366210938
2024-10-29,NSE:PHARMABEES,23.079999923706055
2024-10-29,NSE:METALIETF,9.34000015258789
2024-10-29,NSE:CPSEETF,91.77999877929688
2024-10-30,NSE:CPSEETF,91.9000015258789
2024-10-30,NSE:MON100,168.67999267578125
2024-10-30,NSE:BANKBEES,532.6400146484375
2024-10-30,NSE:NIFTYBEES,272.1600036621094
2024-10-30,NSE:MOM100,60.400001525878906
2024-10-30,NSE:MAFANG,99.04000091552734
2024-10-31,NSE:METALIETF,9.34000015258789
2024-10-31,NSE:MOM100,60.099998474121094
2024-10-31,NSE:LOWVOLIETF,21.530000686645508
2024-10-31,NSE:MAFANG,98.20999908447266
2024-10-31,NSE:MON100,166.27000427246094
2024-10-31,NSE:ITBEES,43.54999923706055
2024-10-31,NSE:CPSEETF,92.18000030517578
2024-10-31,NSE:NIFTYBEES,270.6400146484375
2024-10-31,NSE:PHARMABEES,23.170000076293945
2024-10-31,NSE:BANKBEES,529.6400146484375
2024-11-01,NSE:BANKBEES,529.6400146484375
2024-11-01,NSE:PHARMABEES,23.360000610351562
2024-11-01,NSE:LOWVOLIETF,21.610000610351562
2024-11-01,NSE:NIFTYBEES,270.6400146484375
2024-11-01,NSE:MON100,166.27000427246094
2024-11-01,NSE:METALIETF,9.399999618530273
2024-11-01,NSE:CPSEETF,92.18000030517578
2024-11-01,NSE:ITBEES,43.7400016784668
2024-11-01,NSE:MAFANG,98.20999908447266
2024-11-01,NSE:MOM100,60.099998474121094
2024-11-04,NSE:MON100,164.02000427246094
2024-11-04,NSE:NIFTYBEES,268.4700012207031
2024-11-04,NSE:CPSEETF,91.33000183105469
2024-11-04,NSE:LOWVOLIETF,21.31999969482422
2024-11-04,NSE:MAFANG,97.05000305175781
2024-11-04,NSE:METALIETF,9.220000267028809
2024-11-04,NSE:BANKBEES,526.0700073242188
2024-11-04,NSE:MOM100,59.83000183105469
2024-11-04,NSE:ITBEES,43.439998626708984
2024-11-04,NSE:PHARMABEES,23.1200008392334
2024-11-05,NSE:MON100,164.4199981689453
2024-11-05,NSE:CPSEETF,92.02999877929688
2024-11-05,NSE:MOM100,59.93000030517578
2024-11-05,NSE:BANKBEES,534.9000244140625
2024-11-05,NSE:MAFANG,97.0
2024-11-05,NSE:NIFTYBEES,270.7900085449219
2024-11-06,NSE:BANKBEES,537.8699951171875
2024-11-06,NSE:MOM100,61.310001373291016
2024-11-06,NSE:MAFANG,101.26000213623047
2024-11-06,NSE:METALIETF,9.670000076293945
2024-11-06,NSE:PHARMABEES,23.31999969482422
2024-11-06,NSE:LOWVOLIETF,21.65999984741211
2024-11-06,NSE:NIFTYBEES,273.9100036621094
2024-11-06,NSE:MON100,171.5800018310547
2024-11-06,NSE:ITBEES,45.130001068115234
2024-11-06,NSE:CPSEETF,93.9000015258789
2024-11-07,NSE:CPSEETF,93.16999816894531
2024-11-07,NSE:PHARMABEES,23.0
2024-11-07,NSE:MAFANG,103.01000213623047
2024-11-07,NSE:LOWVOLIETF,21.489999771118164
2024-11-07,NSE:METALIETF,9.399999618530273
2024-11-07,NSE:NIFTYBEES,270.70001220703125
2024-11-07,NSE:BANKBEES,533.1199951171875
2024-11-07,NSE:MON100,172.1199951171875
2024-11-07,NSE:MOM100,61.060001373291016
2024-11-07,NSE:ITBEES,44.900001525878906
2024-11-08,NSE:MAFANG,104.9000015258789
2024-11-08,NSE:LOWVOLIETF,21.489999771118164
2024-11-08,NSE:PHARMABEES,22.920000076293945
2024-11-08,NSE:ITBEES,45.130001068115234
2024-11-08,NSE:NIFTYBEES,270.0299987792969
2024-11-08,NSE:METALIETF,9.3100004196167
2024-11-08,NSE:MON100,175.0
2024-11-08,NSE:MOM100,60.2400016784668
2024-11-08,NSE:CPSEETF,91.95999908447266
2024-11-08,NSE:BANKBEES,529.4500122070312
2024-11-11,NSE:PHARMABEES,22.809999465942383
2024-11-11,NSE:MAFANG,112.33999633789062
2024-11-11,NSE:NIFTYBEES,269.9599914550781
2024-11-11,NSE:CPSEETF,91.81999969482422
2024-11-11,NSE:METALIETF,9.220000267028809
2024-11-11,NSE:ITBEES,45.849998474121094
2024-11-11,NSE:MOM100,59.779998779296875
2024-11-11,NSE:LOWVOLIETF,21.34000015258789
2024-11-11,NSE:MON100,175.42999267578125
2024-11-11,NSE:BANKBEES,532.0
2024-11-12,NSE:MAFANG,113.87000274658203
2024-11-12,NSE:METALIETF,9.100000381469727
2024-11-12,NSE:NIFTYBEES,267.17999267578125
2024-11-12,NSE:MOM100,59.130001068115234
2024-11-12,NSE:CPSEETF,90.08999633789062
2024-11-12,NSE:PHARMABEES,22.6299991607666
2024-11-12,NSE:MON100,174.86000061035156
2024-11-12,NSE:ITBEES,45.81999969482422
2024-11-12,NSE:LOWVOLIETF,21.059999465942383
2024-11-12,NSE:BANKBEES,526.030029296875
2024-11-13,NSE:ITBEES,45.459999084472656
2024-11-13,NSE:METALIETF,8.84000015258789
2024-11-13,NSE:MAFANG,108.77999877929688
2024-11-13,NSE:PHARMABEES,22.280000686645508
2024-11-13,NSE:MOM100,57.650001525878906
2024-11-13,NSE:LOWVOLIETF,20.8700008392334
2024-11-13,NSE:CPSEETF,88.44000244140625
2024-11-13,NSE:NIFTYBEES,263.6400146484375
2024-11-13,NSE:MON100,173.61000061035156
2024-11-13,NSE:BANKBEES,515.0499877929688
2024-11-14,NSE:CPSEETF,88.16000366210938
2024-11-14,NSE:NIFTYBEES,263.57000732421875
2024-11-14,NSE:BANKBEES,516.1300048828125
2024-11-14,NSE:METALIETF,8.84000015258789
2024-11-14,NSE:MON100,174.85000610351562
2024-11-14,NSE:MOM100,57.939998626708984
2024-11-14,NSE:PHARMABEES,22.229999542236328
2024-11-14,NSE:MAFANG,111.23999786376953
2024-11-14,NSE:ITBEES,45.5
2024-11-14,NSE:LOWVOLIETF,20.799999237060547
2024-11-18,NSE:NIFTYBEES,262.4700012207031
2024-11-18,NSE:MOM100,57.939998626708984
2024-11-18,NSE:PHARMABEES,21.940000534057617
2024-11-18,NSE:MAFANG,110.25
2024-11-18,NSE:LOWVOLIETF,20.65999984741211
2024-11-18,NSE:METALIETF,9.0
2024-11-18,NSE:BANKBEES,516.8800048828125
2024-11-18,NSE:MON100,169.08999633789062
2024-11-18,NSE:ITBEES,44.459999084472656
2024-11-18,NSE:CPSEETF,87.58999633789062
2024-11-19,NSE:PHARMABEES,22.239999771118164
2024-11-19,NSE:CPSEETF,88.43000030517578
2024-11-19,NSE:LOWVOLIETF,20.68000030517578
2024-11-19,NSE:MON100,169.2899932861328
2024-11-19,NSE:NIFTYBEES,263.07000732421875
2024-11-19,NSE:ITBEES,44.79999923706055
2024-11-19,NSE:METALIETF,8.930000305175781
2024-11-19,NSE:BANKBEES,519.1500244140625
2024-11-19,NSE:MAFANG,108.43000030517578
2024-11-19,NSE:MOM100,58.45000076293945
2024-11-21,NSE:MAFANG,110.06999969482422
2024-11-21,NSE:MON100,170.5800018310547
2024-11-21,NSE:ITBEES,45.029998779296875
2024-11-21,NSE:METALIETF,8.729999542236328
2024-11-21,NSE:MOM100,58.380001068115234
2024-11-21,NSE:NIFTYBEES,261.2900085449219
2024-11-21,NSE:CPSEETF,87.83999633789062
2024-11-21,NSE:LOWVOLIETF,20.579999923706055
2024-11-21,NSE:PHARMABEES,22.200000762939453
2024-11-21,NSE:BANKBEES,516.4099731445312
2024-11-22,NSE:LOWVOLIETF,21.020000457763672
2024-11-22,NSE:PHARMABEES,22.43000030517578
2024-11-22,NSE:METALIETF,8.859999656677246
2024-11-22,NSE:MAFANG,110.30999755859375
2024-11-22,NSE:CPSEETF,89.76000213623047
2024-11-22,NSE:MON100,172.41000366210938
2024-11-22,NSE:ITBEES,46.45000076293945
2024-11-22,NSE:BANKBEES,524.9199829101562
2024-11-22,NSE:MOM100,58.970001220703125
2024-11-22,NSE:NIFTYBEES,266.8599853515625
2024-11-25,NSE:LOWVOLIETF,21.229999542236328
2024-11-25,NSE:METALIETF,8.899999618530273
2024-11-25,NSE:PHARMABEES,22.6200008392334
2024-11-25,NSE:MON100,173.47999572753906
2024-11-25,NSE:MAFANG,109.91000366210938
2024-11-25,NSE:ITBEES,46.970001220703125
2024-11-25,NSE:MOM100,60.040000915527344
2024-11-25,NSE:NIFTYBEES,270.7300109863281
2024-11-25,NSE:BANKBEES,534.969970703125
2024-11-25,NSE:CPSEETF,92.08999633789062
2024-11-26,NSE:ITBEES,47.459999084472656
2024-11-26,NSE:NIFTYBEES,270.5400085449219
2024-11-26,NSE:PHARMABEES,22.40999984741211
2024-11-26,NSE:LOWVOLIETF,21.139999389648438
2024-11-26,NSE:MOM100,59.97999954223633
2024-11-26,NSE:BANKBEES,535.0700073242188
2024-11-26,NSE:METALIETF,8.90999984741211
2024-11-26,NSE:MON100,172.2100067138672
2024-11-26,NSE:CPSEETF,91.33000183105469
2024-11-26,NSE:MAFANG,108.80000305175781
2024-11-27,NSE:NIFTYBEES,271.5400085449219
2024-11-27,NSE:MOM100,60.25
2024-11-27,NSE:MON100,175.22999572753906
2024-11-27,NSE:MAFANG,109.97000122070312
2024-11-27,NSE:BANKBEES,536.280029296875
2024-11-27,NSE:LOWVOLIETF,21.200000762939453
2024-11-27,NSE:PHARMABEES,22.290000915527344
2024-11-27,NSE:CPSEETF,92.25
2024-11-27,NSE:METALIETF,8.989999771118164
2024-11-27,NSE:ITBEES,47.400001525878906
2024-11-28,NSE:MON100,175.4199981689453
2024-11-28,NSE:ITBEES,46.27000045776367
2024-11-28,NSE:PHARMABEES,22.190000534057617
2024-11-28,NSE:CPSEETF,91.52999877929688
2024-11-28,NSE:MAFANG,110.36000061035156
2024-11-28,NSE:BANKBEES,532.969970703125
2024-11-28,NSE:METALIETF,8.970000267028809
2024-11-28,NSE:NIFTYBEES,267.67999267578125
2024-11-28,NSE:MOM100,60.279998779296875
2024-11-28,NSE:LOWVOLIETF,20.90999984741211
2024-11-29,NSE:MOM100,60.439998626708984
2024-11-29,NSE:CPSEETF,91.62999725341797
2024-11-29,NSE:ITBEES,46.459999084472656
2024-11-29,NSE:MAFANG,111.44000244140625
2024-11-29,NSE:PHARMABEES,22.68000030517578
2024-11-29,NSE:MON100,175.8800048828125
2024-11-29,NSE:LOWVOLIETF,21.079999923706055
2024-11-29,NSE:METALIETF,9.029999732971191
2024-11-29,NSE:NIFTYBEES,269.8800048828125
2024-11-29,NSE:BANKBEES,533.5999755859375
2024-12-02,NSE:PHARMABEES,22.93000030517578
2024-12-02,NSE:NIFTYBEES,271.3800048828125
2024-12-02,NSE:MAFANG,113.69000244140625
2024-12-02,NSE:BANKBEES,534.3400268554688
2024-12-02,NSE:CPSEETF,91.54000091552734
2024-12-02,NSE:ITBEES,46.7400016784668
2024-12-02,NSE:MON100,178.3800048828125
2024-12-02,NSE:MOM100,61.0099983215332
2024-12-02,NSE:LOWVOLIETF,21.219999313354492
2024-12-02,NSE:METALIETF,9.119999885559082
2024-12-03,NSE:MOM100,61.58000183105469
2024-12-03,NSE:NIFTYBEES,272.9800109863281
2024-12-03,NSE:BANKBEES,540.1599731445312
2024-12-03,NSE:MAFANG,116.5199966430664
2024-12-03,NSE:METALIETF,9.239999771118164
2024-12-03,NSE:LOWVOLIETF,21.350000381469727
2024-12-03,NSE:PHARMABEES,22.90999984741211
2024-12-03,NSE:MON100,182.17999267578125
2024-12-03,NSE:CPSEETF,92.58000183105469
2024-12-03,NSE:ITBEES,46.939998626708984
2024-12-04,NSE:ITBEES,47.15999984741211
2024-12-04,NSE:METALIETF,9.220000267028809
2024-12-04,NSE:LOWVOLIETF,21.309999465942383
2024-12-04,NSE:BANKBEES,546.0
2024-12-04,NSE:PHARMABEES,22.899999618530273
2024-12-04,NSE:MOM100,62.189998626708984
2024-12-04,NSE:NIFTYBEES,273.42999267578125
2024-12-04,NSE:MAFANG,121.62999725341797
2024-12-04,NSE:MON100,181.63999938964844
2024-12-04,NSE:CPSEETF,92.44999694824219
2024-12-05,NSE:CPSEETF,92.52999877929688
2024-12-05,NSE:MOM100,62.599998474121094
2024-12-05,NSE:PHARMABEES,22.959999084472656
2024-12-05,NSE:NIFTYBEES,275.9200134277344
2024-12-05,NSE:MAFANG,127.41000366210938
2024-12-05,NSE:MON100,181.66000366210938
2024-12-05,NSE:BANKBEES,548.9099731445312
2024-12-05,NSE:METALIETF,9.25
2024-12-05,NSE:LOWVOLIETF,21.459999084472656
2024-12-05,NSE:ITBEES,48.06999969482422
2024-12-06,NSE:PHARMABEES,22.899999618530273
2024-12-06,NSE:MAFANG,130.17999267578125
2024-12-06,NSE:LOWVOLIETF,21.489999771118164
2024-12-06,NSE:BANKBEES,550.1099853515625
2024-12-06,NSE:ITBEES,47.959999084472656
2024-12-06,NSE:METALIETF,9.380000114440918
2024-12-06,NSE:MON100,179.85000610351562
2024-12-06,NSE:CPSEETF,92.66999816894531
2024-12-06,NSE:NIFTYBEES,275.8800048828125
2024-12-06,NSE:MOM100,62.86000061035156
2024-12-09,NSE:PHARMABEES,22.770000457763672
2024-12-09,NSE:LOWVOLIETF,21.420000076293945
2024-12-09,NSE:NIFTYBEES,275.1400146484375
2024-12-09,NSE:CPSEETF,92.5
2024-12-09,NSE:MAFANG,130.44000244140625
2024-12-09,NSE:BANKBEES,547.7899780273438
2024-12-09,NSE:ITBEES,48.09000015258789
2024-12-09,NSE:METALIETF,9.449999809265137
2024-12-09,NSE:MON100,183.2100067138672
2024-12-09,NSE:MOM100,63.16999816894531
2024-12-10,NSE:PHARMABEES,22.760000228881836
2024-12-10,NSE:BANKBEES,549.3800048828125
2024-12-10,NSE:ITBEES,48.47999954223633
2024-12-10,NSE:MAFANG,131.83999633789062
2024-12-10,NSE:MOM100,63.29999923706055
2024-12-10,NSE:METALIETF,9.470000267028809
2024-12-10,NSE:CPSEETF,92.2699966430664
2024-12-10,NSE:LOWVOLIETF,21.420000076293945
2024-12-10,NSE:NIFTYBEES,274.67999267578125
2024-12-10,NSE:MON100,188.55999755859375
2024-12-11,NSE:ITBEES,48.650001525878906
2024-12-11,NSE:CPSEETF,92.16999816894531
2024-12-11,NSE:METALIETF,9.470000267028809
2024-12-11,NSE:LOWVOLIETF,21.5
2024-12-11,NSE:MOM100,63.52000045776367
2024-12-11,NSE:NIFTYBEES,274.9700012207031
2024-12-11,NSE:BANKBEES,546.9000244140625
2024-12-11,NSE:MAFANG,130.7100067138672
2024-12-11,NSE:PHARMABEES,22.770000457763672
2024-12-11,NSE:MON100,192.4600067138672
2024-12-12,NSE:LOWVOLIETF,21.3799991607666
2024-12-12,NSE:MAFANG,130.57000732421875
2024-12-12,NSE:CPSEETF,91.44000244140625
2024-12-12,NSE:ITBEES,49.029998779296875
2024-12-12,NSE:PHARMABEES,22.700000762939453
2024-12-12,NSE:METALIETF,9.470000267028809
2024-12-12,NSE:MON100,199.80999755859375
2024-12-12,NSE:BANKBEES,545.7100219726562
2024-12-12,NSE:NIFTYBEES,274.1000061035156
2024-12-12,NSE:MOM100,63.2400016784668
2024-12-13,NSE:MOM100,63.209999084472656
2024-12-13,NSE:NIFTYBEES,276.0799865722656
2024-12-13,NSE:BANKBEES,548.9299926757812
2024-12-13,NSE:PHARMABEES,22.6299991607666
2024-12-13,NSE:MON100,200.89999389648438
2024-12-13,NSE:CPSEETF,91.62999725341797
2024-12-13,NSE:MAFANG,134.22999572753906
2024-12-13,NSE:LOWVOLIETF,21.579999923706055
2024-12-13,NSE:METALIETF,9.4399995803833
2024-12-13,NSE:ITBEES,49.4900016784668
2024-12-16,NSE:NIFTYBEES,275.4800109863281
2024-12-16,NSE:METALIETF,9.359999656677246
2024-12-16,NSE:CPSEETF,91.33999633789062
2024-12-16,NSE:ITBEES,49.119998931884766
2024-12-16,NSE:PHARMABEES,22.670000076293945
2024-12-16,NSE:MOM100,63.66999816894531
2024-12-16,NSE:LOWVOLIETF,21.510000228881836
2024-12-16,NSE:MAFANG,133.75999450683594
2024-12-16,NSE:BANKBEES,548.8099975585938
2024-12-16,NSE:MON100,207.47000122070312
2024-12-17,NSE:BANKBEES,541.989990234375
2024-12-17,NSE:NIFTYBEES,272.2200012207031
2024-12-17,NSE:ITBEES,48.869998931884766
2024-12-17,NSE:PHARMABEES,22.540000915527344
2024-12-17,NSE:MOM100,63.310001373291016
2024-12-17,NSE:LOWVOLIETF,21.15999984741211
2024-12-17,NSE:MAFANG,135.57000732421875
2024-12-17,NSE:MON100,212.92999267578125
2024-12-17,NSE:CPSEETF,90.22000122070312
2024-12-17,NSE:METALIETF,9.199999809265137
2024-12-18,NSE:MON100,211.39999389648438
2024-12-18,NSE:NIFTYBEES,270.70001220703125
2024-12-18,NSE:ITBEES,48.86000061035156
2024-12-18,NSE:MOM100,62.91999816894531
2024-12-18,NSE:PHARMABEES,22.709999084472656
2024-12-18,NSE:METALIETF,9.079999923706055
2024-12-18,NSE:BANKBEES,535.9000244140625
2024-12-18,NSE:LOWVOLIETF,21.219999313354492
2024-12-18,NSE:CPSEETF,88.37000274658203
2024-12-18,NSE:MAFANG,139.1699981689453
2024-12-19,NSE:BANKBEES,530.0499877929688
2024-12-19,NSE:MAFANG,136.82000732421875
2024-12-19,NSE:METALIETF,8.979999542236328
2024-12-19,NSE:NIFTYBEES,268.3900146484375
2024-12-19,NSE:LOWVOLIETF,21.1299991607666
2024-12-19,NSE:MON100,207.94000244140625
2024-12-19,NSE:MOM100,62.7599983215332
2024-12-19,NSE:ITBEES,48.2599983215332
2024-12-19,NSE:CPSEETF,87.69000244140625
2024-12-19,NSE:PHARMABEES,23.100000381469727
2024-12-20,NSE:MON100,200.9600067138672
2024-12-20,NSE:METALIETF,8.829999923706055
2024-12-20,NSE:ITBEES,46.93000030517578
2024-12-20,NSE:CPSEETF,85.80999755859375
2024-12-20,NSE:NIFTYBEES,264.1499938964844
2024-12-20,NSE:MOM100,61.08000183105469
2024-12-20,NSE:LOWVOLIETF,20.899999618530273
2024-12-20,NSE:BANKBEES,521.1199951171875
2024-12-20,NSE:MAFANG,131.8800048828125
2024-12-20,NSE:PHARMABEES,22.90999984741211
2024-12-23,NSE:CPSEETF,85.80999755859375
2024-12-23,NSE:METALIETF,8.899999618530273
2024-12-23,NSE:ITBEES,47.0099983215332
2024-12-23,NSE:MON100,208.89999389648438
2024-12-23,NSE:LOWVOLIETF,20.920000076293945
2024-12-23,NSE:MAFANG,132.57000732421875
2024-12-23,NSE:MOM100,61.18000030517578
2024-12-23,NSE:PHARMABEES,22.969999313354492
2024-12-23,NSE:BANKBEES,527.6199951171875
2024-12-23,NSE:NIFTYBEES,265.6600036621094
2024-12-24,NSE:MON100,212.07000732421875
2024-12-24,NSE:METALIETF,8.819999694824219
2024-12-24,NSE:NIFTYBEES,265.489990234375
2024-12-24,NSE:BANKBEES,526.9199829101562
2024-12-24,NSE:ITBEES,46.869998931884766
2024-12-24,NSE:MAFANG,134.24000549316406
2024-12-24,NSE:LOWVOLIETF,20.90999984741211
2024-12-24,NSE:MOM100,61.13999938964844
2024-12-24,NSE:CPSEETF,85.58999633789062
2024-12-24,NSE:PHARMABEES,22.959999084472656
2024-12-26,NSE:PHARMABEES,23.110000610351562
2024-12-26,NSE:LOWVOLIETF,20.940000534057617
2024-12-26,NSE:MON100,214.5
2024-12-26,NSE:MOM100,61.189998626708984
2024-12-26,NSE:BANKBEES,525.530029296875
2024-12-26,NSE:ITBEES,46.849998474121094
2024-12-26,NSE:NIFTYBEES,265.6700134277344
2024-12-26,NSE:MAFANG,135.94000244140625
2024-12-26,NSE:CPSEETF,85.87999725341797
2024-12-26,NSE:METALIETF,8.84000015258789
2024-12-27,NSE:MOM100,61.09000015258789
2024-12-27,NSE:LOWVOLIETF,20.979999542236328
2024-12-27,NSE:MAFANG,138.1199951171875
2024-12-27,NSE:METALIETF,8.75
2024-12-27,NSE:CPSEETF,85.45999908447266
2024-12-27,NSE:ITBEES,46.88999938964844
2024-12-27,NSE:BANKBEES,527.3300170898438
2024-12-27,NSE:MON100,217.50999450683594
2024-12-27,NSE:NIFTYBEES,266.3900146484375
2024-12-27,NSE:PHARMABEES,23.399999618530273
2024-12-30,NSE:PHARMABEES,23.709999084472656
2024-12-30,NSE:MOM100,61.27000045776367
2024-12-30,NSE:ITBEES,47.189998626708984
2024-12-30,NSE:NIFTYBEES,264.3699951171875
2024-12-30,NSE:METALIETF,8.640000343322754
2024-12-30,NSE:MON100,215.6300048828125
2024-12-30,NSE:MAFANG,136.72999572753906
2024-12-30,NSE:BANKBEES,524.0
2024-12-30,NSE:CPSEETF,84.36000061035156
2024-12-30,NSE:LOWVOLIETF,20.940000534057617
2024-12-31,NSE:LOWVOLIETF,20.959999084472656
2024-12-31,NSE:MON100,214.2100067138672
2024-12-31,NSE:CPSEETF,85.29000091552734
2024-12-31,NSE:MAFANG,136.30999755859375
2024-12-31,NSE:MOM100,61.27000045776367
2024-12-31,NSE:NIFTYBEES,264.4700012207031
2024-12-31,NSE:PHARMABEES,23.84000015258789
2024-12-31,NSE:METALIETF,8.680000305175781
2024-12-31,NSE:ITBEES,46.63999938964844
2024-12-31,NSE:BANKBEES,522.7899780273438
2025-01-01,NSE:LOWVOLIETF,20.989999771118164
2025-01-01,NSE:PHARMABEES,23.8700008392334
2025-01-01,NSE:MOM100,61.56999969482422
2025-01-01,NSE:NIFTYBEES,265.5899963378906
2025-01-01,NSE:MON100,212.41000366210938
2025-01-01,NSE:BANKBEES,524.9199829101562
2025-01-01,NSE:CPSEETF,85.63999938964844
2025-01-01,NSE:METALIETF,8.65999984741211
2025-01-01,NSE:MAFANG,134.5
2025-01-01,NSE:ITBEES,46.540000915527344
2025-01-02,NSE:NIFTYBEES,269.8900146484375
2025-01-02,NSE:CPSEETF,87.19000244140625
2025-01-02,NSE:METALIETF,8.75
2025-01-02,NSE:MAFANG,133.1199951171875
2025-01-02,NSE:MON100,210.77000427246094
2025-01-02,NSE:MOM100,61.900001525878906
2025-01-02,NSE:LOWVOLIETF,21.399999618530273
2025-01-02,NSE:ITBEES,47.599998474121094
2025-01-02,NSE:PHARMABEES,23.950000762939453
2025-01-02,NSE:BANKBEES,528.3400268554688
2025-01-03,NSE:MAFANG,141.44000244140625
2025-01-03,NSE:MOM100,62.06999969482422
2025-01-03,NSE:CPSEETF,87.98999786376953
2025-01-03,NSE:METALIETF,8.75
2025-01-03,NSE:ITBEES,47.08000183105469
2025-01-03,NSE:NIFTYBEES,268.4100036621094
2025-01-03,NSE:PHARMABEES,23.770000457763672
2025-01-03,NSE:MON100,210.9199981689453
2025-01-03,NSE:LOWVOLIETF,21.31999969482422
2025-01-03,NSE:BANKBEES,523.3599853515625
2025-01-06,NSE:MON100,205.02000427246094
2025-01-06,NSE:MAFANG,133.77000427246094
2025-01-06,NSE:LOWVOLIETF,21.059999465942383
2025-01-06,NSE:PHARMABEES,23.56999969482422
2025-01-06,NSE:CPSEETF,85.23999786376953
2025-01-06,NSE:BANKBEES,511.5299987792969
2025-01-06,NSE:ITBEES,46.84000015258789
2025-01-06,NSE:NIFTYBEES,264.4800109863281
2025-01-06,NSE:METALIETF,8.479999542236328
2025-01-06,NSE:MOM100,60.41999816894531
2025-01-07,NSE:MON100,204.08999633789062
2025-01-07,NSE:PHARMABEES,23.6200008392334
2025-01-07,NSE:MOM100,60.90999984741211
2025-01-07,NSE:MAFANG,135.63999938964844
2025-01-07,NSE:BANKBEES,514.4099731445312
2025-01-07,NSE:NIFTYBEES,265.1600036621094
2025-01-07,NSE:METALIETF,8.59000015258789
2025-01-07,NSE:ITBEES,46.66999816894531
2025-01-07,NSE:LOWVOLIETF,21.100000381469727
2025-01-07,NSE:CPSEETF,85.83000183105469
2025-01-08,NSE:MOM100,60.27000045776367
2025-01-08,NSE:LOWVOLIETF,21.100000381469727
2025-01-08,NSE:ITBEES,46.83000183105469
2025-01-08,NSE:MAFANG,137.2899932861328
2025-01-08,NSE:NIFTYBEES,264.9200134277344
2025-01-08,NSE:MON100,202.41000366210938
2025-01-08,NSE:METALIETF,8.520000457763672
2025-01-08,NSE:PHARMABEES,23.5
2025-01-08,NSE:BANKBEES,510.5199890136719
2025-01-08,NSE:CPSEETF,86.08999633789062
2025-01-09,NSE:MAFANG,135.0
2025-01-09,NSE:METALIETF,8.420000076293945
2025-01-09,NSE:MOM100,59.7599983215332
2025-01-09,NSE:BANKBEES,507.4599914550781
2025-01-09,NSE:PHARMABEES,23.270000457763672
2025-01-09,NSE:CPSEETF,85.01000213623047
2025-01-09,NSE:NIFTYBEES,263.1499938964844
2025-01-09,NSE:LOWVOLIETF,21.110000610351562
2025-01-09,NSE:ITBEES,46.369998931884766
2025-01-09,NSE:MON100,201.17999267578125
2025-01-10,NSE:MON100,197.88999938964844
2025-01-10,NSE:METALIETF,8.300000190734863
2025-01-10,NSE:PHARMABEES,22.770000457763672
2025-01-10,NSE:NIFTYBEES,262.2200012207031
2025-01-10,NSE:LOWVOLIETF,21.059999465942383
2025-01-10,NSE:ITBEES,47.84000015258789
2025-01-10,NSE:MAFANG,134.8800048828125
2025-01-10,NSE:MOM100,58.56999969482422
2025-01-10,NSE:CPSEETF,83.05999755859375
2025-01-10,NSE:BANKBEES,500.1199951171875
2025-01-13,NSE:LOWVOLIETF,20.739999771118164
2025-01-13,NSE:NIFTYBEES,258.3999938964844
2025-01-13,NSE:MAFANG,131.05999755859375
2025-01-13,NSE:PHARMABEES,22.299999237060547
2025-01-13,NSE:MON100,189.5500030517578
2025-01-13,NSE:ITBEES,47.38999938964844
2025-01-13,NSE:MOM100,56.25
2025-01-13,NSE:BANKBEES,493.8299865722656
2025-01-13,NSE:METALIETF,7.96999979019165
2025-01-13,NSE:CPSEETF,80.2699966430664
2025-01-14,NSE:BANKBEES,500.6099853515625
2025-01-14,NSE:MON100,192.94000244140625
2025-01-14,NSE:NIFTYBEES,259.260009765625
2025-01-14,NSE:ITBEES,46.279998779296875
2025-01-14,NSE:CPSEETF,82.47000122070312
2025-01-14,NSE:METALIETF,8.279999732971191
2025-01-14,NSE:MAFANG,132.25999450683594
2025-01-14,NSE:LOWVOLIETF,20.68000030517578
2025-01-14,NSE:PHARMABEES,22.65999984741211
2025-01-14,NSE:MOM100,57.54999923706055
2025-01-15,NSE:METALIETF,8.300000190734863
2025-01-15,NSE:CPSEETF,83.29000091552734
2025-01-15,NSE:PHARMABEES,22.43000030517578
2025-01-15,NSE:NIFTYBEES,259.5799865722656
2025-01-15,NSE:LOWVOLIETF,20.690000534057617
2025-01-15,NSE:ITBEES,46.52000045776367
2025-01-15,NSE:MAFANG,132.07000732421875
2025-01-15,NSE:MOM100,57.86000061035156
2025-01-15,NSE:BANKBEES,500.6400146484375
2025-01-15,NSE:MON100,191.33999633789062
2025-01-16,NSE:METALIETF,8.4399995803833
2025-01-16,NSE:MOM100,58.369998931884766
2025-01-16,NSE:LOWVOLIETF,20.690000534057617
2025-01-16,NSE:BANKBEES,505.010009765625
2025-01-16,NSE:MON100,200.49000549316406
2025-01-16,NSE:PHARMABEES,22.3700008392334
2025-01-16,NSE:CPSEETF,84.55000305175781
2025-01-16,NSE:ITBEES,46.27000045776367
2025-01-16,NSE:MAFANG,131.75999450683594
2025-01-16,NSE:NIFTYBEES,260.7200012207031
2025-01-17,NSE:BANKBEES,497.32000732421875
2025-01-17,NSE:CPSEETF,85.8499984741211
2025-01-17,NSE:MON100,204.8000030517578
2025-01-17,NSE:METALIETF,8.539999961853027
2025-01-17,NSE:ITBEES,45.5
2025-01-17,NSE:MOM100,58.56999969482422
2025-01-17,NSE:PHARMABEES,22.5
2025-01-17,NSE:MAFANG,135.32000732421875
2025-01-17,NSE:NIFTYBEES,259.7699890136719
2025-01-17,NSE:LOWVOLIETF,20.690000534057617
2025-01-20,NSE:NIFTYBEES,261.2900085449219
2025-01-20,NSE:ITBEES,45.63999938964844
2025-01-20,NSE:CPSEETF,86.93000030517578
2025-01-20,NSE:PHARMABEES,22.6299991607666
2025-01-20,NSE:BANKBEES,505.80999755859375
2025-01-20,NSE:MAFANG,134.0500030517578
2025-01-20,NSE:MON100,211.66000366210938
2025-01-20,NSE:LOWVOLIETF,20.809999465942383
2025-01-20,NSE:METALIETF,8.609999656677246
2025-01-20,NSE:MOM100,59.08000183105469
2025-01-21,NSE:METALIETF,8.5600004196167
2025-01-21,NSE:ITBEES,45.04999923706055
2025-01-21,NSE:MON100,206.4600067138672
2025-01-21,NSE:PHARMABEES,22.3700008392334
2025-01-21,NSE:CPSEETF,85.80999755859375
2025-01-21,NSE:MOM100,57.810001373291016
2025-01-21,NSE:BANKBEES,498.82000732421875
2025-01-21,NSE:MAFANG,136.08999633789062
2025-01-21,NSE:LOWVOLIETF,20.59000015258789
2025-01-21,NSE:NIFTYBEES,257.9100036621094
2025-01-22,NSE:MAFANG,142.57000732421875
2025-01-22,NSE:MON100,212.80999755859375
2025-01-22,NSE:CPSEETF,84.2699966430664
2025-01-22,NSE:NIFTYBEES,258.8500061035156
2025-01-22,NSE:PHARMABEES,22.440000534057617
2025-01-22,NSE:BANKBEES,500.5899963378906
2025-01-22,NSE:METALIETF,8.479999542236328
2025-01-22,NSE:ITBEES,45.939998626708984
2025-01-22,NSE:LOWVOLIETF,20.809999465942383
2025-01-22,NSE:MOM100,56.91999816894531
2025-01-23,NSE:MON100,217.11000061035156
2025-01-23,NSE:NIFTYBEES,259.510009765625
2025-01-23,NSE:ITBEES,46.75
2025-01-23,NSE:BANKBEES,499.3800048828125
2025-01-23,NSE:METALIETF,8.529999732971191
2025-01-23,NSE:MOM100,58.029998779296875
2025-01-23,NSE:LOWVOLIETF,20.93000030517578
2025-01-23,NSE:PHARMABEES,22.790000915527344
2025-01-23,NSE:MAFANG,137.42999267578125
2025-01-23,NSE:CPSEETF,84.51000213623047
2025-01-24,NSE:ITBEES,46.93000030517578
2025-01-24,NSE:MON100,220.7899932861328
2025-01-24,NSE:MOM100,57.16999816894531
2025-01-24,NSE:MAFANG,141.3300018310547
2025-01-24,NSE:BANKBEES,496.1700134277344
2025-01-24,NSE:NIFTYBEES,258.19000244140625
2025-01-24,NSE:PHARMABEES,22.329999923706055
2025-01-24,NSE:CPSEETF,83.69000244140625
2025-01-24,NSE:LOWVOLIETF,20.799999237060547
2025-01-24,NSE:METALIETF,8.4399995803833
2025-01-27,NSE:MAFANG,136.2100067138672
2025-01-27,NSE:LOWVOLIETF,20.559999465942383
2025-01-27,NSE:MON100,209.7899932861328
2025-01-27,NSE:METALIETF,8.210000038146973
2025-01-27,NSE:PHARMABEES,21.719999313354492
2025-01-27,NSE:CPSEETF,81.73999786376953
2025-01-27,NSE:BANKBEES,494.1199951171875
2025-01-27,NSE:NIFTYBEES,255.69000244140625
2025-01-27,NSE:ITBEES,45.380001068115234
2025-01-27,NSE:MOM100,55.619998931884766
2025-01-28,NSE:MON100,200.89999389648438
2025-01-28,NSE:METALIETF,8.180000305175781
2025-01-28,NSE:NIFTYBEES,257.3299865722656
2025-01-28,NSE:LOWVOLIETF,20.649999618530273
2025-01-28,NSE:ITBEES,45.13999938964844
2025-01-28,NSE:BANKBEES,501.42999267578125
2025-01-28,NSE:CPSEETF,80.72000122070312
2025-01-28,NSE:MOM100,55.25
2025-01-28,NSE:MAFANG,128.60000610351562
2025-01-28,NSE:PHARMABEES,21.25
2025-01-29,NSE:CPSEETF,82.19000244140625
2025-01-29,NSE:MON100,207.8699951171875
2025-01-29,NSE:PHARMABEES,21.610000610351562
2025-01-29,NSE:NIFTYBEES,259.3800048828125
2025-01-29,NSE:ITBEES,46.349998474121094
2025-01-29,NSE:MOM100,56.9900016784668
2025-01-29,NSE:MAFANG,133.0
2025-01-29,NSE:LOWVOLIETF,20.700000762939453
2025-01-29,NSE:BANKBEES,504.1099853515625
2025-01-29,NSE:METALIETF,8.319999694824219
2025-01-30,NSE:NIFTYBEES,260.2200012207031
2025-01-30,NSE:MON100,206.89999389648438
2025-01-30,NSE:CPSEETF,83.87999725341797
2025-01-30,NSE:BANKBEES,506.44000244140625
2025-01-30,NSE:PHARMABEES,21.850000381469727
2025-01-30,NSE:METALIETF,8.329999923706055
2025-01-30,NSE:LOWVOLIETF,20.84000015258789
2025-01-30,NSE:ITBEES,45.79999923706055
2025-01-30,NSE:MOM100,56.4900016784668
2025-01-30,NSE:MAFANG,133.14999389648438
2025-01-31,NSE:MAFANG,134.8300018310547
2025-01-31,NSE:LOWVOLIETF,20.979999542236328
2025-01-31,NSE:MON100,206.3699951171875
2025-01-31,NSE:NIFTYBEES,263.0
2025-01-31,NSE:CPSEETF,86.48999786376953
2025-01-31,NSE:ITBEES,45.959999084472656
2025-01-31,NSE:PHARMABEES,21.889999389648438
2025-01-31,NSE:METALIETF,8.420000076293945
2025-01-31,NSE:MOM100,57.56999969482422
2025-01-31,NSE:BANKBEES,508.3800048828125
2025-02-01,NSE:METALIETF,8.329999923706055
2025-02-01,NSE:MON100,206.5800018310547
2025-02-01,NSE:ITBEES,45.41999816894531
2025-02-01,NSE:MOM100,57.36000061035156
2025-02-01,NSE:CPSEETF,83.81999969482422
2025-02-01,NSE:PHARMABEES,21.760000228881836
2025-02-01,NSE:MAFANG,135.47999572753906
2025-02-01,NSE:NIFTYBEES,262.1300048828125
2025-02-01,NSE:LOWVOLIETF,21.030000686645508
2025-02-01,NSE:BANKBEES,508.42999267578125
2025-02-03,NSE:ITBEES,45.630001068115234
2025-02-03,NSE:LOWVOLIETF,21.020000457763672
2025-02-03,NSE:NIFTYBEES,261.4700012207031
2025-02-03,NSE:METALIETF,8.170000076293945
2025-02-03,NSE:MON100,203.38999938964844
2025-02-03,NSE:MOM100,56.84000015258789
2025-02-03,NSE:BANKBEES,505.8399963378906
2025-02-03,NSE:CPSEETF,81.37999725341797
2025-02-03,NSE:MAFANG,134.32000732421875
2025-02-03,NSE:PHARMABEES,21.809999465942383
2025-02-04,NSE:MON100,207.02999877929688
2025-02-04,NSE:MOM100,57.689998626708984
2025-02-04,NSE:NIFTYBEES,265.04998779296875
2025-02-04,NSE:MAFANG,136.47000122070312
2025-02-04,NSE:LOWVOLIETF,21.190000534057617
2025-02-04,NSE:CPSEETF,83.44999694824219
2025-02-04,NSE:PHARMABEES,22.1299991607666
2025-02-04,NSE:BANKBEES,513.8800048828125
2025-02-04,NSE:ITBEES,46.220001220703125
2025-02-04,NSE:METALIETF,8.3100004196167
2025-02-05,NSE:BANKBEES,516.0900268554688
2025-02-05,NSE:LOWVOLIETF,21.040000915527344
2025-02-05,NSE:MAFANG,138.10000610351562
2025-02-05,NSE:MON100,209.4499969482422
2025-02-05,NSE:MOM100,58.09000015258789
2025-02-05,NSE:NIFTYBEES,265.25
2025-02-05,NSE:PHARMABEES,22.309999465942383
2025-02-05,NSE:ITBEES,46.2400016784668
2025-02-05,NSE:CPSEETF,84.31999969482422
2025-02-05,NSE:METALIETF,8.430000305175781
2025-02-06,NSE:MOM100,57.459999084472656
2025-02-06,NSE:PHARMABEES,22.479999542236328
2025-02-06,NSE:MAFANG,140.39999389648438
2025-02-06,NSE:BANKBEES,516.989990234375
2025-02-06,NSE:LOWVOLIETF,21.010000228881836
2025-02-06,NSE:ITBEES,46.40999984741211
2025-02-06,NSE:METALIETF,8.380000114440918
2025-02-06,NSE:MON100,209.19000244140625
2025-02-06,NSE:CPSEETF,82.94000244140625
2025-02-06,NSE:NIFTYBEES,264.3699951171875
2025-02-07,NSE:MON100,209.32000732421875
2025-02-07,NSE:LOWVOLIETF,21.020000457763672
2025-02-07,NSE:ITBEES,46.31999969482422
2025-02-07,NSE:METALIETF,8.579999923706055
2025-02-07,NSE:CPSEETF,82.79000091552734
2025-02-07,NSE:NIFTYBEES,263.75
2025-02-07,NSE:BANKBEES,514.530029296875
2025-02-07,NSE:MOM100,57.470001220703125
2025-02-07,NSE:PHARMABEES,22.489999771118164
2025-02-07,NSE:MAFANG,141.5
2025-02-10,NSE:PHARMABEES,22.149999618530273
2025-02-10,NSE:LOWVOLIETF,20.850000381469727
2025-02-10,NSE:MOM100,56.29999923706055
2025-02-10,NSE:METALIETF,8.380000114440918
2025-02-10,NSE:MAFANG,143.02000427246094
2025-02-10,NSE:BANKBEES,513.3300170898438
2025-02-10,NSE:NIFTYBEES,261.8999938964844
2025-02-10,NSE:CPSEETF,80.62999725341797
2025-02-10,NSE:ITBEES,45.93000030517578
2025-02-10,NSE:MON100,207.91000366210938
2025-02-11,NSE:PHARMABEES,21.700000762939453
2025-02-11,NSE:MOM100,54.59000015258789
2025-02-11,NSE:MON100,208.3699951171875
2025-02-11,NSE:METALIETF,8.220000267028809
2025-02-11,NSE:NIFTYBEES,258.54998779296875
2025-02-11,NSE:BANKBEES,507.55999755859375
2025-02-11,NSE:LOWVOLIETF,20.540000915527344
2025-02-11,NSE:ITBEES,45.25
2025-02-11,NSE:CPSEETF,79.01000213623047
2025-02-11,NSE:MAFANG,140.9499969482422
2025-02-12,NSE:MAFANG,143.27999877929688
2025-02-12,NSE:CPSEETF,78.37999725341797
2025-02-12,NSE:ITBEES,45.0
2025-02-12,NSE:BANKBEES,508.30999755859375
2025-02-12,NSE:PHARMABEES,21.610000610351562
2025-02-12,NSE:METALIETF,8.270000457763672
2025-02-12,NSE:MON100,207.17999267578125
2025-02-12,NSE:LOWVOLIETF,20.59000015258789
2025-02-12,NSE:NIFTYBEES,258.2699890136719
2025-02-12,NSE:MOM100,54.47999954223633
2025-02-13,NSE:LOWVOLIETF,20.6299991607666
2025-02-13,NSE:CPSEETF,78.7699966430664
2025-02-13,NSE:ITBEES,44.599998474121094
2025-02-13,NSE:NIFTYBEES,258.1700134277344
2025-02-13,NSE:MON100,206.77999877929688
2025-02-13,NSE:BANKBEES,506.70001220703125
2025-02-13,NSE:MOM100,54.59000015258789
2025-02-13,NSE:MAFANG,141.89999389648438
2025-02-13,NSE:PHARMABEES,21.950000762939453
2025-02-13,NSE:METALIETF,8.350000381469727
2025-02-14,NSE:MOM100,53.29999923706055
2025-02-14,NSE:PHARMABEES,21.31999969482422
2025-02-14,NSE:MAFANG,141.72999572753906
2025-02-14,NSE:BANKBEES,504.55999755859375
2025-02-14,NSE:MON100,205.44000244140625
2025-02-14,NSE:CPSEETF,76.5999984741211
2025-02-14,NSE:ITBEES,44.59000015258789
2025-02-14,NSE:METALIETF,8.199999809265137
2025-02-14,NSE:LOWVOLIETF,20.530000686645508
2025-02-14,NSE:NIFTYBEES,256.95001220703125
2025-02-17,NSE:BANKBEES,506.1499938964844
2025-02-17,NSE:CPSEETF,77.45999908447266
2025-02-17,NSE:METALIETF,8.260000228881836
2025-02-17,NSE:MOM100,53.4900016784668
2025-02-17,NSE:NIFTYBEES,257.1099853515625
2025-02-17,NSE:MON100,205.35000610351562
2025-02-17,NSE:LOWVOLIETF,20.559999465942383
2025-02-17,NSE:MAFANG,143.89999389648438
2025-02-17,NSE:PHARMABEES,21.510000228881836
2025-02-17,NSE:ITBEES,44.279998779296875
2025-02-18,NSE:ITBEES,44.70000076293945
2025-02-18,NSE:METALIETF,8.270000457763672
2025-02-18,NSE:LOWVOLIETF,20.540000915527344
2025-02-18,NSE:PHARMABEES,21.389999389648438
2025-02-18,NSE:BANKBEES,503.79998779296875
2025-02-18,NSE:MOM100,53.38999938964844
2025-02-18,NSE:MAFANG,144.3300018310547
2025-02-18,NSE:CPSEETF,78.12999725341797
2025-02-18,NSE:NIFTYBEES,256.8399963378906
2025-02-18,NSE:MON100,204.11000061035156
2025-02-19,NSE:METALIETF,8.369999885559082
2025-02-19,NSE:MON100,206.24000549316406
2025-02-19,NSE:PHARMABEES,21.280000686645508
2025-02-19,NSE:MOM100,54.20000076293945
2025-02-19,NSE:NIFTYBEES,256.8900146484375
2025-02-19,NSE:CPSEETF,78.91999816894531
2025-02-19,NSE:LOWVOLIETF,20.469999313354492
2025-02-19,NSE:ITBEES,44.220001220703125
2025-02-19,NSE:MAFANG,150.05999755859375
2025-02-19,NSE:BANKBEES,509.5299987792969
2025-02-20,NSE:LOWVOLIETF,20.440000534057617
2025-02-20,NSE:ITBEES,44.08000183105469
2025-02-20,NSE:CPSEETF,80.8499984741211
2025-02-20,NSE:MON100,204.61000061035156
2025-02-20,NSE:BANKBEES,506.8500061035156
2025-02-20,NSE:METALIETF,8.529999732971191
2025-02-20,NSE:MAFANG,143.52999877929688
2025-02-20,NSE:MOM100,54.869998931884766
2025-02-20,NSE:PHARMABEES,21.200000762939453
2025-02-20,NSE:NIFTYBEES,256.8500061035156
2025-02-21,NSE:BANKBEES,502.5199890136719
2025-02-21,NSE:ITBEES,43.72999954223633
2025-02-21,NSE:MAFANG,143.30999755859375
2025-02-21,NSE:LOWVOLIETF,20.329999923706055
2025-02-21,NSE:PHARMABEES,20.780000686645508
2025-02-21,NSE:METALIETF,8.600000381469727
2025-02-21,NSE:MON100,203.24000549316406
2025-02-21,NSE:CPSEETF,79.94999694824219
2025-02-21,NSE:NIFTYBEES,255.52999877929688
2025-02-21,NSE:MOM100,54.130001068115234
2025-02-24,NSE:BANKBEES,499.6199951171875
2025-02-24,NSE:CPSEETF,78.91000366210938
2025-02-24,NSE:MOM100,53.68000030517578
2025-02-24,NSE:METALIETF,8.4399995803833
2025-02-24,NSE:ITBEES,42.5099983215332
2025-02-24,NSE:MAFANG,141.38999938964844
2025-02-24,NSE:MON100,197.27999877929688
2025-02-24,NSE:NIFTYBEES,252.8699951171875
2025-02-24,NSE:PHARMABEES,20.799999237060547
2025-02-24,NSE:LOWVOLIETF,20.15999984741211
2025-02-25,NSE:BANKBEES,498.489990234375
2025-02-25,NSE:METALIETF,8.3100004196167
2025-02-25,NSE:ITBEES,42.16999816894531
2025-02-25,NSE:MAFANG,135.80999755859375
2025-02-25,NSE:PHARMABEES,20.65999984741211
2025-02-25,NSE:MON100,193.1999969482422
2025-02-25,NSE:LOWVOLIETF,20.139999389648438
2025-02-25,NSE:MOM100,53.34000015258789
2025-02-25,NSE:CPSEETF,78.26000213623047
2025-02-25,NSE:NIFTYBEES,252.75
2025-02-27,NSE:LOWVOLIETF,20.06999969482422
2025-02-27,NSE:MAFANG,133.44000244140625
2025-02-27,NSE:BANKBEES,499.9800109863281
2025-02-27,NSE:NIFTYBEES,252.55999755859375
2025-02-27,NSE:CPSEETF,77.70999908447266
2025-02-27,NSE:METALIETF,8.3100004196167
2025-02-27,NSE:ITBEES,42.0099983215332
2025-02-27,NSE:PHARMABEES,20.579999923706055
2025-02-27,NSE:MOM100,52.689998626708984
2025-02-27,NSE:MON100,195.0
2025-02-28,NSE:ITBEES,40.22999954223633
2025-02-28,NSE:CPSEETF,76.55999755859375
2025-02-28,NSE:PHARMABEES,20.219999313354492
2025-02-28,NSE:LOWVOLIETF,19.6299991607666
2025-02-28,NSE:BANKBEES,496.7200012207031
2025-02-28,NSE:MAFANG,126.51000213623047
2025-02-28,NSE:MOM100,51.54999923706055
2025-02-28,NSE:NIFTYBEES,248.4499969482422
2025-02-28,NSE:METALIETF,8.229999542236328
2025-02-28,NSE:MON100,183.92999267578125
2025-03-03,NSE:MON100,187.6300048828125
2025-03-03,NSE:MAFANG,130.61000061035156
2025-03-03,NSE:ITBEES,40.560001373291016
2025-03-03,NSE:PHARMABEES,20.280000686645508
2025-03-03,NSE:METALIETF,8.329999923706055
2025-03-03,NSE:BANKBEES,493.67999267578125
2025-03-03,NSE:LOWVOLIETF,19.540000915527344
2025-03-03,NSE:CPSEETF,76.83000183105469
2025-03-03,NSE:NIFTYBEES,248.0500030517578
2025-03-03,NSE:MOM100,51.5
2025-03-04,NSE:MAFANG,125.73999786376953
2025-03-04,NSE:MON100,182.92999267578125
2025-03-04,NSE:CPSEETF,77.6500015258789
2025-03-04,NSE:METALIETF,8.350000381469727
2025-03-04,NSE:PHARMABEES,20.200000762939453
2025-03-04,NSE:ITBEES,40.36000061035156
2025-03-04,NSE:MOM100,51.52000045776367
2025-03-04,NSE:LOWVOLIETF,19.350000381469727
2025-03-04,NSE:NIFTYBEES,247.49000549316406
2025-03-04,NSE:BANKBEES,495.6099853515625
2025-03-05,NSE:MAFANG,126.68000030517578
2025-03-05,NSE:MOM100,52.779998779296875
2025-03-05,NSE:ITBEES,41.209999084472656
2025-03-05,NSE:MON100,183.72000122070312
2025-03-05,NSE:PHARMABEES,20.540000915527344
2025-03-05,NSE:NIFTYBEES,250.47999572753906
2025-03-05,NSE:LOWVOLIETF,19.59000015258789
2025-03-05,NSE:CPSEETF,80.11000061035156
2025-03-05,NSE:BANKBEES,497.3599853515625
2025-03-05,NSE:METALIETF,8.680000305175781
2025-03-06,NSE:NIFTYBEES,252.75
2025-03-06,NSE:METALIETF,8.90999984741211
2025-03-06,NSE:CPSEETF,81.44999694824219
2025-03-06,NSE:MON100,186.5800018310547
2025-03-06,NSE:ITBEES,41.25
2025-03-06,NSE:MAFANG,126.87999725341797
2025-03-06,NSE:LOWVOLIETF,19.799999237060547
2025-03-06,NSE:MOM100,52.9900016784668
2025-03-06,NSE:PHARMABEES,20.81999969482422
2025-03-06,NSE:BANKBEES,499.6700134277344
2025-03-07,NSE:METALIETF,8.9399995803833
2025-03-07,NSE:MON100,186.74000549316406
2025-03-07,NSE:BANKBEES,498.3999938964844
2025-03-07,NSE:NIFTYBEES,252.83999633789062
2025-03-07,NSE:CPSEETF,81.04000091552734
2025-03-07,NSE:ITBEES,40.91999816894531
2025-03-07,NSE:LOWVOLIETF,19.84000015258789
2025-03-07,NSE:PHARMABEES,20.790000915527344
2025-03-07,NSE:MAFANG,124.06999969482422
2025-03-07,NSE:MOM100,52.84000015258789
2025-03-10,NSE:NIFTYBEES,251.75
2025-03-10,NSE:MOM100,52.0099983215332
2025-03-10,NSE:BANKBEES,494.70001220703125
2025-03-10,NSE:ITBEES,40.72999954223633
2025-03-10,NSE:MON100,187.24000549316406
2025-03-10,NSE:LOWVOLIETF,19.68000030517578
2025-03-10,NSE:METALIETF,8.850000381469727
2025-03-10,NSE:MAFANG,119.20999908447266
2025-03-10,NSE:PHARMABEES,20.670000076293945
2025-03-10,NSE:CPSEETF,80.25
2025-03-11,NSE:ITBEES,40.34000015258789
2025-03-11,NSE:MAFANG,114.9000015258789
2025-03-11,NSE:NIFTYBEES,252.0800018310547
2025-03-11,NSE:BANKBEES,491.5199890136719
2025-03-11,NSE:CPSEETF,80.80999755859375
2025-03-11,NSE:METALIETF,8.90999984741211
2025-03-11,NSE:MOM100,52.5099983215332
2025-03-11,NSE:MON100,181.39999389648438
2025-03-11,NSE:LOWVOLIETF,19.790000915527344
2025-03-11,NSE:PHARMABEES,20.729999542236328
2025-03-12,NSE:PHARMABEES,20.8700008392334
2025-03-12,NSE:MOM100,52.029998779296875
2025-03-12,NSE:LOWVOLIETF,19.670000076293945
2025-03-12,NSE:ITBEES,39.15999984741211
2025-03-12,NSE:NIFTYBEES,251.74000549316406
2025-03-12,NSE:METALIETF,8.850000381469727
2025-03-12,NSE:CPSEETF,80.9800033569336
2025-03-12,NSE:BANKBEES,493.17999267578125
2025-03-12,NSE:MAFANG,113.38999938964844
2025-03-12,NSE:MON100,179.25
2025-03-13,NSE:NIFTYBEES,251.05999755859375
2025-03-13,NSE:LOWVOLIETF,19.6200008392334
2025-03-13,NSE:PHARMABEES,20.809999465942383
2025-03-13,NSE:CPSEETF,81.23999786376953
2025-03-13,NSE:MOM100,51.650001525878906
2025-03-13,NSE:BANKBEES,493.17999267578125
2025-03-13,NSE:METALIETF,8.760000228881836
2025-03-13,NSE:MON100,175.97999572753906
2025-03-13,NSE:ITBEES,38.970001220703125
2025-03-13,NSE:MAFANG,114.3499984741211
2025-03-17,NSE:MOM100,52.040000915527344
2025-03-17,NSE:BANKBEES,495.8599853515625
2025-03-17,NSE:METALIETF,8.84000015258789
2025-03-17,NSE:ITBEES,38.970001220703125
2025-03-17,NSE:LOWVOLIETF,19.649999618530273
2025-03-17,NSE:NIFTYBEES,252.17999267578125
2025-03-17,NSE:CPSEETF,81.62000274658203
2025-03-17,NSE:MAFANG,115.2300033569336
2025-03-17,NSE:PHARMABEES,21.1299991607666
2025-03-17,NSE:MON100,180.77000427246094
2025-03-18,NSE:PHARMABEES,21.459999084472656
2025-03-18,NSE:METALIETF,9.039999961853027
2025-03-18,NSE:MOM100,52.040000915527344
2025-03-18,NSE:MAFANG,115.2300033569336
2025-03-18,NSE:BANKBEES,495.8599853515625
2025-03-18,NSE:ITBEES,39.459999084472656
2025-03-18,NSE:MON100,180.77000427246094
2025-03-18,NSE:CPSEETF,81.62000274658203
2025-03-18,NSE:NIFTYBEES,252.17999267578125
2025-03-18,NSE:LOWVOLIETF,19.969999313354492
2025-03-19,NSE:BANKBEES,510.75
2025-03-19,NSE:METALIETF,9.149999618530273
2025-03-19,NSE:MON100,182.07000732421875
2025-03-19,NSE:PHARMABEES,21.559999465942383
2025-03-19,NSE:LOWVOLIETF,19.959999084472656
2025-03-19,NSE:MAFANG,117.55000305175781
2025-03-19,NSE:MOM100,54.56999969482422
2025-03-19,NSE:ITBEES,39.08000183105469
2025-03-19,NSE:NIFTYBEES,256.70001220703125
2025-03-19,NSE:CPSEETF,84.44000244140625
2025-03-20,NSE:NIFTYBEES,259.32000732421875
2025-03-20,NSE:ITBEES,39.68000030517578
2025-03-20,NSE:BANKBEES,513.3200073242188
2025-03-20,NSE:MAFANG,121.2699966430664
2025-03-20,NSE:LOWVOLIETF,20.200000762939453
2025-03-20,NSE:CPSEETF,84.91999816894531
2025-03-20,NSE:METALIETF,9.25
2025-03-20,NSE:MOM100,54.880001068115234
2025-03-20,NSE:PHARMABEES,21.760000228881836
2025-03-20,NSE:MON100,187.2100067138672
2025-03-21,NSE:MON100,185.38999938964844
2025-03-21,NSE:MAFANG,122.12000274658203
2025-03-21,NSE:MOM100,55.65999984741211
2025-03-21,NSE:PHARMABEES,22.049999237060547
2025-03-21,NSE:NIFTYBEES,261.0899963378906
2025-03-21,NSE:METALIETF,9.210000038146973
2025-03-21,NSE:BANKBEES,518.0999755859375
2025-03-21,NSE:LOWVOLIETF,20.3700008392334
2025-03-21,NSE:CPSEETF,86.41999816894531
2025-03-21,NSE:ITBEES,39.70000076293945
2025-03-24,NSE:MON100,188.11000061035156
2025-03-24,NSE:ITBEES,40.25
2025-03-24,NSE:NIFTYBEES,264.8999938964844
2025-03-24,NSE:BANKBEES,529.719970703125
2025-03-24,NSE:LOWVOLIETF,20.6200008392334
2025-03-24,NSE:MAFANG,122.5199966430664
2025-03-24,NSE:CPSEETF,88.2699966430664
2025-03-24,NSE:PHARMABEES,22.18000030517578
2025-03-24,NSE:METALIETF,9.25
2025-03-24,NSE:MOM100,56.40999984741211
2025-03-25,NSE:CPSEETF,87.44000244140625
2025-03-25,NSE:PHARMABEES,21.959999084472656
2025-03-25,NSE:ITBEES,40.75
2025-03-25,NSE:BANKBEES,528.7899780273438
2025-03-25,NSE:MON100,187.6199951171875
2025-03-25,NSE:NIFTYBEES,264.7300109863281
2025-03-25,NSE:MAFANG,123.05999755859375
2025-03-25,NSE:LOWVOLIETF,20.579999923706055
2025-03-25,NSE:METALIETF,9.119999885559082
2025-03-25,NSE:MOM100,55.81999969482422
2025-03-26,NSE:MAFANG,121.62999725341797
2025-03-26,NSE:ITBEES,40.400001525878906
2025-03-26,NSE:MON100,184.74000549316406
2025-03-26,NSE:CPSEETF,86.36000061035156
2025-03-26,NSE:METALIETF,9.079999923706055
2025-03-26,NSE:PHARMABEES,21.770000457763672
2025-03-26,NSE:LOWVOLIETF,20.520000457763672
2025-03-26,NSE:MOM100,55.400001525878906
2025-03-26,NSE:BANKBEES,524.6799926757812
2025-03-26,NSE:NIFTYBEES,262.8999938964844
2025-03-27,NSE:CPSEETF,87.2699966430664
2025-03-27,NSE:MON100,183.42999267578125
2025-03-27,NSE:ITBEES,40.41999816894531
2025-03-27,NSE:MOM100,55.619998931884766
2025-03-27,NSE:METALIETF,9.15999984741211
2025-03-27,NSE:MAFANG,120.55000305175781
2025-03-27,NSE:NIFTYBEES,263.7300109863281
2025-03-27,NSE:LOWVOLIETF,20.6200008392334
2025-03-27,NSE:PHARMABEES,21.68000030517578
2025-03-27,NSE:BANKBEES,528.6799926757812
2025-03-28,NSE:MOM100,55.529998779296875
2025-03-28,NSE:MAFANG,119.48999786376953
2025-03-28,NSE:ITBEES,39.77000045776367
2025-03-28,NSE:NIFTYBEES,263.2099914550781
2025-03-28,NSE:LOWVOLIETF,20.540000915527344
2025-03-28,NSE:MON100,181.4499969482422
2025-03-28,NSE:PHARMABEES,21.530000686645508
2025-03-28,NSE:CPSEETF,87.06999969482422
2025-03-28,NSE:BANKBEES,528.989990234375
2025-03-28,NSE:METALIETF,9.079999923706055
2025-04-01,NSE:NIFTYBEES,259.6000061035156
2025-04-01,NSE:BANKBEES,521.8599853515625
2025-04-01,NSE:LOWVOLIETF,20.229999542236328
2025-04-01,NSE:CPSEETF,86.38999938964844
2025-04-01,NSE:ITBEES,38.86000061035156
2025-04-01,NSE:MAFANG,117.55999755859375
2025-04-01,NSE:METALIETF,9.010000228881836
2025-04-01,NSE:MOM100,55.0099983215332
2025-04-01,NSE:PHARMABEES,21.200000762939453
2025-04-01,NSE:MON100,180.27999877929688
2025-04-02,NSE:CPSEETF,86.04000091552734
2025-04-02,NSE:MON100,181.6199951171875
2025-04-02,NSE:NIFTYBEES,261.6400146484375
2025-04-02,NSE:MOM100,55.869998931884766
2025-04-02,NSE:ITBEES,39.209999084472656
2025-04-02,NSE:PHARMABEES,21.350000381469727
2025-04-02,NSE:LOWVOLIETF,20.43000030517578
2025-04-02,NSE:BANKBEES,526.4299926757812
2025-04-02,NSE:METALIETF,9.069999694824219
2025-04-02,NSE:MAFANG,116.37999725341797
2025-04-03,NSE:CPSEETF,87.26000213623047
2025-04-03,NSE:ITBEES,37.619998931884766
2025-04-03,NSE:PHARMABEES,21.899999618530273
2025-04-03,NSE:MON100,180.32000732421875
2025-04-03,NSE:MAFANG,115.45999908447266
2025-04-03,NSE:NIFTYBEES,260.4599914550781
2025-04-03,NSE:BANKBEES,528.8499755859375
2025-04-03,NSE:METALIETF,9.0
2025-04-03,NSE:MOM100,55.97999954223633
2025-04-03,NSE:LOWVOLIETF,20.3700008392334
2025-04-04,NSE:MAFANG,113.5
2025-04-04,NSE:METALIETF,8.460000038146973
2025-04-04,NSE:LOWVOLIETF,20.110000610351562
2025-04-04,NSE:ITBEES,36.38999938964844
2025-04-04,NSE:PHARMABEES,21.040000915527344
2025-04-04,NSE:CPSEETF,84.5199966430664
2025-04-04,NSE:MON100,174.9499969482422
2025-04-04,NSE:NIFTYBEES,257.1600036621094
2025-04-04,NSE:BANKBEES,528.97998046875
2025-04-04,NSE:MOM100,54.45000076293945
2025-04-07,NSE:PHARMABEES,20.709999084472656
2025-04-07,NSE:MON100,163.4199981689453
2025-04-07,NSE:NIFTYBEES,249.10000610351562
2025-04-07,NSE:BANKBEES,513.4600219726562
2025-04-07,NSE:LOWVOLIETF,19.809999465942383
2025-04-07,NSE:MOM100,52.5099983215332
2025-04-07,NSE:ITBEES,35.84000015258789
2025-04-07,NSE:CPSEETF,82.0
2025-04-07,NSE:METALIETF,7.900000095367432
2025-04-07,NSE:MAFANG,110.2300033569336
2025-04-08,NSE:NIFTYBEES,252.72000122070312
2025-04-08,NSE:ITBEES,35.97999954223633
2025-04-08,NSE:LOWVOLIETF,19.959999084472656
2025-04-08,NSE:MON100,164.25
2025-04-08,NSE:CPSEETF,84.08999633789062
2025-04-08,NSE:BANKBEES,518.6300048828125
2025-04-08,NSE:METALIETF,7.980000019073486
2025-04-08,NSE:MOM100,53.470001220703125
2025-04-08,NSE:PHARMABEES,20.739999771118164
2025-04-08,NSE:MAFANG,104.63999938964844
2025-04-09,NSE:MAFANG,106.76000213623047
2025-04-09,NSE:METALIETF,7.860000133514404
2025-04-09,NSE:PHARMABEES,20.43000030517578
2025-04-09,NSE:CPSEETF,83.55999755859375
2025-04-09,NSE:ITBEES,35.20000076293945
2025-04-09,NSE:MOM100,53.189998626708984
2025-04-09,NSE:MON100,163.3300018310547
2025-04-09,NSE:NIFTYBEES,251.02999877929688
2025-04-09,NSE:BANKBEES,516.1099853515625
2025-04-09,NSE:LOWVOLIETF,19.959999084472656
2025-04-11,NSE:MAFANG,105.62000274658203
2025-04-11,NSE:ITBEES,35.45000076293945
2025-04-11,NSE:BANKBEES,522.8400268554688
2025-04-11,NSE:MON100,167.0500030517578
2025-04-11,NSE:CPSEETF,86.08999633789062
2025-04-11,NSE:METALIETF,8.15999984741211
2025-04-11,NSE:MOM100,54.220001220703125
2025-04-11,NSE:PHARMABEES,20.889999389648438
2025-04-11,NSE:NIFTYBEES,255.97000122070312
2025-04-11,NSE:LOWVOLIETF,20.18000030517578
2025-04-15,NSE:LOWVOLIETF,20.559999465942383
2025-04-15,NSE:MAFANG,115.51000213623047
2025-04-15,NSE:MOM100,55.75
2025-04-15,NSE:NIFTYBEES,260.8699951171875
2025-04-15,NSE:BANKBEES,536.280029296875
2025-04-15,NSE:METALIETF,8.430000305175781
2025-04-15,NSE:MON100,167.9499969482422
2025-04-15,NSE:ITBEES,35.95000076293945
2025-04-15,NSE:CPSEETF,87.38999938964844
2025-04-15,NSE:PHARMABEES,21.31999969482422
2025-04-16,NSE:ITBEES,35.970001220703125
2025-04-16,NSE:LOWVOLIETF,20.6299991607666
2025-04-16,NSE:MAFANG,117.0
2025-04-16,NSE:CPSEETF,87.8499984741211
2025-04-16,NSE:PHARMABEES,21.280000686645508
2025-04-16,NSE:MOM100,56.119998931884766
2025-04-16,NSE:MON100,165.1300048828125
2025-04-16,NSE:METALIETF,8.4399995803833
2025-04-16,NSE:NIFTYBEES,261.9100036621094
2025-04-16,NSE:BANKBEES,543.7999877929688
2025-04-17,NSE:METALIETF,8.5
2025-04-17,NSE:LOWVOLIETF,20.8700008392334
2025-04-17,NSE:BANKBEES,555.7899780273438
2025-04-17,NSE:CPSEETF,88.5199966430664
2025-04-17,NSE:MAFANG,115.69999694824219
2025-04-17,NSE:ITBEES,36.11000061035156
2025-04-17,NSE:MON100,165.5800018310547
2025-04-17,NSE:PHARMABEES,21.530000686645508
2025-04-17,NSE:NIFTYBEES,266.5400085449219
2025-04-17,NSE:MOM100,56.41999816894531
2025-04-21,NSE:LOWVOLIETF,20.940000534057617
2025-04-21,NSE:METALIETF,8.65999984741211
2025-04-21,NSE:MAFANG,113.7300033569336
2025-04-21,NSE:NIFTYBEES,269.70001220703125
2025-04-21,NSE:ITBEES,36.93000030517578
2025-04-21,NSE:BANKBEES,566.22998046875
2025-04-21,NSE:MOM100,57.81999969482422
2025-04-21,NSE:PHARMABEES,21.760000228881836
2025-04-21,NSE:CPSEETF,90.4000015258789
2025-04-21,NSE:MON100,166.42999267578125
2025-04-22,NSE:METALIETF,8.680000305175781
2025-04-22,NSE:MOM100,58.27000045776367
2025-04-22,NSE:NIFTYBEES,270.04998779296875
2025-04-22,NSE:CPSEETF,89.79000091552734
2025-04-22,NSE:BANKBEES,570.47998046875
2025-04-22,NSE:LOWVOLIETF,20.950000762939453
2025-04-22,NSE:PHARMABEES,21.850000381469727
2025-04-22,NSE:ITBEES,36.720001220703125
2025-04-22,NSE:MAFANG,112.5
2025-04-22,NSE:MON100,166.0800018310547
2025-04-23,NSE:ITBEES,38.29999923706055
2025-04-23,NSE:MAFANG,109.29000091552734
2025-04-23,NSE:MON100,170.11000061035156
2025-04-23,NSE:NIFTYBEES,271.82000732421875
2025-04-23,NSE:METALIETF,8.739999771118164
2025-04-23,NSE:PHARMABEES,22.15999984741211
2025-04-23,NSE:CPSEETF,90.44000244140625
2025-04-23,NSE:LOWVOLIETF,21.280000686645508
2025-04-23,NSE:MOM100,58.900001525878906
2025-04-23,NSE:BANKBEES,567.4199829101562
2025-04-24,NSE:PHARMABEES,22.399999618530273
2025-04-24,NSE:MON100,169.36000061035156
2025-04-24,NSE:LOWVOLIETF,21.239999771118164
2025-04-24,NSE:METALIETF,8.770000457763672
2025-04-24,NSE:MAFANG,112.20999908447266
2025-04-24,NSE:NIFTYBEES,270.95001220703125
2025-04-24,NSE:MOM100,58.79999923706055
2025-04-24,NSE:ITBEES,38.08000183105469
2025-04-24,NSE:CPSEETF,90.12999725341797
2025-04-24,NSE:BANKBEES,565.0999755859375
2025-04-25,NSE:MAFANG,116.54000091552734
2025-04-25,NSE:LOWVOLIETF,21.049999237060547
2025-04-25,NSE:MOM100,57.31999969482422
2025-04-25,NSE:CPSEETF,88.22000122070312
2025-04-25,NSE:MON100,170.77999877929688
2025-04-25,NSE:ITBEES,38.34000015258789
2025-04-25,NSE:PHARMABEES,21.889999389648438
2025-04-25,NSE:BANKBEES,559.5499877929688
2025-04-25,NSE:METALIETF,8.579999923706055
2025-04-25,NSE:NIFTYBEES,268.6300048828125
2025-04-28,NSE:MON100,170.77999877929688
2025-04-28,NSE:METALIETF,8.6899995803833
2025-04-28,NSE:LOWVOLIETF,21.270000457763672
2025-04-28,NSE:NIFTYBEES,271.8999938964844
2025-04-28,NSE:MOM100,58.29999923706055
2025-04-28,NSE:ITBEES,38.310001373291016
2025-04-28,NSE:BANKBEES,567.6799926757812
2025-04-28,NSE:CPSEETF,89.5
2025-04-28,NSE:PHARMABEES,22.31999969482422
2025-04-28,NSE:MAFANG,118.5
2025-04-29,NSE:ITBEES,38.779998779296875
2025-04-29,NSE:NIFTYBEES,271.9100036621094
2025-04-29,NSE:BANKBEES,566.8300170898438
2025-04-29,NSE:METALIETF,8.619999885559082
2025-04-29,NSE:CPSEETF,89.16000366210938
2025-04-29,NSE:MAFANG,120.11000061035156
2025-04-29,NSE:LOWVOLIETF,21.18000030517578
2025-04-29,NSE:PHARMABEES,22.15999984741211
2025-04-29,NSE:MOM100,58.470001220703125
2025-04-29,NSE:MON100,169.49000549316406
2025-04-30,NSE:LOWVOLIETF,21.229999542236328
2025-04-30,NSE:MOM100,57.81999969482422
2025-04-30,NSE:ITBEES,38.599998474121094
2025-04-30,NSE:CPSEETF,88.62999725341797
2025-04-30,NSE:NIFTYBEES,271.989990234375
2025-04-30,NSE:BANKBEES,564.0599975585938
2025-04-30,NSE:MON100,169.5500030517578
2025-04-30,NSE:MAFANG,121.58999633789062
2025-04-30,NSE:PHARMABEES,22.200000762939453
2025-04-30,NSE:METALIETF,8.569999694824219
2025-05-02,NSE:LOWVOLIETF,21.1299991607666
2025-05-02,NSE:BANKBEES,563.6900024414062
2025-05-02,NSE:ITBEES,38.720001220703125
2025-05-02,NSE:NIFTYBEES,271.7699890136719
2025-05-02,NSE:METALIETF,8.529999732971191
2025-05-02,NSE:MON100,169.94000244140625
2025-05-02,NSE:CPSEETF,87.83999633789062
2025-05-02,NSE:MOM100,57.439998626708984
2025-05-02,NSE:PHARMABEES,22.09000015258789
2025-05-02,NSE:MAFANG,124.37000274658203
2025-05-05,NSE:MOM100,58.540000915527344
2025-05-05,NSE:MAFANG,124.29000091552734
2025-05-05,NSE:ITBEES,38.91999816894531
2025-05-05,NSE:METALIETF,8.600000381469727
2025-05-05,NSE:MON100,171.08999633789062
2025-05-05,NSE:LOWVOLIETF,21.270000457763672
2025-05-05,NSE:NIFTYBEES,274.3900146484375
2025-05-05,NSE:CPSEETF,88.25
2025-05-05,NSE:PHARMABEES,22.239999771118164
2025-05-05,NSE:BANKBEES,562.3499755859375
2025-05-06,NSE:MOM100,57.16999816894531
2025-05-06,NSE:METALIETF,8.520000457763672
2025-05-06,NSE:CPSEETF,86.87999725341797
2025-05-06,NSE:NIFTYBEES,272.6000061035156
2025-05-06,NSE:PHARMABEES,21.940000534057617
2025-05-06,NSE:MAFANG,123.94999694824219
2025-05-06,NSE:LOWVOLIETF,21.239999771118164
2025-05-06,NSE:ITBEES,38.66999816894531
2025-05-06,NSE:MON100,169.85000610351562
2025-05-06,NSE:BANKBEES,555.3599853515625
2025-05-07,NSE:MON100,169.1199951171875
2025-05-07,NSE:CPSEETF,87.52999877929688
2025-05-07,NSE:MOM100,58.06999969482422
2025-05-07,NSE:LOWVOLIETF,21.190000534057617
2025-05-07,NSE:MAFANG,123.51000213623047
2025-05-07,NSE:METALIETF,8.609999656677246
2025-05-07,NSE:NIFTYBEES,272.7900085449219
2025-05-07,NSE:BANKBEES,558.510009765625
2025-05-07,NSE:ITBEES,38.790000915527344
2025-05-07,NSE:PHARMABEES,21.860000610351562
2025-05-08,NSE:PHARMABEES,21.579999923706055
2025-05-08,NSE:LOWVOLIETF,20.959999084472656
2025-05-08,NSE:METALIETF,8.4399995803833
2025-05-08,NSE:MON100,169.08999633789062
2025-05-08,NSE:NIFTYBEES,271.0400085449219
2025-05-08,NSE:MAFANG,122.05000305175781
2025-05-08,NSE:BANKBEES,556.760009765625
2025-05-08,NSE:CPSEETF,86.52999877929688
2025-05-08,NSE:ITBEES,38.810001373291016
2025-05-08,NSE:MOM100,56.869998931884766
2025-05-09,NSE:PHARMABEES,21.489999771118164
2025-05-09,NSE:MON100,169.07000732421875
2025-05-09,NSE:NIFTYBEES,268.489990234375
2025-05-09,NSE:MOM100,56.88999938964844
2025-05-09,NSE:METALIETF,8.430000305175781
2025-05-09,NSE:ITBEES,38.720001220703125
2025-05-09,NSE:MAFANG,123.37999725341797
2025-05-09,NSE:LOWVOLIETF,20.90999984741211
2025-05-09,NSE:BANKBEES,549.1300048828125
2025-05-09,NSE:CPSEETF,86.29000091552734
2025-05-12,NSE:NIFTYBEES,278.94000244140625
2025-05-12,NSE:LOWVOLIETF,21.530000686645508
2025-05-12,NSE:ITBEES,41.33000183105469
2025-05-12,NSE:BANKBEES,567.969970703125
2025-05-12,NSE:CPSEETF,89.36000061035156
2025-05-12,NSE:MON100,176.13999938964844
2025-05-12,NSE:PHARMABEES,21.579999923706055
2025-05-12,NSE:MOM100,59.29999923706055
2025-05-12,NSE:MAFANG,127.8499984741211
2025-05-12,NSE:METALIETF,8.899999618530273
2025-05-13,NSE:BANKBEES,563.239990234375
2025-05-13,NSE:CPSEETF,88.91999816894531
2025-05-13,NSE:PHARMABEES,21.84000015258789
2025-05-13,NSE:LOWVOLIETF,21.520000457763672
2025-05-13,NSE:ITBEES,40.45000076293945
2025-05-13,NSE:MOM100,59.400001525878906
2025-05-13,NSE:NIFTYBEES,275.6499938964844
2025-05-13,NSE:MON100,176.49000549316406
2025-05-13,NSE:MAFANG,128.3800048828125
2025-05-13,NSE:METALIETF,8.819999694824219
2025-05-14,NSE:ITBEES,40.93000030517578
2025-05-14,NSE:MAFANG,134.0
2025-05-14,NSE:NIFTYBEES,276.57000732421875
2025-05-14,NSE:CPSEETF,90.01000213623047
2025-05-14,NSE:MON100,177.30999755859375
2025-05-14,NSE:MOM100,60.04999923706055
2025-05-14,NSE:BANKBEES,561.4299926757812
2025-05-14,NSE:PHARMABEES,21.8799991607666
2025-05-14,NSE:METALIETF,9.039999961853027
2025-05-14,NSE:LOWVOLIETF,21.43000030517578
2025-05-15,NSE:LOWVOLIETF,21.700000762939453
2025-05-15,NSE:ITBEES,41.349998474121094
2025-05-15,NSE:CPSEETF,91.01000213623047
2025-05-15,NSE:PHARMABEES,22.059999465942383
2025-05-15,NSE:METALIETF,9.1899995803833
2025-05-15,NSE:NIFTYBEES,280.1700134277344
2025-05-15,NSE:MAFANG,135.97000122070312
2025-05-15,NSE:MOM100,60.4900016784668
2025-05-15,NSE:BANKBEES,566.7000122070312
2025-05-15,NSE:MON100,178.7899932861328
2025-05-16,NSE:MAFANG,137.55999755859375
2025-05-16,NSE:MON100,181.07000732421875
2025-05-16,NSE:ITBEES,41.119998931884766
2025-05-16,NSE:METALIETF,9.180000305175781
2025-05-16,NSE:NIFTYBEES,280.2099914550781
2025-05-16,NSE:BANKBEES,567.5999755859375
2025-05-16,NSE:CPSEETF,92.44000244140625
2025-05-16,NSE:LOWVOLIETF,21.75
2025-05-16,NSE:MOM100,61.04999923706055
2025-05-16,NSE:PHARMABEES,22.149999618530273
2025-05-19,NSE:CPSEETF,92.73999786376953
2025-05-19,NSE:MOM100,61.130001068115234
2025-05-19,NSE:PHARMABEES,22.260000228881836
2025-05-19,NSE:ITBEES,40.59000015258789
2025-05-19,NSE:NIFTYBEES,279.2099914550781
2025-05-19,NSE:METALIETF,9.1899995803833
2025-05-19,NSE:BANKBEES,568.280029296875
2025-05-19,NSE:LOWVOLIETF,21.719999313354492
2025-05-19,NSE:MAFANG,134.8000030517578
2025-05-19,NSE:MON100,178.5399932861328
2025-05-20,NSE:MON100,179.0800018310547
2025-05-20,NSE:NIFTYBEES,276.8900146484375
2025-05-20,NSE:MOM100,60.189998626708984
2025-05-20,NSE:LOWVOLIETF,21.440000534057617
2025-05-20,NSE:ITBEES,40.369998931884766
2025-05-20,NSE:CPSEETF,91.9000015258789
2025-05-20,NSE:PHARMABEES,21.940000534057617
2025-05-20,NSE:METALIETF,9.140000343322754
2025-05-20,NSE:MAFANG,137.11000061035156
2025-05-20,NSE:BANKBEES,564.010009765625
2025-05-21,NSE:METALIETF,9.180000305175781
2025-05-21,NSE:LOWVOLIETF,21.5
2025-05-21,NSE:MOM100,60.65999984741211
2025-05-21,NSE:PHARMABEES,22.209999084472656
2025-05-21,NSE:BANKBEES,564.5999755859375
2025-05-21,NSE:NIFTYBEES,277.54998779296875
2025-05-21,NSE:ITBEES,40.63999938964844
2025-05-21,NSE:MAFANG,136.25999450683594
2025-05-21,NSE:MON100,178.27999877929688
2025-05-21,NSE:CPSEETF,92.91999816894531
2025-05-22,NSE:MON100,177.49000549316406
2025-05-22,NSE:MOM100,60.36000061035156
2025-05-22,NSE:LOWVOLIETF,21.3700008392334
2025-05-22,NSE:NIFTYBEES,275.9100036621094
2025-05-22,NSE:ITBEES,40.04999923706055
2025-05-22,NSE:CPSEETF,92.0999984741211
2025-05-22,NSE:BANKBEES,563.2100219726562
2025-05-22,NSE:PHARMABEES,22.010000228881836
2025-05-22,NSE:MAFANG,134.77000427246094
2025-05-22,NSE:METALIETF,9.180000305175781
2025-05-23,NSE:NIFTYBEES,278.3699951171875
2025-05-23,NSE:MON100,177.32000732421875
2025-05-23,NSE:MOM100,60.7599983215332
2025-05-23,NSE:METALIETF,9.229999542236328
2025-05-23,NSE:CPSEETF,92.68000030517578
2025-05-23,NSE:BANKBEES,567.9500122070312
2025-05-23,NSE:LOWVOLIETF,21.540000915527344
2025-05-23,NSE:PHARMABEES,21.90999984741211
2025-05-23,NSE:ITBEES,40.47999954223633
2025-05-23,NSE:MAFANG,136.30999755859375
2025-05-26,NSE:PHARMABEES,21.979999542236328
2025-05-26,NSE:METALIETF,9.34000015258789
2025-05-26,NSE:MOM100,61.20000076293945
2025-05-26,NSE:LOWVOLIETF,21.709999084472656
2025-05-26,NSE:BANKBEES,569.7999877929688
2025-05-26,NSE:ITBEES,40.79999923706055
2025-05-26,NSE:MAFANG,135.5500030517578
2025-05-26,NSE:NIFTYBEES,279.8900146484375
2025-05-26,NSE:CPSEETF,92.76000213623047
2025-05-26,NSE:MON100,177.72999572753906
2025-05-27,NSE:METALIETF,9.279999732971191
2025-05-27,NSE:BANKBEES,568.22998046875
2025-05-27,NSE:NIFTYBEES,278.25
2025-05-27,NSE:MAFANG,136.2100067138672
2025-05-27,NSE:PHARMABEES,21.979999542236328
2025-05-27,NSE:LOWVOLIETF,21.649999618530273
2025-05-27,NSE:ITBEES,40.630001068115234
2025-05-27,NSE:MOM100,61.25
2025-05-27,NSE:MON100,176.86000061035156
2025-05-27,NSE:CPSEETF,92.44999694824219
2025-05-28,NSE:LOWVOLIETF,21.469999313354492
2025-05-28,NSE:PHARMABEES,21.860000610351562
2025-05-28,NSE:METALIETF,9.220000267028809
2025-05-28,NSE:NIFTYBEES,277.69000244140625
2025-05-28,NSE:MOM100,61.27000045776367
2025-05-28,NSE:MAFANG,136.97000122070312
2025-05-28,NSE:BANKBEES,568.2000122070312
2025-05-28,NSE:CPSEETF,92.33999633789062
2025-05-28,NSE:MON100,178.24000549316406
2025-05-28,NSE:ITBEES,40.59000015258789
2025-05-29,NSE:PHARMABEES,22.0
2025-05-29,NSE:LOWVOLIETF,21.520000457763672
2025-05-29,NSE:MON100,180.7100067138672
2025-05-29,NSE:ITBEES,40.81999969482422
2025-05-29,NSE:BANKBEES,569.6400146484375
2025-05-29,NSE:METALIETF,9.329999923706055
2025-05-29,NSE:CPSEETF,92.47000122070312
2025-05-29,NSE:MOM100,61.650001525878906
2025-05-29,NSE:MAFANG,137.4199981689453
2025-05-29,NSE:NIFTYBEES,278.5400085449219
2025-05-30,NSE:NIFTYBEES,277.9700012207031
2025-05-30,NSE:ITBEES,40.529998779296875
2025-05-30,NSE:CPSEETF,91.55999755859375
2025-05-30,NSE:MON100,179.0399932861328
2025-05-30,NSE:BANKBEES,572.0999755859375
2025-05-30,NSE:MOM100,61.61000061035156
2025-05-30,NSE:PHARMABEES,21.90999984741211
2025-05-30,NSE:LOWVOLIETF,21.450000762939453
2025-05-30,NSE:METALIETF,9.199999809265137
2025-05-30,NSE:MAFANG,136.24000549316406
2025-06-02,NSE:MOM100,62.0
2025-06-02,NSE:MAFANG,135.67999267578125
2025-06-02,NSE:PHARMABEES,21.8700008392334
2025-06-02,NSE:CPSEETF,91.80000305175781
2025-06-02,NSE:ITBEES,40.29999923706055
2025-06-02,NSE:METALIETF,9.109999656677246
2025-06-02,NSE:MON100,178.50999450683594
2025-06-02,NSE:NIFTYBEES,277.6000061035156
2025-06-02,NSE:BANKBEES,573.52001953125
2025-06-02,NSE:LOWVOLIETF,21.40999984741211
2025-06-03,NSE:METALIETF,9.100000381469727
2025-06-03,NSE:ITBEES,40.040000915527344
2025-06-03,NSE:MOM100,61.72999954223633
2025-06-03,NSE:BANKBEES,569.9400024414062
2025-06-03,NSE:MAFANG,136.02000427246094
2025-06-03,NSE:NIFTYBEES,275.7699890136719
2025-06-03,NSE:LOWVOLIETF,21.34000015258789
2025-06-03,NSE:CPSEETF,91.02999877929688
2025-06-03,NSE:MON100,179.55999755859375
2025-06-03,NSE:PHARMABEES,21.829999923706055
2025-06-04,NSE:NIFTYBEES,276.4599914550781
2025-06-04,NSE:MAFANG,136.9600067138672
2025-06-04,NSE:ITBEES,40.150001525878906
2025-06-04,NSE:CPSEETF,91.5199966430664
2025-06-04,NSE:BANKBEES,570.8599853515625
2025-06-04,NSE:PHARMABEES,21.850000381469727
2025-06-04,NSE:LOWVOLIETF,21.3700008392334
2025-06-04,NSE:MON100,181.36000061035156
2025-06-04,NSE:METALIETF,9.149999618530273
2025-06-04,NSE:MOM100,62.15999984741211
2025-06-05,NSE:NIFTYBEES,278.04998779296875
2025-06-05,NSE:BANKBEES,571.780029296875
2025-06-05,NSE:MON100,180.89999389648438
2025-06-05,NSE:ITBEES,40.310001373291016
2025-06-05,NSE:MOM100,62.54999923706055
2025-06-05,NSE:LOWVOLIETF,21.450000762939453
2025-06-05,NSE:METALIETF,9.210000038146973
2025-06-05,NSE:CPSEETF,92.41000366210938
2025-06-05,NSE:PHARMABEES,22.059999465942383
2025-06-05,NSE:MAFANG,136.35000610351562
2025-06-06,NSE:CPSEETF,92.91999816894531
2025-06-06,NSE:MON100,180.32000732421875
2025-06-06,NSE:LOWVOLIETF,21.59000015258789
2025-06-06,NSE:PHARMABEES,22.100000381469727
2025-06-06,NSE:BANKBEES,581.9400024414062
2025-06-06,NSE:METALIETF,9.390000343322754
2025-06-06,NSE:NIFTYBEES,280.5
2025-06-06,NSE:MOM100,63.31999969482422
2025-06-06,NSE:MAFANG,135.6199951171875
2025-06-06,NSE:ITBEES,40.47999954223633
2025-06-09,NSE:ITBEES,40.88999938964844
2025-06-09,NSE:LOWVOLIETF,21.6299991607666
2025-06-09,NSE:MAFANG,135.67999267578125
2025-06-09,NSE:MON100,180.50999450683594
2025-06-09,NSE:CPSEETF,93.80000305175781
2025-06-09,NSE:PHARMABEES,22.229999542236328
2025-06-09,NSE:MOM100,64.05000305175781
2025-06-09,NSE:METALIETF,9.460000038146973
2025-06-09,NSE:NIFTYBEES,281.3500061035156
2025-06-09,NSE:BANKBEES,584.4199829101562
2025-06-10,NSE:BANKBEES,581.0900268554688
2025-06-10,NSE:MOM100,64.08999633789062
2025-06-10,NSE:MAFANG,135.75999450683594
2025-06-10,NSE:CPSEETF,94.08999633789062
2025-06-10,NSE:ITBEES,41.79999923706055
2025-06-10,NSE:MON100,182.32000732421875
2025-06-10,NSE:METALIETF,9.489999771118164
2025-06-10,NSE:NIFTYBEES,281.3900146484375
2025-06-10,NSE:LOWVOLIETF,21.75
2025-06-10,NSE:PHARMABEES,22.360000610351562
2025-06-11,NSE:NIFTYBEES,281.8699951171875
2025-06-11,NSE:MAFANG,136.13999938964844
2025-06-11,NSE:ITBEES,42.25
2025-06-11,NSE:MOM100,63.7599983215332
2025-06-11,NSE:CPSEETF,93.79000091552734
2025-06-11,NSE:PHARMABEES,22.469999313354492
2025-06-11,NSE:BANKBEES,579.3499755859375
2025-06-11,NSE:MON100,181.97999572753906
2025-06-11,NSE:LOWVOLIETF,21.739999771118164
2025-06-11,NSE:METALIETF,9.460000038146973
2025-06-12,NSE:NIFTYBEES,278.95001220703125
2025-06-12,NSE:PHARMABEES,22.459999084472656
2025-06-12,NSE:CPSEETF,92.4800033569336
2025-06-12,NSE:LOWVOLIETF,21.639999389648438
2025-06-12,NSE:MON100,181.00999450683594
2025-06-12,NSE:BANKBEES,575.3300170898438
2025-06-12,NSE:ITBEES,41.86000061035156
2025-06-12,NSE:MOM100,62.75
2025-06-12,NSE:MAFANG,135.4600067138672
2025-06-12,NSE:METALIETF,9.329999923706055
2025-06-13,NSE:BANKBEES,569.1400146484375
2025-06-13,NSE:METALIETF,9.25
2025-06-13,NSE:MAFANG,133.24000549316406
2025-06-13,NSE:NIFTYBEES,277.1000061035156
2025-06-13,NSE:MON100,180.1699981689453
2025-06-13,NSE:ITBEES,41.91999816894531
2025-06-13,NSE:LOWVOLIETF,21.540000915527344
2025-06-13,NSE:MOM100,62.52000045776367
2025-06-13,NSE:CPSEETF,92.63999938964844
2025-06-13,NSE:PHARMABEES,22.399999618530273
2025-06-16,NSE:MON100,180.6300048828125
2025-06-16,NSE:NIFTYBEES,279.70001220703125
2025-06-16,NSE:BANKBEES,573.97998046875
2025-06-16,NSE:MOM100,63.130001068115234
2025-06-16,NSE:MAFANG,134.80999755859375
2025-06-16,NSE:CPSEETF,93.81999969482422
2025-06-16,NSE:LOWVOLIETF,21.709999084472656
2025-06-16,NSE:METALIETF,9.350000381469727
2025-06-16,NSE:PHARMABEES,22.459999084472656
2025-06-16,NSE:ITBEES,42.540000915527344
2025-06-17,NSE:LOWVOLIETF,21.600000381469727
2025-06-17,NSE:CPSEETF,93.33999633789062
2025-06-17,NSE:MON100,181.77000427246094
2025-06-17,NSE:PHARMABEES,22.110000610351562
2025-06-17,NSE:MAFANG,133.86000061035156
2025-06-17,NSE:METALIETF,9.210000038146973
2025-06-17,NSE:NIFTYBEES,278.5899963378906
2025-06-17,NSE:MOM100,62.7400016784668
2025-06-17,NSE:BANKBEES,571.2000122070312
2025-06-17,NSE:ITBEES,42.77000045776367
2025-06-18,NSE:BANKBEES,572.2999877929688
2025-06-18,NSE:LOWVOLIETF,21.579999923706055
2025-06-18,NSE:MON100,182.55999755859375
2025-06-18,NSE:NIFTYBEES,278.239990234375
2025-06-18,NSE:MAFANG,135.14999389648438
2025-06-18,NSE:METALIETF,9.15999984741211
2025-06-18,NSE:PHARMABEES,22.059999465942383
2025-06-18,NSE:ITBEES,42.40999984741211
2025-06-18,NSE:CPSEETF,92.69000244140625
2025-06-18,NSE:MOM100,62.400001525878906
2025-06-19,NSE:NIFTYBEES,277.9100036621094
2025-06-19,NSE:METALIETF,9.050000190734863
2025-06-19,NSE:BANKBEES,570.0800170898438
2025-06-19,NSE:CPSEETF,92.04000091552734
2025-06-19,NSE:MAFANG,134.3300018310547
2025-06-19,NSE:LOWVOLIETF,21.510000228881836
2025-06-19,NSE:PHARMABEES,21.889999389648438
2025-06-19,NSE:MOM100,61.45000076293945
2025-06-19,NSE:ITBEES,41.959999084472656
2025-06-19,NSE:MON100,180.1199951171875
2025-06-20,NSE:ITBEES,42.310001373291016
2025-06-20,NSE:MON100,180.47000122070312
2025-06-20,NSE:BANKBEES,576.72998046875
2025-06-20,NSE:MOM100,62.279998779296875
2025-06-20,NSE:CPSEETF,93.5199966430664
2025-06-20,NSE:MAFANG,135.4199981689453
2025-06-20,NSE:METALIETF,9.149999618530273
2025-06-20,NSE:NIFTYBEES,281.5
2025-06-20,NSE:PHARMABEES,22.049999237060547
2025-06-20,NSE:LOWVOLIETF,21.719999313354492
2025-06-23,NSE:METALIETF,9.1899995803833
2025-06-23,NSE:MAFANG,134.5399932861328
2025-06-23,NSE:NIFTYBEES,280.8599853515625
2025-06-23,NSE:MON100,182.35000610351562
2025-06-23,NSE:PHARMABEES,22.030000686645508
2025-06-23,NSE:ITBEES,41.84000015258789
2025-06-23,NSE:MOM100,62.2400016784668
2025-06-23,NSE:CPSEETF,94.41999816894531
2025-06-23,NSE:LOWVOLIETF,21.600000381469727
2025-06-23,NSE:BANKBEES,574.8800048828125
2025-06-24,NSE:LOWVOLIETF,21.6299991607666
2025-06-24,NSE:CPSEETF,93.33999633789062
2025-06-24,NSE:ITBEES,41.81999969482422
2025-06-24,NSE:MON100,183.6199951171875
2025-06-24,NSE:PHARMABEES,22.100000381469727
2025-06-24,NSE:MOM100,62.97999954223633
2025-06-24,NSE:BANKBEES,579.2000122070312
2025-06-24,NSE:MAFANG,135.30999755859375
2025-06-24,NSE:NIFTYBEES,281.42999267578125
2025-06-24,NSE:METALIETF,9.300000190734863
2025-06-25,NSE:ITBEES,42.439998626708984
2025-06-25,NSE:BANKBEES,581.1199951171875
2025-06-25,NSE:MOM100,63.2400016784668
2025-06-25,NSE:NIFTYBEES,283.4100036621094
2025-06-25,NSE:METALIETF,9.329999923706055
2025-06-25,NSE:PHARMABEES,22.209999084472656
2025-06-25,NSE:MAFANG,136.27000427246094
2025-06-25,NSE:CPSEETF,92.9800033569336
2025-06-25,NSE:LOWVOLIETF,21.809999465942383
2025-06-25,NSE:MON100,185.11000061035156
2025-06-26,NSE:PHARMABEES,22.229999542236328
2025-06-26,NSE:NIFTYBEES,286.3900146484375
2025-06-26,NSE:CPSEETF,93.54000091552734
2025-06-26,NSE:BANKBEES,586.5
2025-06-26,NSE:LOWVOLIETF,21.959999084472656
2025-06-26,NSE:METALIETF,9.539999961853027
2025-06-26,NSE:ITBEES,42.400001525878906
2025-06-26,NSE:MAFANG,136.8800048828125
2025-06-26,NSE:MON100,187.22000122070312
2025-06-26,NSE:MOM100,63.61000061035156
2025-06-27,NSE:ITBEES,42.290000915527344
2025-06-27,NSE:CPSEETF,94.0199966430664
2025-06-27,NSE:MAFANG,138.44000244140625
2025-06-27,NSE:METALIETF,9.579999923706055
2025-06-27,NSE:PHARMABEES,22.389999389648438
2025-06-27,NSE:NIFTYBEES,287.9599914550781
2025-06-27,NSE:BANKBEES,590.6099853515625
2025-06-27,NSE:MON100,188.99000549316406
2025-06-27,NSE:MOM100,63.77000045776367
2025-06-27,NSE:LOWVOLIETF,22.079999923706055
2025-06-30,NSE:BANKBEES,589.27001953125
2025-06-30,NSE:MAFANG,140.9600067138672
2025-06-30,NSE:NIFTYBEES,286.510009765625
2025-06-30,NSE:METALIETF,9.5600004196167
2025-06-30,NSE:CPSEETF,94.2300033569336
2025-06-30,NSE:ITBEES,42.40999984741211
2025-06-30,NSE:PHARMABEES,22.479999542236328
2025-06-30,NSE:LOWVOLIETF,22.059999465942383
2025-06-30,NSE:MON100,192.97000122070312
2025-06-30,NSE:MOM100,64.12999725341797
2025-07-01,NSE:PHARMABEES,22.489999771118164
2025-07-01,NSE:NIFTYBEES,286.8399963378906
2025-07-01,NSE:ITBEES,42.220001220703125
2025-07-01,NSE:MOM100,64.13999938964844
2025-07-01,NSE:METALIETF,9.579999923706055
2025-07-01,NSE:MAFANG,143.1999969482422
2025-07-01,NSE:CPSEETF,94.20999908447266
2025-07-01,NSE:LOWVOLIETF,22.030000686645508
2025-07-01,NSE:MON100,192.0800018310547
2025-07-01,NSE:BANKBEES,591.1599731445312
2025-07-02,NSE:CPSEETF,93.58000183105469
2025-07-02,NSE:MON100,190.1999969482422
2025-07-02,NSE:ITBEES,42.25
2025-07-02,NSE:MAFANG,144.27000427246094
2025-07-02,NSE:BANKBEES,586.47998046875
2025-07-02,NSE:PHARMABEES,22.549999237060547
2025-07-02,NSE:NIFTYBEES,285.7799987792969
2025-07-02,NSE:MOM100,64.04000091552734
2025-07-02,NSE:METALIETF,9.710000038146973
2025-07-02,NSE:LOWVOLIETF,22.020000457763672
2025-07-03,NSE:MOM100,64.06999969482422
2025-07-03,NSE:NIFTYBEES,285.3900146484375
2025-07-03,NSE:ITBEES,42.2400016784668
2025-07-03,NSE:PHARMABEES,22.6299991607666
2025-07-03,NSE:METALIETF,9.640000343322754
2025-07-03,NSE:LOWVOLIETF,22.079999923706055
2025-07-03,NSE:MON100,191.49000549316406
2025-07-03,NSE:MAFANG,148.57000732421875
2025-07-03,NSE:CPSEETF,93.70999908447266
2025-07-03,NSE:BANKBEES,584.02001953125
2025-07-04,NSE:BANKBEES,586.3099975585938
2025-07-04,NSE:CPSEETF,93.91000366210938
2025-07-04,NSE:METALIETF,9.600000381469727
2025-07-04,NSE:LOWVOLIETF,22.190000534057617
2025-07-04,NSE:MON100,191.58999633789062
2025-07-04,NSE:MOM100,64.12000274658203
2025-07-04,NSE:MAFANG,150.17999267578125
2025-07-04,NSE:NIFTYBEES,286.1099853515625
2025-07-04,NSE:PHARMABEES,22.829999923706055
2025-07-04,NSE:ITBEES,42.529998779296875
2025-07-07,NSE:ITBEES,42.29999923706055
2025-07-07,NSE:NIFTYBEES,286.07000732421875
2025-07-07,NSE:MAFANG,152.27999877929688
2025-07-07,NSE:MON100,191.92999267578125
2025-07-07,NSE:METALIETF,9.529999732971191
2025-07-07,NSE:LOWVOLIETF,22.260000228881836
2025-07-07,NSE:MOM100,63.91999816894531
2025-07-07,NSE:CPSEETF,93.27999877929688
2025-07-07,NSE:PHARMABEES,22.829999923706055
2025-07-07,NSE:BANKBEES,585.5499877929688
2025-07-08,NSE:MAFANG,156.7100067138672
2025-07-08,NSE:LOWVOLIETF,22.190000534057617
2025-07-08,NSE:PHARMABEES,22.65999984741211
2025-07-08,NSE:MON100,191.7899932861328
2025-07-08,NSE:MOM100,63.869998931884766
2025-07-08,NSE:CPSEETF,94.1500015258789
2025-07-08,NSE:ITBEES,42.36000061035156
2025-07-08,NSE:METALIETF,9.520000457763672
2025-07-08,NSE:NIFTYBEES,286.9100036621094
2025-07-08,NSE:BANKBEES,588.5399780273438
2025-07-09,NSE:MON100,191.66000366210938
2025-07-09,NSE:PHARMABEES,22.670000076293945
2025-07-09,NSE:CPSEETF,94.29000091552734
2025-07-09,NSE:LOWVOLIETF,22.190000534057617
2025-07-09,NSE:MAFANG,151.6300048828125
2025-07-09,NSE:BANKBEES,588.1400146484375
2025-07-09,NSE:ITBEES,42.040000915527344
2025-07-09,NSE:NIFTYBEES,286.5
2025-07-09,NSE:MOM100,63.720001220703125
2025-07-09,NSE:METALIETF,9.399999618530273
2025-07-10,NSE:MAFANG,150.75999450683594
2025-07-10,NSE:PHARMABEES,22.559999465942383
2025-07-10,NSE:MON100,192.2100067138672
2025-07-10,NSE:CPSEETF,93.69000244140625
2025-07-10,NSE:NIFTYBEES,285.1600036621094
2025-07-10,NSE:METALIETF,9.4399995803833
2025-07-10,NSE:LOWVOLIETF,22.1200008392334
2025-07-10,NSE:BANKBEES,585.9400024414062
2025-07-10,NSE:ITBEES,41.790000915527344
2025-07-10,NSE:MOM100,63.560001373291016
2025-07-11,NSE:METALIETF,9.399999618530273
2025-07-11,NSE:MAFANG,152.6699981689453
2025-07-11,NSE:PHARMABEES,22.75
2025-07-11,NSE:ITBEES,41.02000045776367
2025-07-11,NSE:NIFTYBEES,283.1099853515625
2025-07-11,NSE:MOM100,62.97999954223633
2025-07-11,NSE:CPSEETF,93.31999969482422
2025-07-11,NSE:BANKBEES,583.9199829101562
2025-07-11,NSE:LOWVOLIETF,22.030000686645508
2025-07-11,NSE:MON100,191.25
2025-07-14,NSE:PHARMABEES,22.889999389648438
2025-07-14,NSE:CPSEETF,93.4000015258789
2025-07-14,NSE:MON100,191.14999389648438
2025-07-14,NSE:LOWVOLIETF,22.010000228881836
2025-07-14,NSE:BANKBEES,584.6400146484375
2025-07-14,NSE:MOM100,63.459999084472656
2025-07-14,NSE:MAFANG,150.3699951171875
2025-07-14,NSE:METALIETF,9.4399995803833
2025-07-14,NSE:ITBEES,40.4900016784668
2025-07-14,NSE:NIFTYBEES,282.7099914550781
2025-07-15,NSE:BANKBEES,587.530029296875
2025-07-15,NSE:CPSEETF,93.58000183105469
2025-07-15,NSE:NIFTYBEES,283.69000244140625
2025-07-15,NSE:METALIETF,9.430000305175781
2025-07-15,NSE:MOM100,64.06999969482422
2025-07-15,NSE:PHARMABEES,23.170000076293945
2025-07-15,NSE:ITBEES,40.63999938964844
2025-07-15,NSE:MAFANG,150.27999877929688
2025-07-15,NSE:MON100,192.74000549316406
2025-07-15,NSE:LOWVOLIETF,22.09000015258789
2025-07-16,NSE:NIFTYBEES,283.6400146484375
2025-07-16,NSE:PHARMABEES,23.1299991607666
2025-07-16,NSE:ITBEES,41.0
2025-07-16,NSE:CPSEETF,93.43000030517578
2025-07-16,NSE:MON100,192.52000427246094
2025-07-16,NSE:MAFANG,151.0
2025-07-16,NSE:METALIETF,9.390000343322754
2025-07-16,NSE:MOM100,64.04000091552734
2025-07-16,NSE:LOWVOLIETF,22.1299991607666
2025-07-16,NSE:BANKBEES,588.4299926757812
2025-07-17,NSE:METALIETF,9.4399995803833
2025-07-17,NSE:MAFANG,151.47999572753906
2025-07-17,NSE:ITBEES,40.470001220703125
2025-07-17,NSE:LOWVOLIETF,22.09000015258789
2025-07-17,NSE:NIFTYBEES,282.8299865722656
2025-07-17,NSE:PHARMABEES,23.170000076293945
2025-07-17,NSE:CPSEETF,93.31999969482422
2025-07-17,NSE:MON100,193.3800048828125
2025-07-17,NSE:BANKBEES,585.280029296875
2025-07-17,NSE:MOM100,63.95000076293945
2025-07-18,NSE:NIFTYBEES,281.42999267578125
2025-07-18,NSE:ITBEES,40.5099983215332
2025-07-18,NSE:MAFANG,151.22999572753906
2025-07-18,NSE:MON100,195.52999877929688
2025-07-18,NSE:METALIETF,9.479999542236328
2025-07-18,NSE:MOM100,63.52000045776367
2025-07-18,NSE:LOWVOLIETF,22.059999465942383
2025-07-18,NSE:BANKBEES,580.72998046875
2025-07-18,NSE:PHARMABEES,23.079999923706055
2025-07-18,NSE:CPSEETF,92.75
2025-07-21,NSE:LOWVOLIETF,22.049999237060547
2025-07-21,NSE:NIFTYBEES,282.260009765625
2025-07-21,NSE:MOM100,63.939998626708984
2025-07-21,NSE:MON100,196.6999969482422
2025-07-21,NSE:MAFANG,152.30999755859375
2025-07-21,NSE:ITBEES,40.38999938964844
2025-07-21,NSE:PHARMABEES,23.020000457763672
2025-07-21,NSE:BANKBEES,586.0900268554688
2025-07-21,NSE:METALIETF,9.569999694824219
2025-07-21,NSE:CPSEETF,93.08999633789062
2025-07-22,NSE:MAFANG,152.41000366210938
2025-07-22,NSE:PHARMABEES,22.809999465942383
2025-07-22,NSE:NIFTYBEES,282.07000732421875
2025-07-22,NSE:ITBEES,40.209999084472656
2025-07-22,NSE:METALIETF,9.539999961853027
2025-07-22,NSE:CPSEETF,93.33000183105469
2025-07-22,NSE:MON100,198.41000366210938
2025-07-22,NSE:MOM100,63.54999923706055
2025-07-22,NSE:LOWVOLIETF,21.920000076293945
2025-07-22,NSE:BANKBEES,584.260009765625
2025-07-23,NSE:METALIETF,9.579999923706055
2025-07-23,NSE:MON100,198.88999938964844
2025-07-23,NSE:PHARMABEES,22.899999618530273
2025-07-23,NSE:BANKBEES,588.27001953125
2025-07-23,NSE:NIFTYBEES,283.5299987792969
2025-07-23,NSE:MOM100,63.7599983215332
2025-07-23,NSE:MAFANG,153.92999267578125
2025-07-23,NSE:CPSEETF,93.47000122070312
2025-07-23,NSE:ITBEES,40.31999969482422
2025-07-23,NSE:LOWVOLIETF,22.030000686645508
2025-07-24,NSE:NIFTYBEES,282.1000061035156
2025-07-24,NSE:ITBEES,39.400001525878906
2025-07-24,NSE:LOWVOLIETF,21.920000076293945
2025-07-24,NSE:MON100,200.75999450683594
2025-07-24,NSE:PHARMABEES,23.040000915527344
2025-07-24,NSE:BANKBEES,587.239990234375
2025-07-24,NSE:MOM100,63.369998931884766
2025-07-24,NSE:CPSEETF,92.87000274658203
2025-07-24,NSE:METALIETF,9.579999923706055
2025-07-24,NSE:MAFANG,152.00999450683594
2025-07-25,NSE:MON100,201.30999755859375
2025-07-25,NSE:MOM100,62.380001068115234
2025-07-25,NSE:LOWVOLIETF,21.850000381469727
2025-07-25,NSE:METALIETF,9.430000305175781
2025-07-25,NSE:PHARMABEES,23.18000030517578
2025-07-25,NSE:BANKBEES,581.97998046875
2025-07-25,NSE:NIFTYBEES,280.0299987792969
2025-07-25,NSE:CPSEETF,91.22000122070312
2025-07-25,NSE:MAFANG,152.49000549316406
2025-07-25,NSE:ITBEES,38.849998474121094
2025-07-28,NSE:ITBEES,38.63999938964844
2025-07-28,NSE:CPSEETF,90.83000183105469
2025-07-28,NSE:MON100,204.99000549316406
2025-07-28,NSE:METALIETF,9.3100004196167
2025-07-28,NSE:MAFANG,154.22999572753906
2025-07-28,NSE:NIFTYBEES,278.489990234375
2025-07-28,NSE:PHARMABEES,23.290000915527344
2025-07-28,NSE:MOM100,61.86000061035156
2025-07-28,NSE:BANKBEES,577.8900146484375
2025-07-28,NSE:LOWVOLIETF,21.729999542236328
2025-07-29,NSE:MON100,204.14999389648438
2025-07-29,NSE:ITBEES,38.65999984741211
2025-07-29,NSE:PHARMABEES,23.600000381469727
2025-07-29,NSE:MOM100,62.349998474121094
2025-07-29,NSE:NIFTYBEES,280.0899963378906
2025-07-29,NSE:BANKBEES,579.52001953125
2025-07-29,NSE:METALIETF,9.420000076293945
2025-07-29,NSE:MAFANG,154.5
2025-07-29,NSE:CPSEETF,91.22000122070312
2025-07-29,NSE:LOWVOLIETF,21.889999389648438
2025-07-30,NSE:MOM100,62.310001373291016
2025-07-30,NSE:MAFANG,155.44000244140625
2025-07-30,NSE:PHARMABEES,23.600000381469727
2025-07-30,NSE:CPSEETF,91.12999725341797
2025-07-30,NSE:NIFTYBEES,280.1300048828125
2025-07-30,NSE:MON100,203.1699981689453
2025-07-30,NSE:LOWVOLIETF,21.90999984741211
2025-07-30,NSE:BANKBEES,578.7000122070312
2025-07-30,NSE:ITBEES,38.77000045776367
2025-07-30,NSE:METALIETF,9.40999984741211
2025-07-31,NSE:BANKBEES,577.0599975585938
2025-07-31,NSE:LOWVOLIETF,21.889999389648438
2025-07-31,NSE:MOM100,61.66999816894531
2025-07-31,NSE:MAFANG,155.5
2025-07-31,NSE:MON100,208.2899932861328
2025-07-31,NSE:CPSEETF,90.58000183105469
2025-07-31,NSE:PHARMABEES,23.309999465942383
2025-07-31,NSE:METALIETF,9.289999961853027
2025-07-31,NSE:NIFTYBEES,279.260009765625
2025-07-31,NSE:ITBEES,38.58000183105469
2025-08-01,NSE:PHARMABEES,22.6200008392334
2025-08-01,NSE:METALIETF,9.109999656677246
2025-08-01,NSE:NIFTYBEES,277.3500061035156
2025-08-01,NSE:LOWVOLIETF,21.6299991607666
2025-08-01,NSE:CPSEETF,89.66000366210938
2025-08-01,NSE:MOM100,60.93000030517578
2025-08-01,NSE:MAFANG,156.61000061035156
2025-08-01,NSE:ITBEES,37.869998931884766
2025-08-01,NSE:BANKBEES,573.72998046875
2025-08-01,NSE:MON100,204.33999633789062
2025-08-04,NSE:BANKBEES,573.780029296875
2025-08-04,NSE:CPSEETF,90.08999633789062
2025-08-04,NSE:MAFANG,156.82000732421875
2025-08-04,NSE:METALIETF,9.319999694824219
2025-08-04,NSE:ITBEES,38.459999084472656
2025-08-04,NSE:PHARMABEES,22.739999771118164
2025-08-04,NSE:NIFTYBEES,278.8500061035156
2025-08-04,NSE:MON100,200.4199981689453
2025-08-04,NSE:LOWVOLIETF,21.8799991607666
2025-08-04,NSE:MOM100,61.7599983215332
2025-08-05,NSE:MOM100,61.5
2025-08-05,NSE:LOWVOLIETF,21.850000381469727
2025-08-05,NSE:NIFTYBEES,278.1400146484375
2025-08-05,NSE:BANKBEES,570.8800048828125
2025-08-05,NSE:ITBEES,38.290000915527344
2025-08-05,NSE:METALIETF,9.329999923706055
2025-08-05,NSE:MON100,202.6300048828125
2025-08-05,NSE:PHARMABEES,22.559999465942383
2025-08-05,NSE:CPSEETF,90.11000061035156
2025-08-05,NSE:MAFANG,152.9499969482422
2025-08-06,NSE:LOWVOLIETF,21.65999984741211
2025-08-06,NSE:ITBEES,37.61000061035156
2025-08-06,NSE:MOM100,61.060001373291016
2025-08-06,NSE:NIFTYBEES,277.30999755859375
2025-08-06,NSE:CPSEETF,90.0199966430664
2025-08-06,NSE:MON100,201.6699981689453
2025-08-06,NSE:PHARMABEES,22.09000015258789
2025-08-06,NSE:MAFANG,156.17999267578125
2025-08-06,NSE:BANKBEES,571.4500122070312
2025-08-06,NSE:METALIETF,9.300000190734863
2025-08-07,NSE:MOM100,61.18000030517578
2025-08-07,NSE:BANKBEES,572.25
2025-08-07,NSE:METALIETF,9.3100004196167
2025-08-07,NSE:LOWVOLIETF,21.719999313354492
2025-08-07,NSE:MAFANG,154.86000061035156
2025-08-07,NSE:ITBEES,37.93000030517578
2025-08-07,NSE:NIFTYBEES,277.2900085449219
2025-08-07,NSE:PHARMABEES,22.229999542236328
2025-08-07,NSE:CPSEETF,89.81999969482422
2025-08-07,NSE:MON100,202.4199981689453
2025-08-08,NSE:LOWVOLIETF,21.639999389648438
2025-08-08,NSE:MON100,202.08999633789062
2025-08-08,NSE:METALIETF,9.180000305175781
2025-08-08,NSE:MAFANG,157.67999267578125
2025-08-08,NSE:CPSEETF,89.80999755859375
2025-08-08,NSE:PHARMABEES,21.989999771118164
2025-08-08,NSE:BANKBEES,567.5900268554688
2025-08-08,NSE:NIFTYBEES,275.1400146484375
2025-08-08,NSE:MOM100,60.290000915527344
2025-08-08,NSE:ITBEES,37.59000015258789
2025-08-11,NSE:ITBEES,37.75
2025-08-11,NSE:MON100,202.88999938964844
2025-08-11,NSE:MOM100,60.77000045776367
2025-08-11,NSE:NIFTYBEES,277.2900085449219
2025-08-11,NSE:PHARMABEES,22.1299991607666
2025-08-11,NSE:MAFANG,156.85000610351562
2025-08-11,NSE:CPSEETF,90.0199966430664
2025-08-11,NSE:METALIETF,9.229999542236328
2025-08-11,NSE:LOWVOLIETF,21.780000686645508
2025-08-11,NSE:BANKBEES,571.8800048828125
2025-08-12,NSE:MOM100,60.599998474121094
2025-08-12,NSE:METALIETF,9.239999771118164
2025-08-12,NSE:MON100,202.19000244140625
2025-08-12,NSE:PHARMABEES,22.299999237060547
2025-08-12,NSE:BANKBEES,569.52001953125
2025-08-12,NSE:ITBEES,37.880001068115234
2025-08-12,NSE:MAFANG,158.60000610351562
2025-08-12,NSE:CPSEETF,90.30999755859375
2025-08-12,NSE:NIFTYBEES,276.5400085449219
2025-08-12,NSE:LOWVOLIETF,21.690000534057617
2025-08-13,NSE:ITBEES,37.900001525878906
2025-08-13,NSE:MOM100,61.0
2025-08-13,NSE:PHARMABEES,22.649999618530273
2025-08-13,NSE:BANKBEES,570.6099853515625
2025-08-13,NSE:LOWVOLIETF,21.860000610351562
2025-08-13,NSE:NIFTYBEES,278.0199890136719
2025-08-13,NSE:CPSEETF,91.08000183105469
2025-08-13,NSE:MAFANG,157.92999267578125
2025-08-13,NSE:MON100,204.3000030517578
2025-08-13,NSE:METALIETF,9.380000114440918
2025-08-14,NSE:METALIETF,9.260000228881836
2025-08-14,NSE:PHARMABEES,22.65999984741211
2025-08-14,NSE:ITBEES,38.119998931884766
2025-08-14,NSE:MON100,204.88999938964844
2025-08-14,NSE:MAFANG,160.1999969482422
2025-08-14,NSE:LOWVOLIETF,21.860000610351562
2025-08-14,NSE:MOM100,60.810001373291016
2025-08-14,NSE:CPSEETF,90.5
2025-08-14,NSE:BANKBEES,572.0800170898438
2025-08-14,NSE:NIFTYBEES,278.2300109863281
2025-08-18,NSE:LOWVOLIETF,22.229999542236328
2025-08-18,NSE:ITBEES,37.83000183105469
2025-08-18,NSE:MOM100,61.540000915527344
2025-08-18,NSE:MAFANG,159.52000427246094
2025-08-18,NSE:PHARMABEES,22.719999313354492
2025-08-18,NSE:CPSEETF,90.58000183105469
2025-08-18,NSE:MON100,205.77999877929688
2025-08-18,NSE:NIFTYBEES,281.07000732421875
2025-08-18,NSE:METALIETF,9.40999984741211
2025-08-18,NSE:BANKBEES,575.5499877929688
2025-08-19,NSE:MAFANG,159.80999755859375
2025-08-19,NSE:PHARMABEES,22.6299991607666
2025-08-19,NSE:ITBEES,37.95000076293945
2025-08-19,NSE:LOWVOLIETF,22.31999969482422
2025-08-19,NSE:CPSEETF,90.30999755859375
2025-08-19,NSE:BANKBEES,576.739990234375
2025-08-19,NSE:METALIETF,9.479999542236328
2025-08-19,NSE:MOM100,62.029998779296875
2025-08-19,NSE:MON100,205.47999572753906
2025-08-19,NSE:NIFTYBEES,281.9599914550781
2025-08-20,NSE:NIFTYBEES,282.5199890136719
2025-08-20,NSE:MOM100,62.33000183105469
2025-08-20,NSE:ITBEES,38.939998626708984
2025-08-20,NSE:PHARMABEES,22.56999969482422
2025-08-20,NSE:METALIETF,9.510000228881836
2025-08-20,NSE:MON100,203.47999572753906
2025-08-20,NSE:CPSEETF,90.33999633789062
2025-08-20,NSE:LOWVOLIETF,22.459999084472656
2025-08-20,NSE:MAFANG,159.6300048828125
2025-08-20,NSE:BANKBEES,575.4099731445312
2025-08-21,NSE:PHARMABEES,22.770000457763672
2025-08-21,NSE:LOWVOLIETF,22.479999542236328
2025-08-21,NSE:MAFANG,156.25
2025-08-21,NSE:MOM100,62.09000015258789
2025-08-21,NSE:CPSEETF,89.97000122070312
2025-08-21,NSE:ITBEES,39.0099983215332
2025-08-21,NSE:METALIETF,9.510000228881836
2025-08-21,NSE:BANKBEES,576.3800048828125
2025-08-21,NSE:MON100,202.13999938964844
2025-08-21,NSE:NIFTYBEES,283.05999755859375
2025-08-22,NSE:ITBEES,38.720001220703125
2025-08-22,NSE:MAFANG,154.88999938964844
2025-08-22,NSE:LOWVOLIETF,22.389999389648438
2025-08-22,NSE:MON100,201.13999938964844
2025-08-22,NSE:PHARMABEES,22.84000015258789
2025-08-22,NSE:CPSEETF,89.56999969482422
2025-08-22,NSE:METALIETF,9.399999618530273
2025-08-22,NSE:NIFTYBEES,280.75
2025-08-22,NSE:MOM100,61.97999954223633
2025-08-22,NSE:BANKBEES,570.0499877929688
2025-08-25,NSE:MON100,203.39999389648438
2025-08-25,NSE:CPSEETF,89.63999938964844
2025-08-25,NSE:BANKBEES,569.469970703125
2025-08-25,NSE:LOWVOLIETF,22.469999313354492
2025-08-25,NSE:METALIETF,9.460000038146973
2025-08-25,NSE:PHARMABEES,22.950000762939453
2025-08-25,NSE:MOM100,62.119998931884766
2025-08-25,NSE:MAFANG,153.72999572753906
2025-08-25,NSE:ITBEES,39.540000915527344
2025-08-25,NSE:NIFTYBEES,281.67999267578125
2025-08-26,NSE:PHARMABEES,22.579999923706055
2025-08-26,NSE:MAFANG,157.05999755859375
2025-08-26,NSE:MON100,202.49000549316406
2025-08-26,NSE:ITBEES,39.2599983215332
2025-08-26,NSE:METALIETF,9.300000190734863
2025-08-26,NSE:LOWVOLIETF,22.3799991607666
2025-08-26,NSE:CPSEETF,88.55999755859375
2025-08-26,NSE:NIFTYBEES,279.04998779296875
2025-08-26,NSE:MOM100,61.060001373291016
2025-08-26,NSE:BANKBEES,563.0700073242188
2025-08-28,NSE:ITBEES,38.70000076293945
2025-08-28,NSE:MON100,203.2899932861328
2025-08-28,NSE:NIFTYBEES,276.92999267578125
2025-08-28,NSE:METALIETF,9.25
2025-08-28,NSE:MAFANG,157.2100067138672
2025-08-28,NSE:PHARMABEES,22.389999389648438
2025-08-28,NSE:MOM100,60.349998474121094
2025-08-28,NSE:BANKBEES,556.75
2025-08-28,NSE:LOWVOLIETF,22.239999771118164
2025-08-28,NSE:CPSEETF,87.87000274658203
2025-08-29,NSE:MOM100,60.0099983215332
2025-08-29,NSE:PHARMABEES,22.3799991607666
2025-08-29,NSE:CPSEETF,87.83000183105469
2025-08-29,NSE:BANKBEES,554.989990234375
2025-08-29,NSE:MAFANG,158.10000610351562
2025-08-29,NSE:METALIETF,9.210000038146973
2025-08-29,NSE:NIFTYBEES,276.05999755859375
2025-08-29,NSE:ITBEES,38.41999816894531
2025-08-29,NSE:LOWVOLIETF,22.280000686645508
2025-08-29,NSE:MON100,204.4199981689453
2025-09-01,NSE:PHARMABEES,22.34000015258789
2025-09-01,NSE:MAFANG,161.1300048828125
2025-09-01,NSE:MOM100,61.209999084472656
2025-09-01,NSE:BANKBEES,557.9400024414062
2025-09-01,NSE:NIFTYBEES,278.17999267578125
2025-09-01,NSE:MON100,203.66000366210938
2025-09-01,NSE:CPSEETF,89.0199966430664
2025-09-01,NSE:ITBEES,38.959999084472656
2025-09-01,NSE:METALIETF,9.359999656677246
2025-09-01,NSE:LOWVOLIETF,22.440000534057617
2025-09-02,NSE:MON100,202.3699951171875
2025-09-02,NSE:CPSEETF,90.08999633789062
2025-09-02,NSE:METALIETF,9.420000076293945
2025-09-02,NSE:MAFANG,158.75999450683594
2025-09-02,NSE:BANKBEES,554.72998046875
2025-09-02,NSE:PHARMABEES,22.299999237060547
2025-09-02,NSE:NIFTYBEES,277.67999267578125
2025-09-02,NSE:LOWVOLIETF,22.440000534057617
2025-09-02,NSE:MOM100,61.38999938964844
2025-09-02,NSE:ITBEES,39.0
2025-09-03,NSE:PHARMABEES,22.5
2025-09-03,NSE:MON100,203.47000122070312
2025-09-03,NSE:ITBEES,38.7599983215332
2025-09-03,NSE:MOM100,61.72999954223633
2025-09-03,NSE:METALIETF,9.720000267028809
2025-09-03,NSE:MAFANG,159.22000122070312
2025-09-03,NSE:LOWVOLIETF,22.479999542236328
2025-09-03,NSE:BANKBEES,558.5800170898438
2025-09-03,NSE:CPSEETF,90.22000122070312
2025-09-03,NSE:NIFTYBEES,278.94000244140625
2025-09-04,NSE:METALIETF,9.649999618530273
2025-09-04,NSE:MAFANG,157.74000549316406
2025-09-04,NSE:NIFTYBEES,279.32000732421875
2025-09-04,NSE:MOM100,61.33000183105469
2025-09-04,NSE:CPSEETF,89.48999786376953
2025-09-04,NSE:LOWVOLIETF,22.540000915527344
2025-09-04,NSE:ITBEES,38.380001068115234
2025-09-04,NSE:MON100,202.47999572753906
2025-09-04,NSE:PHARMABEES,22.479999542236328
2025-09-04,NSE:BANKBEES,558.27001953125
2025-09-05,NSE:BANKBEES,559.1699829101562
2025-09-05,NSE:NIFTYBEES,279.6000061035156
2025-09-05,NSE:MOM100,61.38999938964844
2025-09-05,NSE:LOWVOLIETF,22.479999542236328
2025-09-05,NSE:ITBEES,37.849998474121094
2025-09-05,NSE:PHARMABEES,22.469999313354492
2025-09-05,NSE:MON100,204.85000610351562
2025-09-05,NSE:METALIETF,9.729999542236328
2025-09-05,NSE:MAFANG,160.75
2025-09-05,NSE:CPSEETF,89.36000061035156
2025-09-08,NSE:NIFTYBEES,279.989990234375
2025-09-08,NSE:ITBEES,37.4900016784668
2025-09-08,NSE:MON100,205.27999877929688
2025-09-08,NSE:MOM100,61.59000015258789
2025-09-08,NSE:METALIETF,9.770000457763672
2025-09-08,NSE:MAFANG,162.4600067138672
2025-09-08,NSE:PHARMABEES,22.420000076293945
2025-09-08,NSE:LOWVOLIETF,22.489999771118164
2025-09-08,NSE:BANKBEES,560.489990234375
2025-09-08,NSE:CPSEETF,88.93000030517578
2025-09-09,NSE:LOWVOLIETF,22.639999389648438
2025-09-09,NSE:ITBEES,38.52000045776367
2025-09-09,NSE:NIFTYBEES,280.5400085449219
2025-09-09,NSE:MAFANG,163.8800048828125
2025-09-09,NSE:MON100,205.5
2025-09-09,NSE:CPSEETF,88.75
2025-09-09,NSE:MOM100,61.63999938964844
2025-09-09,NSE:METALIETF,9.760000228881836
2025-09-09,NSE:BANKBEES,560.1400146484375
2025-09-09,NSE:PHARMABEES,22.559999465942383
2025-09-10,NSE:BANKBEES,563.9199829101562
2025-09-10,NSE:ITBEES,39.43000030517578
2025-09-10,NSE:MON100,204.86000061035156
2025-09-10,NSE:MOM100,62.22999954223633
2025-09-10,NSE:PHARMABEES,22.639999389648438
2025-09-10,NSE:METALIETF,9.779999732971191
2025-09-10,NSE:CPSEETF,89.8499984741211
2025-09-10,NSE:LOWVOLIETF,22.68000030517578
2025-09-10,NSE:MAFANG,165.47999572753906
2025-09-10,NSE:NIFTYBEES,281.8399963378906
2025-09-11,NSE:MAFANG,165.50999450683594
2025-09-11,NSE:ITBEES,39.2400016784668
2025-09-11,NSE:CPSEETF,90.68000030517578
2025-09-11,NSE:NIFTYBEES,282.5299987792969
2025-09-11,NSE:METALIETF,9.829999923706055
2025-09-11,NSE:BANKBEES,565.47998046875
2025-09-11,NSE:MON100,205.64999389648438
2025-09-11,NSE:MOM100,62.43000030517578
2025-09-11,NSE:LOWVOLIETF,22.65999984741211
2025-09-11,NSE:PHARMABEES,22.770000457763672
2025-09-12,NSE:BANKBEES,566.4099731445312
2025-09-12,NSE:LOWVOLIETF,22.68000030517578
2025-09-12,NSE:MAFANG,166.4199981689453
2025-09-12,NSE:NIFTYBEES,283.510009765625
2025-09-12,NSE:ITBEES,39.36000061035156
2025-09-12,NSE:CPSEETF,91.52999877929688
2025-09-12,NSE:MOM100,62.59000015258789
2025-09-12,NSE:MON100,207.05999755859375
2025-09-12,NSE:METALIETF,9.920000076293945
2025-09-12,NSE:PHARMABEES,22.889999389648438
2025-09-15,NSE:PHARMABEES,22.75
2025-09-15,NSE:NIFTYBEES,283.1199951171875
2025-09-15,NSE:LOWVOLIETF,22.579999923706055
2025-09-15,NSE:CPSEETF,91.55999755859375
2025-09-15,NSE:ITBEES,39.18000030517578
2025-09-15,NSE:MON100,209.88999938964844
2025-09-15,NSE:MOM100,62.939998626708984
2025-09-15,NSE:METALIETF,9.930000305175781
2025-09-15,NSE:BANKBEES,567.489990234375
2025-09-15,NSE:MAFANG,166.33999633789062
2025-09-16,NSE:CPSEETF,92.69999694824219
2025-09-16,NSE:ITBEES,39.47999954223633
2025-09-16,NSE:METALIETF,10.010000228881836
2025-09-16,NSE:LOWVOLIETF,22.670000076293945
2025-09-16,NSE:MAFANG,166.8000030517578
2025-09-16,NSE:NIFTYBEES,284.8900146484375
2025-09-16,NSE:MOM100,63.22999954223633
2025-09-16,NSE:PHARMABEES,22.790000915527344
2025-09-16,NSE:BANKBEES,569.8300170898438
2025-09-16,NSE:MON100,212.6199951171875
2025-09-17,NSE:MAFANG,169.41000366210938
2025-09-17,NSE:ITBEES,39.77000045776367
2025-09-17,NSE:MOM100,63.380001068115234
2025-09-17,NSE:PHARMABEES,22.780000686645508
2025-09-17,NSE:NIFTYBEES,285.9800109863281
2025-09-17,NSE:LOWVOLIETF,22.690000534057617
2025-09-17,NSE:CPSEETF,93.43000030517578
2025-09-17,NSE:MON100,211.83999633789062
2025-09-17,NSE:BANKBEES,573.780029296875
2025-09-17,NSE:METALIETF,9.960000038146973
2025-09-18,NSE:MON100,213.42999267578125
2025-09-18,NSE:NIFTYBEES,286.70001220703125
2025-09-18,NSE:PHARMABEES,23.1299991607666
2025-09-18,NSE:MAFANG,168.55999755859375
2025-09-18,NSE:ITBEES,40.119998931884766
2025-09-18,NSE:MOM100,63.52000045776367
2025-09-18,NSE:CPSEETF,92.9000015258789
2025-09-18,NSE:LOWVOLIETF,22.799999237060547
2025-09-18,NSE:BANKBEES,575.6599731445312
2025-09-18,NSE:METALIETF,10.010000228881836
2025-09-19,NSE:METALIETF,10.010000228881836
2025-09-19,NSE:NIFTYBEES,285.8999938964844
2025-09-19,NSE:PHARMABEES,23.209999084472656
2025-09-19,NSE:MON100,213.9199981689453
2025-09-19,NSE:MAFANG,167.05999755859375
2025-09-19,NSE:CPSEETF,93.0199966430664
2025-09-19,NSE:MOM100,63.56999969482422
2025-09-19,NSE:BANKBEES,573.469970703125
2025-09-19,NSE:LOWVOLIETF,22.729999542236328
2025-09-19,NSE:ITBEES,39.90999984741211
2025-09-22,NSE:MAFANG,169.88999938964844
2025-09-22,NSE:BANKBEES,571.02001953125
2025-09-22,NSE:METALIETF,10.039999961853027
2025-09-22,NSE:PHARMABEES,22.920000076293945
2025-09-22,NSE:ITBEES,38.779998779296875
2025-09-22,NSE:CPSEETF,93.02999877929688
2025-09-22,NSE:MON100,214.61000061035156
2025-09-22,NSE:NIFTYBEES,284.489990234375
2025-09-22,NSE:LOWVOLIETF,22.59000015258789
2025-09-22,NSE:MOM100,63.20000076293945
2025-09-23,NSE:NIFTYBEES,284.3500061035156
2025-09-23,NSE:CPSEETF,93.16000366210938
2025-09-23,NSE:METALIETF,10.180000305175781
2025-09-23,NSE:MON100,216.97999572753906
2025-09-23,NSE:PHARMABEES,22.860000610351562
2025-09-23,NSE:BANKBEES,572.6199951171875
2025-09-23,NSE:MOM100,62.84000015258789
2025-09-23,NSE:ITBEES,38.47999954223633
2025-09-23,NSE:LOWVOLIETF,22.440000534057617
2025-09-23,NSE:MAFANG,171.77999877929688
2025-09-24,NSE:NIFTYBEES,282.8800048828125
2025-09-24,NSE:ITBEES,38.209999084472656
2025-09-24,NSE:BANKBEES,568.3200073242188
2025-09-24,NSE:CPSEETF,93.31999969482422
2025-09-24,NSE:MOM100,62.38999938964844
2025-09-24,NSE:METALIETF,10.100000381469727
2025-09-24,NSE:MON100,215.39999389648438
2025-09-24,NSE:LOWVOLIETF,22.3799991607666
2025-09-24,NSE:MAFANG,171.1999969482422
2025-09-24,NSE:PHARMABEES,22.729999542236328
2025-09-25,NSE:CPSEETF,92.86000061035156
2025-09-25,NSE:METALIETF,10.119999885559082
2025-09-25,NSE:NIFTYBEES,281.239990234375
2025-09-25,NSE:MON100,213.8000030517578
2025-09-25,NSE:PHARMABEES,22.540000915527344
2025-09-25,NSE:ITBEES,37.72999954223633
2025-09-25,NSE:LOWVOLIETF,22.200000762939453
2025-09-25,NSE:MOM100,61.880001068115234
2025-09-25,NSE:BANKBEES,567.760009765625
2025-09-25,NSE:MAFANG,169.97999572753906
2025-09-26,NSE:LOWVOLIETF,21.979999542236328
2025-09-26,NSE:MOM100,60.810001373291016
2025-09-26,NSE:CPSEETF,91.76000213623047
2025-09-26,NSE:METALIETF,9.930000305175781
2025-09-26,NSE:BANKBEES,562.02001953125
2025-09-26,NSE:MON100,214.52999877929688
2025-09-26,NSE:MAFANG,169.13999938964844
2025-09-26,NSE:NIFTYBEES,278.739990234375
2025-09-26,NSE:PHARMABEES,22.049999237060547
2025-09-26,NSE:ITBEES,36.83000183105469
2025-09-29,NSE:MOM100,60.95000076293945
2025-09-29,NSE:METALIETF,9.970000267028809
2025-09-29,NSE:MON100,219.8300018310547
2025-09-29,NSE:ITBEES,36.79999923706055
2025-09-29,NSE:BANKBEES,561.6699829101562
2025-09-29,NSE:CPSEETF,92.16000366210938
2025-09-29,NSE:PHARMABEES,22.020000457763672
2025-09-29,NSE:LOWVOLIETF,21.969999313354492
2025-09-29,NSE:NIFTYBEES,278.5400085449219
2025-09-29,NSE:MAFANG,168.27000427246094
2025-09-30,NSE:MAFANG,169.11000061035156
2025-09-30,NSE:MON100,222.3800048828125
2025-09-30,NSE:MOM100,60.79999923706055
2025-09-30,NSE:CPSEETF,92.3499984741211
2025-09-30,NSE:LOWVOLIETF,21.889999389648438
2025-09-30,NSE:ITBEES,36.75
2025-09-30,NSE:METALIETF,10.109999656677246
2025-09-30,NSE:NIFTYBEES,277.5199890136719
2025-09-30,NSE:BANKBEES,563.3900146484375
2025-09-30,NSE:PHARMABEES,22.010000228881836
2025-10-01,NSE:METALIETF,10.149999618530273
2025-10-01,NSE:MON100,221.50999450683594
2025-10-01,NSE:MOM100,61.38999938964844
2025-10-01,NSE:ITBEES,37.15999984741211
2025-10-01,NSE:BANKBEES,571.3900146484375
2025-10-01,NSE:MAFANG,169.52000427246094
2025-10-01,NSE:NIFTYBEES,280.510009765625
2025-10-01,NSE:CPSEETF,92.73999786376953
2025-10-01,NSE:LOWVOLIETF,21.979999542236328
2025-10-01,NSE:PHARMABEES,22.309999465942383
2025-10-03,NSE:MAFANG,169.44000244140625
2025-10-03,NSE:NIFTYBEES,281.1600036621094
2025-10-03,NSE:MOM100,61.869998931884766
2025-10-03,NSE:LOWVOLIETF,22.049999237060547
2025-10-03,NSE:ITBEES,37.08000183105469
2025-10-03,NSE:MON100,229.61000061035156
2025-10-03,NSE:BANKBEES,573.2999877929688
2025-10-03,NSE:CPSEETF,93.69000244140625
2025-10-03,NSE:PHARMABEES,22.309999465942383
2025-10-03,NSE:METALIETF,10.350000381469727
2025-10-06,NSE:PHARMABEES,22.309999465942383
2025-10-06,NSE:LOWVOLIETF,22.190000534057617
2025-10-06,NSE:CPSEETF,93.4000015258789
2025-10-06,NSE:NIFTYBEES,283.07000732421875
2025-10-06,NSE:ITBEES,37.83000183105469
2025-10-06,NSE:METALIETF,10.229999542236328
2025-10-06,NSE:MAFANG,169.22999572753906
2025-10-06,NSE:MON100,240.61000061035156
2025-10-06,NSE:MOM100,62.36000061035156
2025-10-06,NSE:BANKBEES,580.4600219726562
2025-10-07,NSE:BANKBEES,580.1500244140625
2025-10-07,NSE:MAFANG,168.97999572753906
2025-10-07,NSE:NIFTYBEES,283.4100036621094
2025-10-07,NSE:MOM100,62.65999984741211
2025-10-07,NSE:METALIETF,10.210000038146973
2025-10-07,NSE:CPSEETF,93.73999786376953
2025-10-07,NSE:ITBEES,37.81999969482422
2025-10-07,NSE:PHARMABEES,22.3799991607666
2025-10-07,NSE:MON100,250.25999450683594
2025-10-07,NSE:LOWVOLIETF,22.149999618530273
2025-10-08,NSE:LOWVOLIETF,22.18000030517578
2025-10-08,NSE:NIFTYBEES,282.3800048828125
2025-10-08,NSE:CPSEETF,92.44000244140625
2025-10-08,NSE:BANKBEES,577.6400146484375
2025-10-08,NSE:PHARMABEES,22.229999542236328
2025-10-08,NSE:ITBEES,38.369998931884766
2025-10-08,NSE:MON100,242.1199951171875
2025-10-08,NSE:MOM100,62.08000183105469
2025-10-08,NSE:MAFANG,169.83999633789062
2025-10-08,NSE:METALIETF,10.1899995803833
2025-10-09,NSE:MON100,241.75
2025-10-09,NSE:BANKBEES,580.3599853515625
2025-10-09,NSE:ITBEES,38.790000915527344
2025-10-09,NSE:CPSEETF,92.80999755859375
2025-10-09,NSE:MOM100,62.720001220703125
2025-10-09,NSE:NIFTYBEES,284.04998779296875
2025-10-09,NSE:LOWVOLIETF,22.25
2025-10-09,NSE:MAFANG,169.05999755859375
2025-10-09,NSE:PHARMABEES,22.479999542236328
2025-10-09,NSE:METALIETF,10.420000076293945
2025-10-10,NSE:LOWVOLIETF,22.399999618530273
2025-10-10,NSE:CPSEETF,93.58999633789062
2025-10-10,NSE:BANKBEES,584.97998046875
2025-10-10,NSE:PHARMABEES,22.770000457763672
2025-10-10,NSE:NIFTYBEES,285.5199890136719
2025-10-10,NSE:MON100,238.92999267578125
2025-10-10,NSE:METALIETF,10.319999694824219
2025-10-10,NSE:ITBEES,38.779998779296875
2025-10-10,NSE:MAFANG,171.89999389648438
2025-10-10,NSE:MOM100,63.08000183105469
2025-10-13,NSE:BANKBEES,584.5800170898438
2025-10-13,NSE:ITBEES,38.4900016784668
2025-10-13,NSE:MON100,233.6999969482422
2025-10-13,NSE:METALIETF,10.270000457763672
2025-10-13,NSE:CPSEETF,93.02999877929688
2025-10-13,NSE:MAFANG,172.39999389648438
2025-10-13,NSE:PHARMABEES,22.709999084472656
2025-10-13,NSE:MOM100,63.06999969482422
2025-10-13,NSE:NIFTYBEES,284.6400146484375
2025-10-13,NSE:LOWVOLIETF,22.3700008392334
2025-10-14,NSE:CPSEETF,92.38999938964844
2025-10-14,NSE:MAFANG,166.27999877929688
2025-10-14,NSE:ITBEES,38.369998931884766
2025-10-14,NSE:PHARMABEES,22.549999237060547
2025-10-14,NSE:NIFTYBEES,283.69000244140625
2025-10-14,NSE:LOWVOLIETF,22.299999237060547
2025-10-14,NSE:MOM100,62.63999938964844
2025-10-14,NSE:METALIETF,10.140000343322754
2025-10-14,NSE:MON100,233.22000122070312
2025-10-14,NSE:BANKBEES,583.2899780273438
2025-10-15,NSE:BANKBEES,586.5499877929688
2025-10-15,NSE:NIFTYBEES,286.07000732421875
2025-10-15,NSE:MOM100,63.2599983215332
2025-10-15,NSE:MAFANG,169.72000122070312
2025-10-15,NSE:METALIETF,10.279999732971191
2025-10-15,NSE:CPSEETF,93.55000305175781
2025-10-15,NSE:MON100,233.22999572753906
2025-10-15,NSE:ITBEES,38.63999938964844
2025-10-15,NSE:LOWVOLIETF,22.43000030517578
2025-10-15,NSE:PHARMABEES,22.56999969482422
2025-10-16,NSE:MON100,237.1199951171875
2025-10-16,NSE:METALIETF,10.34000015258789
2025-10-16,NSE:MAFANG,168.19000244140625
2025-10-16,NSE:PHARMABEES,22.6200008392334
2025-10-16,NSE:MOM100,63.54999923706055
2025-10-16,NSE:BANKBEES,591.97998046875
2025-10-16,NSE:ITBEES,38.810001373291016
2025-10-16,NSE:CPSEETF,93.91000366210938
2025-10-16,NSE:LOWVOLIETF,22.719999313354492
2025-10-16,NSE:NIFTYBEES,288.70001220703125
2025-10-17,NSE:CPSEETF,93.7699966430664
2025-10-17,NSE:MON100,236.2100067138672
2025-10-17,NSE:LOWVOLIETF,22.809999465942383
2025-10-17,NSE:BANKBEES,594.969970703125
2025-10-17,NSE:METALIETF,10.260000228881836
2025-10-17,NSE:MOM100,63.220001220703125
2025-10-17,NSE:MAFANG,167.86000061035156
2025-10-17,NSE:NIFTYBEES,290.1700134277344
2025-10-17,NSE:PHARMABEES,22.770000457763672
2025-10-17,NSE:ITBEES,38.22999954223633
2025-10-20,NSE:CPSEETF,94.0
2025-10-20,NSE:BANKBEES,598.5700073242188
2025-10-20,NSE:MOM100,63.720001220703125
2025-10-20,NSE:NIFTYBEES,291.8599853515625
2025-10-20,NSE:PHARMABEES,22.979999542236328
2025-10-20,NSE:MON100,239.16000366210938
2025-10-20,NSE:MAFANG,166.4199981689453
2025-10-20,NSE:METALIETF,10.229999542236328
2025-10-20,NSE:LOWVOLIETF,22.90999984741211
2025-10-20,NSE:ITBEES,38.58000183105469
2025-10-21,NSE:MAFANG,167.33999633789062
2025-10-21,NSE:METALIETF,10.380000114440918
2025-10-21,NSE:NIFTYBEES,291.8699951171875
2025-10-21,NSE:PHARMABEES,23.049999237060547
2025-10-21,NSE:CPSEETF,94.08999633789062
2025-10-21,NSE:MON100,241.5399932861328
2025-10-21,NSE:BANKBEES,598.3300170898438
2025-10-21,NSE:MOM100,63.939998626708984
2025-10-21,NSE:ITBEES,38.70000076293945
2025-10-21,NSE:LOWVOLIETF,22.93000030517578
2025-10-23,NSE:NIFTYBEES,292.3900146484375
2025-10-23,NSE:ITBEES,39.41999816894531
2025-10-23,NSE:PHARMABEES,23.030000686645508
2025-10-23,NSE:BANKBEES,598.5999755859375
2025-10-23,NSE:METALIETF,10.279999732971191
2025-10-23,NSE:MAFANG,169.38999938964844
2025-10-23,NSE:MOM100,63.7599983215332
2025-10-23,NSE:CPSEETF,94.4800033569336
2025-10-23,NSE:MON100,240.4600067138672
2025-10-23,NSE:LOWVOLIETF,22.969999313354492
2025-10-24,NSE:METALIETF,10.40999984741211
2025-10-24,NSE:PHARMABEES,22.8700008392334
2025-10-24,NSE:ITBEES,39.279998779296875
2025-10-24,NSE:MON100,217.318603515625
2025-10-24,NSE:LOWVOLIETF,22.8799991607666
2025-10-27,NSE:MON100,245.2899932861328
2025-10-27,NSE:MAFANG,169.57000732421875
2025-10-27,NSE:ITBEES,39.630001068115234
2025-10-27,NSE:NIFTYBEES,293.3500061035156
2025-10-27,NSE:METALIETF,10.529999732971191
2025-10-27,NSE:BANKBEES,599.0399780273438
2025-10-27,NSE:PHARMABEES,22.829999923706055
2025-10-27,NSE:CPSEETF,94.55000305175781
2025-10-27,NSE:MOM100,64.16000366210938
2025-10-27,NSE:LOWVOLIETF,22.93000030517578
2025-10-28,NSE:PHARMABEES,22.780000686645508
2025-10-28,NSE:CPSEETF,93.81999969482422
2025-10-28,NSE:METALIETF,10.65999984741211
2025-10-28,NSE:ITBEES,39.41999816894531
2025-10-28,NSE:BANKBEES,600.1500244140625
2025-10-28,NSE:MAFANG,170.86000061035156
2025-10-28,NSE:MON100,244.25
2025-10-28,NSE:LOWVOLIETF,22.8700008392334
2025-10-28,NSE:MOM100,64.13999938964844
2025-10-28,NSE:NIFTYBEES,293.1000061035156
2025-10-29,NSE:MON100,241.6699981689453
2025-10-29,NSE:PHARMABEES,22.969999313354492
2025-10-29,NSE:CPSEETF,94.7699966430664
2025-10-29,NSE:MOM100,64.55999755859375
2025-10-29,NSE:NIFTYBEES,294.5
2025-10-29,NSE:BANKBEES,602.4500122070312
2025-10-29,NSE:LOWVOLIETF,22.950000762939453
2025-10-29,NSE:ITBEES,39.65999984741211
2025-10-29,NSE:MAFANG,174.60000610351562
2025-10-29,NSE:METALIETF,10.829999923706055
2025-10-30,NSE:MOM100,64.58000183105469
2025-10-30,NSE:LOWVOLIETF,22.780000686645508
2025-10-30,NSE:NIFTYBEES,292.5799865722656
2025-10-30,NSE:METALIETF,10.779999732971191
2025-10-30,NSE:CPSEETF,94.83000183105469
2025-10-30,NSE:BANKBEES,600.0800170898438
2025-10-30,NSE:MON100,245.02000427246094
2025-10-30,NSE:ITBEES,39.45000076293945
2025-10-30,NSE:PHARMABEES,22.829999923706055
2025-10-30,NSE:MAFANG,177.5500030517578
2025-10-31,NSE:CPSEETF,94.6500015258789
2025-10-31,NSE:MON100,244.5500030517578
2025-10-31,NSE:METALIETF,10.680000305175781
2025-10-31,NSE:MOM100,64.30999755859375
2025-10-31,NSE:PHARMABEES,22.719999313354492
2025-10-31,NSE:MAFANG,178.77999877929688
2025-10-31,NSE:BANKBEES,597.3900146484375
2025-10-31,NSE:LOWVOLIETF,22.68000030517578
2025-10-31,NSE:ITBEES,39.25
2025-10-31,NSE:NIFTYBEES,291.0799865722656
2025-11-03,NSE:MON100,245.44000244140625
2025-11-03,NSE:ITBEES,39.11000061035156
2025-11-03,NSE:NIFTYBEES,291.3500061035156
2025-11-03,NSE:LOWVOLIETF,22.68000030517578
2025-11-03,NSE:BANKBEES,600.0999755859375
2025-11-03,NSE:MOM100,64.75
2025-11-03,NSE:PHARMABEES,22.940000534057617
2025-11-03,NSE:CPSEETF,94.37000274658203
2025-11-03,NSE:METALIETF,10.720000267028809
2025-11-03,NSE:MAFANG,176.22999572753906
2025-11-04,NSE:PHARMABEES,22.850000381469727
2025-11-04,NSE:MAFANG,177.1999969482422
2025-11-04,NSE:CPSEETF,93.12999725341797
2025-11-04,NSE:NIFTYBEES,289.5899963378906
2025-11-04,NSE:METALIETF,10.539999961853027
2025-11-04,NSE:ITBEES,38.790000915527344
2025-11-04,NSE:MON100,241.39999389648438
2025-11-04,NSE:BANKBEES,597.2999877929688
2025-11-04,NSE:LOWVOLIETF,22.56999969482422
2025-11-04,NSE:MOM100,64.52999877929688
2025-11-06,NSE:CPSEETF,91.7699966430664
2025-11-06,NSE:ITBEES,38.790000915527344
2025-11-06,NSE:NIFTYBEES,288.239990234375
2025-11-06,NSE:PHARMABEES,22.760000228881836
2025-11-06,NSE:MOM100,63.970001220703125
2025-11-06,NSE:MAFANG,175.1300048828125
2025-11-06,NSE:LOWVOLIETF,22.579999923706055
2025-11-06,NSE:MON100,238.47000122070312
2025-11-06,NSE:METALIETF,10.329999923706055
2025-11-06,NSE:BANKBEES,594.4000244140625
2025-11-07,NSE:MAFANG,174.02999877929688
2025-11-07,NSE:METALIETF,10.479999542236328
2025-11-07,NSE:MOM100,64.37999725341797
2025-11-07,NSE:PHARMABEES,22.68000030517578
2025-11-07,NSE:NIFTYBEES,288.44000244140625
2025-11-07,NSE:MON100,234.05999755859375
2025-11-07,NSE:CPSEETF,92.05000305175781
2025-11-07,NSE:LOWVOLIETF,22.530000686645508
2025-11-07,NSE:BANKBEES,598.260009765625
2025-11-07,NSE:ITBEES,38.599998474121094
2025-11-10,NSE:NIFTYBEES,289.489990234375
2025-11-10,NSE:CPSEETF,92.3499984741211
2025-11-10,NSE:BANKBEES,598.1699829101562
2025-11-10,NSE:METALIETF,10.550000190734863
2025-11-10,NSE:ITBEES,39.22999954223633
2025-11-10,NSE:MAFANG,171.86000061035156
2025-11-10,NSE:LOWVOLIETF,22.709999084472656
2025-11-10,NSE:PHARMABEES,22.90999984741211
2025-11-10,NSE:MOM100,64.72000122070312
2025-11-10,NSE:MON100,239.8699951171875
2025-11-11,NSE:BANKBEES,599.75
2025-11-11,NSE:ITBEES,39.72999954223633
2025-11-11,NSE:PHARMABEES,22.90999984741211
2025-11-11,NSE:NIFTYBEES,290.82000732421875
2025-11-11,NSE:MAFANG,171.83999633789062
2025-11-11,NSE:METALIETF,10.619999885559082
2025-11-11,NSE:CPSEETF,92.81999969482422
2025-11-11,NSE:MOM100,64.91999816894531
2025-11-11,NSE:MON100,241.72999572753906
2025-11-11,NSE:LOWVOLIETF,22.68000030517578
2025-11-12,NSE:MAFANG,175.91000366210938
2025-11-12,NSE:MOM100,65.51000213623047
2025-11-12,NSE:LOWVOLIETF,22.8700008392334
2025-11-12,NSE:PHARMABEES,23.1299991607666
2025-11-12,NSE:ITBEES,40.52000045776367
2025-11-12,NSE:NIFTYBEES,292.7200012207031
2025-11-12,NSE:CPSEETF,93.02999877929688
2025-11-12,NSE:BANKBEES,601.3200073242188
2025-11-12,NSE:MON100,243.3699951171875
2025-11-12,NSE:METALIETF,10.600000381469727
2025-11-13,NSE:BANKBEES,602.0
2025-11-13,NSE:PHARMABEES,23.25
2025-11-13,NSE:METALIETF,10.640000343322754
2025-11-13,NSE:LOWVOLIETF,22.93000030517578
2025-11-13,NSE:ITBEES,40.36000061035156
2025-11-13,NSE:MON100,240.32000732421875
2025-11-13,NSE:MOM100,65.33000183105469
2025-11-13,NSE:NIFTYBEES,292.3900146484375
2025-11-13,NSE:CPSEETF,92.55999755859375
2025-11-13,NSE:MAFANG,174.94000244140625
2025-11-14,NSE:CPSEETF,93.4000015258789
2025-11-14,NSE:PHARMABEES,23.34000015258789
2025-11-14,NSE:ITBEES,39.95000076293945
2025-11-14,NSE:MON100,237.27999877929688
2025-11-14,NSE:METALIETF,10.529999732971191
2025-11-14,NSE:MOM100,65.4000015258789
2025-11-14,NSE:MAFANG,174.61000061035156
2025-11-14,NSE:BANKBEES,603.2899780273438
2025-11-14,NSE:LOWVOLIETF,22.920000076293945
2025-11-14,NSE:NIFTYBEES,292.8299865722656
2025-11-17,NSE:ITBEES,40.02000045776367
2025-11-17,NSE:METALIETF,10.5600004196167
2025-11-17,NSE:CPSEETF,93.5999984741211
2025-11-17,NSE:PHARMABEES,23.399999618530273
2025-11-17,NSE:NIFTYBEES,293.9700012207031
2025-11-17,NSE:MOM100,65.81999969482422
2025-11-17,NSE:MAFANG,171.1300048828125
2025-11-17,NSE:BANKBEES,607.8300170898438
2025-11-17,NSE:LOWVOLIETF,22.979999542236328
2025-11-17,NSE:MON100,235.77999877929688
2025-11-18,NSE:MON100,234.27999877929688
2025-11-18,NSE:MOM100,65.51000213623047
2025-11-18,NSE:MAFANG,170.02000427246094
2025-11-18,NSE:ITBEES,39.56999969482422
2025-11-18,NSE:NIFTYBEES,292.9700012207031
2025-11-18,NSE:PHARMABEES,23.260000228881836
2025-11-18,NSE:LOWVOLIETF,22.920000076293945
2025-11-18,NSE:CPSEETF,93.08999633789062
2025-11-18,NSE:BANKBEES,607.8499755859375
2025-11-18,NSE:METALIETF,10.4399995803833
2025-11-19,NSE:MOM100,65.61000061035156
2025-11-19,NSE:METALIETF,10.420000076293945
2025-11-19,NSE:NIFTYBEES,294.3699951171875
2025-11-19,NSE:LOWVOLIETF,23.1200008392334
2025-11-19,NSE:MAFANG,167.19000244140625
2025-11-19,NSE:BANKBEES,610.4000244140625
2025-11-19,NSE:ITBEES,40.720001220703125
2025-11-19,NSE:CPSEETF,93.05999755859375
2025-11-19,NSE:PHARMABEES,23.280000686645508
2025-11-19,NSE:MON100,233.5500030517578
2025-11-20,NSE:BANKBEES,611.6500244140625
2025-11-20,NSE:METALIETF,10.420000076293945
2025-11-20,NSE:CPSEETF,93.2300033569336
2025-11-20,NSE:MOM100,65.62000274658203
2025-11-20,NSE:MON100,236.42999267578125
2025-11-20,NSE:ITBEES,40.61000061035156
2025-11-20,NSE:PHARMABEES,23.270000457763672
2025-11-20,NSE:LOWVOLIETF,23.139999389648438
2025-11-20,NSE:MAFANG,167.41000366210938
2025-11-20,NSE:NIFTYBEES,295.6400146484375
2025-11-21,NSE:CPSEETF,92.5999984741211
2025-11-21,NSE:MON100,232.4199981689453
2025-11-21,NSE:MOM100,64.9000015258789
2025-11-21,NSE:METALIETF,10.180000305175781
2025-11-21,NSE:NIFTYBEES,294.32000732421875
2025-11-21,NSE:ITBEES,40.439998626708984
2025-11-21,NSE:PHARMABEES,23.149999618530273
2025-11-21,NSE:MAFANG,165.13999938964844
2025-11-21,NSE:BANKBEES,606.8499755859375
2025-11-21,NSE:LOWVOLIETF,23.059999465942383
2025-11-24,NSE:LOWVOLIETF,23.0
2025-11-24,NSE:MOM100,64.69000244140625
2025-11-24,NSE:NIFTYBEES,293.29998779296875
2025-11-24,NSE:MAFANG,164.5500030517578
2025-11-24,NSE:BANKBEES,606.6099853515625
2025-11-24,NSE:CPSEETF,91.47000122070312
2025-11-24,NSE:METALIETF,10.0600004196167
2025-11-24,NSE:ITBEES,40.66999816894531
2025-11-24,NSE:MON100,230.35000610351562
2025-11-24,NSE:PHARMABEES,23.030000686645508
2025-11-25,NSE:ITBEES,40.41999816894531
2025-11-25,NSE:LOWVOLIETF,22.959999084472656
2025-11-25,NSE:BANKBEES,606.4299926757812
2025-11-25,NSE:MOM100,64.93000030517578
2025-11-25,NSE:METALIETF,10.119999885559082
2025-11-25,NSE:CPSEETF,91.47000122070312
2025-11-25,NSE:MAFANG,165.27999877929688
2025-11-25,NSE:MON100,230.89999389648438
2025-11-25,NSE:PHARMABEES,23.170000076293945
2025-11-25,NSE:NIFTYBEES,292.67999267578125
2025-11-26,NSE:PHARMABEES,23.3799991607666
2025-11-26,NSE:CPSEETF,92.33999633789062
2025-11-26,NSE:ITBEES,40.97999954223633
2025-11-26,NSE:METALIETF,10.319999694824219
2025-11-26,NSE:NIFTYBEES,296.010009765625
2025-11-26,NSE:MOM100,65.76000213623047
2025-11-26,NSE:LOWVOLIETF,23.18000030517578
2025-11-26,NSE:MAFANG,169.8000030517578
2025-11-26,NSE:MON100,232.74000549316406
2025-11-26,NSE:BANKBEES,614.219970703125
2025-11-27,NSE:BANKBEES,615.7000122070312
2025-11-27,NSE:MOM100,65.8499984741211
2025-11-27,NSE:CPSEETF,91.97000122070312
2025-11-27,NSE:PHARMABEES,23.399999618530273
2025-11-27,NSE:NIFTYBEES,296.4200134277344
2025-11-27,NSE:METALIETF,10.319999694824219
2025-11-27,NSE:LOWVOLIETF,23.09000015258789
2025-11-27,NSE:ITBEES,41.06999969482422
2025-11-27,NSE:MON100,232.10000610351562
2025-11-27,NSE:MAFANG,173.0399932861328
2025-11-28,NSE:MOM100,65.75
2025-11-28,NSE:MAFANG,173.58999633789062
2025-11-28,NSE:ITBEES,41.040000915527344
2025-11-28,NSE:METALIETF,10.34000015258789
2025-11-28,NSE:BANKBEES,616.3699951171875
2025-11-28,NSE:LOWVOLIETF,23.09000015258789
2025-11-28,NSE:NIFTYBEES,296.489990234375
2025-11-28,NSE:MON100,231.75
2025-11-28,NSE:CPSEETF,91.55999755859375
2025-11-28,NSE:PHARMABEES,23.520000457763672
2025-12-01,NSE:NIFTYBEES,296.1000061035156
2025-12-01,NSE:ITBEES,41.18000030517578
2025-12-01,NSE:CPSEETF,91.95999908447266
2025-12-01,NSE:MOM100,65.7699966430664
2025-12-01,NSE:MON100,233.22000122070312
2025-12-01,NSE:MAFANG,173.58999633789062
2025-12-01,NSE:LOWVOLIETF,23.110000610351562
2025-12-01,NSE:METALIETF,10.399999618530273
2025-12-01,NSE:PHARMABEES,23.489999771118164
2025-12-01,NSE:BANKBEES,616.8599853515625
2025-12-02,NSE:NIFTYBEES,294.6600036621094
2025-12-02,NSE:MON100,234.67999267578125
2025-12-02,NSE:PHARMABEES,23.459999084472656
2025-12-02,NSE:LOWVOLIETF,23.1200008392334
2025-12-02,NSE:ITBEES,41.189998626708984
2025-12-02,NSE:MAFANG,175.47000122070312
2025-12-02,NSE:CPSEETF,91.54000091552734
2025-12-02,NSE:MOM100,65.62000274658203
2025-12-02,NSE:METALIETF,10.359999656677246
2025-12-02,NSE:BANKBEES,612.8499755859375
2025-12-03,NSE:BANKBEES,613.6400146484375
2025-12-03,NSE:MAFANG,175.36000061035156
2025-12-03,NSE:PHARMABEES,23.450000762939453
2025-12-03,NSE:CPSEETF,90.70999908447266
2025-12-03,NSE:NIFTYBEES,293.79998779296875
2025-12-03,NSE:MON100,235.89999389648438
2025-12-03,NSE:ITBEES,41.630001068115234
2025-12-03,NSE:METALIETF,10.289999961853027
2025-12-03,NSE:MOM100,64.97000122070312
2025-12-03,NSE:LOWVOLIETF,23.020000457763672
2025-12-04,NSE:METALIETF,10.3100004196167
2025-12-04,NSE:LOWVOLIETF,23.1200008392334
2025-12-04,NSE:BANKBEES,611.239990234375
2025-12-04,NSE:CPSEETF,90.94999694824219
2025-12-04,NSE:PHARMABEES,23.489999771118164
2025-12-04,NSE:MAFANG,176.25999450683594
2025-12-04,NSE:MON100,235.30999755859375
2025-12-04,NSE:MOM100,64.97000122070312
2025-12-04,NSE:ITBEES,42.06999969482422
2025-12-04,NSE:NIFTYBEES,294.3699951171875
2025-12-05,NSE:PHARMABEES,23.479999542236328
2025-12-05,NSE:MAFANG,176.2899932861328
2025-12-05,NSE:CPSEETF,90.95999908447266
2025-12-05,NSE:BANKBEES,616.02001953125
2025-12-05,NSE:ITBEES,42.45000076293945
2025-12-05,NSE:MOM100,65.27999877929688
2025-12-05,NSE:MON100,234.5800018310547
2025-12-05,NSE:LOWVOLIETF,23.25
2025-12-05,NSE:METALIETF,10.380000114440918
2025-12-05,NSE:NIFTYBEES,296.010009765625
2025-12-08,NSE:PHARMABEES,23.190000534057617
2025-12-08,NSE:MAFANG,176.05999755859375
2025-12-08,NSE:BANKBEES,611.469970703125
2025-12-08,NSE:NIFTYBEES,293.45001220703125
2025-12-08,NSE:METALIETF,10.180000305175781
2025-12-08,NSE:ITBEES,42.369998931884766
2025-12-08,NSE:MON100,236.0500030517578
2025-12-08,NSE:MOM100,64.08999633789062
2025-12-08,NSE:CPSEETF,89.30000305175781
2025-12-08,NSE:LOWVOLIETF,23.079999923706055
2025-12-09,NSE:MON100,234.50999450683594
2025-12-09,NSE:MOM100,64.19999694824219
2025-12-09,NSE:LOWVOLIETF,22.940000534057617
2025-12-09,NSE:BANKBEES,610.280029296875
2025-12-09,NSE:MAFANG,176.1999969482422
2025-12-09,NSE:CPSEETF,89.5999984741211
2025-12-09,NSE:PHARMABEES,23.049999237060547
2025-12-09,NSE:ITBEES,41.88999938964844
2025-12-09,NSE:METALIETF,10.149999618530273
2025-12-09,NSE:NIFTYBEES,292.3500061035156
2025-12-10,NSE:METALIETF,10.199999809265137
2025-12-10,NSE:MON100,233.6300048828125
2025-12-10,NSE:MOM100,63.54999923706055
2025-12-10,NSE:CPSEETF,89.69000244140625
2025-12-10,NSE:PHARMABEES,23.100000381469727
2025-12-10,NSE:BANKBEES,607.72998046875
2025-12-10,NSE:NIFTYBEES,291.55999755859375
2025-12-10,NSE:LOWVOLIETF,22.90999984741211
2025-12-10,NSE:ITBEES,41.47999954223633
2025-12-10,NSE:MAFANG,176.52000427246094
2025-12-11,NSE:LOWVOLIETF,23.010000228881836
2025-12-11,NSE:NIFTYBEES,292.92999267578125
2025-12-11,NSE:MOM100,64.08999633789062
2025-12-11,NSE:MON100,232.47999572753906
2025-12-11,NSE:ITBEES,41.81999969482422
2025-12-11,NSE:METALIETF,10.319999694824219
2025-12-11,NSE:MAFANG,176.49000549316406
2025-12-11,NSE:PHARMABEES,23.329999923706055
2025-12-11,NSE:BANKBEES,610.280029296875
2025-12-11,NSE:CPSEETF,89.44000244140625
2025-12-12,NSE:MAFANG,176.0399932861328
2025-12-12,NSE:PHARMABEES,23.329999923706055
2025-12-12,NSE:BANKBEES,613.1400146484375
2025-12-12,NSE:MON100,233.42999267578125
2025-12-12,NSE:MOM100,64.93000030517578
2025-12-12,NSE:NIFTYBEES,294.69000244140625
2025-12-12,NSE:METALIETF,10.579999923706055
2025-12-12,NSE:LOWVOLIETF,23.1200008392334
2025-12-12,NSE:ITBEES,42.04999923706055
2025-12-12,NSE:CPSEETF,89.58000183105469
2025-12-15,NSE:NIFTYBEES,294.5400085449219
2025-12-15,NSE:MOM100,64.86000061035156
2025-12-15,NSE:BANKBEES,613.3900146484375
2025-12-15,NSE:ITBEES,42.13999938964844
2025-12-15,NSE:METALIETF,10.600000381469727
2025-12-15,NSE:MON100,234.5500030517578
2025-12-15,NSE:MAFANG,176.25999450683594
2025-12-15,NSE:LOWVOLIETF,23.15999984741211
2025-12-15,NSE:CPSEETF,89.4800033569336
2025-12-15,NSE:PHARMABEES,23.239999771118164
2025-12-16,NSE:LOWVOLIETF,23.049999237060547
2025-12-16,NSE:CPSEETF,88.86000061035156
2025-12-16,NSE:METALIETF,10.510000228881836
2025-12-16,NSE:MAFANG,172.16000366210938
2025-12-16,NSE:BANKBEES,609.72998046875
2025-12-16,NSE:MOM100,64.29000091552734
2025-12-16,NSE:ITBEES,41.7599983215332
2025-12-16,NSE:MON100,234.39999389648438
2025-12-16,NSE:NIFTYBEES,292.6600036621094
2025-12-16,NSE:PHARMABEES,23.110000610351562
2025-12-17,NSE:CPSEETF,88.7300033569336
2025-12-17,NSE:PHARMABEES,23.139999389648438
2025-12-17,NSE:MAFANG,168.5500030517578
2025-12-17,NSE:METALIETF,10.529999732971191
2025-12-17,NSE:MON100,234.24000549316406
2025-12-17,NSE:BANKBEES,607.8699951171875
2025-12-17,NSE:NIFTYBEES,291.7099914550781
2025-12-17,NSE:ITBEES,41.880001068115234
2025-12-17,NSE:MOM100,63.95000076293945
2025-12-17,NSE:LOWVOLIETF,22.959999084472656
2025-12-18,NSE:PHARMABEES,23.09000015258789
2025-12-18,NSE:CPSEETF,88.2699966430664
2025-12-18,NSE:METALIETF,10.539999961853027
2025-12-18,NSE:ITBEES,42.349998474121094
2025-12-18,NSE:MON100,233.50999450683594
2025-12-18,NSE:MOM100,64.19000244140625
2025-12-18,NSE:BANKBEES,607.6300048828125
2025-12-18,NSE:NIFTYBEES,291.8399963378906
2025-12-18,NSE:LOWVOLIETF,22.950000762939453
2025-12-18,NSE:MAFANG,169.9499969482422
2025-12-19,NSE:METALIETF,10.569999694824219
2025-12-19,NSE:CPSEETF,89.3467025756836
2025-12-19,NSE:LOWVOLIETF,23.079999923706055
2025-12-19,NSE:MOM100,64.85970306396484
2025-12-19,NSE:BANKBEES,609.706787109375
2025-12-19,NSE:MON100,234.8000030517578
2025-12-19,NSE:ITBEES,42.41999816894531
2025-12-19,NSE:PHARMABEES,23.31999969482422
2025-12-19,NSE:NIFTYBEES,293.4494934082031
2025-12-22,NSE:PHARMABEES,23.450000762939453
2025-12-22,NSE:LOWVOLIETF,23.239999771118164
2025-12-22,NSE:METALIETF,10.710000038146973
2025-12-22,NSE:CPSEETF,89.95999908447266
2025-12-22,NSE:MON100,234.82000732421875
2025-12-22,NSE:ITBEES,43.290000915527344
2025-12-22,NSE:MOM100,65.5
2025-12-22,NSE:MAFANG,166.86000061035156
2025-12-22,NSE:NIFTYBEES,295.69000244140625
2025-12-22,NSE:BANKBEES,611.260009765625
2025-12-23,NSE:NIFTYBEES,295.67999267578125
2025-12-23,NSE:MOM100,65.48999786376953
2025-12-23,NSE:MON100,234.39999389648438
2025-12-23,NSE:LOWVOLIETF,23.209999084472656
2025-12-23,NSE:ITBEES,42.9900016784668
2025-12-23,NSE:METALIETF,10.770000457763672
2025-12-23,NSE:CPSEETF,91.16000366210938
2025-12-23,NSE:MAFANG,168.97999572753906
2025-12-23,NSE:PHARMABEES,23.40999984741211
2025-12-23,NSE:BANKBEES,610.6400146484375
2025-12-24,NSE:BANKBEES,610.1799926757812
2025-12-24,NSE:LOWVOLIETF,23.18000030517578
2025-12-24,NSE:NIFTYBEES,295.5
2025-12-24,NSE:MOM100,65.1500015258789
2025-12-24,NSE:MON100,234.08999633789062
2025-12-24,NSE:PHARMABEES,23.309999465942383
2025-12-24,NSE:MAFANG,168.1300048828125
2025-12-24,NSE:ITBEES,42.72999954223633
2025-12-24,NSE:METALIETF,10.770000457763672
2025-12-24,NSE:CPSEETF,91.18000030517578
2025-12-26,NSE:NIFTYBEES,294.4599914550781
2025-12-26,NSE:ITBEES,42.34000015258789
2025-12-26,NSE:METALIETF,10.850000381469727
2025-12-26,NSE:LOWVOLIETF,23.15999984741211
2025-12-26,NSE:BANKBEES,608.2899780273438
2025-12-26,NSE:MON100,233.5800018310547
2025-12-26,NSE:MAFANG,170.24000549316406
2025-12-26,NSE:PHARMABEES,23.25
2025-12-26,NSE:MOM100,64.91999816894531
2025-12-26,NSE:CPSEETF,91.0999984741211
2025-12-29,NSE:LOWVOLIETF,23.09000015258789
2025-12-29,NSE:MAFANG,170.27999877929688
2025-12-29,NSE:PHARMABEES,23.1299991607666
2025-12-29,NSE:NIFTYBEES,293.1499938964844
2025-12-29,NSE:CPSEETF,90.2699966430664
2025-12-29,NSE:BANKBEES,607.3499755859375
2025-12-29,NSE:METALIETF,10.829999923706055
2025-12-29,NSE:ITBEES,41.97999954223633
2025-12-29,NSE:MOM100,64.56999969482422
2025-12-29,NSE:MON100,230.47000122070312
2025-12-30,NSE:ITBEES,41.7599983215332
2025-12-30,NSE:MON100,231.24000549316406
2025-12-30,NSE:BANKBEES,611.5599975585938
2025-12-30,NSE:CPSEETF,90.31999969482422
2025-12-30,NSE:PHARMABEES,23.149999618530273
2025-12-30,NSE:MOM100,64.56999969482422
2025-12-30,NSE:METALIETF,11.0600004196167
2025-12-30,NSE:MAFANG,170.27999877929688
2025-12-30,NSE:LOWVOLIETF,23.020000457763672
2025-12-30,NSE:NIFTYBEES,293.32000732421875
2025-12-31,NSE:ITBEES,41.66999816894531
2025-12-31,NSE:MOM100,65.20999908447266
2025-12-31,NSE:LOWVOLIETF,23.229999542236328
2025-12-31,NSE:BANKBEES,615.1799926757812
2025-12-31,NSE:MON100,231.6300048828125
2025-12-31,NSE:PHARMABEES,23.34000015258789
2025-12-31,NSE:NIFTYBEES,295.30999755859375
2025-12-31,NSE:MAFANG,169.38999938964844
2025-12-31,NSE:METALIETF,11.229999542236328
2025-12-31,NSE:CPSEETF,91.75
2026-01-01,NSE:ITBEES,41.970001220703125
2026-01-01,NSE:METALIETF,11.3100004196167
2026-01-01,NSE:PHARMABEES,23.200000762939453
2026-01-01,NSE:MAFANG,169.11000061035156
2026-01-01,NSE:MON100,234.5399932861328
2026-01-01,NSE:BANKBEES,615.2899780273438
2026-01-01,NSE:LOWVOLIETF,23.18000030517578
2026-01-01,NSE:MOM100,65.4000015258789
2026-01-01,NSE:CPSEETF,91.94000244140625
2026-01-01,NSE:NIFTYBEES,295.3299865722656
2026-01-02,NSE:MON100,234.89999389648438
2026-01-02,NSE:PHARMABEES,23.34000015258789
2026-01-02,NSE:BANKBEES,619.9099731445312
2026-01-02,NSE:LOWVOLIETF,23.270000457763672
2026-01-02,NSE:NIFTYBEES,297.54998779296875
2026-01-02,NSE:MOM100,66.01000213623047
2026-01-02,NSE:ITBEES,42.13999938964844
2026-01-02,NSE:MAFANG,167.72000122070312
2026-01-02,NSE:CPSEETF,94.7300033569336
2026-01-02,NSE:METALIETF,11.479999542236328
2026-01-05,NSE:ITBEES,41.5099983215332
2026-01-05,NSE:MOM100,65.83999633789062
2026-01-05,NSE:BANKBEES,619.219970703125
2026-01-05,NSE:CPSEETF,94.9000015258789
2026-01-05,NSE:LOWVOLIETF,23.309999465942383
2026-01-05,NSE:MON100,235.0
2026-01-05,NSE:METALIETF,11.550000190734863
2026-01-05,NSE:MAFANG,167.72000122070312
2026-01-05,NSE:PHARMABEES,23.25
2026-01-05,NSE:NIFTYBEES,296.4100036621094
2026-01-06,NSE:LOWVOLIETF,23.399999618530273
2026-01-06,NSE:PHARMABEES,23.670000076293945
2026-01-06,NSE:ITBEES,41.63999938964844
2026-01-06,NSE:CPSEETF,94.87000274658203
2026-01-06,NSE:NIFTYBEES,296.0199890136719
2026-01-06,NSE:METALIETF,11.579999923706055
2026-01-06,NSE:MON100,235.27999877929688
2026-01-06,NSE:BANKBEES,619.9299926757812
2026-01-06,NSE:MAFANG,165.61000061035156
2026-01-06,NSE:MOM100,65.86000061035156
2026-01-07,NSE:LOWVOLIETF,23.420000076293945
2026-01-07,NSE:NIFTYBEES,295.7200012207031
2026-01-07,NSE:ITBEES,42.43000030517578
2026-01-07,NSE:MOM100,66.16999816894531
2026-01-07,NSE:CPSEETF,94.44000244140625
2026-01-07,NSE:BANKBEES,618.969970703125
2026-01-07,NSE:PHARMABEES,23.860000610351562
2026-01-07,NSE:METALIETF,11.579999923706055
2026-01-07,NSE:MON100,236.00999450683594
2026-01-07,NSE:MAFANG,166.89999389648438
2026-01-08,NSE:MOM100,64.91000366210938
2026-01-08,NSE:PHARMABEES,23.479999542236328
2026-01-08,NSE:BANKBEES,616.5599975585938
2026-01-08,NSE:NIFTYBEES,292.92999267578125
2026-01-08,NSE:ITBEES,41.630001068115234
2026-01-08,NSE:MAFANG,167.52000427246094
2026-01-08,NSE:LOWVOLIETF,23.190000534057617
2026-01-08,NSE:CPSEETF,92.58999633789062
2026-01-08,NSE:METALIETF,11.170000076293945
2026-01-08,NSE:MON100,233.99000549316406
2026-01-09,NSE:CPSEETF,92.51000213623047
2026-01-09,NSE:ITBEES,41.72999954223633
2026-01-09,NSE:METALIETF,11.130000114440918
2026-01-09,NSE:MAFANG,168.36000061035156
2026-01-09,NSE:NIFTYBEES,290.5899963378906
2026-01-09,NSE:LOWVOLIETF,23.06999969482422
2026-01-09,NSE:MON100,234.6699981689453
2026-01-09,NSE:PHARMABEES,23.34000015258789
2026-01-09,NSE:MOM100,64.4000015258789
2026-01-09,NSE:BANKBEES,611.8300170898438
2026-01-12,NSE:CPSEETF,93.1500015258789
2026-01-12,NSE:BANKBEES,613.5800170898438
2026-01-12,NSE:LOWVOLIETF,23.18000030517578
2026-01-12,NSE:MON100,235.63999938964844
2026-01-12,NSE:MOM100,64.33999633789062
2026-01-12,NSE:METALIETF,11.369999885559082
2026-01-12,NSE:NIFTYBEES,291.8699951171875
2026-01-12,NSE:PHARMABEES,23.239999771118164
2026-01-12,NSE:ITBEES,41.689998626708984
2026-01-12,NSE:MAFANG,166.52999877929688
2026-01-13,NSE:MON100,234.7899932861328
2026-01-13,NSE:METALIETF,11.40999984741211
2026-01-13,NSE:PHARMABEES,23.100000381469727
2026-01-13,NSE:LOWVOLIETF,23.139999389648438
2026-01-13,NSE:BANKBEES,614.5700073242188
2026-01-13,NSE:ITBEES,41.93000030517578
2026-01-13,NSE:MAFANG,168.19000244140625
2026-01-13,NSE:MOM100,64.19000244140625
2026-01-13,NSE:NIFTYBEES,291.1300048828125
2026-01-13,NSE:CPSEETF,93.4000015258789
2026-01-14,NSE:BANKBEES,614.510009765625
2026-01-14,NSE:ITBEES,41.4900016784668
2026-01-14,NSE:PHARMABEES,23.09000015258789
2026-01-14,NSE:MAFANG,168.50999450683594
2026-01-14,NSE:NIFTYBEES,290.6600036621094
2026-01-14,NSE:MON100,234.22999572753906
2026-01-14,NSE:METALIETF,11.720000267028809
2026-01-14,NSE:CPSEETF,94.55000305175781
2026-01-14,NSE:MOM100,64.2300033569336
2026-01-14,NSE:LOWVOLIETF,23.0
2026-01-15,NSE:MON100,234.22999572753906
2026-01-15,NSE:MOM100,64.2300033569336
2026-01-15,NSE:MAFANG,168.50999450683594
2026-01-15,NSE:BANKBEES,614.510009765625
2026-01-15,NSE:CPSEETF,94.55000305175781
2026-01-15,NSE:NIFTYBEES,290.6600036621094
2026-01-16,NSE:CPSEETF,93.83999633789062
2026-01-16,NSE:MAFANG,168.5
2026-01-16,NSE:ITBEES,43.04999923706055
2026-01-16,NSE:METALIETF,11.649999618530273
2026-01-16,NSE:NIFTYBEES,291.0400085449219
2026-01-16,NSE:MON100,235.5399932861328
2026-01-16,NSE:LOWVOLIETF,23.0
2026-01-16,NSE:BANKBEES,619.9199829101562
2026-01-16,NSE:MOM100,64.36000061035156
2026-01-16,NSE:PHARMABEES,22.799999237060547
2026-01-19,NSE:NIFTYBEES,289.6300048828125
2026-01-19,NSE:LOWVOLIETF,22.8700008392334
2026-01-19,NSE:ITBEES,42.86000061035156
2026-01-19,NSE:METALIETF,11.649999618530273
2026-01-19,NSE:MON100,233.1699981689453
2026-01-19,NSE:PHARMABEES,22.700000762939453
2026-01-19,NSE:CPSEETF,93.23999786376953
2026-01-19,NSE:MAFANG,165.4600067138672
2026-01-19,NSE:BANKBEES,617.219970703125
2026-01-19,NSE:MOM100,64.20999908447266
2026-01-20,NSE:MOM100,62.560001373291016
2026-01-20,NSE:MAFANG,165.8800048828125
2026-01-20,NSE:MON100,231.17999267578125
2026-01-20,NSE:CPSEETF,91.72000122070312
2026-01-20,NSE:METALIETF,11.40999984741211
2026-01-20,NSE:ITBEES,41.970001220703125
2026-01-20,NSE:LOWVOLIETF,22.520000457763672
2026-01-20,NSE:NIFTYBEES,286.2799987792969
2026-01-20,NSE:BANKBEES,612.1699829101562
2026-01-20,NSE:PHARMABEES,22.280000686645508
2026-01-21,NSE:MOM100,61.83000183105469
2026-01-21,NSE:MON100,226.5
2026-01-21,NSE:BANKBEES,606.1599731445312
2026-01-21,NSE:CPSEETF,91.5199966430664
2026-01-21,NSE:PHARMABEES,22.1299991607666
2026-01-21,NSE:NIFTYBEES,284.95001220703125
2026-01-21,NSE:MAFANG,165.77000427246094
2026-01-21,NSE:METALIETF,11.5
2026-01-21,NSE:LOWVOLIETF,22.43000030517578
2026-01-21,NSE:ITBEES,41.849998474121094
2026-01-22,NSE:LOWVOLIETF,22.6299991607666
2026-01-22,NSE:CPSEETF,93.41000366210938
2026-01-22,NSE:PHARMABEES,22.510000228881836
2026-01-22,NSE:METALIETF,11.600000381469727
2026-01-22,NSE:ITBEES,42.22999954223633
2026-01-22,NSE:MOM100,62.66999816894531
2026-01-22,NSE:BANKBEES,610.969970703125
2026-01-22,NSE:MON100,235.74000549316406
2026-01-22,NSE:NIFTYBEES,286.6099853515625
2026-01-22,NSE:MAFANG,161.88999938964844
2026-01-23,NSE:NIFTYBEES,283.9100036621094
2026-01-23,NSE:MOM100,61.540000915527344
2026-01-23,NSE:BANKBEES,603.3499755859375
2026-01-23,NSE:CPSEETF,92.18000030517578
2026-01-23,NSE:METALIETF,11.520000457763672
2026-01-23,NSE:LOWVOLIETF,22.459999084472656
2026-01-23,NSE:MON100,237.8800048828125
2026-01-23,NSE:ITBEES,42.119998931884766
2026-01-23,NSE:PHARMABEES,22.31999969482422
2026-01-23,NSE:MAFANG,162.89999389648438
2026-01-27,NSE:MOM100,61.91999816894531
2026-01-27,NSE:ITBEES,42.5099983215332
2026-01-27,NSE:NIFTYBEES,285.2200012207031
2026-01-27,NSE:METALIETF,11.890000343322754
2026-01-27,NSE:BANKBEES,611.1099853515625
2026-01-27,NSE:CPSEETF,93.41000366210938
2026-01-27,NSE:LOWVOLIETF,22.479999542236328
2026-01-27,NSE:PHARMABEES,22.34000015258789
2026-01-27,NSE:MAFANG,164.47000122070312
2026-01-27,NSE:MON100,236.52999877929688
2026-01-28,NSE:BANKBEES,614.1400146484375
2026-01-28,NSE:MOM100,62.95000076293945
2026-01-28,NSE:MON100,235.27999877929688
2026-01-28,NSE:NIFTYBEES,286.6099853515625
2026-01-28,NSE:ITBEES,42.650001525878906
2026-01-28,NSE:MAFANG,166.27999877929688
2026-01-28,NSE:PHARMABEES,22.270000457763672
2026-01-28,NSE:METALIETF,12.180000305175781
2026-01-28,NSE:LOWVOLIETF,22.469999313354492
2026-01-28,NSE:CPSEETF,98.08000183105469
2026-01-29,NSE:PHARMABEES,22.1200008392334
2026-01-29,NSE:MOM100,63.029998779296875
2026-01-29,NSE:CPSEETF,99.27999877929688
2026-01-29,NSE:MON100,233.86000061035156
2026-01-29,NSE:METALIETF,12.5600004196167
2026-01-29,NSE:LOWVOLIETF,22.3700008392334
2026-01-29,NSE:NIFTYBEES,287.3699951171875
2026-01-29,NSE:ITBEES,42.31999969482422
2026-01-29,NSE:MAFANG,168.9600067138672
2026-01-29,NSE:BANKBEES,617.9199829101562
2026-01-30,NSE:METALIETF,11.850000381469727
2026-01-30,NSE:BANKBEES,615.72998046875
2026-01-30,NSE:PHARMABEES,22.239999771118164
2026-01-30,NSE:MAFANG,168.69000244140625
2026-01-30,NSE:MOM100,62.83000183105469
2026-01-30,NSE:CPSEETF,98.19000244140625
2026-01-30,NSE:LOWVOLIETF,22.420000076293945
2026-01-30,NSE:ITBEES,41.939998626708984
2026-01-30,NSE:MON100,230.55999755859375
2026-01-30,NSE:NIFTYBEES,286.7300109863281
2026-02-02,NSE:ITBEES,41.939998626708984
2026-02-02,NSE:METALIETF,11.640000343322754
2026-02-02,NSE:MAFANG,166.1699981689453
2026-02-02,NSE:MON100,225.44000244140625
2026-02-02,NSE:LOWVOLIETF,22.299999237060547
2026-02-02,NSE:CPSEETF,95.88999938964844
2026-02-02,NSE:PHARMABEES,22.079999923706055
2026-02-02,NSE:BANKBEES,604.47998046875
2026-02-02,NSE:MOM100,62.119998931884766
2026-02-02,NSE:NIFTYBEES,283.94000244140625
2026-02-03,NSE:BANKBEES,619.5499877929688
2026-02-03,NSE:MOM100,64.0
2026-02-03,NSE:CPSEETF,98.01000213623047
2026-02-03,NSE:MON100,231.80999755859375
2026-02-03,NSE:METALIETF,11.9399995803833
2026-02-03,NSE:NIFTYBEES,291.239990234375
2026-02-03,NSE:LOWVOLIETF,22.670000076293945
2026-02-03,NSE:MAFANG,166.1699981689453
2026-02-03,NSE:ITBEES,42.59000015258789
2026-02-03,NSE:PHARMABEES,22.739999771118164
2026-02-04,NSE:MON100,228.97999572753906
2026-02-04,NSE:MAFANG,165.7899932861328
2026-02-04,NSE:ITBEES,40.2400016784668
2026-02-04,NSE:METALIETF,12.050000190734863
2026-02-04,NSE:LOWVOLIETF,22.68000030517578
2026-02-04,NSE:MOM100,64.2300033569336
2026-02-04,NSE:NIFTYBEES,291.6499938964844
2026-02-04,NSE:BANKBEES,620.9500122070312
2026-02-04,NSE:CPSEETF,99.91000366210938
2026-02-04,NSE:PHARMABEES,22.700000762939453
2026-02-05,NSE:METALIETF,11.960000038146973
2026-02-05,NSE:MOM100,64.05000305175781
2026-02-05,NSE:NIFTYBEES,290.3500061035156
2026-02-05,NSE:CPSEETF,99.79000091552734
2026-02-05,NSE:MON100,225.10000610351562
2026-02-05,NSE:LOWVOLIETF,22.600000381469727
2026-02-05,NSE:ITBEES,39.97999954223633
2026-02-05,NSE:BANKBEES,620.5499877929688
2026-02-05,NSE:PHARMABEES,22.639999389648438
2026-02-05,NSE:MAFANG,161.05999755859375
2026-02-06,NSE:BANKBEES,619.7899780273438
2026-02-06,NSE:NIFTYBEES,290.6499938964844
2026-02-06,NSE:PHARMABEES,22.489999771118164
2026-02-06,NSE:MON100,227.6999969482422
2026-02-06,NSE:MAFANG,157.16000366210938
2026-02-06,NSE:CPSEETF,99.81999969482422
2026-02-06,NSE:ITBEES,39.349998474121094
2026-02-06,NSE:MOM100,64.0199966430664
2026-02-06,NSE:LOWVOLIETF,22.65999984741211
2026-02-06,NSE:METALIETF,11.970000267028809
2026-02-09,NSE:MON100,232.67999267578125
2026-02-09,NSE:CPSEETF,99.87999725341797
2026-02-09,NSE:MOM100,64.91000366210938
2026-02-09,NSE:MAFANG,153.25999450683594
2026-02-09,NSE:PHARMABEES,22.920000076293945
2026-02-09,NSE:METALIETF,12.149999618530273
2026-02-09,NSE:NIFTYBEES,292.55999755859375
2026-02-09,NSE:LOWVOLIETF,22.790000915527344
2026-02-09,NSE:BANKBEES,625.280029296875
2026-02-09,NSE:ITBEES,39.290000915527344
2026-02-10,NSE:MOM100,65.30999755859375
2026-02-10,NSE:MAFANG,155.9199981689453
2026-02-10,NSE:METALIETF,12.279999732971191
2026-02-10,NSE:MON100,232.22000122070312
2026-02-10,NSE:BANKBEES,626.1500244140625
2026-02-10,NSE:CPSEETF,100.36000061035156
2026-02-10,NSE:ITBEES,39.459999084472656
2026-02-10,NSE:PHARMABEES,22.809999465942383
2026-02-10,NSE:LOWVOLIETF,22.860000610351562
2026-02-10,NSE:NIFTYBEES,293.55999755859375
2026-02-11,NSE:MON100,234.8699951171875
2026-02-11,NSE:MAFANG,158.44000244140625
2026-02-11,NSE:BANKBEES,627.6699829101562
2026-02-11,NSE:LOWVOLIETF,22.969999313354492
2026-02-11,NSE:CPSEETF,100.55000305175781
2026-02-11,NSE:NIFTYBEES,293.8500061035156
2026-02-11,NSE:PHARMABEES,22.979999542236328
2026-02-11,NSE:MOM100,65.33000183105469
2026-02-11,NSE:ITBEES,38.790000915527344
2026-02-11,NSE:METALIETF,12.300000190734863
2026-02-12,NSE:PHARMABEES,22.940000534057617
2026-02-12,NSE:NIFTYBEES,292.2699890136719
2026-02-12,NSE:MOM100,65.01000213623047
2026-02-12,NSE:ITBEES,36.650001525878906
2026-02-12,NSE:BANKBEES,627.8699951171875
2026-02-12,NSE:MAFANG,157.75
2026-02-12,NSE:LOWVOLIETF,22.84000015258789
2026-02-12,NSE:MON100,231.8800048828125
2026-02-12,NSE:METALIETF,12.300000190734863
2026-02-12,NSE:CPSEETF,100.44000244140625
2026-02-13,NSE:PHARMABEES,22.75
2026-02-13,NSE:METALIETF,11.949999809265137
2026-02-13,NSE:LOWVOLIETF,22.56999969482422
2026-02-13,NSE:MON100,230.24000549316406
2026-02-13,NSE:MAFANG,156.3800048828125
2026-02-13,NSE:BANKBEES,622.4500122070312
2026-02-13,NSE:MOM100,64.0
2026-02-13,NSE:CPSEETF,98.51000213623047
2026-02-13,NSE:ITBEES,36.11000061035156
2026-02-13,NSE:NIFTYBEES,288.8699951171875
2026-02-16,NSE:LOWVOLIETF,22.729999542236328
2026-02-16,NSE:BANKBEES,628.6099853515625
2026-02-16,NSE:NIFTYBEES,290.760009765625
2026-02-16,NSE:MON100,232.6699981689453
2026-02-16,NSE:CPSEETF,100.44999694824219
2026-02-16,NSE:MOM100,64.33999633789062
2026-02-16,NSE:MAFANG,152.2899932861328
2026-02-16,NSE:PHARMABEES,22.940000534057617
2026-02-16,NSE:METALIETF,11.979999542236328
2026-02-16,NSE:ITBEES,36.189998626708984
2026-02-17,NSE:BANKBEES,631.25
2026-02-17,NSE:METALIETF,11.850000381469727
2026-02-17,NSE:CPSEETF,101.05000305175781
2026-02-17,NSE:ITBEES,36.56999969482422
2026-02-17,NSE:MON100,228.83999633789062
2026-02-17,NSE:NIFTYBEES,291.5199890136719
2026-02-17,NSE:MAFANG,151.99000549316406
2026-02-17,NSE:MOM100,64.45999908447266
2026-02-17,NSE:PHARMABEES,23.030000686645508
2026-02-17,NSE:LOWVOLIETF,22.780000686645508
2026-02-18,NSE:MAFANG,151.99000549316406
2026-02-18,NSE:MOM100,64.87999725341797
2026-02-18,NSE:ITBEES,36.09000015258789
2026-02-18,NSE:PHARMABEES,23.09000015258789
2026-02-18,NSE:NIFTYBEES,292.20001220703125
2026-02-18,NSE:LOWVOLIETF,22.8799991607666
2026-02-18,NSE:MON100,227.99000549316406
2026-02-18,NSE:METALIETF,12.039999961853027
2026-02-18,NSE:BANKBEES,635.8599853515625
2026-02-18,NSE:CPSEETF,100.77999877929688
2026-02-19,NSE:CPSEETF,100.31999969482422
2026-02-19,NSE:MAFANG,152.5399932861328
2026-02-19,NSE:METALIETF,11.890000343322754
2026-02-19,NSE:MOM100,63.79999923706055
2026-02-19,NSE:MON100,229.49000549316406
2026-02-19,NSE:NIFTYBEES,288.3800048828125
2026-02-19,NSE:PHARMABEES,22.969999313354492
2026-02-19,NSE:ITBEES,35.709999084472656
2026-02-19,NSE:LOWVOLIETF,22.56999969482422
2026-02-19,NSE:BANKBEES,626.3400268554688
2026-02-20,NSE:MAFANG,153.6999969482422
2026-02-20,NSE:NIFTYBEES,289.2300109863281
2026-02-20,NSE:BANKBEES,631.219970703125
2026-02-20,NSE:ITBEES,35.380001068115234
2026-02-20,NSE:METALIETF,12.010000228881836
2026-02-20,NSE:LOWVOLIETF,22.760000228881836
2026-02-20,NSE:MON100,225.7899932861328
2026-02-20,NSE:PHARMABEES,23.020000457763672
2026-02-20,NSE:MOM100,64.13999938964844
2026-02-20,NSE:CPSEETF,101.62999725341797
2026-02-23,NSE:METALIETF,11.989999771118164
2026-02-23,NSE:LOWVOLIETF,22.829999923706055
2026-02-23,NSE:BANKBEES,631.5999755859375
2026-02-23,NSE:ITBEES,34.86000061035156
2026-02-23,NSE:PHARMABEES,23.1299991607666
2026-02-23,NSE:MOM100,63.900001525878906
2026-02-23,NSE:MON100,229.32000732421875
2026-02-23,NSE:CPSEETF,101.94000244140625
2026-02-23,NSE:MAFANG,153.49000549316406
2026-02-23,NSE:NIFTYBEES,290.45001220703125
2026-02-24,NSE:PHARMABEES,23.239999771118164
2026-02-24,NSE:LOWVOLIETF,22.670000076293945
2026-02-24,NSE:CPSEETF,102.66999816894531
2026-02-24,NSE:ITBEES,33.20000076293945
2026-02-24,NSE:BANKBEES,629.9600219726562
2026-02-24,NSE:METALIETF,12.109999656677246
2026-02-24,NSE:MON100,228.3300018310547
2026-02-24,NSE:MOM100,63.77000045776367
2026-02-24,NSE:MAFANG,154.77999877929688
2026-02-24,NSE:NIFTYBEES,287.8500061035156
2026-02-25,NSE:MON100,229.69000244140625
2026-02-25,NSE:METALIETF,12.430000305175781
2026-02-25,NSE:LOWVOLIETF,22.780000686645508
2026-02-25,NSE:CPSEETF,103.31999969482422
2026-02-25,NSE:BANKBEES,629.489990234375
2026-02-25,NSE:NIFTYBEES,288.6300048828125
2026-02-25,NSE:ITBEES,33.72999954223633
2026-02-25,NSE:MOM100,63.959999084472656
2026-02-25,NSE:PHARMABEES,23.65999984741211
2026-02-25,NSE:MAFANG,150.8699951171875
2026-02-26,NSE:MAFANG,152.0800018310547
2026-02-26,NSE:ITBEES,33.75
2026-02-26,NSE:NIFTYBEES,288.5799865722656
2026-02-26,NSE:CPSEETF,103.2699966430664
2026-02-26,NSE:MOM100,64.48999786376953
2026-02-26,NSE:PHARMABEES,23.860000610351562
2026-02-26,NSE:BANKBEES,630.3499755859375
2026-02-26,NSE:METALIETF,12.470000267028809
2026-02-26,NSE:LOWVOLIETF,22.780000686645508
2026-02-26,NSE:MON100,227.1300048828125
2026-02-27,NSE:NIFTYBEES,285.2900085449219
2026-02-27,NSE:MON100,225.19000244140625
2026-02-27,NSE:MOM100,63.75
2026-02-27,NSE:LOWVOLIETF,22.510000228881836
2026-02-27,NSE:PHARMABEES,23.59000015258789
2026-02-27,NSE:METALIETF,12.300000190734863
2026-02-27,NSE:CPSEETF,102.86000061035156
2026-02-27,NSE:MAFANG,155.58999633789062
2026-02-27,NSE:BANKBEES,623.969970703125
2026-02-27,NSE:ITBEES,33.81999969482422
2026-03-02,NSE:METALIETF,12.3100004196167
2026-03-02,NSE:MON100,222.92999267578125
2026-03-02,NSE:CPSEETF,102.31999969482422
2026-03-02,NSE:MOM100,62.720001220703125
2026-03-02,NSE:MAFANG,154.60000610351562
2026-03-02,NSE:NIFTYBEES,281.92999267578125
2026-03-02,NSE:BANKBEES,617.719970703125
2026-03-02,NSE:PHARMABEES,23.600000381469727
2026-03-02,NSE:LOWVOLIETF,22.290000915527344
2026-03-02,NSE:ITBEES,33.459999084472656
2026-03-04,NSE:NIFTYBEES,277.2900085449219
2026-03-04,NSE:MON100,218.5800018310547
2026-03-04,NSE:MOM100,61.38999938964844
2026-03-04,NSE:BANKBEES,606.3200073242188
2026-03-04,NSE:ITBEES,33.47999954223633
2026-03-04,NSE:CPSEETF,101.19999694824219
2026-03-04,NSE:MAFANG,154.97999572753906
2026-03-04,NSE:METALIETF,11.829999923706055
2026-03-04,NSE:LOWVOLIETF,21.899999618530273
2026-03-04,NSE:PHARMABEES,23.219999313354492
2026-03-05,NSE:CPSEETF,103.30999755859375
2026-03-05,NSE:LOWVOLIETF,22.079999923706055
2026-03-05,NSE:MON100,219.22999572753906
2026-03-05,NSE:PHARMABEES,23.56999969482422
2026-03-05,NSE:BANKBEES,608.6300048828125
2026-03-05,NSE:NIFTYBEES,280.3500061035156
2026-03-05,NSE:ITBEES,33.27000045776367
2026-03-05,NSE:MOM100,62.36000061035156
2026-03-05,NSE:MAFANG,157.60000610351562
2026-03-05,NSE:METALIETF,12.109999656677246
2026-03-06,NSE:LOWVOLIETF,21.8799991607666
2026-03-06,NSE:MOM100,61.84000015258789
2026-03-06,NSE:ITBEES,33.290000915527344
2026-03-06,NSE:NIFTYBEES,277.25
2026-03-06,NSE:METALIETF,12.050000190734863
2026-03-06,NSE:PHARMABEES,23.540000915527344
2026-03-06,NSE:BANKBEES,597.239990234375
2026-03-06,NSE:CPSEETF,103.66999816894531
2026-03-06,NSE:MON100,221.3800048828125
2026-03-09,NSE:MON100,219.24000549316406
2026-03-09,NSE:MOM100,60.66999816894531
2026-03-09,NSE:BANKBEES,579.4000244140625
2026-03-09,NSE:METALIETF,11.739999771118164
2026-03-09,NSE:ITBEES,33.29999923706055
2026-03-09,NSE:NIFTYBEES,272.4200134277344
2026-03-09,NSE:MAFANG,161.32000732421875
2026-03-09,NSE:PHARMABEES,23.530000686645508
2026-03-09,NSE:LOWVOLIETF,21.5
2026-03-09,NSE:CPSEETF,102.19999694824219
2026-03-10,NSE:METALIETF,11.90999984741211
2026-03-10,NSE:MOM100,61.689998626708984
2026-03-10,NSE:CPSEETF,102.62000274658203
2026-03-10,NSE:LOWVOLIETF,21.739999771118164
2026-03-10,NSE:NIFTYBEES,274.95001220703125
2026-03-10,NSE:MON100,223.97999572753906
2026-03-10,NSE:ITBEES,33.09000015258789
2026-03-10,NSE:PHARMABEES,23.860000610351562
2026-03-10,NSE:MAFANG,160.77000427246094
2026-03-10,NSE:BANKBEES,588.52001953125
2026-03-11,NSE:BANKBEES,576.1300048828125
2026-03-11,NSE:CPSEETF,102.87000274658203
2026-03-11,NSE:MAFANG,163.74000549316406
2026-03-11,NSE:LOWVOLIETF,21.469999313354492
2026-03-11,NSE:METALIETF,11.859999656677246
2026-03-11,NSE:MON100,222.27000427246094
2026-03-11,NSE:NIFTYBEES,270.55999755859375
2026-03-11,NSE:PHARMABEES,24.0
2026-03-11,NSE:MOM100,60.95000076293945
2026-03-11,NSE:ITBEES,32.77000045776367
2026-03-12,NSE:MAFANG,162.8800048828125
2026-03-12,NSE:NIFTYBEES,267.94000244140625
2026-03-12,NSE:PHARMABEES,23.90999984741211
2026-03-12,NSE:BANKBEES,569.239990234375
2026-03-12,NSE:LOWVOLIETF,21.170000076293945
2026-03-12,NSE:MOM100,60.70000076293945
2026-03-12,NSE:MON100,223.82000732421875
2026-03-12,NSE:METALIETF,11.890000343322754
2026-03-12,NSE:CPSEETF,104.47000122070312
2026-03-12,NSE:ITBEES,32.689998626708984
2026-03-13,NSE:ITBEES,32.13999938964844
2026-03-13,NSE:BANKBEES,555.7000122070312
2026-03-13,NSE:PHARMABEES,23.40999984741211
2026-03-13,NSE:METALIETF,11.34000015258789
2026-03-13,NSE:MAFANG,162.30999755859375
2026-03-13,NSE:MON100,219.52000427246094
2026-03-13,NSE:MOM100,59.060001373291016
2026-03-13,NSE:NIFTYBEES,262.69000244140625
2026-03-13,NSE:CPSEETF,102.55000305175781
2026-03-13,NSE:LOWVOLIETF,20.829999923706055
2026-03-16,NSE:PHARMABEES,23.15999984741211
2026-03-16,NSE:LOWVOLIETF,20.940000534057617
2026-03-16,NSE:METALIETF,11.34000015258789
2026-03-16,NSE:MAFANG,160.88999938964844
2026-03-16,NSE:CPSEETF,101.05000305175781
2026-03-16,NSE:MOM100,58.93000030517578
2026-03-16,NSE:ITBEES,32.0
2026-03-16,NSE:BANKBEES,561.9099731445312
2026-03-16,NSE:MON100,217.69000244140625
2026-03-16,NSE:NIFTYBEES,265.17999267578125
2026-03-17,NSE:CPSEETF,102.26000213623047
2026-03-17,NSE:MON100,218.97999572753906
2026-03-17,NSE:MOM100,59.540000915527344
2026-03-17,NSE:NIFTYBEES,267.1600036621094
2026-03-17,NSE:MAFANG,159.17999267578125
2026-03-17,NSE:PHARMABEES,23.209999084472656
2026-03-17,NSE:LOWVOLIETF,21.0
2026-03-17,NSE:ITBEES,31.700000762939453
2026-03-17,NSE:METALIETF,11.670000076293945
2026-03-17,NSE:BANKBEES,566.8599853515625
2026-03-18,NSE:MON100,225.2899932861328
2026-03-18,NSE:LOWVOLIETF,21.15999984741211
2026-03-18,NSE:NIFTYBEES,269.42999267578125
2026-03-18,NSE:METALIETF,11.65999984741211
2026-03-18,NSE:CPSEETF,102.08000183105469
2026-03-18,NSE:ITBEES,32.630001068115234
2026-03-18,NSE:MOM100,60.72999954223633
2026-03-18,NSE:BANKBEES,569.4500122070312
2026-03-18,NSE:PHARMABEES,23.209999084472656
2026-03-18,NSE:MAFANG,160.2100067138672
2026-03-19,NSE:BANKBEES,551.7100219726562
2026-03-19,NSE:MOM100,59.06999969482422
2026-03-19,NSE:ITBEES,31.709999084472656
2026-03-19,NSE:METALIETF,11.420000076293945
2026-03-19,NSE:CPSEETF,101.12000274658203
2026-03-19,NSE:PHARMABEES,23.0
2026-03-19,NSE:MAFANG,160.17999267578125
2026-03-19,NSE:LOWVOLIETF,20.799999237060547
2026-03-19,NSE:MON100,223.1999969482422
2026-03-19,NSE:NIFTYBEES,262.1199951171875
2026-03-20,NSE:MOM100,59.130001068115234
2026-03-20,NSE:ITBEES,32.15999984741211
2026-03-20,NSE:CPSEETF,101.76000213623047
2026-03-20,NSE:NIFTYBEES,262.07000732421875
2026-03-20,NSE:MAFANG,159.1199951171875
2026-03-20,NSE:METALIETF,11.470000267028809
2026-03-20,NSE:LOWVOLIETF,20.68000030517578
2026-03-20,NSE:PHARMABEES,23.200000762939453
2026-03-20,NSE:BANKBEES,550.8599853515625
2026-03-20,NSE:MON100,225.9600067138672
2026-03-23,NSE:METALIETF,10.880000114440918
2026-03-23,NSE:MON100,219.17999267578125
2026-03-23,NSE:PHARMABEES,22.719999313354492
2026-03-23,NSE:LOWVOLIETF,20.170000076293945
2026-03-23,NSE:MOM100,56.869998931884766
2026-03-23,NSE:NIFTYBEES,255.14999389648438
2026-03-23,NSE:CPSEETF,99.75
2026-03-23,NSE:BANKBEES,531.6699829101562
2026-03-23,NSE:MAFANG,158.05999755859375
2026-03-23,NSE:ITBEES,32.13999938964844
2026-03-24,NSE:MOM100,58.38999938964844
2026-03-24,NSE:MON100,228.35000610351562
2026-03-24,NSE:MAFANG,156.14999389648438
2026-03-24,NSE:CPSEETF,100.13999938964844
2026-03-24,NSE:NIFTYBEES,259.8299865722656
2026-03-24,NSE:BANKBEES,543.0399780273438
2026-03-24,NSE:LOWVOLIETF,20.510000228881836
2026-03-24,NSE:METALIETF,11.09000015258789
2026-03-24,NSE:PHARMABEES,22.829999923706055
2026-03-24,NSE:ITBEES,32.7599983215332
2026-03-25,NSE:NIFTYBEES,264.05999755859375
2026-03-25,NSE:CPSEETF,100.51000213623047
2026-03-25,NSE:LOWVOLIETF,20.90999984741211
2026-03-25,NSE:MOM100,59.61000061035156
2026-03-25,NSE:MAFANG,159.61000061035156
2026-03-25,NSE:METALIETF,11.380000114440918
2026-03-25,NSE:PHARMABEES,23.280000686645508
2026-03-25,NSE:ITBEES,32.779998779296875
2026-03-25,NSE:MON100,236.17999267578125
2026-03-25,NSE:BANKBEES,553.2899780273438
2026-03-27,NSE:PHARMABEES,23.18000030517578
2026-03-27,NSE:NIFTYBEES,258.8900146484375
2026-03-27,NSE:ITBEES,32.529998779296875
2026-03-27,NSE:CPSEETF,100.37999725341797
2026-03-27,NSE:MAFANG,156.42999267578125
2026-03-27,NSE:MON100,231.72999572753906
2026-03-27,NSE:BANKBEES,540.27001953125
2026-03-27,NSE:LOWVOLIETF,20.56999969482422
2026-03-27,NSE:METALIETF,11.220000267028809
2026-03-27,NSE:MOM100,58.380001068115234
2026-03-30,NSE:MOM100,56.77000045776367
2026-03-30,NSE:METALIETF,11.1899995803833
2026-03-30,NSE:CPSEETF,100.0
2026-03-30,NSE:NIFTYBEES,253.44000244140625
2026-03-30,NSE:BANKBEES,520.9000244140625
2026-03-30,NSE:PHARMABEES,22.799999237060547
2026-03-30,NSE:MON100,231.5399932861328
2026-03-30,NSE:MAFANG,157.08999633789062
2026-03-30,NSE:ITBEES,31.989999771118164
2026-03-30,NSE:LOWVOLIETF,20.290000915527344
2026-04-01,NSE:BANKBEES,533.4199829101562
2026-04-01,NSE:METALIETF,11.460000038146973
2026-04-01,NSE:MAFANG,149.74000549316406
2026-04-01,NSE:ITBEES,32.90999984741211
2026-04-01,NSE:PHARMABEES,22.290000915527344
2026-04-01,NSE:CPSEETF,101.5199966430664
2026-04-01,NSE:NIFTYBEES,257.45001220703125
2026-04-01,NSE:MOM100,58.619998931884766
2026-04-01,NSE:MON100,238.57000732421875
2026-04-01,NSE:LOWVOLIETF,20.219999313354492
2026-04-02,NSE:ITBEES,33.529998779296875
2026-04-02,NSE:PHARMABEES,22.40999984741211
2026-04-02,NSE:METALIETF,11.539999961853027
2026-04-02,NSE:BANKBEES,532.4299926757812
2026-04-02,NSE:CPSEETF,100.81999969482422
2026-04-02,NSE:NIFTYBEES,257.6099853515625
2026-04-02,NSE:MOM100,57.93000030517578
2026-04-02,NSE:MON100,239.47000122070312
2026-04-02,NSE:MAFANG,154.52999877929688
2026-04-02,NSE:LOWVOLIETF,20.309999465942383
2026-04-06,NSE:MON100,242.17999267578125
2026-04-06,NSE:CPSEETF,101.69999694824219
2026-04-06,NSE:NIFTYBEES,260.25
2026-04-06,NSE:ITBEES,33.790000915527344
2026-04-06,NSE:METALIETF,11.630000114440918
2026-04-06,NSE:MOM100,58.75
2026-04-06,NSE:MAFANG,156.80999755859375
2026-04-06,NSE:BANKBEES,543.3499755859375
2026-04-06,NSE:LOWVOLIETF,20.540000915527344
2026-04-06,NSE:PHARMABEES,22.440000534057617
2026-04-07,NSE:MON100,245.35000610351562
2026-04-07,NSE:ITBEES,34.599998474121094
2026-04-07,NSE:MOM100,58.88999938964844
2026-04-07,NSE:MAFANG,155.22000122070312
2026-04-07,NSE:LOWVOLIETF,20.690000534057617
2026-04-07,NSE:NIFTYBEES,261.4700012207031
2026-04-07,NSE:PHARMABEES,22.43000030517578
2026-04-07,NSE:CPSEETF,102.30999755859375
2026-04-07,NSE:BANKBEES,543.9600219726562
2026-04-07,NSE:METALIETF,11.8100004196167
2026-04-08,NSE:NIFTYBEES,271.67999267578125
2026-04-08,NSE:CPSEETF,102.4000015258789
2026-04-08,NSE:MON100,256.239990234375
2026-04-08,NSE:LOWVOLIETF,21.31999969482422
2026-04-08,NSE:PHARMABEES,22.600000381469727
2026-04-08,NSE:MAFANG,155.94000244140625
2026-04-08,NSE:BANKBEES,575.7100219726562
2026-04-08,NSE:ITBEES,34.77000045776367
2026-04-08,NSE:METALIETF,12.119999885559082
2026-04-08,NSE:MOM100,61.33000183105469
2026-04-09,NSE:NIFTYBEES,269.489990234375
2026-04-09,NSE:PHARMABEES,22.739999771118164
2026-04-09,NSE:ITBEES,34.880001068115234
2026-04-09,NSE:BANKBEES,566.3099975585938
2026-04-09,NSE:METALIETF,12.289999961853027
2026-04-09,NSE:CPSEETF,103.33999633789062
2026-04-09,NSE:MAFANG,157.0500030517578
2026-04-09,NSE:LOWVOLIETF,21.280000686645508
2026-04-09,NSE:MOM100,61.459999084472656
2026-04-09,NSE:MON100,254.3300018310547
