strategy,entry_date,exit_date,entry_price,exit_price,direction,lot_size,gross_pnl,costs,net_pnl,pnl_pct,reason,regime,duration,option_type,strike,expiry,entry_prem,exit_prem,iv_entry,premium_collected,premium_at_exit,strike_ce,strike_pe,net_premium,cost_at_exit,max_loss,strike_long,strike_short,debit_paid,exit_value
F1 Trend Futures,2009-05-27,2009-05-28,4276.05,4337.1,LONG,25,1526.26,110.86,1415.4,1.32,Expiry Rollover,bull,1,,,,,,,,,,,,,,,,,
F1 Trend Futures,2009-05-28,2009-06-25,4337.1,4241.85,LONG,25,-2381.25,109.38,-2490.63,-2.3,Expiry Rollover,bull,28,,,,,,,,,,,,,,,,,
F1 Trend Futures,2009-06-25,2009-07-30,4241.85,4571.45,LONG,25,8240.0,114.49,8125.51,7.66,Expiry Rollover,bull,35,,,,,,,,,,,,,,,,,
F1 Trend Futures,2009-07-30,2009-08-27,4571.45,4688.2,LONG,25,2918.75,116.3,2802.45,2.45,Expiry Rollover,bull,28,,,,,,,,,,,,,,,,,
F1 Trend Futures,2009-08-27,2009-09-24,4688.2,4986.55,LONG,25,7458.74,120.93,7337.81,6.26,Expiry Rollover,bull,28,,,,,,,,,,,,,,,,,
F1 Trend Futures,2009-09-24,2009-10-29,4986.55,4750.55,LONG,25,-5900.0,117.27,-6017.27,-4.83,Expiry Rollover,bull,35,,,,,,,,,,,,,,,,,
F1 Trend Futures,2009-10-29,2009-11-26,4750.55,5005.55,LONG,25,6375.0,121.22,6253.78,5.27,Expiry Rollover,bull,28,,,,,,,,,,,,,,,,,
F1 Trend Futures,2009-11-26,2009-12-31,5005.55,5201.05,LONG,25,4887.5,124.25,4763.25,3.81,Expiry Rollover,bull,35,,,,,,,,,,,,,,,,,
F1 Trend Futures,2009-12-31,2010-01-28,5201.05,4867.25,LONG,25,-8345.0,119.08,-8464.07,-6.51,Expiry Rollover,bull,28,,,,,,,,,,,,,,,,,
F1 Trend Futures,2010-01-28,2010-02-25,4867.25,4859.75,LONG,25,-187.5,118.96,-306.46,-0.25,Expiry Rollover,bull,28,,,,,,,,,,,,,,,,,
F1 Trend Futures,2010-02-25,2010-03-25,4859.75,5260.4,LONG,25,10016.25,125.17,9891.07,8.14,Expiry Rollover,bull,28,,,,,,,,,,,,,,,,,
F1 Trend Futures,2010-03-25,2010-04-29,5260.4,5254.15,LONG,25,-156.25,125.08,-281.33,-0.21,Expiry Rollover,bull,35,,,,,,,,,,,,,,,,,
F1 Trend Futures,2010-04-29,2010-05-27,5254.15,5003.1,LONG,25,-6276.25,121.18,-6397.43,-4.87,Expiry Rollover,bull,28,,,,,,,,,,,,,,,,,
F1 Trend Futures,2010-05-27,2010-06-24,5003.1,5320.6,LONG,25,7937.5,126.11,7811.39,6.25,Expiry Rollover,bull,28,,,,,,,,,,,,,,,,,
F1 Trend Futures,2010-06-24,2010-07-29,5320.6,5408.9,LONG,25,2207.5,127.48,2080.02,1.56,Expiry Rollover,bull,35,,,,,,,,,,,,,,,,,
F1 Trend Futures,2010-07-29,2010-08-26,5408.9,5477.9,LONG,25,1725.0,128.55,1596.45,1.18,Expiry Rollover,bull,28,,,,,,,,,,,,,,,,,
F1 Trend Futures,2010-08-26,2010-09-30,5477.9,6029.95,LONG,25,13801.26,137.11,13664.15,9.98,Expiry Rollover,bull,35,,,,,,,,,,,,,,,,,
F1 Trend Futures,2010-09-30,2010-10-28,6029.95,5987.7,LONG,25,-1056.25,136.45,-1192.7,-0.79,Expiry Rollover,bull,28,,,,,,,,,,,,,,,,,
F1 Trend Futures,2010-10-28,2010-11-25,5987.7,5799.75,LONG,25,-4698.75,133.54,-4832.29,-3.23,Expiry Rollover,bull,28,,,,,,,,,,,,,,,,,
F1 Trend Futures,2010-11-25,2010-12-30,5799.75,6101.85,LONG,25,7552.5,138.22,7414.28,5.11,Expiry Rollover,bull,35,,,,,,,,,,,,,,,,,
F1 Trend Futures,2010-12-30,2011-01-27,6101.85,5604.3,LONG,25,-12438.76,130.51,-12569.26,-8.24,Expiry Rollover,bull,28,,,,,,,,,,,,,,,,,
F1 Trend Futures,2011-01-27,2011-02-24,5604.3,5262.7,LONG,25,-8539.99,125.21,-8665.2,-6.18,Expiry Rollover,bull,28,,,,,,,,,,,,,,,,,
F1 Trend Futures,2011-02-24,2011-03-07,5262.7,5463.15,LONG,25,5011.24,128.32,4882.93,3.71,Signal Flip,bull,11,,,,,,,,,,,,,,,,,
F1 Trend Futures,2011-03-07,2011-03-31,5463.15,5833.75,SHORT,25,-9265.0,134.06,-9399.07,-6.88,Expiry Rollover,bear,24,,,,,,,,,,,,,,,,,
F1 Trend Futures,2011-03-31,2011-04-28,5833.75,5785.45,SHORT,25,1207.5,133.31,1074.18,0.74,Expiry Rollover,bear,28,,,,,,,,,,,,,,,,,
F1 Trend Futures,2011-04-28,2011-05-26,5785.45,5412.35,SHORT,25,9327.5,127.53,9199.97,6.36,Expiry Rollover,bear,28,,,,,,,,,,,,,,,,,
F1 Trend Futures,2011-05-26,2011-06-30,5412.35,5647.4,SHORT,25,-5876.25,131.17,-6007.42,-4.44,Expiry Rollover,bear,35,,,,,,,,,,,,,,,,,
F1 Trend Futures,2011-06-30,2011-07-28,5647.4,5487.75,SHORT,25,3991.25,128.7,3862.55,2.74,Expiry Rollover,bear,28,,,,,,,,,,,,,,,,,
F1 Trend Futures,2011-07-28,2011-08-25,5487.75,4839.6,SHORT,25,16203.75,118.65,16085.1,11.72,Expiry Rollover,bear,28,,,,,,,,,,,,,,,,,
F1 Trend Futures,2011-08-25,2011-09-29,4839.6,5015.45,SHORT,25,-4396.25,121.37,-4517.63,-3.73,Expiry Rollover,bear,35,,,,,,,,,,,,,,,,,
F1 Trend Futures,2011-09-29,2011-10-28,5015.45,5360.7,SHORT,25,-8631.25,126.73,-8757.98,-6.98,Expiry Rollover,bear,29,,,,,,,,,,,,,,,,,
F1 Trend Futures,2011-10-28,2011-11-25,5360.7,4710.05,SHORT,25,16266.26,116.64,16149.62,12.05,Expiry Rollover,bear,28,,,,,,,,,,,,,,,,,
F1 Trend Futures,2011-11-25,2011-12-29,4710.05,4646.25,SHORT,25,1595.0,115.65,1479.35,1.26,Expiry Rollover,bear,34,,,,,,,,,,,,,,,,,
F1 Trend Futures,2011-12-29,2012-01-27,4646.25,5204.7,SHORT,25,-13961.25,124.31,-14085.56,-12.13,Expiry Rollover,bear,29,,,,,,,,,,,,,,,,,
F1 Trend Futures,2012-01-27,2012-02-23,5204.7,5483.3,SHORT,25,-6964.99,128.63,-7093.62,-5.45,Expiry Rollover,bear,27,,,,,,,,,,,,,,,,,
F1 Trend Futures,2012-02-23,2012-03-14,5483.3,5463.9,SHORT,25,485.0,128.33,356.67,0.26,Signal Flip,bear,20,,,,,,,,,,,,,,,,,
F1 Trend Futures,2012-03-14,2012-03-29,5463.9,5178.85,LONG,25,-7126.25,123.91,-7250.15,-5.31,Expiry Rollover,bull,15,,,,,,,,,,,,,,,,,
F1 Trend Futures,2012-03-29,2012-04-26,5178.85,5189.0,LONG,25,253.75,124.07,129.68,0.1,Expiry Rollover,bull,28,,,,,,,,,,,,,,,,,
F1 Trend Futures,2012-04-26,2012-05-31,5189.0,4924.25,LONG,25,-6618.75,119.96,-6738.71,-5.19,Expiry Rollover,bull,35,,,,,,,,,,,,,,,,,
F1 Trend Futures,2012-05-31,2012-06-20,4924.25,5120.55,LONG,25,4907.5,123.0,4784.49,3.89,Signal Flip,bull,20,,,,,,,,,,,,,,,,,
F1 Trend Futures,2012-06-20,2012-06-28,5120.55,5149.15,SHORT,25,-715.0,123.45,-838.45,-0.65,Expiry Rollover,sideways,8,,,,,,,,,,,,,,,,,
F1 Trend Futures,2012-06-28,2012-07-26,5149.15,5043.0,SHORT,25,2653.75,121.8,2531.95,1.97,Expiry Rollover,sideways,28,,,,,,,,,,,,,,,,,
F1 Trend Futures,2012-07-26,2012-07-27,5043.0,5099.85,SHORT,25,-1421.25,122.68,-1543.94,-1.22,Signal Flip,sideways,1,,,,,,,,,,,,,,,,,
F1 Trend Futures,2012-07-27,2012-08-30,5099.85,5315.05,LONG,25,5379.99,126.02,5253.97,4.12,Expiry Rollover,sideways,34,,,,,,,,,,,,,,,,,
F1 Trend Futures,2012-08-30,2012-09-27,5315.05,5649.5,LONG,25,8361.25,131.21,8230.05,6.19,Expiry Rollover,sideways,28,,,,,,,,,,,,,,,,,
F1 Trend Futures,2012-09-27,2012-10-25,5649.5,5705.3,LONG,25,1395.0,132.07,1262.92,0.89,Expiry Rollover,sideways,28,,,,,,,,,,,,,,,,,
F1 Trend Futures,2012-10-25,2012-11-29,5705.3,5825.0,LONG,25,2992.5,133.93,2858.58,2.0,Expiry Rollover,sideways,35,,,,,,,,,,,,,,,,,
F1 Trend Futures,2012-11-29,2012-12-27,5825.0,5870.1,LONG,25,1127.5,134.63,992.87,0.68,Expiry Rollover,sideways,28,,,,,,,,,,,,,,,,,
F1 Trend Futures,2012-12-27,2013-01-31,5870.1,6034.75,LONG,25,4116.25,137.18,3979.07,2.71,Expiry Rollover,sideways,35,,,,,,,,,,,,,,,,,
F1 Trend Futures,2013-01-31,2013-02-28,6034.75,5693.05,LONG,25,-8542.5,131.88,-8674.39,-5.75,Expiry Rollover,sideways,28,,,,,,,,,,,,,,,,,
F1 Trend Futures,2013-02-28,2013-03-28,5693.05,5682.55,LONG,25,-262.5,131.72,-394.22,-0.28,Expiry Rollover,sideways,28,,,,,,,,,,,,,,,,,
F1 Trend Futures,2013-03-28,2013-04-25,5682.55,5916.3,LONG,25,5843.75,135.34,5708.41,4.02,Expiry Rollover,sideways,28,,,,,,,,,,,,,,,,,
F1 Trend Futures,2013-04-25,2013-05-30,5916.3,6124.05,LONG,25,5193.75,138.57,5055.18,3.42,Expiry Rollover,sideways,35,,,,,,,,,,,,,,,,,
F1 Trend Futures,2013-05-30,2013-06-27,6124.05,5682.35,LONG,25,-11042.49,131.72,-11174.21,-7.3,Expiry Rollover,sideways,28,,,,,,,,,,,,,,,,,
F1 Trend Futures,2013-06-27,2013-07-25,5682.35,5907.5,LONG,25,5628.75,135.21,5493.54,3.87,Expiry Rollover,sideways,28,,,,,,,,,,,,,,,,,
F1 Trend Futures,2013-07-25,2013-08-06,5907.5,5542.25,LONG,25,-9131.25,129.54,-9260.79,-6.27,Signal Flip,sideways,12,,,,,,,,,,,,,,,,,
F1 Trend Futures,2013-08-06,2013-08-29,5542.25,5409.05,SHORT,25,3330.0,127.48,3202.53,2.31,Expiry Rollover,bear,23,,,,,,,,,,,,,,,,,
F1 Trend Futures,2013-08-29,2013-09-26,5409.05,5882.25,SHORT,25,-11830.0,134.82,-11964.82,-8.85,Expiry Rollover,bear,28,,,,,,,,,,,,,,,,,
F1 Trend Futures,2013-09-26,2013-10-31,5882.25,6299.15,SHORT,25,-10422.5,141.28,-10563.78,-7.18,Expiry Rollover,bear,35,,,,,,,,,,,,,,,,,
F1 Trend Futures,2013-10-31,2013-11-01,6299.15,6307.2,SHORT,25,-201.26,141.41,-342.66,-0.22,Signal Flip,bear,1,,,,,,,,,,,,,,,,,
F1 Trend Futures,2013-11-01,2013-11-28,6307.2,6091.85,LONG,25,-5383.75,138.07,-5521.82,-3.5,Expiry Rollover,bull,27,,,,,,,,,,,,,,,,,
F1 Trend Futures,2013-11-28,2013-12-26,6091.85,6278.9,LONG,25,4676.25,140.97,4535.28,2.98,Expiry Rollover,bull,28,,,,,,,,,,,,,,,,,
F1 Trend Futures,2013-12-26,2014-01-30,6278.9,6073.7,LONG,25,-5129.99,137.78,-5267.78,-3.36,Expiry Rollover,bull,35,,,,,,,,,,,,,,,,,
F1 Trend Futures,2014-01-30,2014-02-28,6073.7,6276.95,LONG,25,5081.25,140.94,4940.31,3.25,Expiry Rollover,bull,29,,,,,,,,,,,,,,,,,
F1 Trend Futures,2014-02-28,2014-03-27,6276.95,6641.75,LONG,25,9120.0,146.59,8973.4,5.72,Expiry Rollover,bull,27,,,,,,,,,,,,,,,,,
F1 Trend Futures,2014-03-27,2014-04-25,6641.75,6782.75,LONG,25,3525.0,148.78,3376.22,2.03,Expiry Rollover,bull,29,,,,,,,,,,,,,,,,,
F1 Trend Futures,2014-04-25,2014-05-29,6782.75,7235.65,LONG,25,11322.5,155.8,11166.69,6.59,Expiry Rollover,bull,34,,,,,,,,,,,,,,,,,
F1 Trend Futures,2014-05-29,2014-06-26,7235.65,7493.2,LONG,25,6438.76,159.8,6278.96,3.47,Expiry Rollover,bull,28,,,,,,,,,,,,,,,,,
F1 Trend Futures,2014-06-26,2014-07-31,7493.2,7721.3,LONG,25,5702.49,163.33,5539.16,2.96,Expiry Rollover,bull,35,,,,,,,,,,,,,,,,,
F1 Trend Futures,2014-07-31,2014-08-28,7721.3,7954.35,LONG,25,5826.26,166.95,5659.31,2.93,Expiry Rollover,bull,28,,,,,,,,,,,,,,,,,
F1 Trend Futures,2014-08-28,2014-09-25,7954.35,7911.85,LONG,25,-1062.5,166.29,-1228.79,-0.62,Expiry Rollover,bull,28,,,,,,,,,,,,,,,,,
F1 Trend Futures,2014-09-25,2014-10-30,7911.85,8169.2,LONG,25,6433.75,170.28,6263.47,3.17,Expiry Rollover,bull,35,,,,,,,,,,,,,,,,,
F1 Trend Futures,2014-10-30,2014-11-27,8169.2,8494.2,LONG,25,8125.0,175.32,7949.68,3.89,Expiry Rollover,bull,28,,,,,,,,,,,,,,,,,
F1 Trend Futures,2014-11-27,2014-12-26,8494.2,8200.7,LONG,25,-7337.5,170.77,-7508.27,-3.54,Expiry Rollover,bull,29,,,,,,,,,,,,,,,,,
F1 Trend Futures,2014-12-26,2015-01-29,8200.7,8952.35,LONG,25,18791.24,182.42,18608.81,9.08,Expiry Rollover,bull,34,,,,,,,,,,,,,,,,,
F1 Trend Futures,2015-01-29,2015-02-26,8952.35,8683.85,LONG,25,-6712.5,178.26,-6890.76,-3.08,Expiry Rollover,bull,28,,,,,,,,,,,,,,,,,
F1 Trend Futures,2015-02-26,2015-03-26,8683.85,8342.15,LONG,25,-8542.48,172.96,-8715.44,-4.01,Expiry Rollover,bull,28,,,,,,,,,,,,,,,,,
F1 Trend Futures,2015-03-26,2015-04-30,8342.15,8181.5,LONG,25,-4016.26,170.47,-4186.73,-2.01,Expiry Rollover,bull,35,,,,,,,,,,,,,,,,,
F1 Trend Futures,2015-04-30,2015-05-28,8181.5,8319.0,LONG,25,3437.5,172.6,3264.9,1.6,Expiry Rollover,bull,28,,,,,,,,,,,,,,,,,
F1 Trend Futures,2015-05-28,2015-06-15,8319.0,8013.9,LONG,25,-7627.5,167.87,-7795.37,-3.75,Signal Flip,bull,18,,,,,,,,,,,,,,,,,
F1 Trend Futures,2015-06-15,2015-06-25,8013.9,8398.0,SHORT,25,-9602.5,173.83,-9776.33,-4.88,Expiry Rollover,bear,10,,,,,,,,,,,,,,,,,
F1 Trend Futures,2015-06-25,2015-07-30,8398.0,8421.8,SHORT,25,-595.0,174.2,-769.19,-0.37,Expiry Rollover,bear,35,,,,,,,,,,,,,,,,,
F1 Trend Futures,2015-07-30,2015-08-27,8421.8,7948.95,SHORT,25,11821.24,166.86,11654.38,5.54,Expiry Rollover,bear,28,,,,,,,,,,,,,,,,,
F1 Trend Futures,2015-08-27,2015-09-24,7948.95,7868.5,SHORT,25,2011.25,165.62,1845.64,0.93,Expiry Rollover,bear,28,,,,,,,,,,,,,,,,,
F1 Trend Futures,2015-09-24,2015-10-29,7868.5,8111.75,SHORT,25,-6081.25,169.39,-6250.64,-3.18,Expiry Rollover,bear,35,,,,,,,,,,,,,,,,,
F1 Trend Futures,2015-10-29,2015-11-26,8111.75,7883.8,SHORT,25,5698.75,165.85,5532.9,2.73,Expiry Rollover,bear,28,,,,,,,,,,,,,,,,,
F1 Trend Futures,2015-11-26,2015-12-31,7883.8,7946.35,SHORT,25,-1563.76,166.82,-1730.58,-0.88,Expiry Rollover,bear,35,,,,,,,,,,,,,,,,,
F1 Trend Futures,2015-12-31,2016-01-28,7946.35,7424.65,SHORT,25,13042.5,158.73,12883.77,6.49,Expiry Rollover,bear,28,,,,,,,,,,,,,,,,,
F1 Trend Futures,2016-01-28,2016-02-25,7424.65,6970.6,SHORT,25,11351.25,151.69,11199.55,6.03,Expiry Rollover,bear,28,,,,,,,,,,,,,,,,,
F1 Trend Futures,2016-02-25,2016-03-31,6970.6,7738.4,SHORT,25,-19195.0,163.6,-19358.59,-11.11,Expiry Rollover,bear,35,,,,,,,,,,,,,,,,,
F1 Trend Futures,2016-03-31,2016-04-28,7738.4,7847.25,SHORT,25,-2721.25,165.29,-2886.54,-1.49,Expiry Rollover,bear,28,,,,,,,,,,,,,,,,,
F1 Trend Futures,2016-04-28,2016-05-26,7847.25,8069.65,SHORT,25,-5560.0,168.74,-5728.73,-2.92,Expiry Rollover,bear,28,,,,,,,,,,,,,,,,,
F1 Trend Futures,2016-05-26,2016-05-31,8069.65,8160.1,SHORT,25,-2261.25,170.14,-2431.39,-1.21,Signal Flip,bear,5,,,,,,,,,,,,,,,,,
F1 Trend Futures,2016-05-31,2016-06-30,8160.1,8287.75,LONG,25,3191.25,172.12,3019.13,1.48,Expiry Rollover,bull,30,,,,,,,,,,,,,,,,,
F1 Trend Futures,2016-06-30,2016-07-28,8287.75,8666.3,LONG,25,9463.75,177.99,9285.76,4.48,Expiry Rollover,bull,28,,,,,,,,,,,,,,,,,
F1 Trend Futures,2016-07-28,2016-08-25,8666.3,8592.2,LONG,25,-1852.49,176.84,-2029.33,-0.94,Expiry Rollover,bull,28,,,,,,,,,,,,,,,,,
F1 Trend Futures,2016-08-25,2016-09-29,8592.2,8591.25,LONG,25,-23.75,176.82,-200.58,-0.09,Expiry Rollover,bull,35,,,,,,,,,,,,,,,,,
F1 Trend Futures,2016-09-29,2016-10-27,8591.25,8615.25,LONG,25,600.0,177.2,422.8,0.2,Expiry Rollover,bull,28,,,,,,,,,,,,,,,,,
F1 Trend Futures,2016-10-27,2016-11-24,8615.25,7965.5,LONG,25,-16243.75,167.12,-16410.87,-7.62,Expiry Rollover,bull,28,,,,,,,,,,,,,,,,,
F1 Trend Futures,2016-11-24,2016-12-29,7965.5,8103.6,LONG,25,3452.5,169.26,3283.24,1.65,Expiry Rollover,bull,35,,,,,,,,,,,,,,,,,
F1 Trend Futures,2016-12-29,2016-12-30,8103.6,8185.8,LONG,25,2054.99,170.54,1884.46,0.93,Signal Flip,bull,1,,,,,,,,,,,,,,,,,
F1 Trend Futures,2016-12-30,2017-01-27,8185.8,8641.25,SHORT,25,-11386.25,177.6,-11563.85,-5.65,Expiry Rollover,bear,28,,,,,,,,,,,,,,,,,
F1 Trend Futures,2017-01-27,2017-02-17,8641.25,8821.7,SHORT,25,-4511.25,180.4,-4691.65,-2.17,Signal Flip,bear,21,,,,,,,,,,,,,,,,,
F1 Trend Futures,2017-02-17,2017-02-23,8821.7,8939.5,LONG,25,2945.0,182.22,2762.77,1.25,Expiry Rollover,bull,6,,,,,,,,,,,,,,,,,
F1 Trend Futures,2017-02-23,2017-03-30,8939.5,9173.75,LONG,25,5856.25,185.86,5670.39,2.54,Expiry Rollover,bull,35,,,,,,,,,,,,,,,,,
F1 Trend Futures,2017-03-30,2017-04-27,9173.75,9342.15,LONG,25,4210.01,188.47,4021.54,1.75,Expiry Rollover,bull,28,,,,,,,,,,,,,,,,,
F1 Trend Futures,2017-04-27,2017-05-25,9342.15,9509.75,LONG,25,4189.99,191.07,3998.92,1.71,Expiry Rollover,bull,28,,,,,,,,,,,,,,,,,
F1 Trend Futures,2017-05-25,2017-06-29,9509.75,9504.1,LONG,25,-141.26,190.98,-332.24,-0.14,Expiry Rollover,bull,35,,,,,,,,,,,,,,,,,
F1 Trend Futures,2017-06-29,2017-07-27,9504.1,10020.55,LONG,25,12911.25,198.99,12712.27,5.35,Expiry Rollover,bull,28,,,,,,,,,,,,,,,,,
F1 Trend Futures,2017-07-27,2017-08-31,10020.55,9917.9,LONG,25,-2566.24,197.4,-2763.63,-1.1,Expiry Rollover,bull,35,,,,,,,,,,,,,,,,,
F1 Trend Futures,2017-08-31,2017-09-28,9917.9,9768.95,LONG,25,-3723.75,195.09,-3918.84,-1.58,Expiry Rollover,bull,28,,,,,,,,,,,,,,,,,
F1 Trend Futures,2017-09-28,2017-10-26,9768.95,10343.8,LONG,25,14371.24,204.0,14167.24,5.8,Expiry Rollover,bull,28,,,,,,,,,,,,,,,,,
F1 Trend Futures,2017-10-26,2017-11-30,10343.8,10226.55,LONG,25,-2931.25,202.18,-3133.43,-1.21,Expiry Rollover,bull,35,,,,,,,,,,,,,,,,,
F1 Trend Futures,2017-11-30,2017-12-28,10226.55,10477.9,LONG,25,6283.76,206.08,6077.68,2.38,Expiry Rollover,bull,28,,,,,,,,,,,,,,,,,
F1 Trend Futures,2017-12-28,2018-01-25,10477.9,11069.65,LONG,25,14793.75,215.26,14578.49,5.57,Expiry Rollover,bull,28,,,,,,,,,,,,,,,,,
F1 Trend Futures,2018-01-25,2018-02-22,11069.65,10382.7,LONG,25,-17173.75,204.6,-17378.36,-6.28,Expiry Rollover,bull,28,,,,,,,,,,,,,,,,,
F1 Trend Futures,2018-02-22,2018-04-02,10382.7,10211.8,LONG,25,-4272.51,201.95,-4474.46,-1.72,Expiry Rollover,bull,39,,,,,,,,,,,,,,,,,
F1 Trend Futures,2018-04-02,2018-04-26,10211.8,10617.8,LONG,25,10150.0,208.25,9941.75,3.89,Expiry Rollover,bull,24,,,,,,,,,,,,,,,,,
F1 Trend Futures,2018-04-26,2018-05-31,10617.8,10736.15,LONG,25,2958.76,210.09,2748.68,1.04,Expiry Rollover,bull,35,,,,,,,,,,,,,,,,,
F1 Trend Futures,2018-05-31,2018-06-28,10736.15,10589.1,LONG,25,-3676.27,207.81,-3884.07,-1.45,Expiry Rollover,bull,28,,,,,,,,,,,,,,,,,
F1 Trend Futures,2018-06-28,2018-07-26,10589.1,11167.3,LONG,25,14455.0,216.77,14238.23,5.38,Expiry Rollover,bull,28,,,,,,,,,,,,,,,,,
F1 Trend Futures,2018-07-26,2018-08-30,11167.3,11676.8,LONG,25,12737.5,224.67,12512.83,4.48,Expiry Rollover,bull,35,,,,,,,,,,,,,,,,,
F1 Trend Futures,2018-08-30,2018-09-27,11676.8,10977.55,LONG,25,-17481.25,213.83,-17695.08,-6.06,Expiry Rollover,bull,28,,,,,,,,,,,,,,,,,
F1 Trend Futures,2018-09-27,2018-10-25,10977.55,10124.9,LONG,25,-21316.24,200.61,-21516.84,-7.84,Expiry Rollover,bull,28,,,,,,,,,,,,,,,,,
F1 Trend Futures,2018-10-25,2018-11-16,10124.9,10682.2,LONG,25,13932.5,209.25,13723.25,5.42,Signal Flip,bull,22,,,,,,,,,,,,,,,,,
F1 Trend Futures,2018-11-16,2018-11-29,10682.2,10858.7,SHORT,25,-4412.5,211.99,-4624.49,-1.73,Expiry Rollover,bear,13,,,,,,,,,,,,,,,,,
F1 Trend Futures,2018-11-29,2018-12-27,10858.7,10779.8,SHORT,25,1972.51,210.76,1761.75,0.65,Expiry Rollover,bear,28,,,,,,,,,,,,,,,,,
F1 Trend Futures,2018-12-27,2019-01-31,10779.8,10830.95,SHORT,25,-1278.76,211.56,-1490.32,-0.55,Expiry Rollover,bear,35,,,,,,,,,,,,,,,,,
F1 Trend Futures,2019-01-31,2019-02-28,10830.95,10792.5,SHORT,25,961.25,210.96,750.3,0.28,Expiry Rollover,bear,28,,,,,,,,,,,,,,,,,
F1 Trend Futures,2019-02-28,2019-03-15,10792.5,11426.85,SHORT,25,-15858.74,220.8,-16079.54,-5.96,Signal Flip,bear,15,,,,,,,,,,,,,,,,,
F1 Trend Futures,2019-03-15,2019-03-28,11426.85,11570.0,LONG,25,3578.76,223.02,3355.74,1.17,Expiry Rollover,bull,13,,,,,,,,,,,,,,,,,
F1 Trend Futures,2019-03-28,2019-04-25,11570.0,11641.8,LONG,25,1795.0,224.13,1570.87,0.54,Expiry Rollover,bull,28,,,,,,,,,,,,,,,,,
F1 Trend Futures,2019-04-25,2019-05-30,11641.8,11945.9,LONG,25,7602.51,228.85,7373.67,2.53,Expiry Rollover,bull,35,,,,,,,,,,,,,,,,,
F1 Trend Futures,2019-05-30,2019-06-27,11945.9,11841.55,LONG,25,-2608.76,227.23,-2835.99,-0.95,Expiry Rollover,bull,28,,,,,,,,,,,,,,,,,
F1 Trend Futures,2019-06-27,2019-07-25,11841.55,11252.15,LONG,25,-14734.99,218.09,-14953.07,-5.05,Expiry Rollover,bull,28,,,,,,,,,,,,,,,,,
F1 Trend Futures,2019-07-25,2019-08-29,11252.15,10948.3,LONG,25,-7596.26,213.38,-7809.64,-2.78,Expiry Rollover,bull,35,,,,,,,,,,,,,,,,,
F1 Trend Futures,2019-08-29,2019-09-13,10948.3,11075.9,LONG,25,3190.01,215.35,2974.66,1.09,Signal Flip,bull,15,,,,,,,,,,,,,,,,,
F1 Trend Futures,2019-09-13,2019-09-26,11075.9,11571.2,SHORT,25,-12382.5,223.03,-12605.53,-4.55,Expiry Rollover,bear,13,,,,,,,,,,,,,,,,,
F1 Trend Futures,2019-09-26,2019-10-31,11571.2,11877.45,SHORT,25,-7656.25,227.78,-7884.03,-2.73,Expiry Rollover,bear,35,,,,,,,,,,,,,,,,,
F1 Trend Futures,2019-10-31,2019-11-11,11877.45,11913.45,SHORT,25,-900.0,228.34,-1128.34,-0.38,Signal Flip,bear,11,,,,,,,,,,,,,,,,,
F1 Trend Futures,2019-11-11,2019-11-28,11913.45,12151.15,LONG,25,5942.5,232.03,5710.48,1.92,Expiry Rollover,bull,17,,,,,,,,,,,,,,,,,
F1 Trend Futures,2019-11-28,2019-12-26,12151.15,12126.55,LONG,25,-615.01,231.65,-846.66,-0.28,Expiry Rollover,bull,28,,,,,,,,,,,,,,,,,
F1 Trend Futures,2019-12-26,2020-01-30,12126.55,12035.8,LONG,25,-2268.75,230.24,-2498.99,-0.82,Expiry Rollover,bull,35,,,,,,,,,,,,,,,,,
F1 Trend Futures,2020-01-30,2020-02-27,12035.8,11633.3,LONG,25,-10062.5,224.0,-10286.5,-3.42,Expiry Rollover,bull,28,,,,,,,,,,,,,,,,,
F1 Trend Futures,2020-02-27,2020-03-19,11633.3,8263.45,LONG,25,-84246.24,171.74,-84417.98,-29.03,Signal Flip,bull,21,,,,,,,,,,,,,,,,,
F1 Trend Futures,2020-03-19,2020-03-26,8263.45,8641.45,SHORT,25,-9450.0,177.6,-9627.6,-4.66,Expiry Rollover,bear,7,,,,,,,,,,,,,,,,,
F1 Trend Futures,2020-03-26,2020-04-30,8641.45,9859.9,SHORT,25,-30461.25,196.5,-30657.75,-14.19,Expiry Rollover,bear,35,,,,,,,,,,,,,,,,,
F1 Trend Futures,2020-04-30,2020-05-28,9859.9,9490.1,SHORT,25,9245.02,190.76,9054.26,3.67,Expiry Rollover,bear,28,,,,,,,,,,,,,,,,,
F1 Trend Futures,2020-05-28,2020-06-25,9490.1,10288.9,SHORT,25,-19970.02,203.15,-20173.17,-8.5,Expiry Rollover,bear,28,,,,,,,,,,,,,,,,,
F1 Trend Futures,2020-06-25,2020-07-30,10288.9,11102.15,SHORT,25,-20331.25,215.76,-20547.01,-7.99,Expiry Rollover,bear,35,,,,,,,,,,,,,,,,,
F1 Trend Futures,2020-07-30,2020-08-21,11102.15,11371.6,SHORT,25,-6736.23,219.94,-6956.17,-2.51,Signal Flip,bear,22,,,,,,,,,,,,,,,,,
F1 Trend Futures,2020-08-21,2020-08-27,11371.6,11559.25,LONG,25,4691.26,222.85,4468.41,1.57,Expiry Rollover,bull,6,,,,,,,,,,,,,,,,,
F1 Trend Futures,2020-08-27,2020-09-24,11559.25,10805.55,LONG,25,-18842.5,211.16,-19053.67,-6.59,Expiry Rollover,bull,28,,,,,,,,,,,,,,,,,
F1 Trend Futures,2020-09-24,2020-10-29,10805.55,11670.8,LONG,25,21631.25,224.58,21406.67,7.92,Expiry Rollover,bull,35,,,,,,,,,,,,,,,,,
F1 Trend Futures,2020-10-29,2020-11-26,11670.8,12987.0,LONG,25,32905.0,244.99,32660.02,11.19,Expiry Rollover,bull,28,,,,,,,,,,,,,,,,,
F1 Trend Futures,2020-11-26,2020-12-31,12987.0,13981.75,LONG,25,24868.75,260.41,24608.34,7.58,Expiry Rollover,bull,35,,,,,,,,,,,,,,,,,
F1 Trend Futures,2020-12-31,2021-01-28,13981.75,13817.55,LONG,25,-4105.0,257.87,-4362.87,-1.25,Expiry Rollover,bull,28,,,,,,,,,,,,,,,,,
F1 Trend Futures,2021-01-28,2021-02-25,13817.55,15097.35,LONG,25,31995.0,277.71,31717.28,9.18,Expiry Rollover,bull,28,,,,,,,,,,,,,,,,,
F1 Trend Futures,2021-02-25,2021-03-25,15097.35,14324.9,LONG,25,-19311.23,265.74,-19576.97,-5.19,Expiry Rollover,bull,28,,,,,,,,,,,,,,,,,
F1 Trend Futures,2021-03-25,2021-04-29,14324.9,14894.9,LONG,25,14250.0,274.58,13975.42,3.9,Expiry Rollover,bull,35,,,,,,,,,,,,,,,,,
F1 Trend Futures,2021-04-29,2021-05-27,14894.9,15337.85,LONG,25,11073.73,281.44,10792.29,2.9,Expiry Rollover,bull,28,,,,,,,,,,,,,,,,,
F1 Trend Futures,2021-05-27,2021-06-24,15337.85,15790.45,LONG,25,11315.01,288.46,11026.55,2.88,Expiry Rollover,bull,28,,,,,,,,,,,,,,,,,
F1 Trend Futures,2021-06-24,2021-07-29,15790.45,15778.45,LONG,25,-300.0,288.28,-588.28,-0.15,Expiry Rollover,bull,35,,,,,,,,,,,,,,,,,
F1 Trend Futures,2021-07-29,2021-08-26,15778.45,16636.9,LONG,25,21461.25,301.59,21159.67,5.36,Expiry Rollover,bull,28,,,,,,,,,,,,,,,,,
F1 Trend Futures,2021-08-26,2021-09-30,16636.9,17618.15,LONG,25,24531.25,316.8,24214.45,5.82,Expiry Rollover,bull,35,,,,,,,,,,,,,,,,,
F1 Trend Futures,2021-09-30,2021-10-28,17618.15,17857.25,LONG,25,5977.49,320.51,5656.98,1.28,Expiry Rollover,bull,28,,,,,,,,,,,,,,,,,
F1 Trend Futures,2021-10-28,2021-11-25,17857.25,17536.25,LONG,25,-8025.0,315.53,-8340.53,-1.87,Expiry Rollover,bull,28,,,,,,,,,,,,,,,,,
F1 Trend Futures,2021-11-25,2021-12-30,17536.25,17203.95,LONG,25,-8307.52,310.38,-8617.9,-1.97,Expiry Rollover,bull,35,,,,,,,,,,,,,,,,,
F1 Trend Futures,2021-12-30,2022-01-27,17203.95,17110.15,LONG,25,-2344.97,308.93,-2653.9,-0.62,Expiry Rollover,bull,28,,,,,,,,,,,,,,,,,
F1 Trend Futures,2022-01-27,2022-02-24,17110.15,16247.95,LONG,25,-21555.0,295.56,-21850.56,-5.11,Expiry Rollover,bull,28,,,,,,,,,,,,,,,,,
F1 Trend Futures,2022-02-24,2022-03-31,16247.95,17464.75,LONG,25,30420.0,314.43,30105.57,7.41,Expiry Rollover,bull,35,,,,,,,,,,,,,,,,,
F1 Trend Futures,2022-03-31,2022-04-18,17464.75,17173.65,LONG,25,-7277.49,309.91,-7587.4,-1.74,Signal Flip,bull,18,,,,,,,,,,,,,,,,,
F1 Trend Futures,2022-04-18,2022-04-28,17173.65,17245.05,SHORT,25,-1785.01,311.02,-2096.03,-0.49,Expiry Rollover,sideways,10,,,,,,,,,,,,,,,,,
F1 Trend Futures,2022-04-28,2022-05-26,17245.05,16170.15,SHORT,25,26872.51,294.35,26578.16,6.16,Expiry Rollover,sideways,28,,,,,,,,,,,,,,,,,
F1 Trend Futures,2022-05-26,2022-06-30,16170.15,15780.25,SHORT,25,9747.51,288.3,9459.21,2.34,Expiry Rollover,sideways,35,,,,,,,,,,,,,,,,,
F1 Trend Futures,2022-06-30,2022-07-28,15780.25,16929.6,SHORT,25,-28733.74,306.13,-29039.87,-7.36,Expiry Rollover,sideways,28,,,,,,,,,,,,,,,,,
F1 Trend Futures,2022-07-28,2022-08-25,16929.6,17522.45,SHORT,25,-14821.24,315.32,-15136.56,-3.58,Expiry Rollover,sideways,28,,,,,,,,,,,,,,,,,
F1 Trend Futures,2022-08-25,2022-09-09,17522.45,17833.35,SHORT,25,-7772.51,320.14,-8092.65,-1.85,Signal Flip,sideways,15,,,,,,,,,,,,,,,,,
F1 Trend Futures,2022-09-09,2022-09-29,17833.35,16818.1,LONG,25,-25381.25,304.4,-25685.65,-5.76,Expiry Rollover,bull,20,,,,,,,,,,,,,,,,,
F1 Trend Futures,2022-09-29,2022-10-27,16818.1,17736.95,LONG,25,22971.24,318.65,22652.59,5.39,Expiry Rollover,bull,28,,,,,,,,,,,,,,,,,
F1 Trend Futures,2022-10-27,2022-11-24,17736.95,18484.1,LONG,25,18678.76,330.23,18348.53,4.14,Expiry Rollover,bull,28,,,,,,,,,,,,,,,,,
F1 Trend Futures,2022-11-24,2022-12-29,18484.1,18191.0,LONG,25,-7327.49,325.69,-7653.18,-1.66,Expiry Rollover,bull,35,,,,,,,,,,,,,,,,,
F1 Trend Futures,2022-12-29,2023-01-25,18191.0,17891.95,LONG,25,-7476.27,321.05,-7797.32,-1.71,Expiry Rollover,bull,27,,,,,,,,,,,,,,,,,
F1 Trend Futures,2023-01-25,2023-02-23,17891.95,17511.25,LONG,25,-9517.48,315.15,-9832.63,-2.2,Expiry Rollover,bull,29,,,,,,,,,,,,,,,,,
F1 Trend Futures,2023-02-23,2023-03-29,17511.25,17080.7,LONG,25,-10763.77,308.47,-11072.24,-2.53,Expiry Rollover,bull,34,,,,,,,,,,,,,,,,,
F1 Trend Futures,2023-03-29,2023-04-10,17080.7,17624.05,LONG,25,13583.79,316.9,13266.89,3.11,Signal Flip,bull,12,,,,,,,,,,,,,,,,,
F1 Trend Futures,2023-04-10,2023-04-27,17624.05,17915.05,SHORT,25,-7275.0,321.41,-7596.41,-1.72,Expiry Rollover,sideways,17,,,,,,,,,,,,,,,,,
F1 Trend Futures,2023-04-27,2023-05-25,17915.05,18321.15,SHORT,25,-10152.49,327.71,-10480.2,-2.34,Expiry Rollover,sideways,28,,,,,,,,,,,,,,,,,
F1 Trend Futures,2023-05-25,2023-06-01,18321.15,18487.75,SHORT,25,-4164.99,330.29,-4495.28,-0.98,Signal Flip,sideways,7,,,,,,,,,,,,,,,,,
F1 Trend Futures,2023-06-01,2023-06-30,18487.75,19189.05,LONG,25,17532.52,341.16,17191.35,3.72,Expiry Rollover,bull,29,,,,,,,,,,,,,,,,,
F1 Trend Futures,2023-06-30,2023-07-27,19189.05,19659.9,LONG,25,11771.24,348.47,11422.77,2.38,Expiry Rollover,bull,27,,,,,,,,,,,,,,,,,
F1 Trend Futures,2023-07-27,2023-08-31,19659.9,19253.8,LONG,25,-10152.49,342.17,-10494.66,-2.14,Expiry Rollover,bull,35,,,,,,,,,,,,,,,,,
F1 Trend Futures,2023-08-31,2023-09-28,19253.8,19523.55,LONG,25,6743.75,346.35,6397.4,1.33,Expiry Rollover,bull,28,,,,,,,,,,,,,,,,,
F1 Trend Futures,2023-09-28,2023-10-26,19523.55,18857.25,LONG,25,-16657.52,336.02,-16993.54,-3.48,Expiry Rollover,bull,28,,,,,,,,,,,,,,,,,
F1 Trend Futures,2023-10-26,2023-11-30,18857.25,20133.15,LONG,25,31897.51,355.8,31541.71,6.69,Expiry Rollover,bull,35,,,,,,,,,,,,,,,,,
F1 Trend Futures,2023-11-30,2023-12-28,20133.15,21778.7,LONG,25,41138.72,381.32,40757.4,8.1,Expiry Rollover,bull,28,,,,,,,,,,,,,,,,,
F1 Trend Futures,2023-12-28,2024-01-25,21778.7,21352.6,LONG,25,-10652.49,374.71,-11027.2,-2.03,Expiry Rollover,bull,28,,,,,,,,,,,,,,,,,
F1 Trend Futures,2024-01-25,2024-02-29,21352.6,21982.8,LONG,25,15755.03,384.49,15370.54,2.88,Expiry Rollover,bull,35,,,,,,,,,,,,,,,,,
F1 Trend Futures,2024-02-29,2024-03-28,21982.8,22326.9,LONG,25,8602.49,389.82,8212.67,1.49,Expiry Rollover,bull,28,,,,,,,,,,,,,,,,,
F1 Trend Futures,2024-03-28,2024-04-25,22326.9,22570.35,LONG,25,6086.23,393.6,5692.63,1.02,Expiry Rollover,bull,28,,,,,,,,,,,,,,,,,
F1 Trend Futures,2024-04-25,2024-05-30,22570.35,22488.65,LONG,25,-2042.48,392.33,-2434.81,-0.43,Expiry Rollover,bull,35,,,,,,,,,,,,,,,,,
F1 Trend Futures,2024-05-30,2024-06-27,22488.65,24044.5,LONG,25,38896.24,416.46,38479.78,6.84,Expiry Rollover,bull,28,,,,,,,,,,,,,,,,,
F1 Trend Futures,2024-06-27,2024-07-25,24044.5,24406.1,LONG,25,9039.99,422.07,8617.92,1.43,Expiry Rollover,bull,28,,,,,,,,,,,,,,,,,
F1 Trend Futures,2024-07-25,2024-08-29,24406.1,25151.95,LONG,25,18646.24,433.63,18212.61,2.98,Expiry Rollover,bull,35,,,,,,,,,,,,,,,,,
F1 Trend Futures,2024-08-29,2024-09-26,25151.95,26216.05,LONG,25,26602.54,450.13,26152.41,4.16,Expiry Rollover,bull,28,,,,,,,,,,,,,,,,,
F1 Trend Futures,2024-09-26,2024-10-31,26216.05,24205.35,LONG,25,-50267.53,418.95,-50686.48,-7.73,Expiry Rollover,bull,35,,,,,,,,,,,,,,,,,
F1 Trend Futures,2024-10-31,2024-11-28,24205.35,23914.15,LONG,25,-7279.98,414.44,-7694.42,-1.27,Expiry Rollover,bull,28,,,,,,,,,,,,,,,,,
F1 Trend Futures,2024-11-28,2024-12-26,23914.15,23750.2,LONG,25,-4098.78,411.89,-4510.67,-0.75,Expiry Rollover,bull,28,,,,,,,,,,,,,,,,,
F1 Trend Futures,2024-12-26,2025-01-17,23750.2,23203.2,LONG,25,-13675.0,403.41,-14078.41,-2.37,Signal Flip,bull,22,,,,,,,,,,,,,,,,,
F1 Trend Futures,2025-01-17,2025-01-30,23203.2,23249.5,SHORT,25,-1157.52,404.13,-1561.65,-0.27,Expiry Rollover,bear,13,,,,,,,,,,,,,,,,,
F1 Trend Futures,2025-01-30,2025-02-27,23249.5,22545.05,SHORT,25,17611.23,393.21,17218.02,2.96,Expiry Rollover,bear,28,,,,,,,,,,,,,,,,,
F1 Trend Futures,2025-02-27,2025-03-27,22545.05,23591.95,SHORT,25,-26172.46,409.44,-26581.9,-4.72,Expiry Rollover,bear,28,,,,,,,,,,,,,,,,,
F1 Trend Futures,2025-03-27,2025-04-24,23591.95,24246.7,SHORT,25,-16368.75,419.59,-16788.34,-2.85,Expiry Rollover,bear,28,,,,,,,,,,,,,,,,,
F1 Trend Futures,2025-04-24,2025-05-29,24246.7,24833.6,SHORT,25,-14672.51,428.69,-15101.2,-2.49,Expiry Rollover,bear,35,,,,,,,,,,,,,,,,,
F1 Trend Futures,2025-05-29,2025-06-04,24833.6,24620.2,SHORT,25,5335.01,425.39,4909.62,0.79,Signal Flip,bear,6,,,,,,,,,,,,,,,,,
F1 Trend Futures,2025-06-04,2025-06-26,24620.2,25549.0,LONG,25,23220.02,439.79,22780.23,3.7,Expiry Rollover,bull,22,,,,,,,,,,,,,,,,,
F1 Trend Futures,2025-06-26,2025-07-31,25549.0,24768.35,LONG,75,-58548.78,1195.85,-59744.63,-3.12,Expiry Rollover,bull,35,,,,,,,,,,,,,,,,,
F1 Trend Futures,2025-07-31,2025-08-28,24768.35,24500.9,LONG,75,-20058.69,1183.41,-21242.1,-1.14,Expiry Rollover,bull,28,,,,,,,,,,,,,,,,,
F1 Trend Futures,2025-08-28,2025-09-25,24500.9,24890.85,LONG,75,29246.19,1201.55,28044.64,1.53,Expiry Rollover,bull,28,,,,,,,,,,,,,,,,,
F1 Trend Futures,2025-09-25,2025-10-30,24890.85,25877.85,LONG,75,74025.0,1247.46,72777.54,3.9,Expiry Rollover,bull,35,,,,,,,,,,,,,,,,,
F1 Trend Futures,2025-10-30,2025-11-27,25877.85,26215.55,LONG,75,25327.59,1263.17,24064.41,1.24,Expiry Rollover,bull,28,,,,,,,,,,,,,,,,,
F1 Trend Futures,2025-11-27,2025-12-26,26215.55,26042.3,LONG,75,-12993.75,1255.11,-14248.86,-0.72,Expiry Rollover,bull,29,,,,,,,,,,,,,,,,,
F1 Trend Futures,2025-12-26,2026-01-29,26042.3,25418.9,LONG,65,-40521.03,1068.44,-41589.47,-2.46,Expiry Rollover,bull,34,,,,,,,,,,,,,,,,,
F1 Trend Futures,2026-01-29,2026-02-26,25418.9,25496.55,LONG,65,5047.28,1071.58,3975.7,0.24,Expiry Rollover,bull,28,,,,,,,,,,,,,,,,,
F1 Trend Futures,2026-02-26,2026-03-17,25496.55,23581.15,LONG,65,-124501.03,994.35,-125495.37,-7.57,Signal Flip,bull,19,,,,,,,,,,,,,,,,,
F2 MACD Futures,2009-06-08,2009-06-10,4429.9,4651.39,SHORT,25,-5537.37,115.73,-5653.1,-5.1,Stop Loss,bull,2,,,,,,,,,,,,,,,,,
F2 MACD Futures,2009-10-06,2009-11-11,5027.4,5003.95,SHORT,25,586.24,121.2,465.05,0.37,Signal Exit,bull,36,,,,,,,,,,,,,,,,,
F2 MACD Futures,2010-01-19,2010-02-17,5225.65,4914.0,SHORT,25,7791.25,119.8,7671.45,5.87,Signal Exit,bull,29,,,,,,,,,,,,,,,,,
F2 MACD Futures,2010-04-12,2010-05-31,5339.7,5086.3,SHORT,25,6335.01,122.47,6212.54,4.65,Signal Exit,bull,49,,,,,,,,,,,,,,,,,
F2 MACD Futures,2010-07-02,2010-07-12,5237.1,5383.0,SHORT,25,-3647.5,127.07,-3774.57,-2.88,Signal Exit,bull,10,,,,,,,,,,,,,,,,,
F2 MACD Futures,2010-07-28,2010-08-19,5397.55,5540.2,SHORT,25,-3566.26,129.51,-3695.77,-2.74,Signal Exit,bull,22,,,,,,,,,,,,,,,,,
F2 MACD Futures,2010-10-08,2010-11-04,6103.45,6281.8,SHORT,25,-4458.74,141.01,-4599.75,-3.01,Signal Exit,bull,27,,,,,,,,,,,,,,,,,
F2 MACD Futures,2010-11-04,2010-11-12,6281.8,6071.65,LONG,25,-5253.75,137.75,-5391.5,-3.43,Signal Exit,bull,8,,,,,,,,,,,,,,,,,
F2 MACD Futures,2010-11-12,2010-12-03,6071.65,5992.8,SHORT,25,1971.25,136.53,1834.72,1.21,Signal Exit,bull,21,,,,,,,,,,,,,,,,,
F2 MACD Futures,2011-01-07,2011-02-15,5904.6,5481.0,SHORT,25,10590.0,128.59,10461.41,7.09,Signal Exit,bull,39,,,,,,,,,,,,,,,,,
F2 MACD Futures,2011-04-18,2011-05-30,5729.1,5473.1,SHORT,25,6400.0,128.47,6271.53,4.38,Signal Exit,sideways,42,,,,,,,,,,,,,,,,,
F2 MACD Futures,2011-07-18,2011-07-25,5567.05,5680.3,SHORT,25,-2831.25,131.68,-2962.93,-2.13,Signal Exit,bear,7,,,,,,,,,,,,,,,,,
F2 MACD Futures,2011-07-25,2011-07-26,5680.3,5574.85,LONG,25,-2636.24,130.05,-2766.29,-1.95,Signal Exit,bear,1,,,,,,,,,,,,,,,,,
F2 MACD Futures,2011-07-26,2011-08-30,5574.85,5001.0,SHORT,25,14346.25,121.15,14225.1,10.21,Signal Exit,bear,35,,,,,,,,,,,,,,,,,
F2 MACD Futures,2011-09-29,2011-10-03,5015.45,4849.5,LONG,25,-4148.75,118.8,-4267.56,-3.4,Signal Exit,bear,4,,,,,,,,,,,,,,,,,
F2 MACD Futures,2011-11-11,2011-12-02,5168.85,5050.15,SHORT,25,2967.5,121.91,2845.59,2.2,Signal Exit,bear,21,,,,,,,,,,,,,,,,,
F2 MACD Futures,2012-02-23,2012-04-03,5483.3,5358.5,SHORT,25,3120.0,126.69,2993.3,2.18,Signal Exit,sideways,40,,,,,,,,,,,,,,,,,
F2 MACD Futures,2012-07-13,2012-08-02,5227.25,5227.75,SHORT,25,-12.5,124.67,-137.17,-0.1,Signal Exit,sideways,20,,,,,,,,,,,,,,,,,
F2 MACD Futures,2012-08-29,2012-09-12,5287.8,5431.0,SHORT,25,-3580.0,127.82,-3707.82,-2.8,Signal Exit,bull,14,,,,,,,,,,,,,,,,,
F2 MACD Futures,2012-10-09,2012-11-29,5704.6,5825.0,SHORT,25,-3010.0,133.93,-3143.93,-2.2,Signal Exit,bull,51,,,,,,,,,,,,,,,,,
F2 MACD Futures,2012-12-17,2013-01-03,5857.9,6009.5,SHORT,25,-3790.0,136.79,-3926.79,-2.68,Signal Exit,bull,17,,,,,,,,,,,,,,,,,
F2 MACD Futures,2013-01-03,2013-01-10,6009.5,5968.65,LONG,25,-1021.25,136.16,-1157.41,-0.77,Signal Exit,bull,7,,,,,,,,,,,,,,,,,
F2 MACD Futures,2013-01-10,2013-01-15,5968.65,6056.6,SHORT,25,-2198.75,137.52,-2336.27,-1.57,Signal Exit,bull,5,,,,,,,,,,,,,,,,,
F2 MACD Futures,2013-01-15,2013-01-16,6056.6,6001.85,LONG,25,-1368.75,136.67,-1505.42,-0.99,Signal Exit,bull,1,,,,,,,,,,,,,,,,,
F2 MACD Futures,2013-01-16,2013-01-17,6001.85,6039.2,SHORT,25,-933.75,137.25,-1071.0,-0.71,Signal Exit,bull,1,,,,,,,,,,,,,,,,,
F2 MACD Futures,2013-01-17,2013-01-24,6039.2,6019.35,LONG,25,-496.25,136.94,-633.19,-0.42,Signal Exit,bull,7,,,,,,,,,,,,,,,,,
F2 MACD Futures,2013-05-23,2013-07-01,5967.05,5898.85,SHORT,25,1704.99,135.07,1569.92,1.05,Signal Exit,bull,39,,,,,,,,,,,,,,,,,
F2 MACD Futures,2013-07-26,2013-08-30,5886.2,5471.8,SHORT,25,10360.01,128.45,10231.56,6.95,Signal Exit,bull,35,,,,,,,,,,,,,,,,,
F2 MACD Futures,2013-09-30,2013-10-09,5735.3,6007.45,SHORT,25,-6803.76,136.76,-6940.52,-4.84,Signal Exit,bear,9,,,,,,,,,,,,,,,,,
F2 MACD Futures,2013-10-09,2013-10-28,6007.45,6101.1,LONG,25,2341.25,138.21,2203.04,1.47,Signal Exit,sideways,19,,,,,,,,,,,,,,,,,
F2 MACD Futures,2013-10-28,2013-10-30,6101.1,6251.7,SHORT,25,-3765.0,140.55,-3905.55,-2.56,Signal Exit,sideways,2,,,,,,,,,,,,,,,,,
F2 MACD Futures,2013-10-30,2013-11-06,6251.7,6215.15,LONG,25,-913.76,139.98,-1053.74,-0.67,Signal Exit,sideways,7,,,,,,,,,,,,,,,,,
F2 MACD Futures,2013-11-06,2013-12-02,6215.15,6217.85,SHORT,25,-67.5,140.02,-207.53,-0.13,Signal Exit,bull,26,,,,,,,,,,,,,,,,,
F2 MACD Futures,2013-12-02,2013-12-16,6217.85,6154.7,LONG,25,-1578.75,139.04,-1717.79,-1.11,Signal Exit,bull,14,,,,,,,,,,,,,,,,,
F2 MACD Futures,2013-12-16,2013-12-24,6154.7,6268.4,SHORT,25,-2842.49,140.8,-2983.3,-1.94,Signal Exit,bull,8,,,,,,,,,,,,,,,,,
F2 MACD Futures,2013-12-24,2014-01-02,6268.4,6221.15,LONG,25,-1181.25,140.07,-1321.32,-0.84,Signal Exit,bull,9,,,,,,,,,,,,,,,,,
F2 MACD Futures,2014-01-02,2014-01-15,6221.15,6320.9,SHORT,25,-2493.75,141.62,-2635.37,-1.69,Signal Exit,bull,13,,,,,,,,,,,,,,,,,
F2 MACD Futures,2014-04-07,2014-04-09,6695.05,6796.2,SHORT,25,-2528.76,148.99,-2677.75,-1.6,Signal Exit,bull,2,,,,,,,,,,,,,,,,,
F2 MACD Futures,2014-04-09,2014-04-15,6796.2,6733.1,LONG,25,-1577.5,148.01,-1725.51,-1.02,Signal Exit,bull,6,,,,,,,,,,,,,,,,,
F2 MACD Futures,2014-04-15,2014-05-12,6733.1,7014.25,SHORT,25,-7028.75,152.37,-7181.12,-4.27,Signal Exit,bull,27,,,,,,,,,,,,,,,,,
F2 MACD Futures,2014-05-30,2014-06-05,7229.95,7474.1,SHORT,25,-6103.75,159.5,-6263.25,-3.47,Signal Exit,bull,6,,,,,,,,,,,,,,,,,
F2 MACD Futures,2014-06-05,2014-06-16,7474.1,7533.55,LONG,25,1486.24,160.42,1325.82,0.71,Signal Exit,bull,11,,,,,,,,,,,,,,,,,
F2 MACD Futures,2014-06-16,2014-07-04,7533.55,7751.6,SHORT,25,-5451.26,163.8,-5615.06,-2.98,Signal Exit,bull,18,,,,,,,,,,,,,,,,,
F2 MACD Futures,2014-07-04,2014-07-08,7751.6,7623.2,LONG,25,-3210.0,161.81,-3371.81,-1.74,Signal Exit,bull,4,,,,,,,,,,,,,,,,,
F2 MACD Futures,2014-07-08,2014-07-22,7623.2,7767.85,SHORT,25,-3616.25,164.06,-3780.3,-1.98,Signal Exit,bull,14,,,,,,,,,,,,,,,,,
F2 MACD Futures,2014-07-22,2014-08-01,7767.85,7602.6,LONG,25,-4131.25,161.49,-4292.74,-2.21,Signal Exit,bull,10,,,,,,,,,,,,,,,,,
F2 MACD Futures,2014-08-01,2014-08-18,7602.6,7874.25,SHORT,25,-6791.25,165.71,-6956.95,-3.66,Signal Exit,bull,17,,,,,,,,,,,,,,,,,
F2 MACD Futures,2014-08-18,2014-09-15,7874.25,8042.0,LONG,25,4193.75,168.31,4025.44,2.04,Signal Exit,bull,28,,,,,,,,,,,,,,,,,
F2 MACD Futures,2014-09-15,2014-10-22,8042.0,7995.9,SHORT,25,1152.5,167.59,984.91,0.49,Signal Exit,bull,37,,,,,,,,,,,,,,,,,
F2 MACD Futures,2014-12-02,2015-01-02,8524.7,8395.45,SHORT,25,3231.25,173.79,3057.46,1.43,Signal Exit,bull,31,,,,,,,,,,,,,,,,,
F2 MACD Futures,2015-01-02,2015-01-07,8395.45,8102.1,LONG,25,-7333.75,169.24,-7502.99,-3.57,Signal Exit,bull,5,,,,,,,,,,,,,,,,,
F2 MACD Futures,2015-01-07,2015-01-09,8102.1,8284.5,SHORT,25,-4560.0,172.07,-4732.07,-2.34,Signal Exit,bull,2,,,,,,,,,,,,,,,,,
F2 MACD Futures,2015-01-09,2015-02-05,8284.5,8711.7,LONG,25,10680.0,178.69,10501.31,5.07,Signal Exit,bull,27,,,,,,,,,,,,,,,,,
F2 MACD Futures,2015-02-05,2015-02-19,8711.7,8895.3,SHORT,25,-4589.99,181.54,-4771.53,-2.19,Signal Exit,bull,14,,,,,,,,,,,,,,,,,
F2 MACD Futures,2015-02-19,2015-02-23,8895.3,8754.95,LONG,25,-3508.74,179.36,-3688.1,-1.66,Signal Exit,bull,4,,,,,,,,,,,,,,,,,
F2 MACD Futures,2015-02-23,2015-03-03,8754.95,8996.25,SHORT,25,-6032.5,183.1,-6215.6,-2.84,Signal Exit,bull,8,,,,,,,,,,,,,,,,,
F2 MACD Futures,2015-03-03,2015-03-09,8996.25,8756.75,LONG,25,-5987.5,179.39,-6166.89,-2.74,Signal Exit,bull,6,,,,,,,,,,,,,,,,,
F2 MACD Futures,2015-03-09,2015-04-06,8756.75,8659.9,SHORT,25,2421.24,177.89,2243.35,1.02,Signal Exit,bull,28,,,,,,,,,,,,,,,,,
F2 MACD Futures,2015-07-27,2015-08-06,8361.0,8588.65,SHORT,25,-5691.26,176.78,-5868.04,-2.81,Signal Exit,bear,10,,,,,,,,,,,,,,,,,
F2 MACD Futures,2015-08-06,2015-08-10,8588.65,8525.6,LONG,25,-1576.27,175.81,-1752.08,-0.82,Signal Exit,sideways,4,,,,,,,,,,,,,,,,,
F2 MACD Futures,2016-04-06,2016-04-13,7614.35,7850.45,SHORT,25,-5902.5,165.34,-6067.84,-3.19,Signal Exit,bear,7,,,,,,,,,,,,,,,,,
F2 MACD Futures,2016-04-13,2016-04-29,7850.45,7849.8,LONG,25,-16.26,165.33,-181.59,-0.09,Signal Exit,bear,16,,,,,,,,,,,,,,,,,
F2 MACD Futures,2016-04-29,2016-05-26,7849.8,8069.65,SHORT,25,-5496.25,168.74,-5664.99,-2.89,Signal Exit,bear,27,,,,,,,,,,,,,,,,,
F2 MACD Futures,2016-05-26,2016-06-13,8069.65,8110.6,LONG,25,1023.75,169.37,854.38,0.42,Signal Exit,sideways,18,,,,,,,,,,,,,,,,,
F2 MACD Futures,2016-06-13,2016-07-04,8110.6,8370.7,SHORT,25,-6502.5,173.4,-6675.91,-3.29,Signal Exit,bull,21,,,,,,,,,,,,,,,,,
F2 MACD Futures,2016-07-04,2016-08-01,8370.7,8636.55,LONG,25,6646.24,177.53,6468.71,3.09,Signal Exit,bull,28,,,,,,,,,,,,,,,,,
F2 MACD Futures,2016-08-01,2016-08-31,8636.55,8786.2,SHORT,25,-3741.26,179.85,-3921.11,-1.82,Signal Exit,bull,30,,,,,,,,,,,,,,,,,
F2 MACD Futures,2016-08-31,2016-09-14,8786.2,8726.6,LONG,25,-1490.01,178.92,-1668.94,-0.76,Signal Exit,bull,14,,,,,,,,,,,,,,,,,
F2 MACD Futures,2016-09-14,2016-10-24,8726.6,8708.95,SHORT,25,441.24,178.65,262.59,0.12,Signal Exit,bull,40,,,,,,,,,,,,,,,,,
F2 MACD Futures,2017-02-15,2017-02-22,8724.7,8926.9,SHORT,25,-5055.0,182.03,-5237.03,-2.4,Signal Exit,sideways,7,,,,,,,,,,,,,,,,,
F2 MACD Futures,2017-02-22,2017-02-27,8926.9,8896.7,LONG,25,-755.0,181.56,-936.57,-0.42,Signal Exit,bull,5,,,,,,,,,,,,,,,,,
F2 MACD Futures,2017-02-27,2017-03-15,8896.7,9084.8,SHORT,25,-4702.49,184.48,-4886.97,-2.2,Signal Exit,bull,16,,,,,,,,,,,,,,,,,
F2 MACD Futures,2017-03-15,2017-03-22,9084.8,9030.45,LONG,25,-1358.74,183.64,-1542.38,-0.68,Signal Exit,bull,7,,,,,,,,,,,,,,,,,
F2 MACD Futures,2017-03-22,2017-04-05,9030.45,9265.15,SHORT,25,-5867.5,187.27,-6054.78,-2.68,Signal Exit,bull,14,,,,,,,,,,,,,,,,,
F2 MACD Futures,2017-04-05,2017-04-07,9265.15,9198.3,LONG,25,-1671.26,186.24,-1857.5,-0.8,Signal Exit,bull,2,,,,,,,,,,,,,,,,,
F2 MACD Futures,2017-04-07,2017-04-26,9198.3,9351.85,SHORT,25,-3838.75,188.62,-4027.36,-1.75,Signal Exit,bull,19,,,,,,,,,,,,,,,,,
F2 MACD Futures,2017-04-26,2017-05-09,9351.85,9316.85,LONG,25,-875.0,188.08,-1063.08,-0.45,Signal Exit,bull,13,,,,,,,,,,,,,,,,,
F2 MACD Futures,2017-05-09,2017-05-10,9316.85,9407.3,SHORT,25,-2261.25,189.48,-2450.73,-1.05,Signal Exit,bull,1,,,,,,,,,,,,,,,,,
F2 MACD Futures,2017-05-10,2017-05-22,9407.3,9438.25,LONG,25,773.75,189.96,583.8,0.25,Signal Exit,bull,12,,,,,,,,,,,,,,,,,
F2 MACD Futures,2017-05-22,2017-05-26,9438.25,9595.1,SHORT,25,-3921.24,192.39,-4113.63,-1.74,Signal Exit,bull,4,,,,,,,,,,,,,,,,,
F2 MACD Futures,2017-05-26,2017-06-12,9595.1,9616.4,LONG,25,532.52,192.72,339.8,0.14,Signal Exit,bull,17,,,,,,,,,,,,,,,,,
F2 MACD Futures,2017-06-12,2017-07-07,9616.4,9665.8,SHORT,25,-1234.99,193.49,-1428.47,-0.59,Signal Exit,bull,25,,,,,,,,,,,,,,,,,
F2 MACD Futures,2017-07-07,2017-08-07,9665.8,10057.4,LONG,25,9790.01,199.56,9590.45,3.97,Signal Exit,bull,31,,,,,,,,,,,,,,,,,
F2 MACD Futures,2017-08-07,2017-09-01,10057.4,9974.4,SHORT,25,2075.0,198.27,1876.73,0.75,Signal Exit,bull,25,,,,,,,,,,,,,,,,,
F2 MACD Futures,2017-09-25,2017-10-10,9872.6,10016.95,SHORT,25,-3608.76,198.93,-3807.7,-1.54,Signal Exit,bull,15,,,,,,,,,,,,,,,,,
F2 MACD Futures,2017-11-08,2017-11-27,10303.15,10399.55,SHORT,25,-2409.99,204.87,-2614.85,-1.02,Signal Exit,bull,19,,,,,,,,,,,,,,,,,
F2 MACD Futures,2017-11-27,2017-11-30,10399.55,10226.55,LONG,25,-4325.0,202.18,-4527.18,-1.74,Signal Exit,bull,3,,,,,,,,,,,,,,,,,
F2 MACD Futures,2018-02-02,2018-03-13,10760.6,10426.85,SHORT,25,8343.75,205.29,8138.46,3.03,Signal Exit,bull,39,,,,,,,,,,,,,,,,,
F2 MACD Futures,2018-05-16,2018-06-07,10741.1,10768.35,SHORT,25,-681.25,210.58,-891.83,-0.33,Signal Exit,bull,22,,,,,,,,,,,,,,,,,
F2 MACD Futures,2018-06-07,2018-06-20,10768.35,10772.05,LONG,25,92.5,210.64,-118.14,-0.04,Signal Exit,bull,13,,,,,,,,,,,,,,,,,
F2 MACD Futures,2018-06-20,2018-07-09,10772.05,10852.9,SHORT,25,-2021.26,211.9,-2233.16,-0.83,Signal Exit,bull,19,,,,,,,,,,,,,,,,,
F2 MACD Futures,2018-08-14,2018-08-21,11435.1,11570.9,SHORT,25,-3395.02,223.03,-3618.05,-1.27,Signal Exit,bull,7,,,,,,,,,,,,,,,,,
F2 MACD Futures,2018-08-21,2018-09-03,11570.9,11582.35,LONG,25,286.23,223.21,63.02,0.02,Signal Exit,bull,13,,,,,,,,,,,,,,,,,
F2 MACD Futures,2018-09-03,2018-10-29,11582.35,10250.85,SHORT,25,33287.5,202.56,33084.94,11.43,Signal Exit,bull,56,,,,,,,,,,,,,,,,,
F2 MACD Futures,2018-12-10,2018-12-14,10488.45,10805.45,SHORT,25,-7925.0,211.16,-8136.16,-3.1,Signal Exit,bear,4,,,,,,,,,,,,,,,,,
F2 MACD Futures,2018-12-14,2018-12-24,10805.45,10663.5,LONG,25,-3548.75,208.96,-3757.71,-1.39,Signal Exit,sideways,10,,,,,,,,,,,,,,,,,
F2 MACD Futures,2018-12-24,2019-01-16,10663.5,10890.3,SHORT,25,-5670.0,212.48,-5882.47,-2.21,Signal Exit,bear,23,,,,,,,,,,,,,,,,,
F2 MACD Futures,2019-02-14,2019-02-26,10746.05,10835.3,SHORT,25,-2231.25,211.62,-2442.87,-0.91,Signal Exit,bear,12,,,,,,,,,,,,,,,,,
F2 MACD Futures,2019-04-08,2019-05-20,11604.5,11828.25,SHORT,25,-5593.75,227.02,-5820.77,-2.01,Signal Exit,bull,42,,,,,,,,,,,,,,,,,
F2 MACD Futures,2019-06-13,2019-07-03,11914.05,11916.75,SHORT,25,-67.5,228.39,-295.9,-0.1,Signal Exit,bull,20,,,,,,,,,,,,,,,,,
F2 MACD Futures,2019-10-07,2019-10-16,11126.4,11464.0,SHORT,25,-8439.99,221.37,-8661.36,-3.11,Signal Exit,bear,9,,,,,,,,,,,,,,,,,
F2 MACD Futures,2019-11-13,2019-11-28,11840.45,12151.15,SHORT,25,-7767.5,232.03,-7999.53,-2.7,Signal Exit,bull,15,,,,,,,,,,,,,,,,,
F2 MACD Futures,2019-11-28,2019-11-29,12151.15,12056.05,LONG,25,-2377.51,230.55,-2608.07,-0.86,Signal Exit,bull,1,,,,,,,,,,,,,,,,,
F2 MACD Futures,2019-11-29,2019-12-18,12056.05,12221.65,SHORT,25,-4140.01,233.12,-4373.14,-1.45,Signal Exit,bull,19,,,,,,,,,,,,,,,,,
F2 MACD Futures,2019-12-31,2020-01-14,12168.45,12362.3,SHORT,25,-4846.24,235.3,-5081.54,-1.67,Signal Exit,bull,14,,,,,,,,,,,,,,,,,
F2 MACD Futures,2020-01-14,2020-01-21,12362.3,12169.85,LONG,25,-4811.25,232.32,-5043.57,-1.63,Signal Exit,bull,7,,,,,,,,,,,,,,,,,
F2 MACD Futures,2020-01-21,2020-02-12,12169.85,12201.2,SHORT,25,-783.76,232.8,-1016.57,-0.33,Signal Exit,bull,22,,,,,,,,,,,,,,,,,
F2 MACD Futures,2020-02-12,2020-02-18,12201.2,11992.5,LONG,25,-5217.5,229.57,-5447.07,-1.79,Signal Exit,bull,6,,,,,,,,,,,,,,,,,
F2 MACD Futures,2020-05-18,2020-05-27,8823.25,9264.41,SHORT,25,-11029.06,187.26,-11216.33,-5.08,Stop Loss,bear,9,,,,,,,,,,,,,,,,,
F2 MACD Futures,2020-05-27,2020-06-16,9314.95,9914.0,LONG,25,14976.25,197.34,14778.91,6.35,Signal Exit,bear,20,,,,,,,,,,,,,,,,,
F2 MACD Futures,2020-06-16,2020-06-19,9914.0,10244.4,SHORT,25,-8260.01,202.46,-8462.47,-3.41,Signal Exit,bear,3,,,,,,,,,,,,,,,,,
F2 MACD Futures,2020-06-19,2020-06-30,10244.4,10302.1,LONG,25,1442.48,203.35,1239.13,0.48,Signal Exit,bear,11,,,,,,,,,,,,,,,,,
F2 MACD Futures,2020-06-30,2020-07-02,10302.1,10551.7,SHORT,25,-6240.01,207.23,-6447.24,-2.5,Signal Exit,bear,2,,,,,,,,,,,,,,,,,
F2 MACD Futures,2020-07-02,2020-07-14,10551.7,10607.35,LONG,25,1391.24,208.09,1183.15,0.45,Signal Exit,bear,12,,,,,,,,,,,,,,,,,
F2 MACD Futures,2020-07-14,2020-07-21,10607.35,11137.72,SHORT,25,-13259.19,216.31,-13475.5,-5.08,Stop Loss,bear,7,,,,,,,,,,,,,,,,,
F2 MACD Futures,2020-07-21,2020-07-30,11162.25,11102.15,LONG,25,-1502.49,215.76,-1718.25,-0.62,Signal Exit,sideways,9,,,,,,,,,,,,,,,,,
F2 MACD Futures,2020-07-30,2020-08-26,11102.15,11549.6,SHORT,25,-11186.23,222.7,-11408.93,-4.11,Signal Exit,sideways,27,,,,,,,,,,,,,,,,,
F2 MACD Futures,2020-08-26,2020-08-31,11549.6,11387.5,LONG,25,-4052.49,220.19,-4272.68,-1.48,Signal Exit,bull,5,,,,,,,,,,,,,,,,,
F2 MACD Futures,2020-08-31,2020-10-05,11387.5,11503.35,SHORT,25,-2896.24,221.98,-3118.22,-1.1,Signal Exit,bull,35,,,,,,,,,,,,,,,,,
F2 MACD Futures,2020-10-26,2020-11-05,11767.75,12120.3,SHORT,25,-8813.75,231.55,-9045.29,-3.07,Signal Exit,bull,10,,,,,,,,,,,,,,,,,
F2 MACD Futures,2020-12-21,2020-12-30,13328.4,13994.82,SHORT,25,-16660.5,260.62,-16921.12,-5.08,Stop Loss,bull,9,,,,,,,,,,,,,,,,,
F2 MACD Futures,2020-12-31,2021-01-18,13981.75,14281.3,LONG,25,7488.75,265.06,7223.69,2.07,Signal Exit,bull,18,,,,,,,,,,,,,,,,,
F2 MACD Futures,2021-01-18,2021-02-04,14281.3,14895.65,SHORT,25,-15358.76,274.59,-15633.35,-4.38,Signal Exit,bull,17,,,,,,,,,,,,,,,,,
F2 MACD Futures,2021-02-04,2021-02-19,14895.65,14981.75,LONG,25,2152.49,275.92,1876.57,0.5,Signal Exit,bull,15,,,,,,,,,,,,,,,,,
F2 MACD Futures,2021-02-19,2021-04-07,14981.75,14819.05,SHORT,25,4067.5,273.4,3794.11,1.01,Signal Exit,bull,47,,,,,,,,,,,,,,,,,
F2 MACD Futures,2021-06-17,2021-08-03,15691.4,16130.75,SHORT,25,-10983.74,293.74,-11277.48,-2.87,Signal Exit,bull,47,,,,,,,,,,,,,,,,,
F2 MACD Futures,2021-09-20,2021-09-24,17396.9,17853.2,SHORT,25,-11407.47,320.45,-11727.92,-2.7,Signal Exit,bull,4,,,,,,,,,,,,,,,,,
F2 MACD Futures,2021-09-24,2021-09-28,17853.2,17748.6,LONG,25,-2614.99,318.83,-2933.82,-0.66,Signal Exit,bull,4,,,,,,,,,,,,,,,,,
F2 MACD Futures,2021-09-28,2021-10-13,17748.6,18161.75,SHORT,25,-10328.76,325.23,-10653.99,-2.4,Signal Exit,bull,15,,,,,,,,,,,,,,,,,
F2 MACD Futures,2021-10-13,2021-10-22,18161.75,18114.9,LONG,25,-1171.24,324.51,-1495.75,-0.33,Signal Exit,bull,9,,,,,,,,,,,,,,,,,
F2 MACD Futures,2021-10-22,2021-12-09,18114.9,17516.85,SHORT,25,14951.27,315.23,14636.04,3.23,Signal Exit,bull,48,,,,,,,,,,,,,,,,,
F2 MACD Futures,2022-01-21,2022-03-14,17617.15,16871.3,SHORT,25,18646.24,305.22,18341.02,4.16,Signal Exit,bull,52,,,,,,,,,,,,,,,,,
F2 MACD Futures,2022-04-13,2022-05-23,17475.65,16214.7,SHORT,25,31523.75,295.04,31228.71,7.15,Signal Exit,bull,40,,,,,,,,,,,,,,,,,
F2 MACD Futures,2022-08-22,2022-09-13,17490.7,18070.05,SHORT,25,-14483.79,323.81,-14807.6,-3.39,Signal Exit,sideways,22,,,,,,,,,,,,,,,,,
F2 MACD Futures,2022-09-13,2022-09-15,18070.05,17877.4,LONG,25,-4816.26,320.82,-5137.08,-1.14,Signal Exit,bull,2,,,,,,,,,,,,,,,,,
F2 MACD Futures,2022-09-15,2022-10-17,17877.4,17311.8,SHORT,25,14139.99,312.05,13827.94,3.09,Signal Exit,bull,32,,,,,,,,,,,,,,,,,
F2 MACD Futures,2022-11-21,2022-11-28,18159.95,18562.75,SHORT,25,-10070.02,331.45,-10401.47,-2.29,Signal Exit,bull,7,,,,,,,,,,,,,,,,,
F2 MACD Futures,2022-11-28,2022-12-07,18562.75,18560.5,LONG,25,-56.25,331.42,-387.67,-0.08,Signal Exit,bull,9,,,,,,,,,,,,,,,,,
F2 MACD Futures,2022-12-07,2023-01-18,18560.5,18165.35,SHORT,25,9878.76,325.29,9553.47,2.06,Signal Exit,bull,42,,,,,,,,,,,,,,,,,
F2 MACD Futures,2023-05-17,2023-05-29,18181.75,18598.65,SHORT,25,-10422.51,332.01,-10754.52,-2.37,Signal Exit,sideways,12,,,,,,,,,,,,,,,,,
F2 MACD Futures,2023-05-29,2023-06-02,18598.65,18534.1,LONG,25,-1613.77,331.01,-1944.78,-0.42,Signal Exit,sideways,4,,,,,,,,,,,,,,,,,
F2 MACD Futures,2023-06-02,2023-06-07,18534.1,18726.4,SHORT,25,-4807.52,333.99,-5141.51,-1.11,Signal Exit,bull,5,,,,,,,,,,,,,,,,,
F2 MACD Futures,2023-06-07,2023-06-09,18726.4,18563.4,LONG,25,-4075.0,331.46,-4406.46,-0.94,Signal Exit,bull,2,,,,,,,,,,,,,,,,,
F2 MACD Futures,2023-06-09,2023-06-30,18563.4,19189.05,SHORT,25,-15641.26,341.16,-15982.42,-3.44,Signal Exit,bull,21,,,,,,,,,,,,,,,,,
F2 MACD Futures,2023-06-30,2023-07-25,19189.05,19680.6,LONG,25,12288.72,348.79,11939.93,2.49,Signal Exit,bull,25,,,,,,,,,,,,,,,,,
F2 MACD Futures,2023-07-25,2023-09-04,19680.6,19528.8,SHORT,25,3794.97,346.43,3448.54,0.7,Signal Exit,bull,41,,,,,,,,,,,,,,,,,
F2 MACD Futures,2023-09-22,2023-10-12,19674.25,19794.0,SHORT,25,-2993.75,350.55,-3344.3,-0.68,Signal Exit,bull,20,,,,,,,,,,,,,,,,,
F2 MACD Futures,2024-01-02,2024-02-07,21665.8,21930.5,SHORT,25,-6617.48,383.68,-7001.16,-1.29,Signal Exit,bull,36,,,,,,,,,,,,,,,,,
F2 MACD Futures,2024-02-07,2024-02-08,21930.5,21717.95,LONG,25,-5313.77,380.38,-5694.15,-1.04,Signal Exit,bull,1,,,,,,,,,,,,,,,,,
F2 MACD Futures,2024-02-08,2024-02-16,21717.95,22040.7,SHORT,25,-8068.75,385.39,-8454.14,-1.56,Signal Exit,bull,8,,,,,,,,,,,,,,,,,
F2 MACD Futures,2024-06-04,2024-06-07,21884.5,22978.73,SHORT,25,-27355.63,399.93,-27755.56,-5.07,Stop Loss,bull,3,,,,,,,,,,,,,,,,,
F2 MACD Futures,2024-06-07,2024-07-19,23290.15,24530.9,LONG,25,31018.75,424.0,30594.75,5.25,Signal Exit,bull,42,,,,,,,,,,,,,,,,,
F2 MACD Futures,2024-07-19,2024-08-21,24530.9,24770.2,SHORT,25,-5982.47,427.71,-6410.18,-1.05,Signal Exit,bull,33,,,,,,,,,,,,,,,,,
F2 MACD Futures,2024-09-06,2024-09-16,24852.15,25383.75,SHORT,25,-13289.99,437.23,-13727.22,-2.21,Signal Exit,bull,10,,,,,,,,,,,,,,,,,
F2 MACD Futures,2024-09-16,2024-10-03,25383.75,25250.1,LONG,25,-3341.26,435.15,-3776.41,-0.6,Signal Exit,bull,17,,,,,,,,,,,,,,,,,
F2 MACD Futures,2024-10-03,2024-11-11,25250.1,24141.3,SHORT,25,27719.97,417.96,27302.01,4.33,Signal Exit,bull,39,,,,,,,,,,,,,,,,,
F2 MACD Futures,2025-04-07,2025-04-15,22161.6,23269.68,SHORT,25,-27702.0,404.44,-28106.44,-5.07,Stop Loss,bear,8,,,,,,,,,,,,,,,,,
F2 MACD Futures,2025-04-16,2025-05-09,23437.2,24008.0,LONG,25,14270.02,415.89,13854.13,2.36,Signal Exit,bear,23,,,,,,,,,,,,,,,,,
F2 MACD Futures,2025-05-09,2025-05-12,24008.0,24924.7,SHORT,25,-22917.48,430.11,-23347.59,-3.89,Signal Exit,bear,3,,,,,,,,,,,,,,,,,
F2 MACD Futures,2025-05-12,2025-05-21,24924.7,24813.45,LONG,25,-2781.25,428.38,-3209.63,-0.52,Signal Exit,sideways,9,,,,,,,,,,,,,,,,,
F2 MACD Futures,2025-05-21,2025-06-26,24813.45,25549.0,SHORT,25,-18388.77,439.79,-18828.56,-3.04,Signal Exit,sideways,36,,,,,,,,,,,,,,,,,
F2 MACD Futures,2025-06-26,2025-07-09,25549.0,25476.1,LONG,75,-5467.53,1228.77,-6696.3,-0.35,Signal Exit,bull,13,,,,,,,,,,,,,,,,,
D1 ATM Weekly Buy,2009-05-27,2009-05-28,,,,25,258.27,90.05,168.23,25.14,Near Expiry,bull,1,CE,4300.0,2009-05-28,26.77,37.1,41.6,,,,,,,,,,,
D1 ATM Weekly Buy,2009-05-28,2009-06-18,,,,25,-3240.47,98.65,-3339.12,-61.36,Stop Loss 50%,bull,21,CE,4350.0,2009-06-25,217.69,88.07,44.6,,,,,,,,,,,
D1 ATM Weekly Buy,2009-07-20,2009-07-22,,,,25,-1439.44,93.85,-1533.29,-53.34,Stop Loss 50%,bull,2,CE,4500.0,2009-07-30,114.97,57.4,37.0,,,,,,,,,,,
D1 ATM Weekly Buy,2009-07-24,2009-07-27,,,,25,-559.97,94.26,-654.22,-26.92,Near Expiry,bull,3,CE,4550.0,2009-07-30,97.21,74.81,36.5,,,,,,,,,,,
D1 ATM Weekly Buy,2009-07-27,2009-07-28,,,,25,-450.47,92.59,-543.06,-29.03,Near Expiry,bull,1,CE,4550.0,2009-07-30,74.81,56.8,37.4,,,,,,,,,,,
D1 ATM Weekly Buy,2009-07-28,2009-07-29,,,,25,-912.19,90.04,-1002.23,-70.59,Near Expiry,bull,1,CE,4550.0,2009-07-30,56.8,20.31,36.1,,,,,,,,,,,
D1 ATM Weekly Buy,2009-07-29,2009-07-30,,,,25,717.76,92.41,625.35,58.53,Near Expiry,bull,1,CE,4500.0,2009-07-30,42.74,71.45,37.3,,,,,,,,,,,
D1 ATM Weekly Buy,2009-07-30,2009-08-10,,,,25,-2708.27,99.31,-2807.58,-53.04,Stop Loss 50%,bull,11,CE,4550.0,2009-08-27,211.73,103.4,37.6,,,,,,,,,,,
D1 ATM Weekly Buy,2009-08-27,2009-09-22,,,,25,3396.25,110.49,3285.77,70.65,Near Expiry,bull,26,CE,4700.0,2009-09-24,186.03,321.88,34.8,,,,,,,,,,,
D1 ATM Weekly Buy,2009-09-22,2009-09-23,,,,25,-904.27,89.62,-993.88,-77.05,Near Expiry,bull,1,CE,5000.0,2009-09-24,51.6,15.43,26.8,,,,,,,,,,,
D1 ATM Weekly Buy,2009-09-23,2009-09-24,,,,25,-64.22,90.39,-154.61,-15.81,Near Expiry,bull,1,CE,4950.0,2009-09-24,39.12,36.55,26.5,,,,,,,,,,,
D1 ATM Weekly Buy,2009-09-24,2009-10-22,,,,25,-2275.16,95.74,-2370.9,-59.74,Stop Loss 50%,bull,28,CE,5000.0,2009-10-29,158.74,67.73,24.4,,,,,,,,,,,
D1 ATM Weekly Buy,2009-11-17,2009-11-23,,,,25,-328.47,94.6,-423.07,-17.76,Near Expiry,bull,6,CE,5050.0,2009-11-26,95.31,82.17,26.8,,,,,,,,,,,
D1 ATM Weekly Buy,2009-11-23,2009-11-24,,,,25,-422.1,90.74,-512.84,-39.12,Near Expiry,bull,1,CE,5100.0,2009-11-26,52.43,35.55,26.7,,,,,,,,,,,
D1 ATM Weekly Buy,2009-11-24,2009-11-25,,,,25,-107.32,89.99,-197.31,-22.2,Near Expiry,bull,1,CE,5100.0,2009-11-26,35.55,31.26,26.1,,,,,,,,,,,
D1 ATM Weekly Buy,2009-11-25,2009-11-26,,,,25,-780.2,88.16,-868.36,-111.12,Near Expiry,bull,1,CE,5100.0,2009-11-26,31.26,0.05,24.9,,,,,,,,,,,
D1 ATM Weekly Buy,2009-11-26,2009-12-21,,,,25,-3129.77,96.82,-3226.59,-66.77,Stop Loss 50%,bull,25,CE,5000.0,2009-12-31,193.28,68.09,28.3,,,,,,,,,,,
D1 ATM Weekly Buy,2009-12-24,2009-12-29,,,,25,-629.25,90.74,-719.99,-49.89,Near Expiry,bull,5,CE,5200.0,2009-12-31,57.73,32.56,22.7,,,,,,,,,,,
D1 ATM Weekly Buy,2009-12-29,2009-12-30,,,,25,-453.43,88.98,-542.41,-66.64,Near Expiry,bull,1,CE,5200.0,2009-12-31,32.56,14.42,24.4,,,,,,,,,,,
D1 ATM Weekly Buy,2009-12-31,2010-01-21,,,,25,-2978.1,93.26,-3071.36,-83.21,Stop Loss 50%,bull,21,CE,5200.0,2010-01-28,147.65,28.53,23.3,,,,,,,,,,,
D1 ATM Weekly Buy,2010-02-26,2010-03-16,,,,25,3887.29,108.65,3778.64,99.52,Target 100%,bull,18,CE,4900.0,2010-03-25,151.87,307.37,24.0,,,,,,,,,,,
D1 ATM Weekly Buy,2010-03-16,2010-03-22,,,,25,-633.6,91.52,-725.12,-43.28,Near Expiry,bull,6,CE,5200.0,2010-03-25,67.02,41.67,19.6,,,,,,,,,,,
D1 ATM Weekly Buy,2010-03-22,2010-03-23,,,,25,47.1,90.85,-43.75,-4.2,Near Expiry,bull,1,CE,5200.0,2010-03-25,41.67,43.56,20.0,,,,,,,,,,,
D1 ATM Weekly Buy,2010-03-23,2010-03-25,,,,25,-192.21,88.32,-280.53,-62.04,Near Expiry,bull,2,CE,5250.0,2010-03-25,18.09,10.4,18.1,,,,,,,,,,,
D1 ATM Weekly Buy,2010-03-25,2010-04-19,,,,25,-1803.87,94.6,-1898.47,-57.02,Stop Loss 50%,bull,25,CE,5250.0,2010-04-29,133.18,61.02,17.0,,,,,,,,,,,
D1 ATM Weekly Buy,2010-06-10,2010-06-21,,,,25,3879.0,104.29,3774.71,149.59,Near Expiry,bull,11,CE,5100.0,2010-06-24,100.94,256.1,26.5,,,,,,,,,,,
D1 ATM Weekly Buy,2010-06-21,2010-06-22,,,,25,-539.57,89.49,-629.06,-61.8,Near Expiry,bull,1,CE,5350.0,2010-06-24,40.72,19.14,19.4,,,,,,,,,,,
D1 ATM Weekly Buy,2010-06-22,2010-06-23,,,,25,-144.45,90.5,-234.95,-22.16,Near Expiry,bull,1,CE,5300.0,2010-06-24,42.4,36.62,20.6,,,,,,,,,,,
D1 ATM Weekly Buy,2010-06-23,2010-06-24,,,,25,-400.55,89.44,-489.99,-53.52,Near Expiry,bull,1,CE,5300.0,2010-06-24,36.62,20.6,20.3,,,,,,,,,,,
D1 ATM Weekly Buy,2010-06-24,2010-07-26,,,,25,-835.35,98.98,-934.33,-23.4,Near Expiry,bull,32,CE,5300.0,2010-07-29,159.73,126.32,20.1,,,,,,,,,,,
D1 ATM Weekly Buy,2010-07-26,2010-07-27,,,,25,-26.16,91.47,-117.63,-9.27,Near Expiry,bull,1,CE,5400.0,2010-07-29,50.74,49.69,20.0,,,,,,,,,,,
D1 ATM Weekly Buy,2010-07-27,2010-07-28,,,,25,-441.27,88.19,-529.46,-92.38,Near Expiry,bull,1,CE,5450.0,2010-07-29,22.93,5.27,19.2,,,,,,,,,,,
D1 ATM Weekly Buy,2010-07-28,2010-07-29,,,,25,-309.19,88.34,-397.53,-74.77,Near Expiry,bull,1,CE,5400.0,2010-07-29,21.27,8.9,19.5,,,,,,,,,,,
D1 ATM Weekly Buy,2010-07-29,2010-08-23,,,,25,496.75,99.19,397.56,12.43,Near Expiry,bull,25,CE,5400.0,2010-08-26,127.99,147.86,18.3,,,,,,,,,,,
D1 ATM Weekly Buy,2010-08-23,2010-08-24,,,,25,-531.12,88.82,-619.94,-75.98,Near Expiry,bull,1,CE,5550.0,2010-08-26,32.64,11.39,17.1,,,,,,,,,,,
D1 ATM Weekly Buy,2010-09-01,2010-09-13,,,,25,5096.49,109.36,4987.13,154.43,Target 100%,bull,12,CE,5450.0,2010-09-30,129.17,333.03,16.7,,,,,,,,,,,
D1 ATM Weekly Buy,2010-09-13,2010-09-20,,,,25,3758.23,104.3,3653.93,140.41,Target 100%,bull,7,CE,5750.0,2010-09-30,104.09,254.42,18.1,,,,,,,,,,,
D1 ATM Weekly Buy,2010-09-20,2010-09-27,,,,25,-296.21,93.57,-389.78,-18.93,Near Expiry,bull,7,CE,6000.0,2010-09-30,82.38,70.53,22.0,,,,,,,,,,,
D1 ATM Weekly Buy,2010-09-27,2010-09-28,,,,25,-353.53,90.13,-443.66,-40.8,Near Expiry,bull,1,CE,6050.0,2010-09-30,43.5,29.36,22.4,,,,,,,,,,,
D1 ATM Weekly Buy,2010-09-28,2010-09-29,,,,25,-533.23,88.53,-621.76,-84.72,Near Expiry,bull,1,CE,6050.0,2010-09-30,29.36,8.03,21.2,,,,,,,,,,,
D1 ATM Weekly Buy,2010-09-29,2010-09-30,,,,25,146.44,89.57,56.87,9.44,Near Expiry,bull,1,CE,6000.0,2010-09-30,24.09,29.95,22.2,,,,,,,,,,,
D1 ATM Weekly Buy,2010-09-30,2010-10-20,,,,25,-2375.74,95.05,-2470.79,-64.52,Stop Loss 50%,bull,20,CE,6050.0,2010-10-28,153.18,58.15,22.2,,,,,,,,,,,
D1 ATM Weekly Buy,2010-11-04,2010-11-11,,,,25,-1572.41,93.9,-1666.31,-56.01,Stop Loss 50%,bull,7,CE,6300.0,2010-11-25,118.99,56.1,19.4,,,,,,,,,,,
D1 ATM Weekly Buy,2010-11-11,2010-11-16,,,,25,-2040.18,91.13,-2131.31,-86.51,Stop Loss 50%,bull,5,CE,6200.0,2010-11-25,98.54,16.93,19.4,,,,,,,,,,,
D1 ATM Weekly Buy,2010-12-15,2010-12-27,,,,25,79.9,96.41,-16.51,-0.62,Near Expiry,bull,12,CE,5900.0,2010-12-30,106.07,109.26,21.4,,,,,,,,,,,
D1 ATM Weekly Buy,2010-12-29,2010-12-30,,,,25,600.02,90.89,509.14,73.13,Near Expiry,bull,1,CE,6050.0,2010-12-30,27.85,51.85,17.1,,,,,,,,,,,
D1 ATM Weekly Buy,2010-12-30,2011-01-07,,,,25,-2040.24,93.92,-2134.16,-65.04,Stop Loss 50%,bull,8,CE,6100.0,2011-01-27,131.25,49.64,17.0,,,,,,,,,,,
D1 ATM Weekly Buy,2011-02-21,2011-02-22,,,,25,-764.0,90.74,-854.74,-55.93,Near Expiry,sideways,1,CE,5500.0,2011-02-24,61.13,30.57,24.9,,,,,,,,,,,
D1 ATM Weekly Buy,2011-03-01,2011-03-18,,,,25,-2709.4,95.5,-2804.9,-67.19,Stop Loss 50%,sideways,17,CE,5500.0,2011-03-31,166.98,58.6,22.2,,,,,,,,,,,
D1 ATM Weekly Buy,2011-03-22,2011-03-23,,,,25,-808.07,90.94,-899.01,-55.65,Stop Loss 50%,bear,1,PE,5400.0,2011-03-31,64.62,32.3,22.3,,,,,,,,,,,
D1 ATM Weekly Buy,2011-04-27,2011-04-28,,,,25,757.21,91.78,665.44,77.69,Near Expiry,sideways,1,PE,5850.0,2011-04-28,34.26,64.55,21.4,,,,,,,,,,,
D1 ATM Weekly Buy,2011-04-28,2011-05-03,,,,25,3234.07,105.06,3129.01,98.92,Target 100%,sideways,5,PE,5800.0,2011-05-26,126.52,255.89,20.9,,,,,,,,,,,
D1 ATM Weekly Buy,2011-05-03,2011-05-23,,,,25,1536.15,99.24,1436.91,56.44,Near Expiry,bear,20,PE,5550.0,2011-05-26,101.83,163.28,21.6,,,,,,,,,,,
D1 ATM Weekly Buy,2011-05-23,2011-05-24,,,,25,-328.22,90.45,-418.67,-35.99,Near Expiry,bear,1,PE,5400.0,2011-05-26,46.53,33.4,21.0,,,,,,,,,,,
D1 ATM Weekly Buy,2011-05-24,2011-05-25,,,,25,573.58,91.3,482.28,57.76,Near Expiry,bear,1,PE,5400.0,2011-05-26,33.4,56.34,19.9,,,,,,,,,,,
D1 ATM Weekly Buy,2011-05-25,2011-05-26,,,,25,-576.87,87.91,-664.78,-114.99,Near Expiry,bear,1,PE,5350.0,2011-05-26,23.12,0.05,20.7,,,,,,,,,,,
D1 ATM Weekly Buy,2011-05-26,2011-06-01,,,,25,-1940.99,91.99,-2032.98,-76.69,Stop Loss 50%,bear,6,PE,5400.0,2011-06-30,106.04,28.4,19.2,,,,,,,,,,,
D1 ATM Weekly Buy,2011-06-17,2011-06-24,,,,25,-1394.52,89.95,-1484.47,-87.2,Stop Loss 50%,bear,7,PE,5350.0,2011-06-30,68.09,12.31,20.3,,,,,,,,,,,
D1 ATM Weekly Buy,2011-06-24,2011-06-27,,,,25,-737.85,89.12,-826.97,-79.76,Near Expiry,bear,3,PE,5450.0,2011-06-30,41.47,11.96,19.3,,,,,,,,,,,
D1 ATM Weekly Buy,2011-07-21,2011-07-22,,,,25,-995.78,89.98,-1085.76,-74.68,Stop Loss 50%,bear,1,PE,5550.0,2011-07-28,58.16,18.33,18.8,,,,,,,,,,,
D1 ATM Weekly Buy,2011-07-27,2011-07-28,,,,25,999.58,91.29,908.3,163.17,Near Expiry,bear,1,PE,5550.0,2011-07-28,22.27,62.25,18.2,,,,,,,,,,,
D1 ATM Weekly Buy,2011-07-28,2011-08-05,,,,25,4947.52,106.95,4840.57,184.96,Target 100%,bear,8,PE,5500.0,2011-08-25,104.68,302.58,18.5,,,,,,,,,,,
D1 ATM Weekly Buy,2011-08-05,2011-08-18,,,,25,3792.95,104.58,3688.37,138.5,Target 100%,bear,13,PE,5200.0,2011-08-25,106.53,258.25,24.9,,,,,,,,,,,
D1 ATM Weekly Buy,2011-08-18,2011-08-22,,,,25,37.98,93.66,-55.68,-2.98,Near Expiry,bear,4,PE,4950.0,2011-08-25,74.82,76.33,27.5,,,,,,,,,,,
D1 ATM Weekly Buy,2011-08-22,2011-08-23,,,,25,-740.33,89.61,-829.94,-70.23,Near Expiry,bear,1,PE,4900.0,2011-08-25,47.27,17.65,27.1,,,,,,,,,,,
D1 ATM Weekly Buy,2011-08-23,2011-08-24,,,,25,781.21,92.11,689.1,73.41,Near Expiry,bear,1,PE,4950.0,2011-08-25,37.55,68.8,25.9,,,,,,,,,,,
D1 ATM Weekly Buy,2011-08-24,2011-08-25,,,,25,644.36,91.56,552.8,63.86,Near Expiry,bear,1,PE,4900.0,2011-08-25,34.63,60.4,28.6,,,,,,,,,,,
D1 ATM Weekly Buy,2011-08-25,2011-08-30,,,,25,-2205.11,95.75,-2300.85,-58.63,Stop Loss 50%,bear,5,PE,4850.0,2011-09-29,156.97,68.77,27.9,,,,,,,,,,,
D1 ATM Weekly Buy,2011-09-02,2011-09-20,,,,25,-2224.79,93.87,-2318.66,-68.47,Stop Loss 50%,bear,18,PE,5050.0,2011-09-29,135.45,46.45,26.1,,,,,,,,,,,
D1 ATM Weekly Buy,2011-09-22,2011-09-26,,,,25,510.64,94.94,415.7,21.38,Near Expiry,bear,4,PE,4900.0,2011-09-29,77.76,98.19,33.9,,,,,,,,,,,
D1 ATM Weekly Buy,2011-09-26,2011-09-27,,,,25,-1488.61,89.75,-1578.36,-92.54,Near Expiry,bear,1,PE,4850.0,2011-09-29,68.23,8.68,35.4,,,,,,,,,,,
D1 ATM Weekly Buy,2011-09-27,2011-09-28,,,,25,-39.47,90.2,-129.67,-14.3,Near Expiry,bear,1,PE,4950.0,2011-09-29,36.27,34.69,32.0,,,,,,,,,,,
D1 ATM Weekly Buy,2011-09-28,2011-09-29,,,,25,-866.09,88.26,-954.35,-110.03,Near Expiry,bear,1,PE,4950.0,2011-09-29,34.69,0.05,32.0,,,,,,,,,,,
D1 ATM Weekly Buy,2011-10-04,2011-10-10,,,,25,-2934.47,94.14,-3028.61,-77.22,Stop Loss 50%,bear,6,PE,4750.0,2011-10-27,156.89,39.51,37.2,,,,,,,,,,,
D1 ATM Weekly Buy,2011-10-11,2011-10-12,,,,25,-1383.74,93.3,-1477.03,-55.16,Stop Loss 50%,bear,1,PE,4950.0,2011-10-27,107.1,51.76,30.3,,,,,,,,,,,
D1 ATM Weekly Buy,2011-11-17,2011-11-21,,,,25,2404.71,99.12,2305.59,118.1,Near Expiry,bear,4,PE,4950.0,2011-11-24,78.09,174.28,26.9,,,,,,,,,,,
D1 ATM Weekly Buy,2011-11-21,2011-11-22,,,,25,-687.09,90.78,-777.87,-52.15,Near Expiry,bear,1,PE,4800.0,2011-11-24,59.67,32.19,28.6,,,,,,,,,,,
D1 ATM Weekly Buy,2011-11-22,2011-11-23,,,,25,1616.63,93.48,1523.15,189.3,Near Expiry,bear,1,PE,4800.0,2011-11-24,32.19,96.85,27.4,,,,,,,,,,,
D1 ATM Weekly Buy,2011-11-23,2011-11-25,,,,25,-664.37,88.01,-752.38,-113.04,Near Expiry,bear,2,PE,4700.0,2011-11-24,26.62,0.05,30.7,,,,,,,,,,,
D1 ATM Weekly Buy,2011-11-25,2011-12-01,,,,25,-2660.54,93.97,-2754.51,-74.57,Stop Loss 50%,bear,6,PE,4700.0,2011-12-29,147.76,41.34,29.1,,,,,,,,,,,
D1 ATM Weekly Buy,2011-12-01,2011-12-16,,,,25,4398.03,107.96,4290.07,131.36,Target 100%,bear,15,PE,4950.0,2011-12-29,130.64,306.56,25.0,,,,,,,,,,,
D1 ATM Weekly Buy,2011-12-19,2011-12-21,,,,25,-1169.73,91.68,-1261.41,-61.03,Stop Loss 50%,bear,2,PE,4600.0,2011-12-29,82.67,35.88,30.6,,,,,,,,,,,
D1 ATM Weekly Buy,2011-12-21,2011-12-27,,,,25,-1501.04,90.42,-1591.46,-83.34,Near Expiry,bear,6,PE,4700.0,2011-12-29,76.39,16.34,27.5,,,,,,,,,,,
D1 ATM Weekly Buy,2011-12-27,2011-12-28,,,,25,443.97,91.22,352.75,39.43,Near Expiry,bear,1,PE,4750.0,2011-12-29,35.79,53.55,26.3,,,,,,,,,,,
D1 ATM Weekly Buy,2011-12-28,2011-12-29,,,,25,766.94,90.84,676.1,117.21,Near Expiry,bear,1,PE,4700.0,2011-12-29,23.07,53.75,26.7,,,,,,,,,,,
D1 ATM Weekly Buy,2011-12-29,2012-01-06,,,,25,-1634.91,94.43,-1729.34,-54.52,Stop Loss 50%,bear,8,PE,4650.0,2012-01-26,126.88,61.48,26.6,,,,,,,,,,,
D1 ATM Weekly Buy,2012-02-27,2012-03-13,,,,25,-2740.93,95.07,-2836.0,-69.69,Stop Loss 50%,sideways,15,PE,5300.0,2012-03-29,162.77,53.13,27.4,,,,,,,,,,,
D1 ATM Weekly Buy,2012-03-13,2012-03-26,,,,25,3725.62,105.14,3620.48,126.15,Near Expiry,sideways,13,PE,5450.0,2012-03-29,114.8,263.82,24.8,,,,,,,,,,,
D1 ATM Weekly Buy,2012-04-17,2012-04-23,,,,25,-1421.24,89.75,-1510.98,-91.01,Near Expiry,bull,6,CE,5300.0,2012-04-26,66.41,9.56,20.3,,,,,,,,,,,
D1 ATM Weekly Buy,2012-06-06,2012-06-25,,,,25,-178.33,97.9,-276.22,-8.49,Near Expiry,sideways,19,CE,5000.0,2012-06-28,130.15,123.02,24.9,,,,,,,,,,,
D1 ATM Weekly Buy,2012-07-20,2012-07-23,,,,25,1202.58,93.22,1109.36,111.51,Near Expiry,sideways,3,PE,5200.0,2012-07-26,39.79,87.9,16.9,,,,,,,,,,,
D1 ATM Weekly Buy,2012-07-23,2012-07-24,,,,25,-293.78,88.7,-382.48,-60.92,Near Expiry,sideways,1,PE,5100.0,2012-07-26,25.12,13.36,18.7,,,,,,,,,,,
D1 ATM Weekly Buy,2012-07-24,2012-07-25,,,,25,180.75,90.74,90.0,9.74,Near Expiry,sideways,1,PE,5150.0,2012-07-26,36.95,44.18,17.0,,,,,,,,,,,
D1 ATM Weekly Buy,2012-07-25,2012-07-26,,,,25,1097.77,90.72,1007.06,307.75,Near Expiry,sideways,1,PE,5100.0,2012-07-26,13.09,57.0,16.8,,,,,,,,,,,
D1 ATM Weekly Buy,2012-07-26,2012-07-30,,,,25,-1394.28,91.82,-1486.1,-66.05,Stop Loss 50%,bear,4,PE,5050.0,2012-08-30,90.0,34.23,16.4,,,,,,,,,,,
D1 ATM Weekly Buy,2012-08-06,2012-08-27,,,,25,-628.32,93.51,-721.83,-32.01,Near Expiry,bull,21,CE,5300.0,2012-08-30,90.2,65.07,16.2,,,,,,,,,,,
D1 ATM Weekly Buy,2012-08-27,2012-08-29,,,,25,-784.53,88.33,-872.86,-104.41,Near Expiry,bull,2,CE,5350.0,2012-08-30,33.44,2.06,16.5,,,,,,,,,,,
D1 ATM Weekly Buy,2012-09-14,2012-09-24,,,,25,626.3,93.69,532.61,35.48,Near Expiry,bull,10,CE,5600.0,2012-09-27,60.05,85.1,15.4,,,,,,,,,,,
D1 ATM Weekly Buy,2012-09-24,2012-09-25,,,,25,-187.21,91.13,-278.34,-21.88,Near Expiry,bull,1,CE,5650.0,2012-09-27,50.9,43.41,18.8,,,,,,,,,,,
D1 ATM Weekly Buy,2012-09-25,2012-09-26,,,,25,-382.79,90.06,-472.85,-43.57,Near Expiry,bull,1,CE,5650.0,2012-09-27,43.41,28.1,17.1,,,,,,,,,,,
D1 ATM Weekly Buy,2012-09-26,2012-09-27,,,,25,-701.14,88.06,-789.2,-112.36,Near Expiry,bull,1,CE,5650.0,2012-09-27,28.1,0.05,17.0,,,,,,,,,,,
D1 ATM Weekly Buy,2012-09-27,2012-10-16,,,,25,-1525.46,94.06,-1619.52,-54.13,Stop Loss 50%,bull,19,CE,5650.0,2012-10-25,119.67,58.65,16.9,,,,,,,,,,,
D1 ATM Weekly Buy,2012-10-18,2012-10-22,,,,25,-558.8,91.14,-649.93,-42.93,Near Expiry,bull,4,CE,5700.0,2012-10-25,60.56,38.21,14.8,,,,,,,,,,,
D1 ATM Weekly Buy,2012-11-07,2012-11-15,,,,25,-1751.5,91.8,-1843.3,-74.52,Stop Loss 50%,bull,8,CE,5750.0,2012-11-29,98.95,28.89,14.5,,,,,,,,,,,
D1 ATM Weekly Buy,2012-11-29,2012-12-24,,,,25,-1478.9,94.84,-1573.75,-49.29,Near Expiry,bull,25,CE,5800.0,2012-12-27,127.72,68.56,15.4,,,,,,,,,,,
D1 ATM Weekly Buy,2013-01-02,2013-01-28,,,,25,-475.89,95.09,-570.98,-21.8,Near Expiry,bull,26,CE,6000.0,2013-01-31,104.79,85.75,13.7,,,,,,,,,,,
D1 ATM Weekly Buy,2013-01-28,2013-01-29,,,,25,-556.1,90.17,-646.27,-52.62,Near Expiry,bull,1,CE,6050.0,2013-01-31,49.13,26.89,15.2,,,,,,,,,,,
D1 ATM Weekly Buy,2013-01-29,2013-01-30,,,,25,-127.41,89.21,-216.63,-32.23,Near Expiry,bull,1,CE,6050.0,2013-01-31,26.89,21.79,14.5,,,,,,,,,,,
D1 ATM Weekly Buy,2013-01-30,2013-01-31,,,,25,-543.53,87.87,-631.39,-115.9,Near Expiry,bull,1,CE,6050.0,2013-01-31,21.79,0.05,14.4,,,,,,,,,,,
D1 ATM Weekly Buy,2013-01-31,2013-02-07,,,,25,-1338.56,92.94,-1431.5,-56.3,Stop Loss 50%,bull,7,CE,6050.0,2013-02-28,101.71,48.16,14.1,,,,,,,,,,,
D1 ATM Weekly Buy,2013-03-18,2013-03-19,,,,25,-856.26,90.35,-946.6,-64.23,Stop Loss 50%,bull,1,CE,5850.0,2013-03-28,58.95,24.7,15.9,,,,,,,,,,,
D1 ATM Weekly Buy,2013-04-18,2013-04-22,,,,25,291.59,91.62,199.97,18.0,Near Expiry,bull,4,CE,5800.0,2013-04-25,44.43,56.09,15.4,,,,,,,,,,,
D1 ATM Weekly Buy,2013-04-22,2013-04-23,,,,25,-188.1,89.21,-277.3,-39.08,Near Expiry,bull,1,CE,5850.0,2013-04-25,28.39,20.86,16.2,,,,,,,,,,,
D1 ATM Weekly Buy,2013-04-23,2013-04-25,,,,25,1135.93,91.46,1044.47,200.26,Near Expiry,bull,2,CE,5850.0,2013-04-25,20.86,66.3,15.1,,,,,,,,,,,
D1 ATM Weekly Buy,2013-04-25,2013-05-15,,,,25,3581.68,106.28,3475.39,105.36,Target 100%,bull,20,CE,5900.0,2013-05-30,131.94,275.21,14.2,,,,,,,,,,,
D1 ATM Weekly Buy,2013-05-15,2013-05-22,,,,25,-1335.13,92.52,-1427.65,-59.02,Stop Loss 50%,bull,7,CE,6150.0,2013-05-30,96.76,43.35,18.1,,,,,,,,,,,
D1 ATM Weekly Buy,2013-05-22,2013-05-23,,,,25,-1165.53,90.22,-1255.75,-76.84,Stop Loss 50%,bull,1,CE,6100.0,2013-05-30,65.37,18.75,17.7,,,,,,,,,,,
D1 ATM Weekly Buy,2013-07-01,2013-07-22,,,,25,424.23,98.47,325.76,10.74,Near Expiry,bull,21,CE,5900.0,2013-07-25,121.36,138.33,18.1,,,,,,,,,,,
D1 ATM Weekly Buy,2013-07-22,2013-07-23,,,,25,394.51,90.75,303.76,38.59,Near Expiry,bull,1,CE,6050.0,2013-07-25,31.49,47.27,17.6,,,,,,,,,,,
D1 ATM Weekly Buy,2013-07-23,2013-07-24,,,,25,-516.94,87.87,-604.8,-114.65,Near Expiry,bull,1,CE,6100.0,2013-07-25,21.1,0.42,16.7,,,,,,,,,,,
D1 ATM Weekly Buy,2013-07-24,2013-07-25,,,,25,-429.22,87.73,-516.94,-120.09,Near Expiry,bull,1,CE,6000.0,2013-07-25,17.22,0.05,16.9,,,,,,,,,,,
D1 ATM Weekly Buy,2013-07-26,2013-08-02,,,,25,-1877.2,94.27,-1971.47,-60.08,Stop Loss 50%,bull,7,CE,5900.0,2013-08-29,131.25,56.16,16.8,,,,,,,,,,,
D1 ATM Weekly Buy,2013-08-06,2013-08-13,,,,25,-2196.16,92.5,-2288.66,-77.16,Stop Loss 50%,bear,7,PE,5550.0,2013-08-29,118.64,30.8,22.7,,,,,,,,,,,
D1 ATM Weekly Buy,2013-08-13,2013-08-16,,,,25,3240.86,101.45,3139.41,149.49,Target 100%,bear,3,PE,5700.0,2013-08-29,84.0,213.64,19.3,,,,,,,,,,,
D1 ATM Weekly Buy,2013-08-16,2013-08-21,,,,25,3165.62,101.62,3064.0,139.43,Target 100%,bear,5,PE,5500.0,2013-08-29,87.9,214.52,23.6,,,,,,,,,,,
D1 ATM Weekly Buy,2013-08-21,2013-08-22,,,,25,-1064.36,91.94,-1156.29,-55.77,Stop Loss 50%,bear,1,PE,5300.0,2013-08-29,82.93,40.35,28.1,,,,,,,,,,,
D1 ATM Weekly Buy,2013-08-22,2013-08-23,,,,25,-998.79,91.77,-1090.57,-54.99,Stop Loss 50%,bear,1,PE,5400.0,2013-08-29,79.33,39.38,29.1,,,,,,,,,,,
D1 ATM Weekly Buy,2013-08-23,2013-08-26,,,,25,-505.44,91.12,-596.56,-40.49,Near Expiry,bear,3,PE,5450.0,2013-08-29,58.94,38.72,25.8,,,,,,,,,,,
D1 ATM Weekly Buy,2013-08-26,2013-08-27,,,,25,3725.6,100.75,3624.86,229.16,Near Expiry,bear,1,PE,5500.0,2013-08-29,63.27,212.3,26.4,,,,,,,,,,,
D1 ATM Weekly Buy,2013-08-27,2013-08-28,,,,25,-206.57,91.14,-297.71,-23.12,Near Expiry,bear,1,PE,5300.0,2013-08-29,51.51,43.25,29.4,,,,,,,,,,,
D1 ATM Weekly Buy,2013-08-28,2013-08-29,,,,25,-1079.95,88.52,-1168.47,-108.07,Near Expiry,bear,1,PE,5300.0,2013-08-29,43.25,0.05,32.4,,,,,,,,,,,
D1 ATM Weekly Buy,2013-09-03,2013-09-05,,,,25,-2847.75,95.19,-2942.94,-70.51,Stop Loss 50%,bear,2,PE,5350.0,2013-09-26,166.95,53.04,32.5,,,,,,,,,,,
D1 ATM Weekly Buy,2013-09-30,2013-10-08,,,,25,-2365.46,96.43,-2461.88,-58.25,Stop Loss 50%,bear,8,PE,5750.0,2013-10-31,169.05,74.43,26.6,,,,,,,,,,,
D1 ATM Weekly Buy,2013-10-10,2013-10-18,,,,25,-2594.33,92.42,-2686.75,-84.04,Stop Loss 50%,sideways,8,PE,6000.0,2013-10-31,127.88,24.11,25.9,,,,,,,,,,,
D1 ATM Weekly Buy,2013-11-01,2013-11-08,,,,25,-2211.79,94.86,-2306.65,-62.87,Stop Loss 50%,bull,7,CE,6300.0,2013-11-28,146.76,58.28,18.6,,,,,,,,,,,
D1 ATM Weekly Buy,2013-11-19,2013-11-21,,,,25,-1727.03,90.38,-1817.42,-88.93,Stop Loss 50%,bull,2,CE,6200.0,2013-11-28,81.74,12.66,19.3,,,,,,,,,,,
D1 ATM Weekly Buy,2013-12-02,2013-12-13,,,,25,-2415.42,96.5,-2511.93,-58.68,Stop Loss 50%,bull,11,CE,6200.0,2013-12-26,171.23,74.62,23.4,,,,,,,,,,,
D1 ATM Weekly Buy,2013-12-16,2013-12-23,,,,25,1446.09,97.4,1348.69,65.31,Near Expiry,bull,7,CE,6150.0,2013-12-26,82.6,140.45,18.4,,,,,,,,,,,
D1 ATM Weekly Buy,2013-12-23,2013-12-24,,,,25,-366.82,89.06,-455.88,-58.37,Near Expiry,bull,1,CE,6300.0,2013-12-26,31.24,16.57,16.3,,,,,,,,,,,
D1 ATM Weekly Buy,2013-12-24,2013-12-26,,,,25,-284.34,90.01,-374.35,-37.18,Near Expiry,bull,2,CE,6250.0,2013-12-26,40.27,28.9,15.6,,,,,,,,,,,
D1 ATM Weekly Buy,2014-01-15,2014-01-24,,,,25,-1504.82,92.33,-1597.15,-64.61,Stop Loss 50%,bull,9,CE,6300.0,2014-01-30,98.88,38.68,15.4,,,,,,,,,,,
D1 ATM Weekly Buy,2014-01-24,2014-01-27,,,,25,-1385.03,89.55,-1474.59,-93.3,Near Expiry,bull,3,CE,6250.0,2014-01-30,63.22,7.82,15.8,,,,,,,,,,,
D1 ATM Weekly Buy,2014-02-21,2014-02-24,,,,25,126.69,91.77,34.92,2.77,Near Expiry,bull,3,CE,6150.0,2014-02-27,50.43,55.5,14.0,,,,,,,,,,,
D1 ATM Weekly Buy,2014-02-24,2014-02-25,,,,25,-11.44,89.49,-100.92,-14.88,Near Expiry,bull,1,CE,6200.0,2014-02-27,27.14,26.68,14.4,,,,,,,,,,,
D1 ATM Weekly Buy,2014-02-25,2014-02-26,,,,25,449.29,90.46,358.83,53.8,Near Expiry,bull,1,CE,6200.0,2014-02-27,26.68,44.65,13.9,,,,,,,,,,,
D1 ATM Weekly Buy,2014-02-26,2014-02-28,,,,25,333.74,89.09,244.65,71.95,Near Expiry,bull,2,CE,6250.0,2014-02-27,13.6,26.95,14.0,,,,,,,,,,,
D1 ATM Weekly Buy,2014-02-28,2014-03-07,,,,25,4250.34,105.04,4145.3,165.58,Target 100%,bull,7,CE,6300.0,2014-03-27,100.14,270.16,14.2,,,,,,,,,,,
D1 ATM Weekly Buy,2014-03-07,2014-03-20,,,,25,-1648.54,92.27,-1740.82,-68.35,Stop Loss 50%,bull,13,CE,6550.0,2014-03-27,101.87,35.93,16.7,,,,,,,,,,,
D1 ATM Weekly Buy,2014-03-20,2014-03-24,,,,25,1018.8,94.23,924.57,65.68,Near Expiry,bull,4,CE,6500.0,2014-03-27,56.31,97.06,16.9,,,,,,,,,,,
D1 ATM Weekly Buy,2014-03-24,2014-03-25,,,,25,-103.18,89.81,-192.99,-23.2,Near Expiry,bull,1,CE,6600.0,2014-03-27,33.27,29.15,16.5,,,,,,,,,,,
D1 ATM Weekly Buy,2014-03-25,2014-03-26,,,,25,-83.68,89.5,-173.18,-23.77,Near Expiry,bull,1,CE,6600.0,2014-03-27,29.15,25.8,16.9,,,,,,,,,,,
D1 ATM Weekly Buy,2014-03-26,2014-03-27,,,,25,398.76,90.27,308.48,47.83,Near Expiry,bull,1,CE,6600.0,2014-03-27,25.8,41.75,17.8,,,,,,,,,,,
D1 ATM Weekly Buy,2014-03-27,2014-04-21,,,,25,1210.31,102.4,1107.91,30.08,Near Expiry,bull,25,CE,6650.0,2014-04-24,147.32,195.74,18.4,,,,,,,,,,,
D1 ATM Weekly Buy,2014-04-21,2014-04-22,,,,25,-485.92,94.29,-580.21,-24.24,Near Expiry,bull,1,CE,6800.0,2014-04-24,95.73,76.29,34.4,,,,,,,,,,,
D1 ATM Weekly Buy,2014-04-22,2014-04-23,,,,25,-195.64,93.27,-288.91,-15.15,Near Expiry,bull,1,CE,6800.0,2014-04-24,76.29,68.47,33.3,,,,,,,,,,,
D1 ATM Weekly Buy,2014-04-23,2014-04-25,,,,25,-1014.18,88.44,-1102.62,-108.59,Near Expiry,bull,2,CE,6850.0,2014-04-24,40.62,0.05,31.1,,,,,,,,,,,
D1 ATM Weekly Buy,2014-04-25,2014-05-23,,,,25,7736.33,126.71,7609.63,114.9,Target 100%,bull,28,CE,6800.0,2014-05-29,264.92,574.37,30.7,,,,,,,,,,,
D1 ATM Weekly Buy,2014-05-23,2014-05-26,,,,25,-507.49,92.89,-600.38,-30.09,Near Expiry,bull,3,CE,7350.0,2014-05-29,79.8,59.5,17.7,,,,,,,,,,,
D1 ATM Weekly Buy,2014-05-26,2014-05-27,,,,25,-779.57,90.56,-870.13,-58.5,Near Expiry,bull,1,CE,7350.0,2014-05-29,59.5,28.32,19.8,,,,,,,,,,,
D1 ATM Weekly Buy,2014-05-27,2014-05-28,,,,25,-181.18,91.26,-272.44,-20.82,Near Expiry,bull,1,CE,7300.0,2014-05-29,52.33,45.09,19.1,,,,,,,,,,,
D1 ATM Weekly Buy,2014-05-28,2014-05-29,,,,25,-460.14,87.77,-547.91,-118.75,Near Expiry,bull,1,CE,7350.0,2014-05-29,18.46,0.05,17.6,,,,,,,,,,,
D1 ATM Weekly Buy,2014-05-29,2014-06-06,,,,25,5687.36,111.95,5575.41,154.48,Target 100%,bull,8,CE,7250.0,2014-06-26,144.36,371.86,16.7,,,,,,,,,,,
D1 ATM Weekly Buy,2014-06-06,2014-06-19,,,,25,-1561.21,93.87,-1655.08,-55.93,Stop Loss 50%,bull,13,CE,7600.0,2014-06-26,118.37,55.92,16.0,,,,,,,,,,,
D1 ATM Weekly Buy,2014-06-19,2014-06-23,,,,25,-1216.28,91.19,-1307.48,-66.95,Near Expiry,bull,4,CE,7550.0,2014-06-26,78.12,29.47,18.7,,,,,,,,,,,
D1 ATM Weekly Buy,2014-06-23,2014-06-24,,,,25,1156.62,94.0,1062.62,84.87,Near Expiry,bull,1,CE,7500.0,2014-06-26,50.08,96.35,19.0,,,,,,,,,,,
D1 ATM Weekly Buy,2014-06-24,2014-06-25,,,,25,-459.0,89.18,-548.18,-62.65,Near Expiry,bull,1,CE,7600.0,2014-06-26,35.0,16.64,19.2,,,,,,,,,,,
D1 ATM Weekly Buy,2014-06-25,2014-06-26,,,,25,-1007.7,88.43,-1096.14,-108.64,Near Expiry,bull,1,CE,7550.0,2014-06-26,40.36,0.05,18.3,,,,,,,,,,,
D1 ATM Weekly Buy,2014-07-03,2014-07-10,,,,25,-2684.69,96.6,-2781.3,-62.04,Stop Loss 50%,bull,7,CE,7700.0,2014-07-31,179.31,71.92,17.8,,,,,,,,,,,
D1 ATM Weekly Buy,2014-07-16,2014-07-24,,,,25,3243.75,104.07,3139.68,109.55,Target 100%,bull,8,CE,7600.0,2014-07-31,114.64,244.39,14.7,,,,,,,,,,,
D1 ATM Weekly Buy,2014-07-24,2014-07-28,,,,25,-1247.94,89.5,-1337.44,-90.63,Near Expiry,bull,4,CE,7850.0,2014-07-31,59.03,9.11,14.7,,,,,,,,,,,
D1 ATM Weekly Buy,2014-07-28,2014-07-30,,,,25,213.4,91.21,122.19,11.76,Near Expiry,bull,2,CE,7750.0,2014-07-31,41.56,50.1,14.3,,,,,,,,,,,
D1 ATM Weekly Buy,2014-07-30,2014-07-31,,,,25,-478.4,87.79,-566.19,-118.04,Near Expiry,bull,1,CE,7800.0,2014-07-31,19.19,0.05,13.9,,,,,,,,,,,
D1 ATM Weekly Buy,2014-07-31,2014-08-08,,,,25,-2236.66,95.05,-2331.71,-62.33,Stop Loss 50%,bull,8,CE,7700.0,2014-08-28,149.64,60.18,13.8,,,,,,,,,,,
D1 ATM Weekly Buy,2014-08-19,2014-08-25,,,,25,-726.94,91.91,-818.85,-44.28,Near Expiry,bull,6,CE,7900.0,2014-08-28,73.97,44.89,13.9,,,,,,,,,,,
D1 ATM Weekly Buy,2014-08-25,2014-08-26,,,,25,-213.4,90.56,-303.95,-27.08,Near Expiry,bull,1,CE,7900.0,2014-08-28,44.89,36.35,13.8,,,,,,,,,,,
D1 ATM Weekly Buy,2014-08-26,2014-08-27,,,,25,223.5,90.79,132.71,14.6,Near Expiry,bull,1,CE,7900.0,2014-08-28,36.35,45.29,13.9,,,,,,,,,,,
D1 ATM Weekly Buy,2014-08-27,2014-08-28,,,,25,-290.43,87.92,-378.35,-94.78,Near Expiry,bull,1,CE,7950.0,2014-08-28,15.97,4.35,13.1,,,,,,,,,,,
D1 ATM Weekly Buy,2014-08-28,2014-09-16,,,,25,-1849.54,94.9,-1944.43,-56.43,Stop Loss 50%,bull,19,CE,7950.0,2014-09-25,137.83,63.85,13.1,,,,,,,,,,,
D1 ATM Weekly Buy,2014-09-18,2014-09-22,,,,25,-84.33,92.85,-177.18,-10.35,Near Expiry,bull,4,CE,8100.0,2014-09-25,68.5,65.13,12.3,,,,,,,,,,,
D1 ATM Weekly Buy,2014-10-29,2014-10-30,,,,25,1275.66,91.54,1184.11,260.62,Near Expiry,bull,1,CE,8100.0,2014-10-30,18.17,69.2,13.0,,,,,,,,,,,
D1 ATM Weekly Buy,2014-10-30,2014-11-21,,,,25,4626.29,110.24,4516.05,119.17,Target 100%,bull,22,CE,8150.0,2014-11-27,151.58,336.63,13.3,,,,,,,,,,,
D1 ATM Weekly Buy,2014-11-21,2014-11-24,,,,25,155.96,92.1,63.85,4.77,Near Expiry,bull,3,CE,8500.0,2014-11-27,53.56,59.8,13.9,,,,,,,,,,,
D1 ATM Weekly Buy,2014-11-24,2014-11-25,,,,25,-642.88,88.61,-731.49,-88.6,Near Expiry,bull,1,CE,8550.0,2014-11-27,33.02,7.31,13.0,,,,,,,,,,,
D1 ATM Weekly Buy,2014-11-25,2014-11-26,,,,25,-83.43,90.63,-174.06,-16.4,Near Expiry,bull,1,CE,8450.0,2014-11-27,42.45,39.11,13.5,,,,,,,,,,,
D1 ATM Weekly Buy,2014-11-26,2014-11-27,,,,25,-334.18,87.61,-421.8,-125.75,Near Expiry,bull,1,CE,8500.0,2014-11-27,13.42,0.05,13.0,,,,,,,,,,,
D1 ATM Weekly Buy,2014-11-27,2014-12-09,,,,25,-2554.01,93.4,-2647.42,-76.5,Stop Loss 50%,bull,12,CE,8500.0,2014-12-25,138.44,36.28,12.7,,,,,,,,,,,
D1 ATM Weekly Buy,2015-01-02,2015-01-06,,,,25,-2227.69,94.6,-2322.29,-64.46,Stop Loss 50%,bull,4,CE,8400.0,2015-01-29,144.12,55.01,13.8,,,,,,,,,,,
D1 ATM Weekly Buy,2015-01-08,2015-01-15,,,,25,3730.81,107.08,3623.73,105.42,Target 100%,bull,7,CE,8250.0,2015-01-29,137.49,286.73,16.5,,,,,,,,,,,
D1 ATM Weekly Buy,2015-01-15,2015-01-20,,,,25,2942.8,103.44,2839.36,98.78,Target 100%,bull,5,CE,8500.0,2015-01-29,114.98,232.69,16.2,,,,,,,,,,,
D1 ATM Weekly Buy,2015-01-20,2015-01-27,,,,25,2909.17,101.99,2807.18,113.58,Near Expiry,bull,7,CE,8700.0,2015-01-29,98.86,215.23,17.3,,,,,,,,,,,
D1 ATM Weekly Buy,2015-01-27,2015-01-28,,,,25,-236.41,91.34,-327.76,-23.96,Near Expiry,bull,1,CE,8900.0,2015-01-29,54.71,45.25,18.1,,,,,,,,,,,
D1 ATM Weekly Buy,2015-01-28,2015-01-29,,,,25,177.37,91.44,85.92,7.59,Near Expiry,bull,1,CE,8900.0,2015-01-29,45.25,52.35,19.8,,,,,,,,,,,
D1 ATM Weekly Buy,2015-01-29,2015-02-03,,,,25,-2703.57,99.69,-2803.26,-51.91,Stop Loss 50%,bull,5,CE,8950.0,2015-02-26,216.02,107.87,19.4,,,,,,,,,,,
D1 ATM Weekly Buy,2015-02-03,2015-02-09,,,,25,-2794.87,97.72,-2892.59,-59.26,Stop Loss 50%,bull,6,CE,8750.0,2015-02-26,195.26,83.46,19.8,,,,,,,,,,,
D1 ATM Weekly Buy,2015-02-27,2015-03-09,,,,25,-2929.44,98.38,-3027.82,-58.65,Stop Loss 50%,bull,10,CE,8850.0,2015-03-26,206.5,89.32,19.6,,,,,,,,,,,
D1 ATM Weekly Buy,2015-04-09,2015-04-17,,,,25,-2291.98,92.98,-2384.96,-75.29,Stop Loss 50%,bull,8,CE,8800.0,2015-04-30,126.7,35.02,14.4,,,,,,,,,,,
D1 ATM Weekly Buy,2015-05-18,2015-05-25,,,,25,-1367.82,94.36,-1462.18,-49.07,Near Expiry,bull,7,CE,8350.0,2015-05-28,119.19,64.48,17.9,,,,,,,,,,,
D1 ATM Weekly Buy,2015-05-26,2015-05-27,,,,25,-366.94,89.66,-456.6,-47.65,Near Expiry,bull,1,CE,8350.0,2015-05-28,38.33,23.65,17.1,,,,,,,,,,,
D1 ATM Weekly Buy,2015-05-27,2015-05-28,,,,25,-590.07,87.92,-677.99,-114.66,Near Expiry,bull,1,CE,8350.0,2015-05-28,23.65,0.05,17.3,,,,,,,,,,,
D1 ATM Weekly Buy,2015-05-28,2015-06-03,,,,25,-2615.76,97.57,-2713.32,-57.47,Stop Loss 50%,bull,6,CE,8300.0,2015-06-25,188.86,84.23,17.1,,,,,,,,,,,
D1 ATM Weekly Buy,2015-06-15,2015-06-17,,,,25,-1020.09,91.71,-1111.8,-56.18,Stop Loss 50%,bear,2,PE,8000.0,2015-06-25,79.16,38.36,17.5,,,,,,,,,,,
D1 ATM Weekly Buy,2015-06-17,2015-06-18,,,,25,-1024.72,91.64,-1116.36,-56.95,Stop Loss 50%,bear,1,PE,8100.0,2015-06-25,78.4,37.42,16.7,,,,,,,,,,,
D1 ATM Weekly Buy,2015-06-18,2015-06-22,,,,25,-1361.34,89.0,-1450.34,-103.33,Near Expiry,bear,4,PE,8150.0,2015-06-25,56.15,1.69,16.0,,,,,,,,,,,
D1 ATM Weekly Buy,2015-07-27,2015-07-28,,,,25,58.11,90.92,-32.8,-3.12,Near Expiry,bear,1,PE,8350.0,2015-07-30,42.11,44.44,16.4,,,,,,,,,,,
D1 ATM Weekly Buy,2015-08-11,2015-08-24,,,,25,13543.41,124.93,13418.49,566.11,Near Expiry,sideways,13,PE,8450.0,2015-08-27,94.81,636.55,15.9,,,,,,,,,,,
D1 ATM Weekly Buy,2015-08-24,2015-08-25,,,,25,-1096.02,91.02,-1187.04,-65.07,Near Expiry,bear,1,PE,7800.0,2015-08-27,72.97,29.13,28.1,,,,,,,,,,,
D1 ATM Weekly Buy,2015-08-25,2015-08-26,,,,25,1100.73,95.67,1005.06,56.51,Near Expiry,bear,1,PE,7900.0,2015-08-27,71.14,115.17,26.9,,,,,,,,,,,
D1 ATM Weekly Buy,2015-08-26,2015-08-27,,,,25,-1123.96,88.57,-1212.53,-107.76,Near Expiry,bear,1,PE,7800.0,2015-08-27,45.01,0.05,25.5,,,,,,,,,,,
D1 ATM Weekly Buy,2015-08-27,2015-09-04,,,,25,4493.38,111.9,4381.48,100.47,Target 100%,bear,8,PE,7950.0,2015-09-24,174.45,354.18,22.0,,,,,,,,,,,
D1 ATM Weekly Buy,2015-09-04,2015-09-09,,,,25,-2428.26,96.6,-2524.87,-58.46,Stop Loss 50%,bear,5,PE,7650.0,2015-09-24,172.76,75.62,26.4,,,,,,,,,,,
D1 ATM Weekly Buy,2015-09-09,2015-09-16,,,,25,-1955.42,94.37,-2049.79,-61.03,Stop Loss 50%,bear,7,PE,7800.0,2015-09-24,134.35,56.14,24.3,,,,,,,,,,,
D1 ATM Weekly Buy,2015-10-30,2015-11-10,,,,25,3569.4,106.11,3463.28,106.37,Target 100%,bear,11,PE,8050.0,2015-11-26,130.24,273.01,17.9,,,,,,,,,,,
D1 ATM Weekly Buy,2015-11-10,2015-11-19,,,,25,-1531.85,92.93,-1624.78,-60.96,Stop Loss 50%,bear,9,PE,7800.0,2015-11-26,106.62,45.35,16.8,,,,,,,,,,,
D1 ATM Weekly Buy,2015-11-19,2015-11-23,,,,25,-514.7,91.81,-606.51,-36.01,Near Expiry,bear,4,PE,7850.0,2015-11-26,67.36,46.78,15.8,,,,,,,,,,,
D1 ATM Weekly Buy,2015-11-23,2015-11-24,,,,25,-21.0,91.14,-112.14,-9.59,Near Expiry,bear,1,PE,7850.0,2015-11-26,46.78,45.94,17.1,,,,,,,,,,,
D1 ATM Weekly Buy,2015-11-24,2015-11-26,,,,25,-1147.14,88.6,-1235.74,-107.61,Near Expiry,bear,2,PE,7850.0,2015-11-26,45.94,0.05,16.2,,,,,,,,,,,
D1 ATM Weekly Buy,2015-11-26,2015-12-09,,,,25,3701.43,107.77,3593.67,98.27,Target 100%,bear,13,PE,7900.0,2015-12-31,146.28,294.34,16.7,,,,,,,,,,,
D1 ATM Weekly Buy,2015-12-09,2015-12-16,,,,25,-1614.76,92.56,-1707.32,-65.41,Stop Loss 50%,bear,7,PE,7600.0,2015-12-31,104.41,39.82,16.7,,,,,,,,,,,
D1 ATM Weekly Buy,2015-12-16,2015-12-17,,,,25,-1324.45,92.33,-1416.78,-60.11,Stop Loss 50%,bear,1,PE,7750.0,2015-12-31,94.29,41.31,16.7,,,,,,,,,,,
D1 ATM Weekly Buy,2015-12-17,2015-12-28,,,,25,-1681.9,90.36,-1772.26,-88.28,Near Expiry,bear,11,PE,7850.0,2015-12-31,80.3,13.03,14.2,,,,,,,,,,,
D1 ATM Weekly Buy,2016-01-07,2016-01-20,,,,25,3358.55,104.34,3254.21,113.3,Target 100%,bear,13,PE,7550.0,2016-01-28,114.89,249.23,19.0,,,,,,,,,,,
D1 ATM Weekly Buy,2016-01-20,2016-01-22,,,,25,-1423.74,90.98,-1514.72,-74.9,Stop Loss 50%,bear,2,PE,7300.0,2016-01-28,80.9,23.95,21.0,,,,,,,,,,,
D1 ATM Weekly Buy,2016-01-22,2016-01-25,,,,25,-640.26,90.67,-730.93,-51.16,Near Expiry,bear,3,PE,7400.0,2016-01-28,57.15,31.54,18.8,,,,,,,,,,,
D1 ATM Weekly Buy,2016-01-25,2016-01-27,,,,25,-471.42,90.79,-562.21,-41.44,Near Expiry,bear,2,PE,7450.0,2016-01-28,54.26,35.41,18.3,,,,,,,,,,,
D1 ATM Weekly Buy,2016-01-27,2016-01-28,,,,25,-251.39,89.67,-341.06,-38.53,Near Expiry,bear,1,PE,7450.0,2016-01-28,35.41,25.35,19.1,,,,,,,,,,,
D1 ATM Weekly Buy,2016-01-28,2016-02-11,,,,25,7805.5,114.3,7691.2,261.72,Target 100%,bear,14,PE,7400.0,2016-02-25,117.55,429.77,17.9,,,,,,,,,,,
D1 ATM Weekly Buy,2016-02-11,2016-02-15,,,,25,-2632.68,93.77,-2726.45,-75.35,Stop Loss 50%,bear,4,PE,7000.0,2016-02-25,144.74,39.43,26.0,,,,,,,,,,,
D1 ATM Weekly Buy,2016-02-15,2016-02-22,,,,25,-1796.28,91.22,-1887.5,-80.9,Near Expiry,bear,7,PE,7150.0,2016-02-25,93.32,21.47,22.4,,,,,,,,,,,
D1 ATM Weekly Buy,2016-02-22,2016-02-23,,,,25,2143.4,97.09,2046.31,134.13,Near Expiry,bear,1,PE,7250.0,2016-02-25,61.03,146.76,21.0,,,,,,,,,,,
D1 ATM Weekly Buy,2016-02-23,2016-02-24,,,,25,1092.37,93.36,999.01,90.4,Near Expiry,bear,1,PE,7100.0,2016-02-25,44.2,87.9,23.8,,,,,,,,,,,
D1 ATM Weekly Buy,2016-02-24,2016-02-25,,,,25,120.82,89.56,31.26,5.09,Near Expiry,bear,1,PE,7000.0,2016-02-25,24.57,29.4,23.0,,,,,,,,,,,
D1 ATM Weekly Buy,2016-02-25,2016-03-01,,,,25,-3017.3,94.63,-3111.93,-75.56,Stop Loss 50%,bear,5,PE,6950.0,2016-03-31,164.73,44.04,22.8,,,,,,,,,,,
D1 ATM Weekly Buy,2016-05-06,2016-05-09,,,,25,-1538.57,93.79,-1632.36,-55.86,Stop Loss 50%,bear,3,PE,7750.0,2016-05-26,116.89,55.35,17.0,,,,,,,,,,,
D1 ATM Weekly Buy,2016-05-16,2016-05-23,,,,25,1192.82,96.32,1096.49,57.37,Near Expiry,sideways,7,PE,7850.0,2016-05-26,76.45,124.16,17.0,,,,,,,,,,,
D1 ATM Weekly Buy,2016-05-31,2016-06-24,,,,25,-3093.95,95.56,-3189.51,-71.85,Stop Loss 50%,bull,24,CE,8150.0,2016-06-30,177.58,53.82,16.0,,,,,,,,,,,
D1 ATM Weekly Buy,2016-06-30,2016-07-25,,,,25,4407.51,110.81,4296.69,104.88,Near Expiry,bull,25,CE,8300.0,2016-07-28,163.87,340.17,16.3,,,,,,,,,,,
D1 ATM Weekly Buy,2016-07-25,2016-07-26,,,,25,-665.47,89.53,-755.0,-68.0,Near Expiry,bull,1,CE,8650.0,2016-07-28,44.41,17.8,15.7,,,,,,,,,,,
D1 ATM Weekly Buy,2016-07-26,2016-07-27,,,,25,16.97,90.35,-73.38,-8.02,Near Expiry,bull,1,CE,8600.0,2016-07-28,36.58,37.26,15.6,,,,,,,,,,,
D1 ATM Weekly Buy,2016-07-27,2016-07-28,,,,25,726.11,91.96,634.15,68.09,Near Expiry,bull,1,CE,8600.0,2016-07-28,37.26,66.3,15.4,,,,,,,,,,,
D1 ATM Weekly Buy,2016-07-28,2016-08-10,,,,25,-2403.91,96.95,-2500.85,-56.79,Stop Loss 50%,bull,13,CE,8650.0,2016-08-25,176.16,80.0,15.1,,,,,,,,,,,
D1 ATM Weekly Buy,2016-08-31,2016-09-21,,,,25,-1879.33,95.61,-1974.94,-53.76,Stop Loss 50%,bull,21,CE,8800.0,2016-09-29,146.94,71.77,13.2,,,,,,,,,,,
D1 ATM Weekly Buy,2016-09-22,2016-09-26,,,,25,-1793.7,90.13,-1883.83,-93.64,Near Expiry,bull,4,CE,8850.0,2016-09-29,80.47,8.72,13.3,,,,,,,,,,,
D1 ATM Weekly Buy,2016-10-21,2016-10-24,,,,25,-260.91,91.97,-352.88,-22.53,Near Expiry,bull,3,CE,8700.0,2016-10-27,62.66,52.23,13.8,,,,,,,,,,,
D1 ATM Weekly Buy,2016-10-24,2016-10-25,,,,25,-444.58,90.68,-535.26,-41.0,Near Expiry,bull,1,CE,8700.0,2016-10-27,52.23,34.44,14.3,,,,,,,,,,,
D1 ATM Weekly Buy,2016-12-08,2016-12-15,,,,25,-1745.84,95.02,-1840.86,-53.88,Stop Loss 50%,bull,7,CE,8250.0,2016-12-29,136.66,66.83,15.5,,,,,,,,,,,
D1 ATM Weekly Buy,2017-02-17,2017-02-20,,,,25,510.5,94.9,415.59,21.5,Near Expiry,bull,3,CE,8800.0,2017-02-23,77.31,97.73,13.4,,,,,,,,,,,
D1 ATM Weekly Buy,2017-02-20,2017-02-21,,,,25,128.98,90.57,38.41,4.25,Near Expiry,bull,1,CE,8900.0,2017-02-23,36.19,41.35,13.6,,,,,,,,,,,
D1 ATM Weekly Buy,2017-02-21,2017-02-22,,,,25,22.02,90.77,-68.75,-6.65,Near Expiry,bull,1,CE,8900.0,2017-02-23,41.35,42.23,13.5,,,,,,,,,,,
D1 ATM Weekly Buy,2017-02-22,2017-02-23,,,,25,-404.79,87.7,-492.49,-121.29,Near Expiry,bull,1,CE,8950.0,2017-02-23,16.24,0.05,13.7,,,,,,,,,,,
D1 ATM Weekly Buy,2017-02-23,2017-03-27,,,,25,-1564.59,98.37,-1662.95,-38.84,Near Expiry,bull,32,CE,8950.0,2017-03-30,171.25,108.67,13.4,,,,,,,,,,,
D1 ATM Weekly Buy,2017-03-27,2017-03-28,,,,25,641.84,92.07,549.77,54.01,Near Expiry,bull,1,CE,9050.0,2017-03-30,40.71,66.39,12.4,,,,,,,,,,,
D1 ATM Weekly Buy,2017-03-28,2017-03-29,,,,25,447.35,91.13,356.22,41.15,Near Expiry,bull,1,CE,9100.0,2017-03-30,34.63,52.52,12.1,,,,,,,,,,,
D1 ATM Weekly Buy,2017-03-29,2017-03-30,,,,25,71.84,89.14,-17.3,-3.31,Near Expiry,bull,1,CE,9150.0,2017-03-30,20.88,23.75,12.1,,,,,,,,,,,
D1 ATM Weekly Buy,2017-03-30,2017-04-17,,,,25,-2146.48,96.17,-2242.65,-55.92,Stop Loss 50%,bull,18,CE,9150.0,2017-04-27,160.42,74.56,12.1,,,,,,,,,,,
D1 ATM Weekly Buy,2017-04-18,2017-04-24,,,,25,1165.91,96.64,1069.27,52.91,Near Expiry,bull,6,CE,9100.0,2017-04-27,80.84,127.47,12.4,,,,,,,,,,,
D1 ATM Weekly Buy,2017-04-25,2017-04-26,,,,25,576.2,91.52,484.68,54.06,Near Expiry,bull,1,CE,9300.0,2017-04-27,35.87,58.91,11.2,,,,,,,,,,,
D1 ATM Weekly Buy,2017-04-26,2017-04-27,,,,25,-616.8,87.96,-704.75,-114.03,Near Expiry,bull,1,CE,9350.0,2017-04-27,24.72,0.05,11.7,,,,,,,,,,,
D1 ATM Weekly Buy,2017-04-27,2017-05-22,,,,25,-821.73,96.85,-918.58,-27.34,Near Expiry,bull,25,CE,9350.0,2017-05-25,134.4,101.53,11.1,,,,,,,,,,,
D1 ATM Weekly Buy,2017-05-22,2017-05-23,,,,25,-576.7,88.92,-665.62,-76.1,Near Expiry,bull,1,CE,9450.0,2017-05-25,34.99,11.92,11.2,,,,,,,,,,,
D1 ATM Weekly Buy,2017-05-23,2017-05-24,,,,25,-495.65,88.57,-584.22,-81.02,Near Expiry,bull,1,CE,9400.0,2017-05-25,28.84,9.02,12.2,,,,,,,,,,,
D1 ATM Weekly Buy,2017-05-25,2017-06-27,,,,25,-2919.37,94.42,-3013.79,-75.45,Near Expiry,bull,33,CE,9500.0,2017-06-29,159.77,43.0,10.4,,,,,,,,,,,
D1 ATM Weekly Buy,2017-07-06,2017-07-13,,,,25,3561.16,106.45,3454.71,102.76,Target 100%,bull,7,CE,9650.0,2017-07-27,134.48,276.93,11.0,,,,,,,,,,,
D1 ATM Weekly Buy,2017-07-13,2017-07-18,,,,25,-1230.98,92.62,-1323.6,-55.56,Stop Loss 50%,bull,5,CE,9900.0,2017-07-27,95.29,46.05,11.2,,,,,,,,,,,
D1 ATM Weekly Buy,2017-07-18,2017-07-24,,,,25,1502.67,96.22,1406.45,83.62,Near Expiry,bull,6,CE,9850.0,2017-07-27,67.28,127.38,11.5,,,,,,,,,,,
D1 ATM Weekly Buy,2017-07-24,2017-07-25,,,,25,-264.23,91.09,-355.32,-27.07,Near Expiry,bull,1,CE,9950.0,2017-07-27,52.5,41.93,11.3,,,,,,,,,,,
D1 ATM Weekly Buy,2017-07-25,2017-07-26,,,,25,837.58,92.61,744.97,71.07,Near Expiry,bull,1,CE,9950.0,2017-07-27,41.93,75.43,10.9,,,,,,,,,,,
D1 ATM Weekly Buy,2017-07-26,2017-07-27,,,,25,-392.67,89.43,-482.1,-53.19,Near Expiry,bull,1,CE,10000.0,2017-07-27,36.26,20.55,11.2,,,,,,,,,,,
D1 ATM Weekly Buy,2017-07-27,2017-08-10,,,,25,-2800.04,96.71,-2896.75,-63.12,Stop Loss 50%,bull,14,CE,10000.0,2017-08-31,183.57,71.57,11.2,,,,,,,,,,,
D1 ATM Weekly Buy,2017-09-01,2017-09-22,,,,25,-2169.99,96.53,-2266.52,-54.85,Stop Loss 50%,bull,21,CE,9950.0,2017-09-28,165.28,78.48,11.7,,,,,,,,,,,
D1 ATM Weekly Buy,2017-10-13,2017-10-23,,,,25,-993.58,94.23,-1087.81,-40.28,Near Expiry,bull,10,CE,10150.0,2017-10-26,108.03,68.28,11.3,,,,,,,,,,,
D1 ATM Weekly Buy,2017-10-23,2017-10-24,,,,25,3.05,90.68,-87.63,-8.6,Near Expiry,bull,1,CE,10200.0,2017-10-26,40.75,40.88,12.3,,,,,,,,,,,
D1 ATM Weekly Buy,2017-10-24,2017-10-25,,,,25,1449.35,93.86,1355.49,132.64,Near Expiry,bull,1,CE,10200.0,2017-10-26,40.88,98.85,11.6,,,,,,,,,,,
D1 ATM Weekly Buy,2017-10-25,2017-10-26,,,,25,497.44,90.33,407.11,68.13,Near Expiry,bull,1,CE,10300.0,2017-10-26,23.9,43.8,11.8,,,,,,,,,,,
D1 ATM Weekly Buy,2017-10-26,2017-11-13,,,,25,-2399.25,97.19,-2496.45,-55.81,Stop Loss 50%,bull,18,CE,10350.0,2017-11-30,178.93,82.96,11.6,,,,,,,,,,,
D1 ATM Weekly Buy,2017-11-28,2017-11-29,,,,25,-450.62,90.76,-541.38,-40.61,Near Expiry,bull,1,CE,10350.0,2017-11-30,53.32,35.3,13.1,,,,,,,,,,,
D1 ATM Weekly Buy,2017-12-19,2017-12-26,,,,25,-30.35,95.28,-125.64,-5.25,Near Expiry,bull,7,CE,10450.0,2017-12-28,95.65,94.43,12.2,,,,,,,,,,,
D1 ATM Weekly Buy,2017-12-26,2017-12-27,,,,25,-570.29,88.56,-658.85,-86.15,Near Expiry,bull,1,CE,10550.0,2017-12-28,30.59,7.78,12.1,,,,,,,,,,,
D1 ATM Weekly Buy,2017-12-27,2017-12-28,,,,25,-594.72,87.93,-682.65,-114.54,Near Expiry,bull,1,CE,10500.0,2017-12-28,23.84,0.05,12.5,,,,,,,,,,,
D1 ATM Weekly Buy,2017-12-28,2018-01-18,,,,25,4426.74,110.33,4316.4,109.44,Target 100%,bull,21,CE,10500.0,2018-01-25,157.76,334.83,12.3,,,,,,,,,,,
D1 ATM Weekly Buy,2018-01-18,2018-01-22,,,,25,2057.67,100.18,1957.49,78.76,Near Expiry,bull,4,CE,10800.0,2018-01-25,99.42,181.73,14.0,,,,,,,,,,,
D1 ATM Weekly Buy,2018-01-22,2018-01-23,,,,25,1879.43,97.5,1781.93,98.13,Near Expiry,bull,1,CE,10950.0,2018-01-25,72.64,147.81,15.4,,,,,,,,,,,
D1 ATM Weekly Buy,2018-01-23,2018-01-24,,,,25,-278.99,90.61,-369.6,-31.32,Near Expiry,bull,1,CE,11100.0,2018-01-25,47.21,36.05,16.2,,,,,,,,,,,
D1 ATM Weekly Buy,2018-01-24,2018-01-25,,,,25,-899.93,88.3,-988.23,-109.66,Near Expiry,bull,1,CE,11100.0,2018-01-25,36.05,0.05,18.0,,,,,,,,,,,
D1 ATM Weekly Buy,2018-01-25,2018-02-02,,,,25,-4795.08,98.24,-4893.32,-77.42,Stop Loss 50%,bull,8,CE,11050.0,2018-02-22,252.81,61.0,17.5,,,,,,,,,,,
D1 ATM Weekly Buy,2018-04-09,2018-04-23,,,,25,1386.82,102.02,1284.81,37.17,Near Expiry,bull,14,CE,10400.0,2018-04-26,138.27,193.74,14.9,,,,,,,,,,,
D1 ATM Weekly Buy,2018-04-23,2018-04-24,,,,25,33.46,91.17,-57.71,-5.05,Near Expiry,bull,1,CE,10600.0,2018-04-26,45.69,47.03,13.1,,,,,,,,,,,
D1 ATM Weekly Buy,2018-04-24,2018-04-25,,,,25,-780.72,89.5,-870.22,-74.01,Near Expiry,bull,1,CE,10600.0,2018-04-26,47.03,15.8,11.9,,,,,,,,,,,
D1 ATM Weekly Buy,2018-04-25,2018-04-26,,,,25,694.83,92.13,602.7,60.26,Near Expiry,bull,1,CE,10550.0,2018-04-26,40.01,67.8,12.4,,,,,,,,,,,
D1 ATM Weekly Buy,2018-04-26,2018-05-21,,,,25,-3280.65,97.29,-3377.94,-66.67,Stop Loss 50%,bull,25,CE,10600.0,2018-05-31,202.65,71.43,12.0,,,,,,,,,,,
D1 ATM Weekly Buy,2018-06-07,2018-06-19,,,,25,-2164.15,96.32,-2260.47,-55.6,Stop Loss 50%,bull,12,CE,10750.0,2018-06-28,162.63,76.07,12.8,,,,,,,,,,,
D1 ATM Weekly Buy,2018-06-19,2018-06-25,,,,25,-269.63,95.22,-364.85,-14.44,Near Expiry,bull,6,CE,10700.0,2018-06-28,101.07,90.28,12.9,,,,,,,,,,,
D1 ATM Weekly Buy,2018-06-25,2018-06-26,,,,25,-134.46,91.9,-226.35,-15.46,Near Expiry,bull,1,CE,10750.0,2018-06-28,58.56,53.18,12.6,,,,,,,,,,,
D1 ATM Weekly Buy,2018-06-26,2018-06-27,,,,25,-1175.54,89.16,-1264.7,-95.12,Near Expiry,bull,1,CE,10750.0,2018-06-28,53.18,6.16,12.8,,,,,,,,,,,
D1 ATM Weekly Buy,2018-07-09,2018-07-23,,,,25,2695.65,104.54,2591.1,77.17,Near Expiry,bull,14,CE,10850.0,2018-07-26,134.3,242.13,12.4,,,,,,,,,,,
D1 ATM Weekly Buy,2018-07-23,2018-07-24,,,,25,380.45,92.09,288.36,24.21,Near Expiry,bull,1,CE,11100.0,2018-07-26,47.65,62.87,13.0,,,,,,,,,,,
D1 ATM Weekly Buy,2018-07-24,2018-07-25,,,,25,-357.86,89.44,-447.29,-50.51,Near Expiry,bull,1,CE,11150.0,2018-07-26,35.43,21.11,12.5,,,,,,,,,,,
D1 ATM Weekly Buy,2018-07-25,2018-07-26,,,,25,-95.29,88.79,-184.08,-34.88,Near Expiry,bull,1,CE,11150.0,2018-07-26,21.11,17.3,12.2,,,,,,,,,,,
D1 ATM Weekly Buy,2018-07-26,2018-08-20,,,,25,5340.32,116.97,5223.34,98.46,Target 100%,bull,25,CE,11150.0,2018-08-30,212.19,425.81,12.0,,,,,,,,,,,
D1 ATM Weekly Buy,2018-08-20,2018-08-27,,,,25,1132.48,99.12,1033.35,37.29,Near Expiry,bull,7,CE,11550.0,2018-08-30,110.84,156.14,13.0,,,,,,,,,,,
D1 ATM Weekly Buy,2018-08-27,2018-08-28,,,,25,420.0,92.45,327.55,25.76,Near Expiry,bull,1,CE,11700.0,2018-08-30,50.87,67.67,12.2,,,,,,,,,,,
D1 ATM Weekly Buy,2018-08-28,2018-08-29,,,,25,-731.3,88.97,-820.27,-82.98,Near Expiry,bull,1,CE,11750.0,2018-08-30,39.54,10.29,12.4,,,,,,,,,,,
D1 ATM Weekly Buy,2018-08-29,2018-08-30,,,,25,-685.4,88.04,-773.44,-112.64,Near Expiry,bull,1,CE,11700.0,2018-08-30,27.47,0.05,12.4,,,,,,,,,,,
D1 ATM Weekly Buy,2018-08-30,2018-09-05,,,,25,-2402.74,97.1,-2499.85,-56.18,Stop Loss 50%,bull,6,CE,11700.0,2018-09-27,177.98,81.87,12.4,,,,,,,,,,,
D1 ATM Weekly Buy,2018-09-06,2018-09-11,,,,25,-2693.35,95.51,-2788.86,-66.9,Stop Loss 50%,bull,5,CE,11550.0,2018-09-27,166.74,59.01,13.7,,,,,,,,,,,
D1 ATM Weekly Buy,2018-11-07,2018-11-22,,,,25,-2997.82,98.04,-3095.85,-60.65,Stop Loss 50%,sideways,15,CE,10600.0,2018-11-29,204.19,84.28,17.7,,,,,,,,,,,
D1 ATM Weekly Buy,2018-12-10,2018-12-12,,,,25,-3306.7,94.83,-3401.52,-77.99,Stop Loss 50%,bear,2,PE,10500.0,2018-12-27,174.47,42.2,20.4,,,,,,,,,,,
D1 ATM Weekly Buy,2018-12-21,2018-12-24,,,,25,732.64,95.65,636.98,31.7,Near Expiry,bear,3,PE,10750.0,2018-12-27,80.37,109.67,16.0,,,,,,,,,,,
D1 ATM Weekly Buy,2018-12-24,2018-12-26,,,,25,-1072.98,89.25,-1162.23,-90.14,Near Expiry,bear,2,PE,10650.0,2018-12-27,51.58,8.66,15.8,,,,,,,,,,,
D1 ATM Weekly Buy,2019-01-10,2019-01-21,,,,25,-1754.37,94.39,-1848.76,-57.12,Stop Loss 50%,sideways,11,PE,10800.0,2019-01-31,129.45,59.28,15.4,,,,,,,,,,,
D1 ATM Weekly Buy,2019-01-28,2019-01-29,,,,25,-237.84,92.18,-330.02,-20.46,Near Expiry,bear,1,PE,10650.0,2019-01-31,64.53,55.01,18.9,,,,,,,,,,,
D1 ATM Weekly Buy,2019-01-29,2019-01-30,,,,25,-428.4,90.95,-519.35,-37.76,Near Expiry,bear,1,PE,10650.0,2019-01-31,55.01,37.88,18.4,,,,,,,,,,,
D1 ATM Weekly Buy,2019-01-30,2019-01-31,,,,25,-945.63,88.36,-1033.99,-109.2,Near Expiry,bear,1,PE,10650.0,2019-01-31,37.88,0.05,17.9,,,,,,,,,,,
D1 ATM Weekly Buy,2019-02-14,2019-02-18,,,,25,1104.59,97.2,1007.39,45.31,Near Expiry,bear,4,PE,10750.0,2019-02-21,88.94,133.12,15.8,,,,,,,,,,,
D1 ATM Weekly Buy,2019-02-22,2019-02-25,,,,25,-1423.09,91.22,-1514.31,-72.38,Near Expiry,bear,3,PE,10800.0,2019-02-28,83.69,26.76,15.4,,,,,,,,,,,
D1 ATM Weekly Buy,2019-02-26,2019-02-27,,,,25,155.79,92.68,63.1,4.18,Near Expiry,bear,1,PE,10850.0,2019-02-28,60.36,66.6,17.1,,,,,,,,,,,
D1 ATM Weekly Buy,2019-02-27,2019-02-28,,,,25,-774.58,88.78,-863.36,-89.74,Near Expiry,bear,1,PE,10800.0,2019-02-28,38.48,7.5,18.9,,,,,,,,,,,
D1 ATM Weekly Buy,2019-02-28,2019-03-05,,,,25,-2560.94,90.63,-2651.57,-100.05,Near Expiry,bear,5,PE,10800.0,2019-03-07,106.01,3.57,18.3,,,,,,,,,,,
D1 ATM Weekly Buy,2019-03-15,2019-03-18,,,,25,-197.41,94.22,-291.62,-13.34,Near Expiry,bull,3,CE,11450.0,2019-03-21,87.44,79.54,15.9,,,,,,,,,,,
D1 ATM Weekly Buy,2019-03-18,2019-03-19,,,,25,748.88,95.62,653.27,32.85,Near Expiry,bull,1,CE,11450.0,2019-03-21,79.54,109.5,16.9,,,,,,,,,,,
D1 ATM Weekly Buy,2019-03-19,2019-03-20,,,,25,-576.54,90.17,-666.71,-53.65,Near Expiry,bull,1,CE,11550.0,2019-03-21,49.71,26.64,16.5,,,,,,,,,,,
D1 ATM Weekly Buy,2019-03-20,2019-03-22,,,,25,-1278.03,88.76,-1366.8,-106.84,Near Expiry,bull,2,CE,11500.0,2019-03-21,51.17,0.05,16.0,,,,,,,,,,,
D1 ATM Weekly Buy,2019-03-22,2019-03-25,,,,25,-1803.12,92.21,-1895.33,-72.11,Near Expiry,bull,3,CE,11450.0,2019-03-28,105.13,33.01,16.3,,,,,,,,,,,
D1 ATM Weekly Buy,2019-03-25,2019-03-26,,,,25,1888.05,97.61,1790.43,97.17,Near Expiry,bull,1,CE,11350.0,2019-03-28,73.71,149.23,16.7,,,,,,,,,,,
D1 ATM Weekly Buy,2019-03-26,2019-03-27,,,,25,-753.12,89.8,-842.92,-67.64,Near Expiry,bull,1,CE,11500.0,2019-03-28,49.85,19.73,16.5,,,,,,,,,,,
D1 ATM Weekly Buy,2019-03-27,2019-03-28,,,,25,2017.15,94.97,1922.19,195.57,Near Expiry,bull,1,CE,11450.0,2019-03-28,39.31,120.0,17.0,,,,,,,,,,,
D1 ATM Weekly Buy,2019-03-28,2019-04-01,,,,25,746.69,99.43,647.26,20.82,Near Expiry,bull,4,CE,11550.0,2019-04-04,124.35,154.21,16.6,,,,,,,,,,,
D1 ATM Weekly Buy,2019-04-01,2019-04-02,,,,25,311.15,95.49,215.66,9.66,Near Expiry,bull,1,CE,11650.0,2019-04-04,89.29,101.73,18.0,,,,,,,,,,,
D1 ATM Weekly Buy,2019-04-02,2019-04-03,,,,25,-1195.05,90.68,-1285.73,-71.87,Near Expiry,bull,1,CE,11700.0,2019-04-04,71.56,23.76,18.1,,,,,,,,,,,
D1 ATM Weekly Buy,2019-04-03,2019-04-04,,,,25,-1091.5,88.53,-1180.03,-107.99,Near Expiry,bull,1,CE,11650.0,2019-04-04,43.71,0.05,18.8,,,,,,,,,,,
D1 ATM Weekly Buy,2019-04-04,2019-04-08,,,,25,-894.4,95.96,-990.36,-31.5,Near Expiry,bull,4,CE,11600.0,2019-04-11,125.76,89.99,18.6,,,,,,,,,,,
D1 ATM Weekly Buy,2019-04-08,2019-04-09,,,,25,605.88,96.19,509.69,22.66,Near Expiry,bull,1,CE,11600.0,2019-04-11,89.99,114.22,20.1,,,,,,,,,,,
D1 ATM Weekly Buy,2019-04-09,2019-04-10,,,,25,-1451.18,91.15,-1542.33,-73.75,Near Expiry,bull,1,CE,11650.0,2019-04-11,83.65,25.6,20.3,,,,,,,,,,,
D1 ATM Weekly Buy,2019-04-12,2019-04-15,,,,25,-313.71,97.42,-411.13,-12.85,Near Expiry,bull,3,CE,11650.0,2019-04-18,128.0,115.45,21.0,,,,,,,,,,,
D1 ATM Weekly Buy,2019-04-15,2019-04-16,,,,25,1018.95,96.99,921.96,41.55,Near Expiry,bull,1,CE,11700.0,2019-04-18,88.76,129.52,21.4,,,,,,,,,,,
D1 ATM Weekly Buy,2019-04-16,2019-04-18,,,,25,-1780.8,89.38,-1870.17,-104.95,Near Expiry,bull,2,CE,11800.0,2019-04-18,71.28,0.05,21.7,,,,,,,,,,,
D1 ATM Weekly Buy,2019-04-18,2019-04-22,,,,25,-2814.33,94.37,-2908.7,-74.38,Near Expiry,bull,4,CE,11750.0,2019-04-25,156.42,43.85,22.7,,,,,,,,,,,
D1 ATM Weekly Buy,2019-04-26,2019-04-30,,,,25,-1559.22,95.65,-1654.88,-47.53,Near Expiry,bull,4,CE,11750.0,2019-05-02,139.27,76.9,21.7,,,,,,,,,,,
D1 ATM Weekly Buy,2019-05-02,2019-05-06,,,,25,-2476.52,96.19,-2572.71,-60.86,Near Expiry,bull,4,CE,11700.0,2019-05-09,169.09,70.03,23.0,,,,,,,,,,,
D1 ATM Weekly Buy,2019-05-24,2019-05-27,,,,25,358.79,96.78,262.01,10.16,Near Expiry,bull,3,CE,11850.0,2019-05-30,103.16,117.51,16.5,,,,,,,,,,,
D1 ATM Weekly Buy,2019-05-27,2019-05-28,,,,25,-308.82,93.88,-402.7,-18.65,Near Expiry,bull,1,CE,11900.0,2019-05-30,86.39,74.04,16.2,,,,,,,,,,,
D1 ATM Weekly Buy,2019-05-28,2019-05-29,,,,25,-918.99,89.28,-1008.27,-83.97,Near Expiry,bull,1,CE,11950.0,2019-05-30,48.03,11.27,15.9,,,,,,,,,,,
D1 ATM Weekly Buy,2019-05-29,2019-05-30,,,,25,1208.32,93.9,1114.42,93.71,Near Expiry,bull,1,CE,11850.0,2019-05-30,47.57,95.9,16.4,,,,,,,,,,,
D1 ATM Weekly Buy,2019-05-30,2019-06-03,,,,25,1404.85,99.52,1305.34,48.14,Near Expiry,bull,4,CE,11950.0,2019-06-06,108.46,164.65,15.6,,,,,,,,,,,
D1 ATM Weekly Buy,2019-06-03,2019-06-04,,,,25,-1026.87,90.69,-1117.56,-66.35,Near Expiry,bull,1,CE,12100.0,2019-06-06,67.37,26.3,16.0,,,,,,,,,,,
D1 ATM Weekly Buy,2019-06-04,2019-06-06,,,,25,-1732.55,89.32,-1821.87,-105.08,Near Expiry,bull,2,CE,12000.0,2019-06-06,69.35,0.05,15.6,,,,,,,,,,,
D1 ATM Weekly Buy,2019-06-06,2019-06-10,,,,25,139.31,96.53,42.78,1.62,Near Expiry,bull,4,CE,11850.0,2019-06-13,105.89,111.47,15.5,,,,,,,,,,,
D1 ATM Weekly Buy,2019-06-11,2019-06-12,,,,25,-1087.74,90.08,-1177.81,-76.36,Near Expiry,bull,1,CE,11950.0,2019-06-13,61.7,18.19,14.5,,,,,,,,,,,
D1 ATM Weekly Buy,2019-06-12,2019-06-13,,,,25,-633.99,89.17,-723.16,-73.4,Near Expiry,bull,1,CE,11900.0,2019-06-13,39.41,14.05,14.1,,,,,,,,,,,
D1 ATM Weekly Buy,2019-06-13,2019-06-17,,,,25,-2485.78,90.7,-2576.49,-98.17,Near Expiry,bull,4,CE,11900.0,2019-06-20,104.98,5.55,13.7,,,,,,,,,,,
D1 ATM Weekly Buy,2019-07-04,2019-07-05,,,,25,-1585.89,91.84,-1677.73,-70.5,Stop Loss 50%,bull,1,CE,11950.0,2019-07-11,95.2,31.76,13.5,,,,,,,,,,,
D1 ATM Weekly Buy,2019-07-05,2019-07-08,,,,25,-2198.64,90.17,-2288.81,-100.25,Near Expiry,bull,3,CE,11800.0,2019-07-11,91.32,3.38,13.1,,,,,,,,,,,
D1 ATM Weekly Buy,2019-08-27,2019-08-28,,,,25,-972.72,89.95,-1062.67,-74.23,Near Expiry,sideways,1,CE,11100.0,2019-08-29,57.27,18.36,16.0,,,,,,,,,,,
D1 ATM Weekly Buy,2019-09-17,2019-09-18,,,,25,-591.16,89.41,-680.57,-66.21,Near Expiry,bear,1,PE,10800.0,2019-09-19,41.12,17.47,16.0,,,,,,,,,,,
D1 ATM Weekly Buy,2019-09-18,2019-09-19,,,,25,2665.15,96.32,2568.83,266.24,Near Expiry,bear,1,PE,10850.0,2019-09-19,38.59,145.2,15.4,,,,,,,,,,,
D1 ATM Weekly Buy,2019-09-19,2019-09-20,,,,25,-2071.9,89.75,-2161.65,-104.04,Stop Loss 50%,bear,1,PE,10700.0,2019-09-26,83.1,0.23,15.6,,,,,,,,,,,
D1 ATM Weekly Buy,2019-10-15,2019-10-16,,,,25,-862.92,90.95,-953.87,-57.67,Near Expiry,sideways,1,PE,11450.0,2019-10-17,66.16,31.64,16.9,,,,,,,,,,,
D1 ATM Weekly Buy,2019-10-16,2019-10-17,,,,25,-789.72,88.17,-877.88,-110.99,Near Expiry,sideways,1,PE,11450.0,2019-10-17,31.64,0.05,16.4,,,,,,,,,,,
D1 ATM Weekly Buy,2019-11-11,2019-11-13,,,,25,-1548.97,90.65,-1639.62,-81.67,Near Expiry,bull,2,CE,11900.0,2019-11-14,80.31,18.35,16.2,,,,,,,,,,,
D1 ATM Weekly Buy,2019-11-13,2019-11-14,,,,25,-374.96,89.54,-464.5,-50.08,Near Expiry,bull,1,CE,11850.0,2019-11-14,37.1,22.1,16.5,,,,,,,,,,,
D1 ATM Weekly Buy,2019-11-14,2019-11-18,,,,25,-799.49,95.84,-895.33,-29.36,Near Expiry,bull,4,CE,11850.0,2019-11-21,121.97,89.99,15.6,,,,,,,,,,,
D1 ATM Weekly Buy,2019-11-18,2019-11-19,,,,25,399.21,93.47,305.75,19.32,Near Expiry,bull,1,CE,11900.0,2019-11-21,63.29,79.26,15.8,,,,,,,,,,,
D1 ATM Weekly Buy,2019-11-19,2019-11-20,,,,25,433.11,92.54,340.57,26.41,Near Expiry,bull,1,CE,11950.0,2019-11-21,51.57,68.9,15.4,,,,,,,,,,,
D1 ATM Weekly Buy,2019-11-20,2019-11-21,,,,25,-963.86,88.38,-1052.24,-109.03,Near Expiry,bull,1,CE,12000.0,2019-11-21,38.6,0.05,15.2,,,,,,,,,,,
D1 ATM Weekly Buy,2019-11-21,2019-11-25,,,,25,835.63,98.95,736.68,25.31,Near Expiry,bull,4,CE,11950.0,2019-11-28,116.45,149.87,15.0,,,,,,,,,,,
D1 ATM Weekly Buy,2019-11-25,2019-11-26,,,,25,-818.87,92.36,-911.23,-44.66,Near Expiry,bull,1,CE,12050.0,2019-11-28,81.62,48.86,15.0,,,,,,,,,,,
D1 ATM Weekly Buy,2019-11-26,2019-11-27,,,,25,507.26,92.47,414.79,33.95,Near Expiry,bull,1,CE,12050.0,2019-11-28,48.86,69.15,14.8,,,,,,,,,,,
D1 ATM Weekly Buy,2019-11-27,2019-11-28,,,,25,319.19,91.17,228.03,23.76,Near Expiry,bull,1,CE,12100.0,2019-11-28,38.38,51.15,14.6,,,,,,,,,,,
D1 ATM Weekly Buy,2019-11-28,2019-12-02,,,,25,-1911.71,91.72,-2003.44,-78.4,Near Expiry,bull,4,CE,12150.0,2019-12-05,102.22,25.75,14.0,,,,,,,,,,,
D1 ATM Weekly Buy,2019-12-02,2019-12-03,,,,25,-856.28,90.8,-947.08,-59.0,Near Expiry,bull,1,CE,12050.0,2019-12-05,64.21,29.96,14.2,,,,,,,,,,,
D1 ATM Weekly Buy,2019-12-03,2019-12-04,,,,25,251.6,92.08,159.52,12.56,Near Expiry,bull,1,CE,12000.0,2019-12-05,50.82,60.88,14.6,,,,,,,,,,,
D1 ATM Weekly Buy,2019-12-04,2019-12-05,,,,25,-779.45,88.15,-867.61,-111.13,Near Expiry,bull,1,CE,12050.0,2019-12-05,31.23,0.05,13.3,,,,,,,,,,,
D1 ATM Weekly Buy,2019-12-05,2019-12-06,,,,25,-1446.18,93.62,-1539.8,-54.75,Stop Loss 50%,bull,1,CE,12000.0,2019-12-12,112.49,54.64,14.3,,,,,,,,,,,
D1 ATM Weekly Buy,2019-12-19,2019-12-23,,,,25,-797.09,93.56,-890.65,-37.47,Near Expiry,bull,4,CE,12250.0,2019-12-26,95.09,63.21,12.1,,,,,,,,,,,
D1 ATM Weekly Buy,2019-12-23,2019-12-24,,,,25,-873.24,90.67,-963.92,-61.0,Near Expiry,bull,1,CE,12250.0,2019-12-26,63.21,28.28,12.0,,,,,,,,,,,
D1 ATM Weekly Buy,2019-12-24,2019-12-26,,,,25,-1299.77,88.79,-1388.56,-106.73,Near Expiry,bull,2,CE,12200.0,2019-12-26,52.04,0.05,11.6,,,,,,,,,,,
D1 ATM Weekly Buy,2019-12-26,2019-12-30,,,,25,1340.75,96.14,1244.62,70.68,Near Expiry,bull,4,CE,12150.0,2020-01-02,70.44,124.07,11.1,,,,,,,,,,,
D1 ATM Weekly Buy,2019-12-30,2019-12-31,,,,25,-1023.96,89.66,-1113.62,-80.66,Near Expiry,bull,1,CE,12250.0,2020-01-02,55.23,14.27,11.0,,,,,,,,,,,
D1 ATM Weekly Buy,2019-12-31,2020-01-01,,,,25,-254.06,91.27,-345.33,-25.45,Near Expiry,bull,1,CE,12150.0,2020-01-02,54.27,44.1,11.7,,,,,,,,,,,
D1 ATM Weekly Buy,2020-01-01,2020-01-02,,,,25,1657.93,92.18,1565.75,394.32,Near Expiry,bull,1,CE,12200.0,2020-01-02,15.88,82.2,8.9,,,,,,,,,,,
D1 ATM Weekly Buy,2020-01-02,2020-01-06,,,,25,-1866.89,89.65,-1956.54,-101.98,Near Expiry,bull,4,CE,12300.0,2020-01-09,76.74,2.07,11.5,,,,,,,,,,,
D1 ATM Weekly Buy,2020-01-14,2020-01-15,,,,25,-633.45,90.89,-724.34,-48.67,Near Expiry,bull,1,CE,12350.0,2020-01-16,59.53,34.19,13.9,,,,,,,,,,,
D1 ATM Weekly Buy,2020-01-15,2020-01-16,,,,25,-717.36,88.54,-805.9,-94.27,Near Expiry,bull,1,CE,12350.0,2020-01-16,34.19,5.5,14.1,,,,,,,,,,,
D1 ATM Weekly Buy,2020-01-16,2020-01-20,,,,25,-2067.06,91.84,-2158.9,-80.32,Near Expiry,bull,4,CE,12350.0,2020-01-23,107.51,24.83,14.2,,,,,,,,,,,
D1 ATM Weekly Buy,2020-01-24,2020-01-27,,,,25,-1850.51,91.94,-1942.45,-75.28,Near Expiry,bull,3,CE,12250.0,2020-01-30,103.21,29.19,15.6,,,,,,,,,,,
D1 ATM Weekly Buy,2020-03-19,2020-03-20,,,,25,-5281.52,102.67,-5384.2,-67.88,Stop Loss 50%,bear,1,PE,8250.0,2020-03-26,317.28,106.02,72.2,,,,,,,,,,,
D1 ATM Weekly Buy,2020-03-20,2020-03-23,,,,25,21016.38,158.56,20857.82,280.36,Near Expiry,bear,3,PE,8750.0,2020-03-26,297.59,1138.24,67.1,,,,,,,,,,,
D1 ATM Weekly Buy,2020-03-23,2020-03-24,,,,25,-2138.85,98.78,-2237.63,-46.9,Near Expiry,bear,1,PE,7600.0,2020-03-26,190.86,105.3,72.0,,,,,,,,,,,
D1 ATM Weekly Buy,2020-03-24,2020-03-25,,,,25,-4569.39,93.44,-4662.83,-97.84,Near Expiry,bear,1,PE,7800.0,2020-03-26,190.63,7.85,83.6,,,,,,,,,,,
D1 ATM Weekly Buy,2020-03-25,2020-03-26,,,,25,-3129.41,91.02,-3220.43,-102.87,Near Expiry,bear,1,PE,8300.0,2020-03-26,125.23,0.05,77.6,,,,,,,,,,,
D1 ATM Weekly Buy,2020-03-26,2020-03-30,,,,25,2706.27,122.11,2584.16,30.38,Near Expiry,bear,4,PE,8650.0,2020-04-02,340.2,448.45,71.5,,,,,,,,,,,
D1 ATM Weekly Buy,2020-03-30,2020-03-31,,,,25,-4241.63,96.9,-4338.53,-77.9,Near Expiry,bear,1,PE,8300.0,2020-04-02,222.78,53.11,71.9,,,,,,,,,,,
D1 ATM Weekly Buy,2020-03-31,2020-04-01,,,,25,4839.37,111.69,4727.68,115.94,Near Expiry,bear,1,PE,8600.0,2020-04-02,163.11,356.68,64.4,,,,,,,,,,,
D1 ATM Weekly Buy,2020-04-01,2020-04-03,,,,25,1633.82,99.37,1534.45,60.86,Near Expiry,bear,2,PE,8250.0,2020-04-02,100.85,166.2,60.0,,,,,,,,,,,
D1 ATM Weekly Buy,2020-04-03,2020-04-07,,,,25,-5766.92,94.39,-5861.3,-100.84,Near Expiry,bear,4,PE,8100.0,2020-04-09,232.51,1.83,55.3,,,,,,,,,,,
D1 ATM Weekly Buy,2020-05-18,2020-05-19,,,,25,-1246.16,94.43,-1340.59,-45.88,Near Expiry,bear,1,PE,8800.0,2020-05-21,116.87,67.02,40.9,,,,,,,,,,,
D1 ATM Weekly Buy,2020-05-19,2020-05-20,,,,25,-2464.64,91.4,-2556.04,-90.76,Near Expiry,bear,1,PE,8900.0,2020-05-21,112.65,14.06,39.5,,,,,,,,,,,
D1 ATM Weekly Buy,2020-05-20,2020-05-21,,,,25,-1474.61,89.0,-1563.62,-105.95,Near Expiry,bear,1,PE,9050.0,2020-05-21,59.03,0.05,35.8,,,,,,,,,,,
D1 ATM Weekly Buy,2020-05-21,2020-05-26,,,,25,-869.48,98.69,-968.17,-24.64,Near Expiry,bear,5,PE,9100.0,2020-05-28,157.15,122.37,33.0,,,,,,,,,,,
D1 ATM Weekly Buy,2020-05-26,2020-05-27,,,,25,-2271.56,90.16,-2361.72,-101.41,Near Expiry,bear,1,PE,9050.0,2020-05-28,93.15,2.29,31.5,,,,,,,,,,,
D1 ATM Weekly Buy,2020-08-21,2020-08-24,,,,25,543.27,99.76,443.51,13.29,Near Expiry,bull,3,CE,11350.0,2020-08-27,133.45,155.18,19.9,,,,,,,,,,,
D1 ATM Weekly Buy,2020-08-24,2020-08-25,,,,25,-301.95,94.33,-396.29,-17.33,Near Expiry,bull,1,CE,11450.0,2020-08-27,91.46,79.38,19.2,,,,,,,,,,,
D1 ATM Weekly Buy,2020-08-25,2020-08-26,,,,25,861.64,95.85,765.79,38.59,Near Expiry,bull,1,CE,11450.0,2020-08-27,79.38,113.85,19.3,,,,,,,,,,,
D1 ATM Weekly Buy,2020-08-26,2020-08-27,,,,25,-953.15,89.15,-1042.3,-88.0,Near Expiry,bull,1,CE,11550.0,2020-08-27,47.38,9.25,19.3,,,,,,,,,,,
D1 ATM Weekly Buy,2020-08-27,2020-08-31,,,,25,-2409.77,93.24,-2503.01,-75.41,Near Expiry,bull,4,CE,11550.0,2020-09-03,132.76,36.37,18.9,,,,,,,,,,,
D1 ATM Weekly Buy,2020-09-01,2020-09-02,,,,25,476.65,95.62,381.03,17.61,Near Expiry,bull,1,CE,11450.0,2020-09-03,86.56,105.63,21.8,,,,,,,,,,,
D1 ATM Weekly Buy,2020-09-02,2020-09-03,,,,25,-1115.4,88.56,-1203.96,-107.82,Near Expiry,bull,1,CE,11550.0,2020-09-03,44.67,0.05,21.1,,,,,,,,,,,
D1 ATM Weekly Buy,2020-09-03,2020-09-04,,,,25,-1855.05,93.92,-1948.98,-61.6,Stop Loss 50%,bull,1,CE,11550.0,2020-09-10,126.56,52.36,20.5,,,,,,,,,,,
D1 ATM Weekly Buy,2020-09-18,2020-09-21,,,,25,-2746.26,91.98,-2838.24,-89.6,Near Expiry,bull,3,CE,11500.0,2020-09-24,126.71,16.86,20.0,,,,,,,,,,,
D1 ATM Weekly Buy,2020-10-08,2020-10-12,,,,25,203.63,98.97,104.65,3.15,Near Expiry,bull,4,CE,11850.0,2020-10-15,132.93,141.08,20.4,,,,,,,,,,,
D1 ATM Weekly Buy,2020-10-12,2020-10-13,,,,25,-436.47,93.49,-529.96,-24.93,Near Expiry,bull,1,CE,11950.0,2020-10-15,85.03,67.57,21.1,,,,,,,,,,,
D1 ATM Weekly Buy,2020-10-13,2020-10-14,,,,25,-116.75,92.7,-209.45,-12.4,Near Expiry,bull,1,CE,11950.0,2020-10-15,67.57,62.9,20.7,,,,,,,,,,,
D1 ATM Weekly Buy,2020-10-14,2020-10-15,,,,25,-1571.36,89.12,-1660.48,-105.59,Near Expiry,bull,1,CE,11950.0,2020-10-15,62.9,0.05,20.2,,,,,,,,,,,
D1 ATM Weekly Buy,2020-10-15,2020-10-19,,,,25,1725.3,102.89,1622.41,46.4,Near Expiry,bull,4,CE,11700.0,2020-10-22,139.86,208.87,22.1,,,,,,,,,,,
D1 ATM Weekly Buy,2020-10-19,2020-10-20,,,,25,-34.05,96.41,-130.46,-4.79,Near Expiry,bull,1,CE,11850.0,2020-10-22,109.01,107.64,21.8,,,,,,,,,,,
D1 ATM Weekly Buy,2020-10-20,2020-10-21,,,,25,-27.88,93.97,-121.85,-6.08,Near Expiry,bull,1,CE,11900.0,2020-10-22,80.23,79.12,22.7,,,,,,,,,,,
D1 ATM Weekly Buy,2020-10-21,2020-10-22,,,,25,-1303.57,88.79,-1392.37,-106.71,Near Expiry,bull,1,CE,11950.0,2020-10-22,52.19,0.05,22.9,,,,,,,,,,,
D1 ATM Weekly Buy,2020-10-22,2020-10-26,,,,25,-2676.45,94.5,-2770.94,-71.77,Near Expiry,bull,4,CE,11900.0,2020-10-29,154.43,47.37,22.6,,,,,,,,,,,
D1 ATM Weekly Buy,2020-10-27,2020-10-28,,,,25,-1655.58,89.95,-1745.53,-93.31,Near Expiry,bull,1,CE,11900.0,2020-10-29,74.83,8.6,22.2,,,,,,,,,,,
D1 ATM Weekly Buy,2020-11-04,2020-11-05,,,,25,3929.24,101.18,3828.06,242.55,Near Expiry,bull,1,CE,11900.0,2020-11-05,63.13,220.3,23.2,,,,,,,,,,,
D1 ATM Weekly Buy,2020-11-05,2020-11-09,,,,25,5340.38,112.4,5227.97,131.85,Near Expiry,bull,4,CE,12100.0,2020-11-12,158.61,372.22,21.0,,,,,,,,,,,
D1 ATM Weekly Buy,2020-11-09,2020-11-10,,,,25,2625.04,101.44,2523.6,101.25,Near Expiry,bull,1,CE,12450.0,2020-11-12,99.69,204.69,20.1,,,,,,,,,,,
D1 ATM Weekly Buy,2020-11-10,2020-11-11,,,,25,1226.07,96.15,1129.92,61.45,Near Expiry,bull,1,CE,12650.0,2020-11-12,73.55,122.59,21.6,,,,,,,,,,,
D1 ATM Weekly Buy,2020-11-11,2020-11-12,,,,25,-1482.71,89.01,-1571.72,-105.91,Near Expiry,bull,1,CE,12750.0,2020-11-12,59.36,0.05,22.0,,,,,,,,,,,
D1 ATM Weekly Buy,2020-11-12,2020-11-17,,,,25,1197.25,102.42,1094.83,29.62,Near Expiry,bull,5,CE,12700.0,2020-11-19,147.87,195.76,20.6,,,,,,,,,,,
D1 ATM Weekly Buy,2020-11-17,2020-11-18,,,,25,461.66,95.92,365.74,16.17,Near Expiry,bull,1,CE,12850.0,2020-11-19,90.46,108.92,19.8,,,,,,,,,,,
D1 ATM Weekly Buy,2020-11-18,2020-11-19,,,,25,-1176.02,88.64,-1264.65,-107.42,Near Expiry,bull,1,CE,12950.0,2020-11-19,47.09,0.05,19.1,,,,,,,,,,,
D1 ATM Weekly Buy,2020-11-19,2020-11-23,,,,25,1428.15,103.74,1324.41,33.64,Near Expiry,bull,4,CE,12750.0,2020-11-26,157.49,214.61,19.6,,,,,,,,,,,
D1 ATM Weekly Buy,2020-11-23,2020-11-24,,,,25,1452.3,97.98,1354.32,60.72,Near Expiry,bull,1,CE,12950.0,2020-11-26,89.22,147.31,20.8,,,,,,,,,,,
D1 ATM Weekly Buy,2020-11-24,2020-11-25,,,,25,-1937.06,90.3,-2027.36,-94.13,Near Expiry,bull,1,CE,13050.0,2020-11-26,86.15,8.67,21.1,,,,,,,,,,,
D1 ATM Weekly Buy,2020-11-25,2020-11-26,,,,25,1735.76,96.76,1639.01,97.03,Near Expiry,bull,1,CE,12850.0,2020-11-26,67.57,137.0,23.1,,,,,,,,,,,
D1 ATM Weekly Buy,2020-11-26,2020-12-01,,,,25,56.4,99.7,-43.3,-1.19,Near Expiry,bull,5,CE,13000.0,2020-12-03,145.22,147.48,20.0,,,,,,,,,,,
D1 ATM Weekly Buy,2020-12-01,2020-12-02,,,,25,-555.58,93.24,-648.82,-30.49,Near Expiry,bull,1,CE,13100.0,2020-12-03,85.13,62.91,20.2,,,,,,,,,,,
D1 ATM Weekly Buy,2020-12-02,2020-12-03,,,,25,-725.13,90.97,-816.11,-51.89,Near Expiry,bull,1,CE,13100.0,2020-12-03,62.91,33.9,19.9,,,,,,,,,,,
D1 ATM Weekly Buy,2020-12-03,2020-12-07,,,,25,2334.86,104.07,2230.79,64.66,Near Expiry,bull,4,CE,13150.0,2020-12-10,138.0,231.4,19.0,,,,,,,,,,,
D1 ATM Weekly Buy,2020-12-07,2020-12-08,,,,25,155.47,95.51,59.96,2.56,Near Expiry,bull,1,CE,13350.0,2020-12-10,93.59,99.81,18.0,,,,,,,,,,,
D1 ATM Weekly Buy,2020-12-08,2020-12-09,,,,25,1759.34,97.23,1662.11,91.68,Near Expiry,bull,1,CE,13400.0,2020-12-10,72.52,142.89,18.6,,,,,,,,,,,
D1 ATM Weekly Buy,2020-12-09,2020-12-10,,,,25,-1117.52,88.57,-1206.09,-107.8,Near Expiry,bull,1,CE,13550.0,2020-12-10,44.75,0.05,18.9,,,,,,,,,,,
D1 ATM Weekly Buy,2020-12-10,2020-12-14,,,,25,-144.38,98.55,-242.93,-7.1,Near Expiry,bull,4,CE,13500.0,2020-12-17,136.92,131.14,18.7,,,,,,,,,,,
D1 ATM Weekly Buy,2020-12-14,2020-12-15,,,,25,-340.97,95.23,-436.2,-16.94,Near Expiry,bull,1,CE,13550.0,2020-12-17,102.97,89.33,19.4,,,,,,,,,,,
D1 ATM Weekly Buy,2020-12-15,2020-12-16,,,,25,1436.44,97.96,1338.49,59.93,Near Expiry,bull,1,CE,13550.0,2020-12-17,89.33,146.79,19.4,,,,,,,,,,,
D1 ATM Weekly Buy,2020-12-16,2020-12-17,,,,25,-176.92,90.88,-267.8,-22.42,Near Expiry,bull,1,CE,13700.0,2020-12-17,47.78,40.7,19.2,,,,,,,,,,,
D1 ATM Weekly Buy,2020-12-17,2020-12-21,,,,25,-3503.48,92.26,-3595.73,-96.3,Near Expiry,bull,4,CE,13750.0,2020-12-24,149.35,9.21,19.2,,,,,,,,,,,
D1 ATM Weekly Buy,2020-12-21,2020-12-22,,,,25,1397.0,99.18,1297.82,49.55,Near Expiry,bull,1,CE,13350.0,2020-12-24,104.76,160.64,23.2,,,,,,,,,,,
D1 ATM Weekly Buy,2020-12-22,2020-12-23,,,,25,1649.62,99.19,1550.43,63.07,Near Expiry,bull,1,CE,13450.0,2020-12-24,98.33,164.31,22.0,,,,,,,,,,,
D1 ATM Weekly Buy,2020-12-23,2020-12-24,,,,25,2231.44,97.2,2134.24,142.3,Near Expiry,bull,1,CE,13600.0,2020-12-24,59.99,149.25,20.5,,,,,,,,,,,
D1 ATM Weekly Buy,2020-12-24,2020-12-28,,,,25,509.48,101.94,407.54,10.19,Near Expiry,bull,4,CE,13750.0,2020-12-31,159.93,180.31,20.0,,,,,,,,,,,
D1 ATM Weekly Buy,2020-12-28,2020-12-29,,,,25,441.64,98.26,343.38,11.6,Near Expiry,bull,1,CE,13850.0,2020-12-31,118.42,136.09,20.4,,,,,,,,,,,
D1 ATM Weekly Buy,2020-12-29,2020-12-30,,,,25,19.94,94.02,-74.08,-3.73,Near Expiry,bull,1,CE,13950.0,2020-12-31,79.5,80.3,20.8,,,,,,,,,,,
D1 ATM Weekly Buy,2020-12-30,2020-12-31,,,,25,-1353.79,88.85,-1442.64,-106.47,Near Expiry,bull,1,CE,14000.0,2020-12-31,54.2,0.05,21.1,,,,,,,,,,,
D1 ATM Weekly Buy,2020-12-31,2021-01-04,,,,25,612.42,102.39,510.03,12.55,Near Expiry,bull,4,CE,14000.0,2021-01-07,162.58,187.08,21.1,,,,,,,,,,,
D1 ATM Weekly Buy,2021-01-04,2021-01-05,,,,25,448.24,96.51,351.73,14.4,Near Expiry,bull,1,CE,14150.0,2021-01-07,97.72,115.65,20.0,,,,,,,,,,,
D1 ATM Weekly Buy,2021-01-05,2021-01-06,,,,25,-1205.33,92.07,-1297.39,-58.92,Near Expiry,bull,1,CE,14200.0,2021-01-07,88.08,39.86,20.5,,,,,,,,,,,
D1 ATM Weekly Buy,2021-01-06,2021-01-07,,,,25,-1534.31,89.07,-1623.38,-105.72,Near Expiry,bull,1,CE,14150.0,2021-01-07,61.42,0.05,21.0,,,,,,,,,,,
D1 ATM Weekly Buy,2021-01-07,2021-01-11,,,,25,4895.05,111.85,4783.21,117.01,Near Expiry,bull,4,CE,14150.0,2021-01-14,163.52,359.32,20.6,,,,,,,,,,,
D1 ATM Weekly Buy,2021-01-11,2021-01-12,,,,25,564.58,98.11,466.47,16.43,Near Expiry,bull,1,CE,14500.0,2021-01-14,113.56,136.14,22.4,,,,,,,,,,,
D1 ATM Weekly Buy,2021-01-12,2021-01-13,,,,25,-698.8,94.86,-793.66,-29.45,Near Expiry,bull,1,CE,14550.0,2021-01-14,107.8,79.85,22.9,,,,,,,,,,,
D1 ATM Weekly Buy,2021-01-13,2021-01-14,,,,25,-856.32,92.13,-948.45,-47.51,Near Expiry,bull,1,CE,14550.0,2021-01-14,79.85,45.6,23.3,,,,,,,,,,,
D1 ATM Weekly Buy,2021-01-14,2021-01-18,,,,25,-4115.41,94.6,-4210.01,-87.44,Near Expiry,bull,4,CE,14600.0,2021-01-21,192.59,27.97,23.0,,,,,,,,,,,
D1 ATM Weekly Buy,2021-01-18,2021-01-19,,,,25,3224.59,104.54,3120.05,103.46,Near Expiry,bull,1,CE,14300.0,2021-01-21,120.62,249.61,24.4,,,,,,,,,,,
D1 ATM Weekly Buy,2021-01-19,2021-01-20,,,,25,1301.95,99.58,1202.37,43.01,Near Expiry,bull,1,CE,14500.0,2021-01-21,111.83,163.91,22.9,,,,,,,,,,,
D1 ATM Weekly Buy,2021-01-20,2021-01-21,,,,25,-1612.99,89.17,-1702.17,-105.45,Near Expiry,bull,1,CE,14650.0,2021-01-21,64.57,0.05,21.5,,,,,,,,,,,
D1 ATM Weekly Buy,2021-01-21,2021-01-22,,,,25,-3936.43,94.18,-4030.61,-88.09,Stop Loss 50%,bull,1,CE,14600.0,2021-01-28,183.03,25.57,22.2,,,,,,,,,,,
D1 ATM Weekly Buy,2021-01-22,2021-01-25,,,,25,-1010.29,94.86,-1105.15,-38.15,Near Expiry,bull,3,CE,14350.0,2021-01-28,115.88,75.47,13.1,,,,,,,,,,,
D1 ATM Weekly Buy,2021-02-04,2021-02-08,,,,25,1850.83,108.07,1742.76,35.32,Near Expiry,bull,4,CE,14900.0,2021-02-11,197.36,271.39,23.1,,,,,,,,,,,
D1 ATM Weekly Buy,2021-02-08,2021-02-09,,,,25,-685.75,97.9,-783.64,-21.9,Near Expiry,bull,1,CE,15100.0,2021-02-11,143.16,115.73,24.0,,,,,,,,,,,
D1 ATM Weekly Buy,2021-02-09,2021-02-10,,,,25,-888.11,95.12,-983.22,-33.98,Near Expiry,bull,1,CE,15100.0,2021-02-11,115.73,80.21,24.3,,,,,,,,,,,
D1 ATM Weekly Buy,2021-02-10,2021-02-11,,,,25,-172.75,93.66,-266.4,-13.29,Near Expiry,bull,1,CE,15100.0,2021-02-11,80.21,73.3,24.0,,,,,,,,,,,
D1 ATM Weekly Buy,2021-02-11,2021-02-15,,,,25,585.61,106.78,478.83,8.92,Near Expiry,bull,4,CE,15150.0,2021-02-18,214.77,238.19,23.0,,,,,,,,,,,
D1 ATM Weekly Buy,2021-02-15,2021-02-16,,,,25,-968.68,97.6,-1066.27,-29.03,Near Expiry,bull,1,CE,15300.0,2021-02-18,146.92,108.17,24.4,,,,,,,,,,,
D1 ATM Weekly Buy,2021-02-16,2021-02-17,,,,25,-1722.12,92.65,-1814.77,-67.11,Near Expiry,bull,1,CE,15300.0,2021-02-18,108.17,39.29,21.8,,,,,,,,,,,
D1 ATM Weekly Buy,2021-02-17,2021-02-18,,,,25,-2025.59,89.67,-2115.26,-104.36,Near Expiry,bull,1,CE,15200.0,2021-02-18,81.07,0.05,23.7,,,,,,,,,,,
D1 ATM Weekly Buy,2021-02-18,2021-02-22,,,,25,-4509.0,94.3,-4603.3,-92.44,Near Expiry,bull,4,CE,15100.0,2021-02-25,199.2,18.84,21.5,,,,,,,,,,,
D1 ATM Weekly Buy,2021-02-25,2021-02-26,,,,25,-3941.96,95.53,-4037.48,-81.15,Stop Loss 50%,bull,1,CE,15100.0,2021-03-04,199.0,41.32,22.9,,,,,,,,,,,
D1 ATM Weekly Buy,2021-03-15,2021-03-16,,,,25,-889.97,94.5,-984.47,-36.28,Near Expiry,bull,1,CE,14950.0,2021-03-18,108.53,72.93,21.2,,,,,,,,,,,
D1 ATM Weekly Buy,2021-03-19,2021-03-22,,,,25,-1230.85,97.77,-1328.62,-34.15,Near Expiry,bull,3,CE,14750.0,2021-03-25,155.63,106.39,20.0,,,,,,,,,,,
D1 ATM Weekly Buy,2021-04-09,2021-04-12,,,,25,-3639.34,92.06,-3731.4,-99.17,Near Expiry,bull,3,CE,14850.0,2021-04-15,150.51,4.94,19.8,,,,,,,,,,,
D1 ATM Weekly Buy,2021-05-04,2021-05-05,,,,25,982.99,97.82,885.17,35.64,Near Expiry,bull,1,CE,14500.0,2021-05-06,99.33,138.65,23.0,,,,,,,,,,,
D1 ATM Weekly Buy,2021-05-07,2021-05-10,,,,25,553.21,103.57,449.64,10.11,Near Expiry,bull,3,CE,14800.0,2021-05-13,177.89,200.02,20.8,,,,,,,,,,,
D1 ATM Weekly Buy,2021-05-10,2021-05-11,,,,25,-1505.73,93.23,-1598.96,-58.41,Near Expiry,bull,1,CE,14950.0,2021-05-13,109.49,49.27,20.2,,,,,,,,,,,
D1 ATM Weekly Buy,2021-05-11,2021-05-12,,,,25,-1937.78,90.73,-2028.5,-89.01,Near Expiry,bull,1,CE,14850.0,2021-05-13,91.16,13.65,20.1,,,,,,,,,,,
D1 ATM Weekly Buy,2021-05-12,2021-05-14,,,,25,-1528.35,89.07,-1617.42,-105.74,Near Expiry,bull,2,CE,14700.0,2021-05-13,61.18,0.05,20.1,,,,,,,,,,,
D1 ATM Weekly Buy,2021-05-14,2021-05-17,,,,25,2739.2,105.89,2633.31,70.7,Near Expiry,bull,3,CE,14700.0,2021-05-20,148.98,258.55,20.3,,,,,,,,,,,
D1 ATM Weekly Buy,2021-05-17,2021-05-18,,,,25,2730.76,103.57,2627.19,86.13,Near Expiry,bull,1,CE,14900.0,2021-05-20,122.01,231.24,19.6,,,,,,,,,,,
D1 ATM Weekly Buy,2021-05-18,2021-05-19,,,,25,-1492.62,91.83,-1584.45,-68.36,Near Expiry,bull,1,CE,15100.0,2021-05-20,92.71,33.0,19.2,,,,,,,,,,,
D1 ATM Weekly Buy,2021-05-19,2021-05-20,,,,25,-1310.56,88.8,-1399.36,-106.67,Near Expiry,bull,1,CE,15050.0,2021-05-20,52.47,0.05,19.3,,,,,,,,,,,
D1 ATM Weekly Buy,2021-05-21,2021-05-24,,,,25,-896.92,97.5,-994.42,-27.63,Near Expiry,bull,3,CE,15200.0,2021-05-27,143.94,108.07,19.1,,,,,,,,,,,
D1 ATM Weekly Buy,2021-05-24,2021-05-25,,,,25,-761.52,94.74,-856.26,-31.69,Near Expiry,bull,1,CE,15200.0,2021-05-27,108.07,77.6,19.1,,,,,,,,,,,
D1 ATM Weekly Buy,2021-05-25,2021-05-26,,,,25,1337.83,96.74,1241.09,63.97,Near Expiry,bull,1,CE,15200.0,2021-05-27,77.6,131.12,15.7,,,,,,,,,,,
D1 ATM Weekly Buy,2021-05-26,2021-05-27,,,,25,-773.32,91.37,-864.68,-50.29,Near Expiry,bull,1,CE,15300.0,2021-05-27,68.78,37.85,20.9,,,,,,,,,,,
D1 ATM Weekly Buy,2021-05-27,2021-05-31,,,,25,1922.52,106.08,1816.44,42.2,Near Expiry,bull,4,CE,15350.0,2021-06-03,172.18,249.08,19.9,,,,,,,,,,,
D1 ATM Weekly Buy,2021-05-31,2021-06-01,,,,25,31.53,93.18,-61.65,-3.56,Near Expiry,bull,1,CE,15600.0,2021-06-03,69.36,70.62,13.1,,,,,,,,,,,
D1 ATM Weekly Buy,2021-06-01,2021-06-02,,,,25,-610.44,94.04,-704.49,-29.35,Near Expiry,bull,1,CE,15550.0,2021-06-03,96.02,71.6,17.4,,,,,,,,,,,
D1 ATM Weekly Buy,2021-06-02,2021-06-03,,,,25,1105.5,93.55,1011.95,87.75,Near Expiry,bull,1,CE,15600.0,2021-06-03,46.13,90.35,17.2,,,,,,,,,,,
D1 ATM Weekly Buy,2021-06-03,2021-06-07,,,,25,-493.09,98.18,-591.27,-16.71,Near Expiry,bull,4,CE,15700.0,2021-06-10,141.5,121.77,15.8,,,,,,,,,,,
D1 ATM Weekly Buy,2021-06-07,2021-06-08,,,,25,-627.99,93.82,-721.81,-30.78,Near Expiry,bull,1,CE,15750.0,2021-06-10,93.8,68.68,15.6,,,,,,,,,,,
D1 ATM Weekly Buy,2021-06-08,2021-06-09,,,,25,-1425.49,89.93,-1515.42,-88.26,Near Expiry,bull,1,CE,15750.0,2021-06-10,68.68,11.66,15.2,,,,,,,,,,,
D1 ATM Weekly Buy,2021-06-09,2021-06-10,,,,25,1131.85,93.3,1038.55,97.8,Near Expiry,bull,1,CE,15650.0,2021-06-10,42.48,87.75,14.8,,,,,,,,,,,
D1 ATM Weekly Buy,2021-06-10,2021-06-14,,,,25,-258.7,98.06,-356.76,-10.64,Near Expiry,bull,4,CE,15750.0,2021-06-17,134.11,123.76,15.0,,,,,,,,,,,
D1 ATM Weekly Buy,2021-06-14,2021-06-15,,,,25,437.84,96.22,341.62,14.44,Near Expiry,bull,1,CE,15800.0,2021-06-17,94.66,112.17,14.7,,,,,,,,,,,
D1 ATM Weekly Buy,2021-06-15,2021-06-16,,,,25,-1559.39,90.74,-1650.13,-80.91,Near Expiry,bull,1,CE,15850.0,2021-06-17,81.58,19.2,14.6,,,,,,,,,,,
D1 ATM Weekly Buy,2021-06-16,2021-06-17,,,,25,-1493.19,89.02,-1582.21,-105.87,Near Expiry,bull,1,CE,15750.0,2021-06-17,59.78,0.05,14.9,,,,,,,,,,,
D1 ATM Weekly Buy,2021-06-17,2021-06-21,,,,25,-555.17,97.75,-652.92,-18.92,Near Expiry,bull,4,CE,15700.0,2021-06-24,138.05,115.85,15.3,,,,,,,,,,,
D1 ATM Weekly Buy,2021-06-21,2021-06-22,,,,25,-113.23,94.47,-207.7,-9.42,Near Expiry,bull,1,CE,15750.0,2021-06-24,88.23,83.7,15.1,,,,,,,,,,,
D1 ATM Weekly Buy,2021-06-22,2021-06-23,,,,25,-1444.1,91.17,-1535.27,-73.37,Near Expiry,bull,1,CE,15750.0,2021-06-24,83.7,25.94,14.7,,,,,,,,,,,
D1 ATM Weekly Buy,2021-06-24,2021-06-28,,,,25,-1202.49,96.22,-1298.71,-37.97,Near Expiry,bull,4,CE,15800.0,2021-07-01,136.81,88.71,15.1,,,,,,,,,,,
D1 ATM Weekly Buy,2021-06-29,2021-06-30,,,,25,-781.33,90.82,-872.15,-55.82,Near Expiry,bull,1,CE,15750.0,2021-07-01,62.5,31.25,13.0,,,,,,,,,,,
D1 ATM Weekly Buy,2021-07-07,2021-07-08,,,,25,-807.55,88.19,-895.74,-110.75,Near Expiry,bull,1,CE,15900.0,2021-07-08,32.35,0.05,12.2,,,,,,,,,,,
D1 ATM Weekly Buy,2021-07-13,2021-07-14,,,,25,192.05,93.44,98.61,5.77,Near Expiry,bull,1,CE,15800.0,2021-07-15,68.32,76.0,12.6,,,,,,,,,,,
D1 ATM Weekly Buy,2021-07-16,2021-07-19,,,,25,-2338.75,92.03,-2430.78,-83.24,Near Expiry,bull,3,CE,15900.0,2021-07-22,116.8,23.25,11.7,,,,,,,,,,,
D1 ATM Weekly Buy,2021-07-22,2021-07-26,,,,25,-957.49,95.94,-1053.43,-33.14,Near Expiry,bull,4,CE,15800.0,2021-07-29,127.13,88.83,11.9,,,,,,,,,,,
D1 ATM Weekly Buy,2021-08-02,2021-08-03,,,,25,4281.89,102.58,4179.31,237.2,Near Expiry,bull,1,CE,15900.0,2021-08-05,70.48,241.75,12.8,,,,,,,,,,,
D1 ATM Weekly Buy,2021-08-03,2021-08-04,,,,25,1551.72,95.62,1456.09,98.72,Near Expiry,bull,1,CE,16150.0,2021-08-05,59.0,121.07,13.8,,,,,,,,,,,
D1 ATM Weekly Buy,2021-08-04,2021-08-05,,,,25,-158.06,91.19,-249.26,-19.58,Near Expiry,bull,1,CE,16250.0,2021-08-05,50.92,44.6,13.2,,,,,,,,,,,
D1 ATM Weekly Buy,2021-08-05,2021-08-09,,,,25,-1613.52,94.18,-1707.7,-55.35,Near Expiry,bull,4,CE,16300.0,2021-08-12,123.41,58.87,12.9,,,,,,,,,,,
D1 ATM Weekly Buy,2021-08-09,2021-08-10,,,,25,-55.77,94.14,-149.91,-7.23,Near Expiry,bull,1,CE,16250.0,2021-08-12,82.88,80.65,12.6,,,,,,,,,,,
D1 ATM Weekly Buy,2021-08-10,2021-08-11,,,,25,-453.19,90.84,-544.02,-40.04,Near Expiry,bull,1,CE,16300.0,2021-08-12,54.34,36.21,12.7,,,,,,,,,,,
D1 ATM Weekly Buy,2021-08-11,2021-08-12,,,,25,704.64,91.83,612.81,67.69,Near Expiry,bull,1,CE,16300.0,2021-08-12,36.21,64.4,12.7,,,,,,,,,,,
D1 ATM Weekly Buy,2021-08-12,2021-08-16,,,,25,2636.76,104.05,2532.71,77.95,Near Expiry,bull,4,CE,16350.0,2021-08-19,129.96,235.43,12.4,,,,,,,,,,,
D1 ATM Weekly Buy,2021-08-16,2021-08-17,,,,25,370.96,95.85,275.11,11.96,Near Expiry,bull,1,CE,16550.0,2021-08-19,92.0,106.83,13.5,,,,,,,,,,,
D1 ATM Weekly Buy,2021-08-17,2021-08-18,,,,25,-1112.6,91.28,-1203.88,-62.93,Near Expiry,bull,1,CE,16600.0,2021-08-19,76.52,32.01,13.4,,,,,,,,,,,
D1 ATM Weekly Buy,2021-08-18,2021-08-20,,,,25,-1408.24,88.92,-1497.16,-106.22,Near Expiry,bull,2,CE,16550.0,2021-08-19,56.38,0.05,12.9,,,,,,,,,,,
D1 ATM Weekly Buy,2021-08-20,2021-08-23,,,,25,-375.9,97.21,-473.11,-14.88,Near Expiry,bull,3,CE,16450.0,2021-08-26,127.16,112.12,14.0,,,,,,,,,,,
D1 ATM Weekly Buy,2021-08-23,2021-08-24,,,,25,1633.67,97.96,1535.71,72.85,Near Expiry,bull,1,CE,16500.0,2021-08-26,84.32,149.67,13.7,,,,,,,,,,,
D1 ATM Weekly Buy,2021-08-24,2021-08-25,,,,25,-326.67,93.39,-420.07,-20.72,Near Expiry,bull,1,CE,16600.0,2021-08-26,81.09,68.03,13.2,,,,,,,,,,,
D1 ATM Weekly Buy,2021-08-25,2021-08-26,,,,25,-1023.21,88.45,-1111.66,-108.51,Near Expiry,bull,1,CE,16650.0,2021-08-26,40.98,0.05,13.5,,,,,,,,,,,
D1 ATM Weekly Buy,2021-08-26,2021-08-30,,,,25,4215.29,107.36,4107.93,128.09,Near Expiry,bull,4,CE,16650.0,2021-09-02,128.28,296.89,13.5,,,,,,,,,,,
D1 ATM Weekly Buy,2021-08-30,2021-08-31,,,,25,3149.04,100.63,3048.4,158.9,Near Expiry,bull,1,CE,16950.0,2021-09-02,76.74,202.7,13.3,,,,,,,,,,,
D1 ATM Weekly Buy,2021-08-31,2021-09-01,,,,25,-1119.6,90.52,-1210.13,-71.41,Near Expiry,bull,1,CE,17150.0,2021-09-02,67.79,23.0,14.5,,,,,,,,,,,
D1 ATM Weekly Buy,2021-09-01,2021-09-02,,,,25,2330.04,95.79,2234.25,218.25,Near Expiry,bull,1,CE,17100.0,2021-09-02,40.95,134.15,14.2,,,,,,,,,,,
D1 ATM Weekly Buy,2021-09-02,2021-09-06,,,,25,1001.71,101.19,900.53,26.03,Near Expiry,bull,4,CE,17250.0,2021-09-09,138.4,178.47,14.2,,,,,,,,,,,
D1 ATM Weekly Buy,2021-09-06,2021-09-07,,,,25,-675.85,93.28,-769.13,-34.69,Near Expiry,bull,1,CE,17400.0,2021-09-09,88.69,61.66,15.1,,,,,,,,,,,
D1 ATM Weekly Buy,2021-09-07,2021-09-08,,,,25,-756.84,92.86,-849.69,-39.59,Near Expiry,bull,1,CE,17350.0,2021-09-09,85.84,55.57,14.9,,,,,,,,,,,
D1 ATM Weekly Buy,2021-09-08,2021-09-09,,,,25,-907.95,89.95,-997.9,-71.83,Near Expiry,bull,1,CE,17350.0,2021-09-09,55.57,19.25,14.4,,,,,,,,,,,
D1 ATM Weekly Buy,2021-09-09,2021-09-13,,,,25,-1488.26,97.15,-1585.41,-40.9,Near Expiry,bull,4,CE,17350.0,2021-09-16,155.04,95.51,13.9,,,,,,,,,,,
D1 ATM Weekly Buy,2021-09-13,2021-09-14,,,,25,-157.47,94.99,-252.47,-10.57,Near Expiry,bull,1,CE,17350.0,2021-09-16,95.51,89.21,14.0,,,,,,,,,,,
D1 ATM Weekly Buy,2021-09-14,2021-09-15,,,,25,1760.74,96.43,1664.32,105.6,Near Expiry,bull,1,CE,17400.0,2021-09-16,63.04,133.47,13.6,,,,,,,,,,,
D1 ATM Weekly Buy,2021-09-15,2021-09-16,,,,25,1680.39,96.19,1584.21,101.74,Near Expiry,bull,1,CE,17500.0,2021-09-16,62.28,129.5,13.7,,,,,,,,,,,
D1 ATM Weekly Buy,2021-09-16,2021-09-20,,,,25,-2800.19,93.09,-2893.28,-82.03,Near Expiry,bull,4,CE,17650.0,2021-09-23,141.09,29.08,14.4,,,,,,,,,,,
D1 ATM Weekly Buy,2021-09-20,2021-09-21,,,,25,2033.26,101.29,1931.97,68.3,Near Expiry,bull,1,CE,17400.0,2021-09-23,113.15,194.48,17.5,,,,,,,,,,,
D1 ATM Weekly Buy,2021-09-21,2021-09-22,,,,25,-868.95,93.4,-962.35,-40.49,Near Expiry,bull,1,CE,17550.0,2021-09-23,95.07,60.31,16.5,,,,,,,,,,,
D1 ATM Weekly Buy,2021-09-22,2021-09-23,,,,25,5316.04,103.98,5212.06,345.7,Near Expiry,bull,1,CE,17550.0,2021-09-23,60.31,272.95,16.5,,,,,,,,,,,
D1 ATM Weekly Buy,2021-09-23,2021-09-27,,,,25,-882.53,101.18,-983.71,-21.06,Near Expiry,bull,4,CE,17800.0,2021-09-30,186.8,151.5,16.6,,,,,,,,,,,
D1 ATM Weekly Buy,2021-09-27,2021-09-28,,,,25,-1669.49,94.11,-1763.6,-56.9,Near Expiry,bull,1,CE,17850.0,2021-09-30,123.98,57.2,18.0,,,,,,,,,,,
D1 ATM Weekly Buy,2021-09-28,2021-09-29,,,,25,-1155.65,93.16,-1248.81,-50.13,Near Expiry,bull,1,CE,17750.0,2021-09-30,99.64,53.41,18.5,,,,,,,,,,,
D1 ATM Weekly Buy,2021-09-29,2021-09-30,,,,25,-1926.6,89.55,-2016.15,-104.58,Near Expiry,bull,1,CE,17700.0,2021-09-30,77.11,0.05,18.8,,,,,,,,,,,
D1 ATM Weekly Buy,2021-09-30,2021-10-04,,,,25,-876.26,102.29,-978.55,-19.61,Near Expiry,bull,4,CE,17600.0,2021-10-07,199.64,164.59,18.4,,,,,,,,,,,
D1 ATM Weekly Buy,2021-10-04,2021-10-05,,,,25,1442.72,99.51,1343.2,50.0,Near Expiry,bull,1,CE,17700.0,2021-10-07,107.46,165.17,16.7,,,,,,,,,,,
D1 ATM Weekly Buy,2021-10-05,2021-10-06,,,,25,-2156.96,91.11,-2248.08,-88.75,Near Expiry,bull,1,CE,17800.0,2021-10-07,101.32,15.04,16.4,,,,,,,,,,,
D1 ATM Weekly Buy,2021-10-07,2021-10-11,,,,25,864.02,103.16,760.86,18.43,Near Expiry,bull,4,CE,17800.0,2021-10-14,165.11,199.67,16.2,,,,,,,,,,,
D1 ATM Weekly Buy,2021-10-11,2021-10-12,,,,25,81.58,96.51,-14.93,-0.56,Near Expiry,bull,1,CE,17950.0,2021-10-14,107.21,110.47,16.1,,,,,,,,,,,
D1 ATM Weekly Buy,2021-10-12,2021-10-13,,,,25,2309.31,99.36,2209.95,105.99,Near Expiry,bull,1,CE,18000.0,2021-10-14,83.4,175.77,15.9,,,,,,,,,,,
D1 ATM Weekly Buy,2021-10-13,2021-10-14,,,,25,2993.35,99.62,2893.74,168.2,Near Expiry,bull,1,CE,18150.0,2021-10-14,68.82,188.55,16.1,,,,,,,,,,,
D1 ATM Weekly Buy,2021-10-14,2021-10-18,,,,25,752.6,102.95,649.65,15.7,Near Expiry,bull,4,CE,18350.0,2021-10-21,165.49,195.6,15.8,,,,,,,,,,,
D1 ATM Weekly Buy,2021-10-18,2021-10-19,,,,25,-1159.88,93.9,-1253.78,-46.25,Near Expiry,bull,1,CE,18500.0,2021-10-21,108.43,62.04,17.2,,,,,,,,,,,
D1 ATM Weekly Buy,2021-10-19,2021-10-20,,,,25,-2105.99,91.76,-2197.76,-81.66,Near Expiry,bull,1,CE,18400.0,2021-10-21,107.66,23.42,17.4,,,,,,,,,,,
D1 ATM Weekly Buy,2021-10-20,2021-10-21,,,,25,-2003.15,89.65,-2092.8,-104.41,Near Expiry,bull,1,CE,18250.0,2021-10-21,80.18,0.05,18.3,,,,,,,,,,,
D1 ATM Weekly Buy,2021-10-21,2021-10-25,,,,25,-2386.47,97.44,-2483.92,-54.73,Near Expiry,bull,4,CE,18200.0,2021-10-28,181.55,86.09,18.0,,,,,,,,,,,
D1 ATM Weekly Buy,2021-10-25,2021-10-26,,,,25,1443.29,99.58,1343.71,49.68,Near Expiry,bull,1,CE,18150.0,2021-10-28,108.19,165.92,17.6,,,,,,,,,,,
D1 ATM Weekly Buy,2021-10-26,2021-10-27,,,,25,-1388.73,92.96,-1481.69,-57.38,Near Expiry,bull,1,CE,18250.0,2021-10-28,103.3,47.75,16.8,,,,,,,,,,,
D1 ATM Weekly Buy,2021-10-27,2021-10-28,,,,25,-1781.76,89.38,-1871.13,-104.94,Near Expiry,bull,1,CE,18200.0,2021-10-28,71.32,0.05,16.8,,,,,,,,,,,
D1 ATM Weekly Buy,2021-12-16,2021-12-17,,,,25,-2731.78,94.99,-2826.76,-69.98,Stop Loss 50%,bull,1,CE,17250.0,2021-12-23,161.58,52.31,15.9,,,,,,,,,,,
D1 ATM Weekly Buy,2022-01-03,2022-01-04,,,,25,2274.54,100.5,2174.04,89.06,Near Expiry,bull,1,CE,17650.0,2022-01-06,97.64,188.62,16.5,,,,,,,,,,,
D1 ATM Weekly Buy,2022-01-04,2022-01-05,,,,25,1430.61,98.06,1332.56,58.8,Near Expiry,bull,1,CE,17800.0,2022-01-06,90.65,147.88,16.1,,,,,,,,,,,
D1 ATM Weekly Buy,2022-01-05,2022-01-06,,,,25,-1356.92,88.86,-1445.78,-106.45,Near Expiry,bull,1,CE,17950.0,2022-01-06,54.33,0.05,17.2,,,,,,,,,,,
D1 ATM Weekly Buy,2022-01-06,2022-01-10,,,,25,2632.7,108.75,2523.95,54.47,Near Expiry,bull,4,CE,17750.0,2022-01-13,185.34,290.65,18.0,,,,,,,,,,,
D1 ATM Weekly Buy,2022-01-10,2022-01-11,,,,25,179.88,97.96,81.92,2.69,Near Expiry,bull,1,CE,18000.0,2022-01-13,121.65,128.85,17.7,,,,,,,,,,,
D1 ATM Weekly Buy,2022-01-11,2022-01-12,,,,25,1946.77,100.06,1846.71,73.23,Near Expiry,bull,1,CE,18050.0,2022-01-13,100.88,178.75,17.8,,,,,,,,,,,
D1 ATM Weekly Buy,2022-01-12,2022-01-13,,,,25,-389.96,92.6,-482.56,-26.3,Near Expiry,bull,1,CE,18200.0,2022-01-13,73.4,57.8,17.2,,,,,,,,,,,
D1 ATM Weekly Buy,2022-01-13,2022-01-17,,,,25,-899.16,100.91,-1000.07,-21.74,Near Expiry,bull,4,CE,18250.0,2022-01-20,184.02,148.05,16.7,,,,,,,,,,,
D1 ATM Weekly Buy,2022-01-17,2022-01-18,,,,25,-2222.53,92.57,-2315.11,-77.07,Near Expiry,bull,1,CE,18300.0,2022-01-20,120.16,31.25,16.8,,,,,,,,,,,
D1 ATM Weekly Buy,2022-01-18,2022-01-19,,,,25,-2237.82,91.26,-2329.08,-88.63,Near Expiry,bull,1,CE,18100.0,2022-01-20,105.12,15.61,17.8,,,,,,,,,,,
D1 ATM Weekly Buy,2022-01-19,2022-01-20,,,,25,-1564.96,89.11,-1654.07,-105.61,Near Expiry,bull,1,CE,17950.0,2022-01-20,62.65,0.05,17.8,,,,,,,,,,,
D1 ATM Weekly Buy,2022-01-20,2022-01-24,,,,25,-4541.41,93.39,-4634.8,-97.92,Near Expiry,bull,4,CE,17750.0,2022-01-27,189.32,7.66,17.8,,,,,,,,,,,
D1 ATM Weekly Buy,2022-03-17,2022-03-21,,,,25,-3456.97,98.39,-3555.36,-64.58,Near Expiry,bull,4,CE,17300.0,2022-03-24,220.21,81.93,22.6,,,,,,,,,,,
D1 ATM Weekly Buy,2022-03-21,2022-03-22,,,,25,2441.81,106.69,2335.12,56.25,Near Expiry,bull,1,CE,17100.0,2022-03-24,166.04,263.71,24.6,,,,,,,,,,,
D1 ATM Weekly Buy,2022-03-22,2022-03-23,,,,25,-1704.41,94.9,-1799.31,-53.66,Near Expiry,bull,1,CE,17300.0,2022-03-24,134.14,65.96,24.1,,,,,,,,,,,
D1 ATM Weekly Buy,2022-03-23,2022-03-24,,,,25,-2211.1,89.9,-2301.0,-104.01,Near Expiry,bull,1,CE,17250.0,2022-03-24,88.49,0.05,24.8,,,,,,,,,,,
D1 ATM Weekly Buy,2022-03-24,2022-03-28,,,,25,-2332.97,103.41,-2436.38,-38.96,Near Expiry,bull,4,CE,17200.0,2022-03-31,250.17,156.85,23.9,,,,,,,,,,,
D1 ATM Weekly Buy,2022-03-28,2022-03-29,,,,25,746.23,102.2,644.03,16.42,Near Expiry,bull,1,CE,17200.0,2022-03-31,156.85,186.7,22.6,,,,,,,,,,,
D1 ATM Weekly Buy,2022-03-29,2022-03-30,,,,25,1842.51,99.76,1742.75,69.69,Near Expiry,bull,1,CE,17350.0,2022-03-31,100.02,173.73,21.3,,,,,,,,,,,
D1 ATM Weekly Buy,2022-03-30,2022-03-31,,,,25,-1898.47,89.52,-1987.99,-104.65,Near Expiry,bull,1,CE,17500.0,2022-03-31,75.99,0.05,20.6,,,,,,,,,,,
D1 ATM Weekly Buy,2022-03-31,2022-04-04,,,,25,9937.67,127.44,9810.23,180.88,Near Expiry,bull,4,CE,17450.0,2022-04-07,216.95,614.45,20.6,,,,,,,,,,,
D1 ATM Weekly Buy,2022-04-04,2022-04-05,,,,25,-1559.61,94.31,-1653.92,-53.55,Near Expiry,bull,1,CE,18050.0,2022-04-07,123.54,61.15,17.9,,,,,,,,,,,
D1 ATM Weekly Buy,2022-04-05,2022-04-06,,,,25,-2074.47,91.61,-2166.08,-82.47,Near Expiry,bull,1,CE,17950.0,2022-04-07,105.06,22.09,18.5,,,,,,,,,,,
D1 ATM Weekly Buy,2022-04-06,2022-04-07,,,,25,-1904.91,89.53,-1994.43,-104.63,Near Expiry,bull,1,CE,17800.0,2022-04-07,76.25,0.05,19.0,,,,,,,,,,,
D1 ATM Weekly Buy,2022-04-07,2022-04-11,,,,25,-1597.68,98.67,-1696.34,-38.64,Near Expiry,bull,4,CE,17650.0,2022-04-13,175.61,111.71,19.0,,,,,,,,,,,
D1 ATM Weekly Buy,2022-04-11,2022-04-12,,,,25,-2192.65,91.92,-2284.57,-81.81,Near Expiry,bull,1,CE,17650.0,2022-04-13,111.71,24.0,18.3,,,,,,,,,,,
D1 ATM Weekly Buy,2022-04-12,2022-04-13,,,,25,-1462.48,88.99,-1551.46,-105.99,Near Expiry,bull,1,CE,17550.0,2022-04-13,58.55,0.05,18.2,,,,,,,,,,,
D1 ATM Weekly Buy,2022-04-19,2022-04-20,,,,25,-2030.19,90.58,-2120.77,-92.41,Near Expiry,bear,1,PE,16950.0,2022-04-21,91.8,10.59,19.8,,,,,,,,,,,
D1 ATM Weekly Buy,2022-04-22,2022-04-25,,,,25,2588.15,104.93,2483.21,70.12,Near Expiry,bear,3,PE,17150.0,2022-04-28,141.65,245.18,18.4,,,,,,,,,,,
D1 ATM Weekly Buy,2022-04-25,2022-04-26,,,,25,-2647.06,91.96,-2739.03,-88.42,Near Expiry,bear,1,PE,16950.0,2022-04-28,123.91,18.03,21.3,,,,,,,,,,,
D1 ATM Weekly Buy,2022-04-26,2022-04-27,,,,25,2112.54,99.84,2012.7,85.62,Near Expiry,bear,1,PE,17200.0,2022-04-28,94.03,178.53,19.2,,,,,,,,,,,
D1 ATM Weekly Buy,2022-04-27,2022-04-28,,,,25,-1941.44,89.57,-2031.01,-104.55,Near Expiry,bear,1,PE,17050.0,2022-04-28,77.71,0.05,20.6,,,,,,,,,,,
D1 ATM Weekly Buy,2022-04-28,2022-05-02,,,,25,1336.73,105.16,1231.58,27.93,Near Expiry,sideways,4,PE,17250.0,2022-05-05,176.4,229.86,19.4,,,,,,,,,,,
D1 ATM Weekly Buy,2022-05-02,2022-05-04,,,,25,6498.31,110.93,6387.38,229.15,Near Expiry,bear,2,PE,17050.0,2022-05-05,111.5,371.43,20.3,,,,,,,,,,,
D1 ATM Weekly Buy,2022-05-04,2022-05-05,,,,25,-1724.99,90.78,-1815.77,-84.11,Near Expiry,bear,1,PE,16700.0,2022-05-05,86.35,17.35,21.9,,,,,,,,,,,
D1 ATM Weekly Buy,2022-05-05,2022-05-09,,,,25,5579.21,115.2,5464.01,117.98,Near Expiry,bear,4,PE,16700.0,2022-05-12,185.26,408.43,20.3,,,,,,,,,,,
D1 ATM Weekly Buy,2022-05-09,2022-05-10,,,,25,293.29,98.46,194.83,6.25,Near Expiry,bear,1,PE,16300.0,2022-05-12,124.64,136.37,22.0,,,,,,,,,,,
D1 ATM Weekly Buy,2022-05-10,2022-05-11,,,,25,365.48,97.29,268.19,9.84,Near Expiry,bear,1,PE,16250.0,2022-05-12,109.05,123.67,22.3,,,,,,,,,,,
D1 ATM Weekly Buy,2022-05-11,2022-05-12,,,,25,6866.29,107.97,6758.32,401.4,Near Expiry,bear,1,PE,16150.0,2022-05-12,67.35,342.0,22.8,,,,,,,,,,,
D1 ATM Weekly Buy,2022-05-12,2022-05-16,,,,25,-2045.0,99.61,-2144.62,-43.28,Near Expiry,bear,4,PE,15800.0,2022-05-19,198.21,116.41,24.3,,,,,,,,,,,
D1 ATM Weekly Buy,2022-05-16,2022-05-17,,,,25,-3321.76,91.87,-3413.63,-97.42,Near Expiry,bear,1,PE,15850.0,2022-05-19,140.16,7.29,24.5,,,,,,,,,,,
D1 ATM Weekly Buy,2022-05-17,2022-05-18,,,,25,-566.64,94.63,-661.27,-25.99,Near Expiry,bear,1,PE,16250.0,2022-05-19,101.76,79.09,22.7,,,,,,,,,,,
D1 ATM Weekly Buy,2022-05-18,2022-05-19,,,,25,9037.69,113.72,8923.97,451.32,Near Expiry,bear,1,PE,16250.0,2022-05-19,79.09,440.6,22.3,,,,,,,,,,,
D1 ATM Weekly Buy,2022-05-19,2022-05-20,,,,25,-4046.7,95.39,-4142.09,-82.81,Stop Loss 50%,bear,1,PE,15800.0,2022-05-26,200.08,38.21,24.6,,,,,,,,,,,
D1 ATM Weekly Buy,2022-05-20,2022-05-23,,,,25,-615.99,100.82,-716.81,-16.32,Near Expiry,bear,3,PE,16250.0,2022-05-26,175.7,151.06,23.1,,,,,,,,,,,
D1 ATM Weekly Buy,2022-05-23,2022-05-24,,,,25,855.44,99.79,755.65,24.03,Near Expiry,bear,1,PE,16200.0,2022-05-26,125.77,159.99,23.4,,,,,,,,,,,
D1 ATM Weekly Buy,2022-05-24,2022-05-25,,,,25,676.47,99.92,576.55,17.48,Near Expiry,bear,1,PE,16150.0,2022-05-26,131.95,159.01,25.6,,,,,,,,,,,
D1 ATM Weekly Buy,2022-05-25,2022-05-26,,,,25,-2392.57,90.12,-2482.69,-103.71,Near Expiry,bear,1,PE,16050.0,2022-05-26,95.75,0.05,25.3,,,,,,,,,,,
D1 ATM Weekly Buy,2022-05-26,2022-05-27,,,,25,-2337.79,97.69,-2435.48,-53.17,Stop Loss 50%,bear,1,PE,16150.0,2022-06-02,183.21,89.7,22.7,,,,,,,,,,,
D1 ATM Weekly Buy,2022-06-13,2022-06-14,,,,25,-93.93,96.52,-190.44,-6.82,Near Expiry,bear,1,PE,15750.0,2022-06-16,111.76,108.0,22.4,,,,,,,,,,,
D1 ATM Weekly Buy,2022-06-14,2022-06-15,,,,25,-111.98,96.16,-208.14,-7.71,Near Expiry,bear,1,PE,15750.0,2022-06-16,108.0,103.52,21.9,,,,,,,,,,,
D1 ATM Weekly Buy,2022-06-15,2022-06-16,,,,25,6606.34,108.06,6498.28,345.9,Near Expiry,bear,1,PE,15700.0,2022-06-16,75.15,339.4,22.1,,,,,,,,,,,
D1 ATM Weekly Buy,2022-06-16,2022-06-20,,,,25,-1478.43,99.25,-1577.68,-35.18,Near Expiry,bear,4,PE,15350.0,2022-06-23,179.39,120.25,22.9,,,,,,,,,,,
D1 ATM Weekly Buy,2022-06-20,2022-06-21,,,,25,-2675.86,91.59,-2767.45,-92.06,Near Expiry,bear,1,PE,15350.0,2022-06-23,120.25,13.22,22.4,,,,,,,,,,,
D1 ATM Weekly Buy,2022-06-21,2022-06-22,,,,25,3512.31,103.45,3408.86,135.69,Near Expiry,bear,1,PE,15650.0,2022-06-23,100.49,240.98,21.1,,,,,,,,,,,
D1 ATM Weekly Buy,2022-06-22,2022-06-23,,,,25,-1518.66,89.06,-1607.72,-105.78,Near Expiry,bear,1,PE,15400.0,2022-06-23,60.8,0.05,21.3,,,,,,,,,,,
D1 ATM Weekly Buy,2022-06-23,2022-06-27,,,,25,-3508.24,93.71,-3601.95,-86.49,Near Expiry,bear,4,PE,15550.0,2022-06-30,166.59,26.26,20.9,,,,,,,,,,,
D1 ATM Weekly Buy,2022-06-27,2022-06-28,,,,25,-691.38,96.35,-787.73,-25.18,Near Expiry,bear,1,PE,15850.0,2022-06-30,125.14,97.49,21.0,,,,,,,,,,,
D1 ATM Weekly Buy,2022-06-28,2022-06-29,,,,25,35.98,95.59,-59.6,-2.45,Near Expiry,bear,1,PE,15850.0,2022-06-30,97.49,98.93,21.5,,,,,,,,,,,
D1 ATM Weekly Buy,2022-06-29,2022-06-30,,,,25,-1288.58,90.45,-1379.03,-77.37,Near Expiry,bear,1,PE,15800.0,2022-06-30,71.29,19.75,21.9,,,,,,,,,,,
D1 ATM Weekly Buy,2022-06-30,2022-07-04,,,,25,-2278.05,98.44,-2376.48,-49.92,Near Expiry,bear,4,PE,15800.0,2022-07-07,190.43,99.31,21.8,,,,,,,,,,,
D1 ATM Weekly Buy,2022-09-07,2022-09-08,,,,25,-1456.47,88.98,-1545.45,-106.02,Near Expiry,sideways,1,PE,17600.0,2022-09-08,58.31,0.05,19.4,,,,,,,,,,,
D1 ATM Weekly Buy,2022-09-12,2022-09-13,,,,25,1377.88,99.96,1277.92,44.69,Near Expiry,bull,1,CE,17950.0,2022-09-15,114.37,169.49,17.9,,,,,,,,,,,
D1 ATM Weekly Buy,2022-09-13,2022-09-14,,,,25,-1439.38,93.17,-1532.54,-57.3,Near Expiry,bull,1,CE,18050.0,2022-09-15,106.99,49.42,17.5,,,,,,,,,,,
D1 ATM Weekly Buy,2022-09-14,2022-09-15,,,,25,-1804.83,89.4,-1894.23,-104.88,Near Expiry,bull,1,CE,18000.0,2022-09-15,72.24,0.05,18.3,,,,,,,,,,,
D1 ATM Weekly Buy,2022-09-15,2022-09-16,,,,25,-3131.79,95.81,-3227.6,-71.14,Stop Loss 50%,bull,1,CE,17900.0,2022-09-22,181.48,56.21,18.4,,,,,,,,,,,
D1 ATM Weekly Buy,2022-09-19,2022-09-20,,,,25,2592.35,105.1,2487.25,69.37,Near Expiry,bull,1,CE,17600.0,2022-09-22,143.43,247.12,19.9,,,,,,,,,,,
D1 ATM Weekly Buy,2022-09-21,2022-09-22,,,,25,-2067.24,89.72,-2156.97,-104.28,Near Expiry,bull,1,CE,17700.0,2022-09-22,82.74,0.05,19.3,,,,,,,,,,,
D1 ATM Weekly Buy,2022-10-17,2022-10-18,,,,25,2282.44,102.94,2179.5,69.14,Near Expiry,bull,1,CE,17300.0,2022-10-20,126.09,217.39,18.4,,,,,,,,,,,
D1 ATM Weekly Buy,2022-10-18,2022-10-19,,,,25,-371.38,93.78,-465.16,-21.45,Near Expiry,bull,1,CE,17500.0,2022-10-20,86.76,71.91,17.5,,,,,,,,,,,
D1 ATM Weekly Buy,2022-10-19,2022-10-20,,,,25,-198.93,92.89,-291.82,-16.23,Near Expiry,bull,1,CE,17500.0,2022-10-20,71.91,63.95,17.5,,,,,,,,,,,
D1 ATM Weekly Buy,2022-10-20,2022-10-24,,,,25,1139.1,105.5,1033.6,22.28,Near Expiry,bull,4,CE,17550.0,2022-10-27,185.54,231.1,17.2,,,,,,,,,,,
D1 ATM Weekly Buy,2022-10-24,2022-10-25,,,,25,-1389.2,93.27,-1482.47,-55.46,Near Expiry,bull,1,CE,17750.0,2022-10-27,106.92,51.36,17.4,,,,,,,,,,,
D1 ATM Weekly Buy,2022-10-25,2022-10-27,,,,25,-187.36,94.84,-282.2,-11.95,Near Expiry,bull,2,CE,17650.0,2022-10-27,94.44,86.95,16.9,,,,,,,,,,,
D1 ATM Weekly Buy,2022-10-27,2022-10-31,,,,25,3086.36,108.2,2978.16,71.25,Near Expiry,bull,4,CE,17750.0,2022-11-03,167.19,290.65,16.6,,,,,,,,,,,
D1 ATM Weekly Buy,2022-10-31,2022-11-01,,,,25,1707.58,100.66,1606.92,56.31,Near Expiry,bull,1,CE,18000.0,2022-11-03,114.14,182.45,15.8,,,,,,,,,,,
D1 ATM Weekly Buy,2022-11-01,2022-11-02,,,,25,-1280.34,91.84,-1372.18,-62.83,Near Expiry,bull,1,CE,18150.0,2022-11-03,87.36,36.15,16.1,,,,,,,,,,,
D1 ATM Weekly Buy,2022-11-02,2022-11-03,,,,25,-1404.08,88.92,-1493.0,-106.24,Near Expiry,bull,1,CE,18100.0,2022-11-03,56.21,0.05,16.7,,,,,,,,,,,
D1 ATM Weekly Buy,2022-11-03,2022-11-07,,,,25,787.78,103.56,684.22,15.93,Near Expiry,bull,4,CE,18050.0,2022-11-10,171.78,203.29,15.9,,,,,,,,,,,
D1 ATM Weekly Buy,2022-11-07,2022-11-09,,,,25,-1659.2,92.85,-1752.05,-64.3,Near Expiry,bull,2,CE,18200.0,2022-11-10,108.98,42.62,15.6,,,,,,,,,,,
D1 ATM Weekly Buy,2022-11-09,2022-11-10,,,,25,-1638.67,89.2,-1727.88,-105.36,Near Expiry,bull,1,CE,18150.0,2022-11-10,65.6,0.05,15.9,,,,,,,,,,,
D1 ATM Weekly Buy,2022-11-10,2022-11-11,,,,25,4859.36,111.08,4748.29,122.21,Target 100%,bull,1,CE,18050.0,2022-11-17,155.42,349.79,15.6,,,,,,,,,,,
D1 ATM Weekly Buy,2022-11-11,2022-11-14,,,,25,-1289.92,96.73,-1386.65,-38.24,Near Expiry,bull,3,CE,18350.0,2022-11-17,145.04,93.45,14.4,,,,,,,,,,,
D1 ATM Weekly Buy,2022-11-14,2022-11-15,,,,25,488.2,96.23,391.97,16.78,Near Expiry,bull,1,CE,18350.0,2022-11-17,93.45,112.97,14.9,,,,,,,,,,,
D1 ATM Weekly Buy,2022-11-15,2022-11-16,,,,25,-497.45,93.32,-590.77,-27.93,Near Expiry,bull,1,CE,18400.0,2022-11-17,84.62,64.72,14.6,,,,,,,,,,,
D1 ATM Weekly Buy,2022-11-16,2022-11-17,,,,25,-1616.74,89.18,-1705.92,-105.43,Near Expiry,bull,1,CE,18400.0,2022-11-17,64.72,0.05,15.1,,,,,,,,,,,
D1 ATM Weekly Buy,2022-11-17,2022-11-21,,,,25,-3159.06,93.85,-3252.91,-81.7,Near Expiry,bull,4,CE,18350.0,2022-11-24,159.26,32.9,14.9,,,,,,,,,,,
D1 ATM Weekly Buy,2022-11-21,2022-11-22,,,,25,699.67,97.87,601.8,22.44,Near Expiry,bull,1,CE,18150.0,2022-11-24,107.29,135.28,14.8,,,,,,,,,,,
D1 ATM Weekly Buy,2022-11-23,2022-11-24,,,,25,4242.52,101.97,4140.55,257.18,Near Expiry,bull,1,CE,18250.0,2022-11-24,64.4,234.1,14.0,,,,,,,,,,,
D1 ATM Weekly Buy,2022-11-24,2022-11-28,,,,25,-235.29,98.72,-334.01,-9.46,Near Expiry,bull,4,CE,18500.0,2022-12-01,141.23,131.82,13.5,,,,,,,,,,,
D1 ATM Weekly Buy,2022-11-28,2022-11-29,,,,25,377.31,96.79,280.53,10.91,Near Expiry,bull,1,CE,18550.0,2022-12-01,102.83,117.92,13.6,,,,,,,,,,,
D1 ATM Weekly Buy,2022-11-29,2022-11-30,,,,25,2036.46,99.14,1937.32,88.24,Near Expiry,bull,1,CE,18600.0,2022-12-01,87.82,169.28,13.6,,,,,,,,,,,
D1 ATM Weekly Buy,2022-11-30,2022-12-01,,,,25,59.44,92.45,-33.01,-2.2,Near Expiry,bull,1,CE,18750.0,2022-12-01,60.12,62.5,13.8,,,,,,,,,,,
D1 ATM Weekly Buy,2022-12-01,2022-12-05,,,,25,-2552.8,95.02,-2647.83,-67.28,Near Expiry,bull,4,CE,18800.0,2022-12-08,157.42,55.31,13.4,,,,,,,,,,,
D1 ATM Weekly Buy,2022-12-05,2022-12-06,,,,25,-1093.53,93.2,-1186.72,-48.21,Near Expiry,bull,1,CE,18700.0,2022-12-08,98.46,54.72,13.7,,,,,,,,,,,
D1 ATM Weekly Buy,2022-12-06,2022-12-07,,,,25,-1373.06,90.75,-1463.82,-76.05,Near Expiry,bull,1,CE,18650.0,2022-12-08,76.99,22.07,14.0,,,,,,,,,,,
D1 ATM Weekly Buy,2022-12-07,2022-12-08,,,,25,-59.49,92.33,-151.82,-9.84,Near Expiry,bull,1,CE,18550.0,2022-12-08,61.73,59.35,14.1,,,,,,,,,,,
D1 ATM Weekly Buy,2022-12-08,2022-12-12,,,,25,-2601.47,94.67,-2696.14,-69.8,Near Expiry,bull,4,CE,18600.0,2022-12-15,154.52,50.46,13.4,,,,,,,,,,,
D1 ATM Weekly Buy,2022-12-12,2022-12-13,,,,25,1237.77,97.8,1139.96,49.21,Near Expiry,bull,1,CE,18500.0,2022-12-15,92.65,142.16,13.3,,,,,,,,,,,
D1 ATM Weekly Buy,2022-12-13,2022-12-14,,,,25,248.37,94.42,153.95,7.86,Near Expiry,bull,1,CE,18600.0,2022-12-15,78.3,88.24,12.9,,,,,,,,,,,
D1 ATM Weekly Buy,2022-12-14,2022-12-15,,,,25,-1431.57,88.95,-1520.52,-106.12,Near Expiry,bull,1,CE,18650.0,2022-12-15,57.31,0.05,12.9,,,,,,,,,,,
D1 ATM Weekly Buy,2023-02-16,2023-02-20,,,,25,-2768.51,92.44,-2860.94,-86.29,Near Expiry,bull,4,CE,18050.0,2023-02-23,132.62,21.88,12.9,,,,,,,,,,,
D1 ATM Weekly Buy,2023-02-20,2023-02-21,,,,25,-570.01,93.49,-663.5,-30.01,Near Expiry,bull,1,CE,17850.0,2023-02-23,88.43,65.63,13.4,,,,,,,,,,,
D1 ATM Weekly Buy,2023-02-21,2023-02-22,,,,25,-1612.01,89.26,-1701.28,-103.69,Near Expiry,bull,1,CE,17850.0,2023-02-23,65.63,1.15,14.0,,,,,,,,,,,
D1 ATM Weekly Buy,2023-04-03,2023-04-05,,,,25,2032.07,98.71,1933.35,93.25,Near Expiry,sideways,2,CE,17400.0,2023-04-06,82.93,164.21,12.6,,,,,,,,,,,
D1 ATM Weekly Buy,2023-04-05,2023-04-06,,,,25,-40.07,91.44,-131.51,-10.36,Near Expiry,bull,1,CE,17550.0,2023-04-06,50.75,49.15,12.4,,,,,,,,,,,
D1 ATM Weekly Buy,2023-04-06,2023-04-10,,,,25,-737.72,96.28,-834.0,-26.58,Near Expiry,bull,4,CE,17600.0,2023-04-13,125.51,96.0,11.8,,,,,,,,,,,
D1 ATM Weekly Buy,2023-06-01,2023-06-05,,,,25,345.65,98.52,247.13,7.98,Near Expiry,bull,4,CE,18500.0,2023-06-08,123.92,137.75,11.6,,,,,,,,,,,
D1 ATM Weekly Buy,2023-06-05,2023-06-06,,,,25,-286.73,93.12,-379.85,-19.78,Near Expiry,bull,1,CE,18600.0,2023-06-08,76.82,65.35,11.1,,,,,,,,,,,
D1 ATM Weekly Buy,2023-06-06,2023-06-07,,,,25,1778.89,96.66,1682.23,102.97,Near Expiry,bull,1,CE,18600.0,2023-06-08,65.35,136.5,11.4,,,,,,,,,,,
D1 ATM Weekly Buy,2023-06-07,2023-06-08,,,,25,-882.65,88.28,-970.94,-109.85,Near Expiry,bull,1,CE,18750.0,2023-06-08,35.36,0.05,11.4,,,,,,,,,,,
D1 ATM Weekly Buy,2023-06-08,2023-06-12,,,,25,-1544.52,94.03,-1638.55,-54.7,Near Expiry,bull,4,CE,18650.0,2023-06-15,119.83,58.05,11.3,,,,,,,,,,,
D1 ATM Weekly Buy,2023-06-12,2023-06-13,,,,25,1492.2,97.41,1394.79,68.44,Near Expiry,bull,1,CE,18600.0,2023-06-15,81.52,141.21,11.2,,,,,,,,,,,
D1 ATM Weekly Buy,2023-06-13,2023-06-14,,,,25,151.34,93.79,57.55,3.13,Near Expiry,bull,1,CE,18700.0,2023-06-15,73.45,79.5,11.1,,,,,,,,,,,
D1 ATM Weekly Buy,2023-06-14,2023-06-15,,,,25,-1210.56,88.68,-1299.24,-107.21,Near Expiry,bull,1,CE,18750.0,2023-06-15,48.47,0.05,11.2,,,,,,,,,,,
D1 ATM Weekly Buy,2023-06-15,2023-06-19,,,,25,-173.73,97.06,-270.79,-9.01,Near Expiry,bull,4,CE,18700.0,2023-06-22,120.15,113.2,11.1,,,,,,,,,,,
D1 ATM Weekly Buy,2023-06-19,2023-06-20,,,,25,527.49,95.52,431.97,20.54,Near Expiry,bull,1,CE,18750.0,2023-06-22,84.13,105.23,11.2,,,,,,,,,,,
D1 ATM Weekly Buy,2023-06-20,2023-06-21,,,,25,165.44,93.89,71.56,3.86,Near Expiry,bull,1,CE,18800.0,2023-06-22,74.21,80.83,11.1,,,,,,,,,,,
D1 ATM Weekly Buy,2023-06-21,2023-06-22,,,,25,-1242.07,88.72,-1330.79,-107.04,Near Expiry,bull,1,CE,18850.0,2023-06-22,49.73,0.05,11.3,,,,,,,,,,,
D1 ATM Weekly Buy,2023-06-22,2023-06-26,,,,25,-2201.19,94.59,-2295.78,-64.1,Near Expiry,bull,4,CE,18750.0,2023-06-29,143.26,55.22,11.6,,,,,,,,,,,
D1 ATM Weekly Buy,2023-06-28,2023-06-30,,,,25,4550.2,102.02,4448.18,311.92,Near Expiry,bull,2,CE,18950.0,2023-06-29,57.04,239.05,10.9,,,,,,,,,,,
D1 ATM Weekly Buy,2023-06-30,2023-07-03,,,,25,1320.23,99.53,1220.7,44.06,Near Expiry,bull,3,CE,19200.0,2023-07-06,110.82,163.63,10.8,,,,,,,,,,,
D1 ATM Weekly Buy,2023-07-03,2023-07-04,,,,25,683.64,97.05,586.59,23.92,Near Expiry,bull,1,CE,19300.0,2023-07-06,98.07,125.42,11.5,,,,,,,,,,,
D1 ATM Weekly Buy,2023-07-04,2023-07-05,,,,25,-396.72,91.87,-488.59,-30.08,Near Expiry,bull,1,CE,19400.0,2023-07-06,64.97,49.1,11.7,,,,,,,,,,,
D1 ATM Weekly Buy,2023-07-05,2023-07-06,,,,25,1204.93,94.02,1110.91,90.5,Near Expiry,bull,1,CE,19400.0,2023-07-06,49.1,97.3,11.9,,,,,,,,,,,
D1 ATM Weekly Buy,2023-07-06,2023-07-07,,,,25,-2075.49,94.46,-2169.95,-62.65,Stop Loss 50%,bull,1,CE,19500.0,2023-07-13,138.55,55.53,11.8,,,,,,,,,,,
D1 ATM Weekly Buy,2023-07-07,2023-07-10,,,,25,-666.64,95.56,-762.2,-26.46,Near Expiry,bull,3,CE,19350.0,2023-07-13,115.24,88.57,11.5,,,,,,,,,,,
D1 ATM Weekly Buy,2023-07-10,2023-07-11,,,,25,849.37,96.61,752.76,34.0,Near Expiry,bull,1,CE,19350.0,2023-07-13,88.57,122.55,11.5,,,,,,,,,,,
D1 ATM Weekly Buy,2023-07-11,2023-07-12,,,,25,-1034.55,90.17,-1124.71,-73.28,Near Expiry,bull,1,CE,19450.0,2023-07-13,61.39,20.01,11.0,,,,,,,,,,,
D1 ATM Weekly Buy,2023-07-12,2023-07-13,,,,25,-617.33,89.12,-706.45,-73.51,Near Expiry,bull,1,CE,19400.0,2023-07-13,38.44,13.75,10.9,,,,,,,,,,,
D1 ATM Weekly Buy,2023-07-13,2023-07-17,,,,25,4731.86,109.24,4622.61,134.81,Near Expiry,bull,4,CE,19400.0,2023-07-20,137.16,326.43,10.9,,,,,,,,,,,
D1 ATM Weekly Buy,2023-07-17,2023-07-18,,,,25,196.79,95.48,101.31,4.4,Near Expiry,bull,1,CE,19700.0,2023-07-20,92.12,99.99,11.3,,,,,,,,,,,
D1 ATM Weekly Buy,2023-07-18,2023-07-19,,,,25,793.85,95.03,698.83,39.11,Near Expiry,bull,1,CE,19750.0,2023-07-20,71.47,103.23,11.7,,,,,,,,,,,
D1 ATM Weekly Buy,2023-07-19,2023-07-20,,,,25,2186.44,95.54,2090.9,200.6,Near Expiry,bull,1,CE,19850.0,2023-07-20,41.69,129.15,11.6,,,,,,,,,,,
D1 ATM Weekly Buy,2023-07-20,2023-07-21,,,,25,-2422.59,93.16,-2515.75,-76.14,Stop Loss 50%,bull,1,CE,20000.0,2023-07-27,132.17,35.26,11.8,,,,,,,,,,,
D1 ATM Weekly Buy,2023-07-21,2023-07-24,,,,25,-1761.45,93.93,-1855.38,-59.75,Near Expiry,bull,3,CE,19750.0,2023-07-27,124.22,53.76,11.5,,,,,,,,,,,
D1 ATM Weekly Buy,2023-07-24,2023-07-25,,,,25,-503.52,94.64,-598.16,-23.86,Near Expiry,bull,1,CE,19650.0,2023-07-27,100.28,80.14,11.6,,,,,,,,,,,
D1 ATM Weekly Buy,2023-07-25,2023-07-26,,,,25,1056.66,94.08,962.58,71.91,Near Expiry,bull,1,CE,19700.0,2023-07-27,53.54,95.81,10.2,,,,,,,,,,,
D1 ATM Weekly Buy,2023-07-26,2023-07-27,,,,25,-867.24,88.26,-955.51,-110.02,Near Expiry,bull,1,CE,19800.0,2023-07-27,34.74,0.05,10.5,,,,,,,,,,,
D1 ATM Weekly Buy,2023-07-27,2023-07-31,,,,25,320.78,99.15,221.62,6.71,Near Expiry,bull,4,CE,19650.0,2023-08-03,132.07,144.9,10.5,,,,,,,,,,,
D1 ATM Weekly Buy,2023-07-31,2023-08-01,,,,25,-660.29,92.72,-753.01,-36.85,Near Expiry,bull,1,CE,19750.0,2023-08-03,81.74,55.33,10.4,,,,,,,,,,,
D1 ATM Weekly Buy,2023-08-01,2023-08-02,,,,25,-1350.98,88.96,-1439.93,-104.1,Near Expiry,bull,1,CE,19750.0,2023-08-03,55.33,1.29,10.3,,,,,,,,,,,
D1 ATM Weekly Buy,2023-09-05,2023-09-06,,,,25,89.79,94.19,-4.4,-0.22,Near Expiry,bull,1,CE,19550.0,2023-09-07,79.72,83.31,10.8,,,,,,,,,,,
D1 ATM Weekly Buy,2023-09-06,2023-09-07,,,,25,1891.92,95.72,1796.2,139.85,Near Expiry,bull,1,CE,19600.0,2023-09-07,51.37,127.05,10.7,,,,,,,,,,,
D1 ATM Weekly Buy,2023-09-07,2023-09-11,,,,25,3695.13,105.45,3589.68,120.37,Near Expiry,bull,4,CE,19750.0,2023-09-14,119.29,267.1,10.9,,,,,,,,,,,
D1 ATM Weekly Buy,2023-09-11,2023-09-12,,,,25,-411.38,93.6,-504.98,-23.59,Near Expiry,bull,1,CE,20000.0,2023-09-14,85.64,69.18,11.4,,,,,,,,,,,
D1 ATM Weekly Buy,2023-09-12,2023-09-13,,,,25,638.59,94.49,544.1,31.46,Near Expiry,bull,1,CE,20000.0,2023-09-14,69.18,94.72,11.7,,,,,,,,,,,
D1 ATM Weekly Buy,2023-09-13,2023-09-14,,,,25,-228.12,92.0,-320.12,-20.58,Near Expiry,bull,1,CE,20050.0,2023-09-14,62.22,53.1,11.8,,,,,,,,,,,
D1 ATM Weekly Buy,2023-09-14,2023-09-18,,,,25,-934.8,97.1,-1031.9,-29.44,Near Expiry,bull,4,CE,20100.0,2023-09-21,140.21,102.82,11.3,,,,,,,,,,,
D1 ATM Weekly Buy,2023-09-18,2023-09-20,,,,25,-1881.48,89.56,-1971.04,-103.72,Near Expiry,bull,2,CE,20150.0,2023-09-21,76.01,0.75,10.8,,,,,,,,,,,
D1 ATM Weekly Buy,2023-09-20,2023-09-21,,,,25,-1217.79,88.69,-1306.48,-107.17,Near Expiry,bull,1,CE,19900.0,2023-09-21,48.76,0.05,11.1,,,,,,,,,,,
D1 ATM Weekly Buy,2023-09-21,2023-09-25,,,,25,-1927.98,93.77,-2021.75,-63.86,Near Expiry,bull,4,CE,19750.0,2023-09-28,126.63,49.52,10.8,,,,,,,,,,,
D1 ATM Weekly Buy,2023-09-25,2023-09-26,,,,25,-497.6,94.31,-591.91,-24.59,Near Expiry,bull,1,CE,19650.0,2023-09-28,96.27,76.37,10.9,,,,,,,,,,,
D1 ATM Weekly Buy,2023-10-17,2023-10-18,,,,25,-1615.19,89.82,-1705.01,-94.35,Near Expiry,bull,1,CE,19800.0,2023-10-19,72.28,7.68,10.7,,,,,,,,,,,
D1 ATM Weekly Buy,2023-11-13,2023-11-15,,,,25,3729.86,102.24,3627.62,179.88,Near Expiry,bull,2,CE,19450.0,2023-11-16,80.67,229.86,11.2,,,,,,,,,,,
D1 ATM Weekly Buy,2023-11-15,2023-11-16,,,,25,728.99,91.87,637.13,70.71,Near Expiry,bull,1,CE,19700.0,2023-11-16,36.04,65.2,11.1,,,,,,,,,,,
D1 ATM Weekly Buy,2023-11-16,2023-11-20,,,,25,-2054.27,95.31,-2149.58,-58.11,Near Expiry,bull,4,CE,19750.0,2023-11-23,147.98,65.81,11.6,,,,,,,,,,,
D1 ATM Weekly Buy,2023-11-20,2023-11-21,,,,25,915.44,96.77,818.67,36.87,Near Expiry,bull,1,CE,19700.0,2023-11-23,88.81,125.43,12.1,,,,,,,,,,,
D1 ATM Weekly Buy,2023-11-21,2023-11-22,,,,25,-240.92,92.36,-333.29,-19.96,Near Expiry,bull,1,CE,19800.0,2023-11-23,66.79,57.16,12.2,,,,,,,,,,,
D1 ATM Weekly Buy,2023-11-22,2023-11-23,,,,25,-1378.95,89.05,-1468.0,-102.73,Near Expiry,bull,1,CE,19800.0,2023-11-23,57.16,2.0,11.9,,,,,,,,,,,
D1 ATM Weekly Buy,2023-11-23,2023-11-28,,,,25,-190.4,98.5,-288.9,-8.4,Near Expiry,bull,5,CE,19800.0,2023-11-30,137.55,129.93,11.3,,,,,,,,,,,
D1 ATM Weekly Buy,2023-11-28,2023-11-29,,,,25,3351.28,100.5,3250.79,185.89,Near Expiry,bull,1,CE,19900.0,2023-11-30,69.95,204.0,12.2,,,,,,,,,,,
D1 ATM Weekly Buy,2023-11-29,2023-11-30,,,,25,-506.9,90.64,-597.54,-44.74,Near Expiry,bull,1,CE,20100.0,2023-11-30,53.43,33.15,12.7,,,,,,,,,,,
D1 ATM Weekly Buy,2023-11-30,2023-12-04,,,,25,10080.4,121.65,9958.75,274.18,Near Expiry,bull,4,CE,20150.0,2023-12-07,145.29,548.5,12.7,,,,,,,,,,,
D1 ATM Weekly Buy,2023-12-04,2023-12-05,,,,25,2297.24,100.42,2196.82,91.41,Near Expiry,bull,1,CE,20700.0,2023-12-07,96.13,188.02,13.0,,,,,,,,,,,
D1 ATM Weekly Buy,2023-12-05,2023-12-06,,,,25,678.18,96.29,581.89,26.07,Near Expiry,bull,1,CE,20850.0,2023-12-07,89.28,116.41,13.5,,,,,,,,,,,
D1 ATM Weekly Buy,2023-12-06,2023-12-07,,,,25,-1396.18,88.91,-1485.09,-106.27,Near Expiry,bull,1,CE,20950.0,2023-12-07,55.9,0.05,13.7,,,,,,,,,,,
D1 ATM Weekly Buy,2023-12-07,2023-12-11,,,,25,1.79,100.85,-99.06,-2.47,Near Expiry,bull,4,CE,20900.0,2023-12-14,160.2,160.28,12.7,,,,,,,,,,,
D1 ATM Weekly Buy,2023-12-11,2023-12-12,,,,25,-1453.45,92.63,-1546.08,-61.17,Near Expiry,bull,1,CE,21000.0,2023-12-14,101.1,42.96,12.8,,,,,,,,,,,
D1 ATM Weekly Buy,2023-12-12,2023-12-13,,,,25,-411.49,93.59,-505.08,-23.61,Near Expiry,bull,1,CE,20900.0,2023-12-14,85.56,69.1,12.7,,,,,,,,,,,
D1 ATM Weekly Buy,2023-12-13,2023-12-14,,,,25,4732.35,101.26,4631.09,426.78,Near Expiry,bull,1,CE,20950.0,2023-12-14,43.41,232.7,12.1,,,,,,,,,,,
D1 ATM Weekly Buy,2023-12-14,2023-12-15,,,,25,4383.81,109.47,4274.34,114.94,Target 100%,bull,1,CE,21200.0,2023-12-21,148.75,324.1,12.3,,,,,,,,,,,
D1 ATM Weekly Buy,2023-12-15,2023-12-18,,,,25,-1529.67,97.42,-1627.09,-40.87,Near Expiry,bull,3,CE,21450.0,2023-12-21,159.26,98.07,13.1,,,,,,,,,,,
D1 ATM Weekly Buy,2023-12-18,2023-12-19,,,,25,-47.06,97.6,-144.66,-4.69,Near Expiry,bull,1,CE,21400.0,2023-12-21,123.31,121.43,13.9,,,,,,,,,,,
D1 ATM Weekly Buy,2023-12-19,2023-12-20,,,,25,-2280.8,90.16,-2370.95,-101.62,Near Expiry,bull,1,CE,21450.0,2023-12-21,93.32,2.09,13.9,,,,,,,,,,,
D1 ATM Weekly Buy,2023-12-20,2023-12-21,,,,25,981.53,94.95,886.58,53.9,Near Expiry,bull,1,CE,21150.0,2023-12-21,65.79,105.05,14.4,,,,,,,,,,,
D1 ATM Weekly Buy,2023-12-21,2023-12-26,,,,25,1158.92,104.88,1054.04,23.72,Near Expiry,bull,5,CE,21250.0,2023-12-28,177.71,224.07,13.8,,,,,,,,,,,
D1 ATM Weekly Buy,2023-12-26,2023-12-27,,,,25,3155.16,101.98,3053.17,132.1,Near Expiry,bull,1,CE,21450.0,2023-12-28,92.45,218.65,14.7,,,,,,,,,,,
D1 ATM Weekly Buy,2023-12-27,2023-12-28,,,,25,1349.17,96.52,1252.65,67.05,Near Expiry,bull,1,CE,21650.0,2023-12-28,74.73,128.7,15.6,,,,,,,,,,,
D1 ATM Weekly Buy,2023-12-28,2024-01-01,,,,25,-2885.3,96.65,-2981.95,-64.45,Near Expiry,bull,4,CE,21800.0,2024-01-04,185.08,69.67,15.1,,,,,,,,,,,
D1 ATM Weekly Buy,2024-01-01,2024-01-02,,,,25,-813.21,93.32,-906.52,-39.12,Near Expiry,bull,1,CE,21750.0,2024-01-04,92.68,60.16,11.6,,,,,,,,,,,
D1 ATM Weekly Buy,2024-01-02,2024-01-03,,,,25,-2165.07,91.45,-2256.52,-85.59,Near Expiry,bull,1,CE,21650.0,2024-01-04,105.46,18.86,14.6,,,,,,,,,,,
D1 ATM Weekly Buy,2024-01-03,2024-01-04,,,,25,2103.14,98.15,2004.99,107.69,Near Expiry,bull,1,CE,21500.0,2024-01-04,74.47,158.6,14.1,,,,,,,,,,,
D1 ATM Weekly Buy,2024-01-04,2024-01-08,,,,25,-3094.3,95.57,-3189.87,-71.77,Near Expiry,bull,4,CE,21650.0,2024-01-11,177.79,54.02,13.3,,,,,,,,,,,
D1 ATM Weekly Buy,2024-01-10,2024-01-11,,,,25,-582.09,91.93,-674.02,-38.25,Near Expiry,bull,1,CE,21600.0,2024-01-11,70.48,47.2,13.0,,,,,,,,,,,
D1 ATM Weekly Buy,2024-01-11,2024-01-15,,,,25,7481.19,117.64,7363.55,178.48,Near Expiry,bull,4,CE,21650.0,2024-01-18,165.03,464.27,12.8,,,,,,,,,,,
D1 ATM Weekly Buy,2024-01-15,2024-01-16,,,,25,-1329.46,94.08,-1423.54,-49.57,Near Expiry,bull,1,CE,22100.0,2024-01-18,114.88,61.7,13.8,,,,,,,,,,,
D1 ATM Weekly Buy,2024-01-16,2024-01-17,,,,25,-2083.05,89.75,-2172.8,-104.12,Near Expiry,bull,1,CE,22050.0,2024-01-18,83.47,0.15,13.6,,,,,,,,,,,
D1 ATM Weekly Buy,2024-02-09,2024-02-12,,,,25,-2920.55,95.72,-3016.27,-68.94,Near Expiry,bull,3,CE,21800.0,2024-02-15,175.02,58.2,15.4,,,,,,,,,,,
D1 ATM Weekly Buy,2024-02-13,2024-02-14,,,,25,624.36,97.26,527.1,20.67,Near Expiry,bull,1,CE,21750.0,2024-02-15,102.01,126.99,15.8,,,,,,,,,,,
D1 ATM Weekly Buy,2024-02-14,2024-02-15,,,,25,-167.17,92.58,-259.75,-15.41,Near Expiry,bull,1,CE,21850.0,2024-02-15,67.44,60.75,15.4,,,,,,,,,,,
D1 ATM Weekly Buy,2024-02-15,2024-02-19,,,,25,1456.68,107.76,1348.92,26.47,Near Expiry,bull,4,CE,21900.0,2024-02-22,203.84,262.11,15.2,,,,,,,,,,,
D1 ATM Weekly Buy,2024-02-19,2024-02-20,,,,25,1014.85,100.08,914.77,29.25,Near Expiry,bull,1,CE,22100.0,2024-02-22,125.12,165.71,13.4,,,,,,,,,,,
D1 ATM Weekly Buy,2024-02-20,2024-02-21,,,,25,-2104.11,91.78,-2195.88,-81.5,Near Expiry,bull,1,CE,22200.0,2024-02-22,107.77,23.61,16.1,,,,,,,,,,,
D1 ATM Weekly Buy,2024-02-21,2024-02-22,,,,25,2238.09,98.74,2139.35,109.82,Near Expiry,bull,1,CE,22050.0,2024-02-22,77.93,167.45,15.9,,,,,,,,,,,
D1 ATM Weekly Buy,2024-02-22,2024-02-26,,,,25,-2876.87,98.78,-2975.65,-56.73,Near Expiry,bull,4,CE,22200.0,2024-02-29,209.8,94.73,15.2,,,,,,,,,,,
D1 ATM Weekly Buy,2024-02-26,2024-02-27,,,,25,555.17,100.55,454.63,12.77,Near Expiry,bull,1,CE,22100.0,2024-02-29,142.38,164.59,15.6,,,,,,,,,,,
D1 ATM Weekly Buy,2024-02-27,2024-02-28,,,,25,-2440.82,90.91,-2531.73,-95.3,Near Expiry,bull,1,CE,22200.0,2024-02-29,106.26,8.63,15.7,,,,,,,,,,,
D1 ATM Weekly Buy,2024-02-28,2024-02-29,,,,25,-1114.99,91.35,-1206.35,-62.34,Near Expiry,bull,1,CE,21950.0,2024-02-29,77.4,32.8,16.3,,,,,,,,,,,
D1 ATM Weekly Buy,2024-02-29,2024-03-01,,,,25,5420.11,115.61,5304.5,109.26,Target 100%,bull,1,CE,22000.0,2024-03-07,194.2,411.0,15.6,,,,,,,,,,,
D1 ATM Weekly Buy,2024-03-01,2024-03-04,,,,25,-574.44,101.32,-675.76,-14.98,Near Expiry,bull,3,CE,22350.0,2024-03-07,180.46,157.49,15.2,,,,,,,,,,,
D1 ATM Weekly Buy,2024-03-04,2024-03-05,,,,25,-1290.62,95.44,-1386.06,-42.7,Near Expiry,bull,1,CE,22400.0,2024-03-07,129.84,78.22,14.9,,,,,,,,,,,
D1 ATM Weekly Buy,2024-03-05,2024-03-06,,,,25,1183.12,98.5,1084.62,42.45,Near Expiry,bull,1,CE,22350.0,2024-03-07,102.21,149.53,14.4,,,,,,,,,,,
D1 ATM Weekly Buy,2024-03-06,2024-03-07,,,,25,-961.79,92.08,-1053.88,-51.39,Near Expiry,bull,1,CE,22450.0,2024-03-07,82.02,43.55,14.3,,,,,,,,,,,
D1 ATM Weekly Buy,2024-03-07,2024-03-11,,,,25,-3193.48,95.55,-3289.03,-73.07,Near Expiry,bull,4,CE,22500.0,2024-03-14,180.06,52.32,13.6,,,,,,,,,,,
D1 ATM Weekly Buy,2024-03-11,2024-03-12,,,,25,-589.08,95.32,-684.4,-24.79,Near Expiry,bull,1,CE,22350.0,2024-03-14,110.41,86.85,14.0,,,,,,,,,,,
D1 ATM Weekly Buy,2024-04-04,2024-04-08,,,,25,1191.48,103.59,1087.88,26.89,Near Expiry,bull,4,CE,22500.0,2024-04-11,161.81,209.47,11.2,,,,,,,,,,,
D1 ATM Weekly Buy,2024-04-08,2024-04-09,,,,25,-840.6,94.73,-935.33,-34.01,Near Expiry,bull,1,CE,22650.0,2024-04-11,109.99,76.37,11.6,,,,,,,,,,,
D1 ATM Weekly Buy,2024-04-09,2024-04-10,,,,25,1171.69,96.27,1075.42,56.33,Near Expiry,bull,1,CE,22650.0,2024-04-11,76.37,123.23,11.4,,,,,,,,,,,
D1 ATM Weekly Buy,2024-04-10,2024-04-12,,,,25,-1418.68,88.93,-1507.61,-106.18,Near Expiry,bull,2,CE,22750.0,2024-04-11,56.8,0.05,11.1,,,,,,,,,,,
D1 ATM Weekly Buy,2024-04-12,2024-04-15,,,,25,-3194.56,93.46,-3288.02,-84.57,Near Expiry,bull,3,CE,22500.0,2024-04-18,155.52,27.74,11.5,,,,,,,,,,,
D1 ATM Weekly Buy,2024-04-15,2024-04-16,,,,25,-1862.12,93.22,-1955.34,-66.0,Near Expiry,bull,1,CE,22250.0,2024-04-18,118.5,44.02,12.5,,,,,,,,,,,
D1 ATM Weekly Buy,2024-05-08,2024-05-09,,,,25,-2068.98,89.73,-2158.7,-104.27,Near Expiry,bull,1,CE,22300.0,2024-05-09,82.81,0.05,17.1,,,,,,,,,,,
D1 ATM Weekly Buy,2024-05-23,2024-05-27,,,,25,-2625.77,106.57,-2732.34,-37.08,Near Expiry,bull,4,CE,22950.0,2024-05-30,294.76,189.73,21.4,,,,,,,,,,,
D1 ATM Weekly Buy,2024-05-27,2024-05-28,,,,25,-1285.17,100.55,-1385.72,-29.22,Near Expiry,bull,1,CE,22950.0,2024-05-30,189.73,138.32,23.2,,,,,,,,,,,
D1 ATM Weekly Buy,2024-05-28,2024-05-29,,,,25,-2946.01,94.53,-3040.54,-75.2,Near Expiry,bull,1,CE,22900.0,2024-05-30,161.74,43.9,24.2,,,,,,,,,,,
D1 ATM Weekly Buy,2024-05-29,2024-05-30,,,,25,-2974.77,90.83,-3065.6,-103.01,Near Expiry,bull,1,CE,22700.0,2024-05-30,119.04,0.05,24.2,,,,,,,,,,,
D1 ATM Weekly Buy,2024-05-30,2024-06-03,,,,25,11840.33,139.42,11700.91,151.61,Near Expiry,bull,4,CE,22500.0,2024-06-06,308.71,782.32,24.2,,,,,,,,,,,
D1 ATM Weekly Buy,2024-06-03,2024-06-04,,,,25,-4735.3,92.99,-4828.28,-101.88,Near Expiry,bull,1,CE,23250.0,2024-06-06,189.56,0.15,20.9,,,,,,,,,,,
D1 ATM Weekly Buy,2024-06-05,2024-06-06,,,,25,2987.64,102.42,2885.22,113.26,Near Expiry,bull,1,CE,22600.0,2024-06-06,101.89,221.4,18.9,,,,,,,,,,,
D1 ATM Weekly Buy,2024-06-06,2024-06-07,,,,25,7903.16,124.73,7778.43,131.05,Target 100%,bull,1,CE,22800.0,2024-06-13,237.42,553.54,16.8,,,,,,,,,,,
D1 ATM Weekly Buy,2024-06-07,2024-06-10,,,,25,-2107.33,100.36,-2207.69,-42.33,Near Expiry,bull,3,CE,23300.0,2024-06-13,208.62,124.33,16.9,,,,,,,,,,,
D1 ATM Weekly Buy,2024-06-10,2024-06-11,,,,25,-889.19,97.95,-987.14,-26.5,Near Expiry,bull,1,CE,23250.0,2024-06-13,148.98,113.41,16.4,,,,,,,,,,,
D1 ATM Weekly Buy,2024-06-11,2024-06-12,,,,25,43.88,96.96,-53.08,-1.87,Near Expiry,bull,1,CE,23250.0,2024-06-13,113.41,115.16,14.8,,,,,,,,,,,
D1 ATM Weekly Buy,2024-06-13,2024-06-18,,,,25,194.17,103.7,90.47,1.92,Near Expiry,bull,5,CE,23400.0,2024-06-20,188.67,196.43,13.5,,,,,,,,,,,
D1 ATM Weekly Buy,2024-06-18,2024-06-19,,,,25,-1126.68,93.13,-1219.82,-49.5,Near Expiry,bull,1,CE,23550.0,2024-06-20,98.58,53.51,13.0,,,,,,,,,,,
D1 ATM Weekly Buy,2024-06-19,2024-06-20,,,,25,-271.69,93.24,-364.93,-18.75,Near Expiry,bull,1,CE,23500.0,2024-06-20,77.87,67.0,13.7,,,,,,,,,,,
D1 ATM Weekly Buy,2024-06-20,2024-06-24,,,,25,-1947.28,99.79,-2047.07,-41.4,Near Expiry,bull,4,CE,23550.0,2024-06-27,197.8,119.91,13.4,,,,,,,,,,,
D1 ATM Weekly Buy,2024-06-25,2024-06-26,,,,25,1803.51,101.01,1702.5,58.83,Near Expiry,bull,1,CE,23700.0,2024-06-27,115.75,187.89,14.3,,,,,,,,,,,
D1 ATM Weekly Buy,2024-06-26,2024-06-27,,,,25,2809.48,100.35,2709.13,131.96,Near Expiry,bull,1,CE,23850.0,2024-06-27,82.12,194.5,14.1,,,,,,,,,,,
D1 ATM Weekly Buy,2024-06-27,2024-07-01,,,,25,-507.01,103.16,-610.17,-12.18,Near Expiry,bull,4,CE,24050.0,2024-07-04,200.35,180.07,14.1,,,,,,,,,,,
D1 ATM Weekly Buy,2024-07-01,2024-07-02,,,,25,-862.55,95.81,-958.36,-31.12,Near Expiry,bull,1,CE,24150.0,2024-07-04,123.19,88.68,13.8,,,,,,,,,,,
D1 ATM Weekly Buy,2024-07-02,2024-07-03,,,,25,2179.85,101.7,2078.15,72.8,Near Expiry,bull,1,CE,24100.0,2024-07-04,114.18,201.38,13.6,,,,,,,,,,,
D1 ATM Weekly Buy,2024-07-03,2024-07-04,,,,25,-1509.22,89.22,-1598.44,-102.27,Near Expiry,bull,1,CE,24300.0,2024-07-04,62.52,2.15,13.2,,,,,,,,,,,
D1 ATM Weekly Buy,2024-07-04,2024-07-08,,,,25,-1304.58,100.47,-1405.05,-29.7,Near Expiry,bull,4,CE,24300.0,2024-07-11,189.24,137.06,12.9,,,,,,,,,,,
D1 ATM Weekly Buy,2024-07-08,2024-07-09,,,,25,1295.19,101.71,1193.48,34.83,Near Expiry,bull,1,CE,24300.0,2024-07-11,137.06,188.87,13.6,,,,,,,,,,,
D1 ATM Weekly Buy,2024-07-09,2024-07-10,,,,25,-1770.48,91.76,-1862.24,-75.2,Near Expiry,bull,1,CE,24450.0,2024-07-11,99.06,28.24,14.3,,,,,,,,,,,
D1 ATM Weekly Buy,2024-07-10,2024-07-11,,,,25,-1814.7,90.77,-1905.47,-86.09,Near Expiry,bull,1,CE,24300.0,2024-07-11,88.54,15.95,14.4,,,,,,,,,,,
D1 ATM Weekly Buy,2024-07-11,2024-07-15,,,,25,2909.37,111.62,2797.75,52.81,Near Expiry,bull,4,CE,24300.0,2024-07-18,211.91,328.28,14.0,,,,,,,,,,,
D1 ATM Weekly Buy,2024-07-15,2024-07-16,,,,25,-288.68,97.31,-386.0,-12.24,Near Expiry,bull,1,CE,24600.0,2024-07-18,126.1,114.56,14.2,,,,,,,,,,,
D1 ATM Weekly Buy,2024-07-16,2024-07-18,,,,25,2157.34,101.68,2055.66,71.78,Near Expiry,bull,2,CE,24600.0,2024-07-18,114.56,200.85,14.2,,,,,,,,,,,
D1 ATM Weekly Buy,2024-07-18,2024-07-19,,,,25,-3119.22,98.69,-3217.91,-59.88,Stop Loss 50%,bull,1,CE,24800.0,2024-07-25,214.96,90.19,14.5,,,,,,,,,,,
D1 ATM Weekly Buy,2024-07-19,2024-07-22,,,,25,-1651.49,99.74,-1751.23,-36.94,Near Expiry,bull,3,CE,24550.0,2024-07-25,189.63,123.57,14.8,,,,,,,,,,,
D1 ATM Weekly Buy,2024-07-22,2024-07-23,,,,25,-1551.36,96.44,-1647.79,-44.46,Near Expiry,bull,1,CE,24500.0,2024-07-25,148.26,86.21,15.4,,,,,,,,,,,
D1 ATM Weekly Buy,2024-07-23,2024-07-24,,,,25,-1462.49,91.34,-1553.83,-72.1,Near Expiry,bull,1,CE,24500.0,2024-07-25,86.21,27.71,12.8,,,,,,,,,,,
D1 ATM Weekly Buy,2024-07-24,2024-07-25,,,,25,-1579.37,89.65,-1669.01,-96.37,Near Expiry,bull,1,CE,24400.0,2024-07-25,69.27,6.1,11.8,,,,,,,,,,,
D1 ATM Weekly Buy,2024-07-26,2024-07-29,,,,25,-1132.98,98.47,-1231.45,-30.53,Near Expiry,bull,3,CE,24850.0,2024-08-01,161.33,116.01,12.2,,,,,,,,,,,
D1 ATM Weekly Buy,2024-07-29,2024-07-30,,,,25,-330.07,96.36,-426.43,-14.7,Near Expiry,bull,1,CE,24850.0,2024-08-01,116.01,102.81,12.9,,,,,,,,,,,
D1 ATM Weekly Buy,2024-07-30,2024-07-31,,,,25,783.87,97.68,686.2,26.7,Near Expiry,bull,1,CE,24850.0,2024-08-01,102.81,134.17,12.9,,,,,,,,,,,
D1 ATM Weekly Buy,2024-07-31,2024-08-01,,,,25,-273.99,92.72,-366.71,-20.41,Near Expiry,bull,1,CE,24950.0,2024-08-01,71.86,60.9,13.2,,,,,,,,,,,
D1 ATM Weekly Buy,2024-08-01,2024-08-02,,,,25,-2957.53,97.79,-3055.32,-61.01,Stop Loss 50%,bull,1,CE,25000.0,2024-08-08,200.32,82.02,12.9,,,,,,,,,,,
D1 ATM Weekly Buy,2024-08-02,2024-08-05,,,,25,-4684.14,94.31,-4778.45,-93.8,Near Expiry,bull,3,CE,24700.0,2024-08-08,203.78,16.41,14.3,,,,,,,,,,,
D1 ATM Weekly Buy,2024-08-26,2024-08-27,,,,25,-564.55,97.65,-662.19,-19.32,Near Expiry,bull,1,CE,25000.0,2024-08-29,137.11,114.53,13.8,,,,,,,,,,,
D1 ATM Weekly Buy,2024-08-27,2024-08-28,,,,25,-243.57,96.43,-340.0,-11.87,Near Expiry,bull,1,CE,25000.0,2024-08-29,114.53,104.79,13.6,,,,,,,,,,,
D1 ATM Weekly Buy,2024-08-28,2024-08-29,,,,25,638.16,95.11,543.06,28.42,Near Expiry,bull,1,CE,25050.0,2024-08-29,76.42,101.95,13.9,,,,,,,,,,,
D1 ATM Weekly Buy,2024-08-29,2024-09-02,,,,25,74.93,105.14,-30.2,-0.58,Near Expiry,bull,4,CE,25150.0,2024-09-05,208.59,211.59,13.8,,,,,,,,,,,
D1 ATM Weekly Buy,2024-09-02,2024-09-04,,,,25,-2191.73,93.03,-2284.76,-73.28,Near Expiry,bull,2,CE,25300.0,2024-09-05,124.71,37.04,14.1,,,,,,,,,,,
D1 ATM Weekly Buy,2024-09-04,2024-09-05,,,,25,-1930.37,89.56,-2019.93,-104.57,Near Expiry,bull,1,CE,25200.0,2024-09-05,77.26,0.05,14.4,,,,,,,,,,,
D1 ATM Weekly Buy,2024-09-05,2024-09-06,,,,25,-3061.95,98.46,-3160.41,-59.97,Stop Loss 50%,bull,1,CE,25150.0,2024-09-12,210.8,88.32,14.2,,,,,,,,,,,
D1 ATM Weekly Buy,2024-09-06,2024-09-09,,,,25,-597.79,103.62,-701.41,-13.49,Near Expiry,bull,3,CE,24850.0,2024-09-12,208.04,184.13,15.2,,,,,,,,,,,
D1 ATM Weekly Buy,2024-09-09,2024-09-10,,,,25,706.42,99.68,606.74,18.92,Near Expiry,bull,1,CE,24950.0,2024-09-12,128.29,156.55,14.2,,,,,,,,,,,
D1 ATM Weekly Buy,2024-09-10,2024-09-11,,,,25,-1847.49,91.57,-1939.06,-78.5,Near Expiry,bull,1,CE,25050.0,2024-09-12,98.81,24.91,13.4,,,,,,,,,,,
D1 ATM Weekly Buy,2024-09-12,2024-09-16,,,,25,-2054.68,99.34,-2154.02,-44.13,Near Expiry,bull,4,CE,25400.0,2024-09-19,195.25,113.06,13.2,,,,,,,,,,,
D1 ATM Weekly Buy,2024-09-16,2024-09-17,,,,25,-104.23,96.61,-200.83,-7.11,Near Expiry,bull,1,CE,25400.0,2024-09-19,113.06,108.89,12.5,,,,,,,,,,,
D1 ATM Weekly Buy,2024-09-17,2024-09-18,,,,25,-1165.48,93.93,-1259.41,-46.26,Near Expiry,bull,1,CE,25400.0,2024-09-19,108.89,62.27,12.6,,,,,,,,,,,
D1 ATM Weekly Buy,2024-09-18,2024-09-19,,,,25,-1161.81,89.96,-1251.77,-80.41,Near Expiry,bull,1,CE,25400.0,2024-09-19,62.27,15.8,13.4,,,,,,,,,,,
D1 ATM Weekly Buy,2024-09-19,2024-09-20,,,,25,6339.27,118.09,6221.18,124.62,Target 100%,bull,1,CE,25400.0,2024-09-26,199.68,453.25,12.5,,,,,,,,,,,
D1 ATM Weekly Buy,2024-09-20,2024-09-23,,,,25,1036.97,104.64,932.33,20.94,Near Expiry,bull,3,CE,25800.0,2024-09-26,178.07,219.55,12.8,,,,,,,,,,,
D1 ATM Weekly Buy,2024-09-23,2024-09-24,,,,25,-710.76,96.79,-807.55,-24.69,Near Expiry,bull,1,CE,25950.0,2024-09-26,130.83,102.39,13.8,,,,,,,,,,,
D1 ATM Weekly Buy,2024-09-24,2024-09-25,,,,25,0.8,95.93,-95.13,-3.72,Near Expiry,bull,1,CE,25950.0,2024-09-26,102.39,102.43,13.4,,,,,,,,,,,
D1 ATM Weekly Buy,2024-09-25,2024-09-26,,,,25,3560.12,101.27,3458.85,187.86,Near Expiry,bull,1,CE,26000.0,2024-09-26,73.65,216.05,12.7,,,,,,,,,,,
D1 ATM Weekly Buy,2024-09-26,2024-09-30,,,,25,-4591.15,94.11,-4685.26,-94.14,Near Expiry,bull,4,CE,26200.0,2024-10-03,199.07,15.43,12.0,,,,,,,,,,,
D1 ATM Weekly Buy,2024-09-30,2024-10-01,,,,25,-941.33,96.39,-1037.73,-31.43,Near Expiry,bull,1,CE,25800.0,2024-10-03,132.06,94.41,12.8,,,,,,,,,,,
D1 ATM Weekly Buy,2024-10-01,2024-10-03,,,,25,-2358.9,90.08,-2448.98,-103.76,Near Expiry,bull,2,CE,25800.0,2024-10-03,94.41,0.05,12.0,,,,,,,,,,,
D1 ATM Weekly Buy,2024-12-03,2024-12-04,,,,25,-666.64,95.27,-761.91,-27.24,Near Expiry,bull,1,CE,24450.0,2024-12-05,111.87,85.21,14.4,,,,,,,,,,,
D1 ATM Weekly Buy,2024-12-04,2024-12-05,,,,25,4329.8,103.94,4225.86,198.38,Near Expiry,bull,1,CE,24450.0,2024-12-05,85.21,258.4,14.4,,,,,,,,,,,
D1 ATM Weekly Buy,2024-12-05,2024-12-09,,,,25,-3089.58,99.04,-3188.62,-58.4,Near Expiry,bull,4,CE,24700.0,2024-12-12,218.39,94.8,14.5,,,,,,,,,,,
D1 ATM Weekly Buy,2024-12-09,2024-12-10,,,,25,-812.09,97.55,-909.63,-25.57,Near Expiry,bull,1,CE,24600.0,2024-12-12,142.28,109.8,14.1,,,,,,,,,,,
D1 ATM Weekly Buy,2024-12-10,2024-12-11,,,,25,-400.35,95.68,-496.03,-18.07,Near Expiry,bull,1,CE,24600.0,2024-12-12,109.8,93.78,13.8,,,,,,,,,,,
D1 ATM Weekly Buy,2024-12-11,2024-12-12,,,,25,-1658.73,89.23,-1747.96,-105.3,Near Expiry,bull,1,CE,24650.0,2024-12-12,66.4,0.05,13.3,,,,,,,,,,,
D1 ATM Weekly Buy,2024-12-12,2024-12-16,,,,25,186.94,104.12,82.82,1.71,Near Expiry,bull,4,CE,24550.0,2024-12-19,193.8,201.28,13.2,,,,,,,,,,,
D1 ATM Weekly Buy,2024-12-16,2024-12-17,,,,25,-3135.53,92.38,-3227.91,-91.35,Near Expiry,bull,1,CE,24650.0,2024-12-19,141.34,15.92,14.0,,,,,,,,,,,
D1 ATM Weekly Buy,2024-12-18,2024-12-19,,,,25,-1853.71,89.46,-1943.18,-104.76,Near Expiry,bull,1,CE,24200.0,2024-12-19,74.2,0.05,14.4,,,,,,,,,,,
D1 ATM Weekly Buy,2025-01-17,2025-01-20,,,,25,-2489.3,96.5,-2585.8,-59.73,Near Expiry,bear,3,PE,23200.0,2025-01-23,173.16,73.58,15.8,,,,,,,,,,,
D1 ATM Weekly Buy,2025-01-20,2025-01-21,,,,25,5069.39,109.8,4959.58,146.91,Near Expiry,bear,1,PE,23350.0,2025-01-23,135.04,337.81,16.4,,,,,,,,,,,
D1 ATM Weekly Buy,2025-01-21,2025-01-22,,,,25,-1883.27,91.62,-1974.88,-78.81,Near Expiry,bear,1,PE,23000.0,2025-01-23,100.23,24.9,17.1,,,,,,,,,,,
D1 ATM Weekly Buy,2025-01-22,2025-01-23,,,,25,-1909.29,89.53,-1998.82,-104.62,Near Expiry,bear,1,PE,23150.0,2025-01-23,76.42,0.05,16.8,,,,,,,,,,,
D1 ATM Weekly Buy,2025-01-23,2025-01-27,,,,25,4899.28,114.73,4784.55,97.03,Near Expiry,bear,4,PE,23200.0,2025-01-30,197.25,393.22,16.7,,,,,,,,,,,
D1 ATM Weekly Buy,2025-01-27,2025-01-28,,,,25,-2004.84,95.94,-2100.78,-54.54,Near Expiry,bear,1,PE,22850.0,2025-01-30,154.09,73.89,18.1,,,,,,,,,,,
D1 ATM Weekly Buy,2025-01-28,2025-01-29,,,,25,-2394.63,91.82,-2486.45,-85.9,Near Expiry,bear,1,PE,22950.0,2025-01-30,115.79,20.0,18.2,,,,,,,,,,,
D1 ATM Weekly Buy,2025-01-29,2025-01-30,,,,25,-2043.13,89.7,-2132.83,-104.33,Near Expiry,bear,1,PE,23150.0,2025-01-30,81.78,0.05,18.6,,,,,,,,,,,
D1 ATM Weekly Buy,2025-02-17,2025-02-18,,,,25,-386.05,96.57,-482.62,-16.1,Near Expiry,bear,1,PE,22950.0,2025-02-20,119.89,104.44,15.7,,,,,,,,,,,
D1 ATM Weekly Buy,2025-02-18,2025-02-19,,,,25,-597.28,94.79,-692.07,-26.51,Near Expiry,bear,1,PE,22950.0,2025-02-20,104.44,80.55,15.7,,,,,,,,,,,
D1 ATM Weekly Buy,2025-02-19,2025-02-20,,,,25,-1092.56,91.67,-1184.24,-58.81,Near Expiry,bear,1,PE,22950.0,2025-02-20,80.55,36.85,15.4,,,,,,,,,,,
D1 ATM Weekly Buy,2025-02-20,2025-02-24,,,,25,4707.5,111.61,4595.89,111.03,Near Expiry,bear,4,PE,22900.0,2025-02-27,165.57,353.87,14.7,,,,,,,,,,,
D1 ATM Weekly Buy,2025-02-24,2025-02-25,,,,25,-540.77,95.41,-636.17,-23.09,Near Expiry,bear,1,PE,22550.0,2025-02-27,110.21,88.58,14.4,,,,,,,,,,,
D1 ATM Weekly Buy,2025-02-25,2025-02-27,,,,25,-2090.77,90.17,-2180.94,-98.48,Near Expiry,bear,2,PE,22550.0,2025-02-27,88.58,4.95,13.7,,,,,,,,,,,
D1 ATM Weekly Buy,2025-02-27,2025-02-28,,,,25,6988.08,115.65,6872.43,178.06,Target 100%,bear,1,PE,22550.0,2025-03-06,154.38,433.9,13.3,,,,,,,,,,,
D1 ATM Weekly Buy,2025-02-28,2025-03-03,,,,25,-977.97,96.5,-1074.47,-32.01,Near Expiry,bear,3,PE,22100.0,2025-03-06,134.27,95.15,13.9,,,,,,,,,,,
D1 ATM Weekly Buy,2025-03-03,2025-03-04,,,,25,-3.09,95.3,-98.39,-4.14,Near Expiry,bear,1,PE,22100.0,2025-03-06,95.15,95.03,13.8,,,,,,,,,,,
D1 ATM Weekly Buy,2025-03-04,2025-03-05,,,,25,-2263.79,90.34,-2354.13,-99.09,Near Expiry,bear,1,PE,22100.0,2025-03-06,95.03,4.48,13.8,,,,,,,,,,,
D1 ATM Weekly Buy,2025-03-05,2025-03-06,,,,25,-1704.48,89.28,-1793.76,-105.16,Near Expiry,bear,1,PE,22350.0,2025-03-06,68.23,0.05,13.7,,,,,,,,,,,
D1 ATM Weekly Buy,2025-03-06,2025-03-10,,,,25,-72.74,100.65,-173.4,-4.34,Near Expiry,bear,4,PE,22550.0,2025-03-13,159.77,156.86,13.7,,,,,,,,,,,
D1 ATM Weekly Buy,2025-03-10,2025-03-11,,,,25,-868.16,94.06,-962.22,-37.44,Near Expiry,bear,1,PE,22450.0,2025-03-13,102.79,68.07,14.0,,,,,,,,,,,
D1 ATM Weekly Buy,2025-03-11,2025-03-12,,,,25,-317.94,94.22,-412.16,-18.21,Near Expiry,bear,1,PE,22500.0,2025-03-13,90.54,77.82,14.1,,,,,,,,,,,
D1 ATM Weekly Buy,2025-03-12,2025-03-13,,,,25,2.65,91.7,-89.04,-6.76,Near Expiry,bear,1,PE,22450.0,2025-03-13,52.69,52.8,13.7,,,,,,,,,,,
D1 ATM Weekly Buy,2025-03-13,2025-03-17,,,,25,-2322.75,95.06,-2417.82,-63.63,Near Expiry,bear,4,PE,22400.0,2025-03-20,151.98,59.07,13.3,,,,,,,,,,,
D1 ATM Weekly Buy,2025-03-17,2025-03-18,,,,25,-2331.75,90.54,-2422.3,-97.74,Near Expiry,bear,1,PE,22500.0,2025-03-20,99.13,5.86,13.4,,,,,,,,,,,
D1 ATM Weekly Buy,2025-04-07,2025-04-08,,,,25,-3768.25,93.53,-3861.77,-90.28,Near Expiry,bear,1,PE,22150.0,2025-04-10,171.1,20.37,22.8,,,,,,,,,,,
D1 ATM Weekly Buy,2025-04-09,2025-04-11,,,,25,-2465.38,90.21,-2555.59,-103.61,Near Expiry,bear,2,PE,22400.0,2025-04-10,98.67,0.05,21.4,,,,,,,,,,,
D1 ATM Weekly Buy,2025-04-11,2025-04-15,,,,25,-5725.88,94.55,-5820.42,-99.78,Near Expiry,bear,4,PE,22850.0,2025-04-17,233.32,4.29,20.1,,,,,,,,,,,
D1 ATM Weekly Buy,2025-06-09,2025-06-10,,,,25,-779.0,97.58,-876.57,-24.73,Near Expiry,bull,1,CE,25100.0,2025-06-12,141.8,110.64,14.7,,,,,,,,,,,
D1 ATM Weekly Buy,2025-06-10,2025-06-11,,,,25,-341.98,95.88,-437.85,-15.83,Near Expiry,bull,1,CE,25100.0,2025-06-12,110.64,96.96,14.0,,,,,,,,,,,
D1 ATM Weekly Buy,2025-06-11,2025-06-12,,,,25,-1742.01,89.33,-1831.34,-105.05,Near Expiry,bull,1,CE,25150.0,2025-06-12,69.73,0.05,13.7,,,,,,,,,,,
D1 ATM Weekly Buy,2025-06-20,2025-06-23,,,,25,-2944.12,97.43,-3041.55,-62.15,Near Expiry,bull,3,CE,25100.0,2025-06-26,195.75,77.98,13.7,,,,,,,,,,,
D1 ATM Weekly Buy,2025-06-23,2025-06-24,,,,25,384.97,100.41,284.56,7.84,Near Expiry,bull,1,CE,24950.0,2025-06-26,145.2,160.6,14.1,,,,,,,,,,,
D1 ATM Weekly Buy,2025-06-24,2025-06-25,,,,25,2672.79,101.79,2571.01,100.32,Near Expiry,bull,1,CE,25050.0,2025-06-26,102.52,209.43,13.6,,,,,,,,,,,
D1 ATM Weekly Buy,2025-06-25,2025-06-26,,,,25,5776.42,105.63,5670.78,333.85,Near Expiry,bull,1,CE,25250.0,2025-06-26,67.94,299.0,13.0,,,,,,,,,,,
D1 ATM Weekly Buy,2025-06-26,2025-06-30,,,,75,-6356.92,110.94,-6467.86,-44.58,Near Expiry,bull,4,CE,25550.0,2025-07-03,193.44,108.68,12.6,,,,,,,,,,,
D1 ATM Weekly Buy,2025-06-30,2025-07-01,,,,75,-892.95,119.48,-1012.43,-10.08,Near Expiry,bull,1,CE,25500.0,2025-07-03,133.94,122.03,12.8,,,,,,,,,,,
D1 ATM Weekly Buy,2025-07-01,2025-07-02,,,,75,-4857.97,100.84,-4958.81,-69.63,Near Expiry,bull,1,CE,25550.0,2025-07-03,94.96,30.19,12.5,,,,,,,,,,,
D1 ATM Weekly Buy,2025-07-02,2025-07-03,,,,75,-5261.55,93.63,-5355.18,-101.71,Near Expiry,bull,1,CE,25450.0,2025-07-03,70.2,0.05,12.4,,,,,,,,,,,
D1 ATM Weekly Buy,2025-07-03,2025-07-07,,,,75,-2707.88,130.57,-2838.46,-19.62,Near Expiry,bull,4,CE,25400.0,2025-07-10,192.87,156.77,12.4,,,,,,,,,,,
D1 ATM Weekly Buy,2025-07-07,2025-07-08,,,,75,736.05,121.65,614.4,6.38,Near Expiry,bull,1,CE,25450.0,2025-07-10,128.48,138.29,12.6,,,,,,,,,,,
D1 ATM Weekly Buy,2025-07-08,2025-07-09,,,,75,-4066.19,106.04,-4172.24,-51.25,Near Expiry,bull,1,CE,25500.0,2025-07-10,108.55,54.33,12.2,,,,,,,,,,,
D1 ATM Weekly Buy,2025-07-09,2025-07-10,,,,75,-4071.12,92.18,-4163.29,-102.17,Near Expiry,bull,1,CE,25500.0,2025-07-10,54.33,0.05,11.9,,,,,,,,,,,
D1 ATM Weekly Buy,2025-07-10,2025-07-11,,,,75,-7577.52,117.24,-7694.76,-56.24,Stop Loss 50%,bull,1,CE,25350.0,2025-07-17,182.43,81.4,11.7,,,,,,,,,,,
D1 ATM Weekly Buy,2025-07-11,2025-07-14,,,,75,-6141.51,116.11,-6257.62,-50.35,Near Expiry,bull,3,CE,25150.0,2025-07-17,165.7,83.81,11.8,,,,,,,,,,,
D1 ATM Weekly Buy,2025-08-18,2025-08-19,,,,75,2443.38,119.71,2323.67,29.16,Near Expiry,bull,1,CE,24900.0,2025-08-21,106.24,138.82,12.3,,,,,,,,,,,
D1 ATM Weekly Buy,2025-08-20,2025-08-21,,,,75,-2284.11,98.61,-2382.72,-49.48,Near Expiry,bull,1,CE,25050.0,2025-08-21,64.2,33.75,11.8,,,,,,,,,,,
D1 ATM Weekly Buy,2025-08-21,2025-08-22,,,,75,-7160.79,113.74,-7274.53,-58.73,Stop Loss 50%,bull,1,CE,25100.0,2025-08-28,165.14,69.66,11.4,,,,,,,,,,,
D1 ATM Weekly Buy,2025-08-22,2025-08-25,,,,75,788.85,133.29,655.57,5.04,Near Expiry,bull,3,CE,24850.0,2025-08-28,173.55,184.07,11.7,,,,,,,,,,,
D1 ATM Weekly Buy,2025-08-25,2025-08-26,,,,75,-7838.55,101.33,-7939.87,-86.5,Near Expiry,bull,1,CE,24950.0,2025-08-28,122.39,17.88,11.8,,,,,,,,,,,
D1 ATM Weekly Buy,2025-09-01,2025-09-02,,,,75,-2935.03,105.01,-3040.03,-42.76,Near Expiry,bull,1,CE,24650.0,2025-09-04,94.79,55.66,11.3,,,,,,,,,,,
D1 ATM Weekly Buy,2025-09-03,2025-09-04,,,,75,-2425.73,98.92,-2524.65,-50.51,Near Expiry,bull,1,CE,24700.0,2025-09-04,66.64,34.3,10.9,,,,,,,,,,,
D1 ATM Weekly Buy,2025-09-12,2025-09-15,,,,75,-4906.89,115.14,-5022.02,-44.25,Near Expiry,bull,3,CE,25100.0,2025-09-18,151.31,85.89,10.1,,,,,,,,,,,
D1 ATM Weekly Buy,2025-09-16,2025-09-17,,,,75,2334.67,111.63,2223.03,39.21,Near Expiry,bull,1,CE,25250.0,2025-09-18,75.6,106.73,10.3,,,,,,,,,,,
D1 ATM Weekly Buy,2025-09-17,2025-09-18,,,,75,1998.39,103.58,1894.81,53.81,Near Expiry,bull,1,CE,25350.0,2025-09-18,46.95,73.6,10.2,,,,,,,,,,,
D1 ATM Weekly Buy,2025-09-18,2025-09-22,,,,75,-10269.13,107.7,-10376.83,-82.29,Near Expiry,bull,4,CE,25400.0,2025-09-25,168.13,31.21,9.9,,,,,,,,,,,
D1 ATM Weekly Buy,2025-09-22,2025-09-23,,,,75,-2669.22,108.03,-2777.24,-35.49,Near Expiry,bull,1,CE,25200.0,2025-09-25,104.34,68.75,10.6,,,,,,,,,,,
D1 ATM Weekly Buy,2025-09-23,2025-09-24,,,,75,-5416.27,99.37,-5515.65,-78.23,Near Expiry,bull,1,CE,25150.0,2025-09-25,94.01,21.79,10.6,,,,,,,,,,,
D1 ATM Weekly Buy,2025-09-24,2025-09-25,,,,75,-4563.6,92.78,-4656.38,-101.95,Near Expiry,bull,1,CE,25050.0,2025-09-25,60.9,0.05,10.5,,,,,,,,,,,
D1 ATM Weekly Buy,2025-09-25,2025-09-26,,,,75,-7381.53,111.78,-7493.31,-62.69,Stop Loss 50%,bull,1,CE,24900.0,2025-10-02,159.37,60.95,10.8,,,,,,,,,,,
D1 ATM Weekly Buy,2025-10-15,2025-10-16,,,,75,16087.48,140.51,15946.97,300.32,Near Expiry,bull,1,CE,25300.0,2025-10-16,70.8,285.3,10.5,,,,,,,,,,,
D1 ATM Weekly Buy,2025-10-16,2025-10-20,,,,75,8838.1,148.05,8690.05,71.37,Near Expiry,bull,4,CE,25600.0,2025-10-23,162.35,280.19,10.9,,,,,,,,,,,
D1 ATM Weekly Buy,2025-10-20,2025-10-21,,,,75,-659.23,113.79,-773.02,-9.4,Near Expiry,bull,1,CE,25850.0,2025-10-23,109.68,100.89,11.4,,,,,,,,,,,
D1 ATM Weekly Buy,2025-10-21,2025-10-23,,,,75,-4461.84,103.22,-4565.06,-60.33,Near Expiry,bull,2,CE,25850.0,2025-10-23,100.89,41.4,11.3,,,,,,,,,,,
D1 ATM Weekly Buy,2025-10-23,2025-10-27,,,,75,-1809.23,129.2,-1938.44,-14.37,Near Expiry,bull,4,CE,25900.0,2025-10-30,179.81,155.69,11.7,,,,,,,,,,,
D1 ATM Weekly Buy,2025-10-27,2025-10-28,,,,75,-2822.85,113.46,-2936.31,-30.85,Near Expiry,bull,1,CE,25950.0,2025-10-30,126.91,89.27,11.9,,,,,,,,,,,
D1 ATM Weekly Buy,2025-10-28,2025-10-29,,,,75,3291.3,117.22,3174.08,47.41,Near Expiry,bull,1,CE,25950.0,2025-10-30,89.27,133.16,11.9,,,,,,,,,,,
D1 ATM Weekly Buy,2025-10-29,2025-10-30,,,,75,-5206.52,93.56,-5300.08,-101.72,Near Expiry,bull,1,CE,26050.0,2025-10-30,69.47,0.05,12.0,,,,,,,,,,,
D1 ATM Weekly Buy,2025-10-30,2025-11-03,,,,75,-8302.48,114.43,-8416.91,-63.18,Near Expiry,bull,4,CE,25900.0,2025-11-06,177.63,66.93,12.1,,,,,,,,,,,
D1 ATM Weekly Buy,2025-11-03,2025-11-04,,,,75,-6841.16,105.98,-6947.13,-70.15,Near Expiry,bull,1,CE,25750.0,2025-11-06,132.04,40.83,12.7,,,,,,,,,,,
D1 ATM Weekly Buy,2025-11-04,2025-11-06,,,,75,-7423.72,96.26,-7519.98,-101.25,Near Expiry,bull,2,CE,25600.0,2025-11-06,99.03,0.05,12.6,,,,,,,,,,,
D1 ATM Weekly Buy,2025-11-06,2025-11-10,,,,75,-2499.93,131.9,-2631.82,-17.88,Near Expiry,bull,4,CE,25500.0,2025-11-13,196.27,162.94,12.4,,,,,,,,,,,
D1 ATM Weekly Buy,2025-11-20,2025-11-24,,,,75,-10898.81,111.46,-11010.27,-77.98,Near Expiry,bull,4,CE,26200.0,2025-11-27,188.26,42.94,12.1,,,,,,,,,,,
D1 ATM Weekly Buy,2025-11-24,2025-11-25,,,,75,-5096.3,110.88,-5207.18,-50.94,Near Expiry,bull,1,CE,25950.0,2025-11-27,136.28,68.33,13.2,,,,,,,,,,,
D1 ATM Weekly Buy,2025-11-25,2025-11-26,,,,75,16582.99,146.66,16436.33,241.85,Near Expiry,bull,1,CE,25900.0,2025-11-27,90.62,311.72,12.2,,,,,,,,,,,
D1 ATM Weekly Buy,2025-11-26,2025-11-27,,,,75,-4128.09,96.21,-4224.3,-79.79,Near Expiry,bull,1,CE,26200.0,2025-11-27,70.59,15.55,12.0,,,,,,,,,,,
D1 ATM Weekly Buy,2025-11-27,2025-12-01,,,,75,-6802.91,122.35,-6925.26,-47.16,Near Expiry,bull,4,CE,26200.0,2025-12-04,195.78,105.07,11.8,,,,,,,,,,,
D1 ATM Weekly Buy,2025-12-01,2025-12-02,,,,75,-5670.69,101.64,-5772.34,-73.25,Near Expiry,bull,1,CE,26200.0,2025-12-04,105.07,29.46,11.6,,,,,,,,,,,
D1 ATM Weekly Buy,2025-12-02,2025-12-03,,,,75,-3478.9,100.58,-3579.48,-58.1,Near Expiry,bull,1,CE,26050.0,2025-12-04,82.15,35.76,11.2,,,,,,,,,,,
D1 ATM Weekly Buy,2025-12-05,2025-12-08,,,,75,-8771.33,105.2,-8876.52,-81.33,Near Expiry,bull,3,CE,26200.0,2025-12-11,145.52,28.57,10.3,,,,,,,,,,,
D1 ATM Weekly Buy,2025-12-23,2025-12-24,,,,75,-2845.83,97.83,-2943.67,-59.49,Near Expiry,bull,1,CE,26200.0,2025-12-25,65.97,28.03,9.4,,,,,,,,,,,
D1 ATM Weekly Buy,2025-12-31,2026-01-01,,,,65,-2872.99,91.25,-2964.24,-103.06,Near Expiry,bull,1,CE,26150.0,2026-01-01,44.25,0.05,9.5,,,,,,,,,,,
D1 ATM Weekly Buy,2026-01-01,2026-01-02,,,,65,8546.21,133.46,8412.75,104.06,Target 100%,bull,1,CE,26150.0,2026-01-08,124.38,255.86,7.6,,,,,,,,,,,
D1 ATM Weekly Buy,2026-01-02,2026-01-05,,,,65,-4685.59,105.88,-4791.47,-56.44,Near Expiry,bull,3,CE,26350.0,2026-01-08,130.62,58.53,9.4,,,,,,,,,,,
D1 ATM Weekly Buy,2026-01-05,2026-01-06,,,,65,-3377.04,102.5,-3479.54,-52.26,Near Expiry,bull,1,CE,26250.0,2026-01-08,102.44,50.48,10.0,,,,,,,,,,,
D1 ATM Weekly Buy,2026-01-06,2026-01-07,,,,65,-2616.98,97.34,-2714.33,-58.29,Near Expiry,bull,1,CE,26200.0,2026-01-08,71.64,31.38,10.0,,,,,,,,,,,
D1 ATM Weekly Buy,2026-01-07,2026-01-08,,,,65,-3380.13,91.33,-3471.46,-102.6,Near Expiry,bull,1,CE,26150.0,2026-01-08,52.05,0.05,9.9,,,,,,,,,,,
D1 ATM Weekly Buy,2026-02-09,2026-02-10,,,,65,910.95,118.04,792.91,9.37,Near Expiry,bull,1,CE,25850.0,2026-02-12,130.21,144.22,12.2,,,,,,,,,,,
D1 ATM Weekly Buy,2026-02-10,2026-02-11,,,,65,-1280.52,103.58,-1384.11,-24.59,Near Expiry,bull,1,CE,25950.0,2026-02-12,86.61,66.91,11.7,,,,,,,,,,,
D1 ATM Weekly Buy,2026-02-11,2026-02-12,,,,65,-4346.04,92.51,-4438.55,-102.05,Near Expiry,bull,1,CE,25950.0,2026-02-12,66.91,0.05,11.6,,,,,,,,,,,
D1 ATM Weekly Buy,2026-02-12,2026-02-13,,,,65,-8067.16,111.08,-8178.25,-67.1,Stop Loss 50%,bull,1,CE,25800.0,2026-02-19,187.52,63.41,11.7,,,,,,,,,,,
D1 ATM Weekly Buy,2026-02-13,2026-02-16,,,,65,5553.91,143.26,5410.64,42.0,Near Expiry,bull,3,CE,25450.0,2026-02-19,198.19,283.63,13.3,,,,,,,,,,,
D1 ATM Weekly Buy,2026-02-16,2026-02-17,,,,65,-495.6,113.16,-608.76,-7.67,Near Expiry,bull,1,CE,25700.0,2026-02-19,122.08,114.45,13.3,,,,,,,,,,,
D1 ATM Weekly Buy,2026-02-17,2026-02-18,,,,65,1332.27,109.78,1222.49,21.19,Near Expiry,bull,1,CE,25750.0,2026-02-19,88.76,109.26,12.7,,,,,,,,,,,
D1 ATM Weekly Buy,2026-02-18,2026-02-19,,,,65,-5100.34,93.43,-5193.77,-101.77,Near Expiry,bull,1,CE,25800.0,2026-02-19,78.52,0.05,12.2,,,,,,,,,,,
D1 ATM Weekly Buy,2026-02-20,2026-02-23,,,,65,1638.59,137.95,1500.63,10.84,Near Expiry,bull,3,CE,25550.0,2026-02-26,212.91,238.12,14.4,,,,,,,,,,,
D1 ATM Weekly Buy,2026-03-17,2026-03-18,,,,65,-7438.76,102.62,-7541.38,-81.06,Near Expiry,bear,1,PE,23600.0,2026-03-19,143.13,28.69,19.8,,,,,,,,,,,
D1 ATM Weekly Buy,2026-03-18,2026-03-19,,,,65,45214.65,208.83,45005.83,677.23,Near Expiry,bear,1,PE,23800.0,2026-03-19,102.24,797.85,18.7,,,,,,,,,,,
D1 ATM Monthly Buy,2009-05-27,2009-05-28,,,,25,258.27,90.05,168.23,25.14,Near Expiry,bull,1,CE,4300.0,2009-05-28,26.77,37.1,41.6,,,,,,,,,,,
D1 ATM Monthly Buy,2009-05-28,2009-06-18,,,,25,-3240.47,98.65,-3339.12,-61.36,Stop Loss 50%,bull,21,CE,4350.0,2009-06-25,217.69,88.07,44.6,,,,,,,,,,,
D1 ATM Monthly Buy,2009-07-20,2009-07-22,,,,25,-1439.44,93.85,-1533.29,-53.34,Stop Loss 50%,bull,2,CE,4500.0,2009-07-30,114.97,57.4,37.0,,,,,,,,,,,
D1 ATM Monthly Buy,2009-07-24,2009-07-27,,,,25,-559.97,94.26,-654.22,-26.92,Near Expiry,bull,3,CE,4550.0,2009-07-30,97.21,74.81,36.5,,,,,,,,,,,
D1 ATM Monthly Buy,2009-07-27,2009-07-28,,,,25,-450.47,92.59,-543.06,-29.03,Near Expiry,bull,1,CE,4550.0,2009-07-30,74.81,56.8,37.4,,,,,,,,,,,
D1 ATM Monthly Buy,2009-07-28,2009-07-29,,,,25,-912.19,90.04,-1002.23,-70.59,Near Expiry,bull,1,CE,4550.0,2009-07-30,56.8,20.31,36.1,,,,,,,,,,,
D1 ATM Monthly Buy,2009-07-29,2009-07-30,,,,25,717.76,92.41,625.35,58.53,Near Expiry,bull,1,CE,4500.0,2009-07-30,42.74,71.45,37.3,,,,,,,,,,,
D1 ATM Monthly Buy,2009-07-30,2009-08-10,,,,25,-2708.27,99.31,-2807.58,-53.04,Stop Loss 50%,bull,11,CE,4550.0,2009-08-27,211.73,103.4,37.6,,,,,,,,,,,
D1 ATM Monthly Buy,2009-08-27,2009-09-22,,,,25,3396.25,110.49,3285.77,70.65,Near Expiry,bull,26,CE,4700.0,2009-09-24,186.03,321.88,34.8,,,,,,,,,,,
D1 ATM Monthly Buy,2009-09-22,2009-09-23,,,,25,-904.27,89.62,-993.88,-77.05,Near Expiry,bull,1,CE,5000.0,2009-09-24,51.6,15.43,26.8,,,,,,,,,,,
D1 ATM Monthly Buy,2009-09-23,2009-09-24,,,,25,-64.22,90.39,-154.61,-15.81,Near Expiry,bull,1,CE,4950.0,2009-09-24,39.12,36.55,26.5,,,,,,,,,,,
D1 ATM Monthly Buy,2009-09-24,2009-10-22,,,,25,-2275.16,95.74,-2370.9,-59.74,Stop Loss 50%,bull,28,CE,5000.0,2009-10-29,158.74,67.73,24.4,,,,,,,,,,,
D1 ATM Monthly Buy,2009-11-17,2009-11-23,,,,25,-328.47,94.6,-423.07,-17.76,Near Expiry,bull,6,CE,5050.0,2009-11-26,95.31,82.17,26.8,,,,,,,,,,,
D1 ATM Monthly Buy,2009-11-23,2009-11-24,,,,25,-422.1,90.74,-512.84,-39.12,Near Expiry,bull,1,CE,5100.0,2009-11-26,52.43,35.55,26.7,,,,,,,,,,,
D1 ATM Monthly Buy,2009-11-24,2009-11-25,,,,25,-107.32,89.99,-197.31,-22.2,Near Expiry,bull,1,CE,5100.0,2009-11-26,35.55,31.26,26.1,,,,,,,,,,,
D1 ATM Monthly Buy,2009-11-25,2009-11-26,,,,25,-780.2,88.16,-868.36,-111.12,Near Expiry,bull,1,CE,5100.0,2009-11-26,31.26,0.05,24.9,,,,,,,,,,,
D1 ATM Monthly Buy,2009-11-26,2009-12-21,,,,25,-3129.77,96.82,-3226.59,-66.77,Stop Loss 50%,bull,25,CE,5000.0,2009-12-31,193.28,68.09,28.3,,,,,,,,,,,
D1 ATM Monthly Buy,2009-12-24,2009-12-29,,,,25,-629.25,90.74,-719.99,-49.89,Near Expiry,bull,5,CE,5200.0,2009-12-31,57.73,32.56,22.7,,,,,,,,,,,
D1 ATM Monthly Buy,2009-12-29,2009-12-30,,,,25,-453.43,88.98,-542.41,-66.64,Near Expiry,bull,1,CE,5200.0,2009-12-31,32.56,14.42,24.4,,,,,,,,,,,
D1 ATM Monthly Buy,2009-12-31,2010-01-21,,,,25,-2978.1,93.26,-3071.36,-83.21,Stop Loss 50%,bull,21,CE,5200.0,2010-01-28,147.65,28.53,23.3,,,,,,,,,,,
D1 ATM Monthly Buy,2010-02-26,2010-03-16,,,,25,3887.29,108.65,3778.64,99.52,Target 100%,bull,18,CE,4900.0,2010-03-25,151.87,307.37,24.0,,,,,,,,,,,
D1 ATM Monthly Buy,2010-03-16,2010-03-22,,,,25,-633.6,91.52,-725.12,-43.28,Near Expiry,bull,6,CE,5200.0,2010-03-25,67.02,41.67,19.6,,,,,,,,,,,
D1 ATM Monthly Buy,2010-03-22,2010-03-23,,,,25,47.1,90.85,-43.75,-4.2,Near Expiry,bull,1,CE,5200.0,2010-03-25,41.67,43.56,20.0,,,,,,,,,,,
D1 ATM Monthly Buy,2010-03-23,2010-03-25,,,,25,-192.21,88.32,-280.53,-62.04,Near Expiry,bull,2,CE,5250.0,2010-03-25,18.09,10.4,18.1,,,,,,,,,,,
D1 ATM Monthly Buy,2010-03-25,2010-04-19,,,,25,-1803.87,94.6,-1898.47,-57.02,Stop Loss 50%,bull,25,CE,5250.0,2010-04-29,133.18,61.02,17.0,,,,,,,,,,,
D1 ATM Monthly Buy,2010-06-10,2010-06-21,,,,25,3879.0,104.29,3774.71,149.59,Near Expiry,bull,11,CE,5100.0,2010-06-24,100.94,256.1,26.5,,,,,,,,,,,
D1 ATM Monthly Buy,2010-06-21,2010-06-22,,,,25,-539.57,89.49,-629.06,-61.8,Near Expiry,bull,1,CE,5350.0,2010-06-24,40.72,19.14,19.4,,,,,,,,,,,
D1 ATM Monthly Buy,2010-06-22,2010-06-23,,,,25,-144.45,90.5,-234.95,-22.16,Near Expiry,bull,1,CE,5300.0,2010-06-24,42.4,36.62,20.6,,,,,,,,,,,
D1 ATM Monthly Buy,2010-06-23,2010-06-24,,,,25,-400.55,89.44,-489.99,-53.52,Near Expiry,bull,1,CE,5300.0,2010-06-24,36.62,20.6,20.3,,,,,,,,,,,
D1 ATM Monthly Buy,2010-06-24,2010-07-26,,,,25,-835.35,98.98,-934.33,-23.4,Near Expiry,bull,32,CE,5300.0,2010-07-29,159.73,126.32,20.1,,,,,,,,,,,
D1 ATM Monthly Buy,2010-07-26,2010-07-27,,,,25,-26.16,91.47,-117.63,-9.27,Near Expiry,bull,1,CE,5400.0,2010-07-29,50.74,49.69,20.0,,,,,,,,,,,
D1 ATM Monthly Buy,2010-07-27,2010-07-28,,,,25,-441.27,88.19,-529.46,-92.38,Near Expiry,bull,1,CE,5450.0,2010-07-29,22.93,5.27,19.2,,,,,,,,,,,
D1 ATM Monthly Buy,2010-07-28,2010-07-29,,,,25,-309.19,88.34,-397.53,-74.77,Near Expiry,bull,1,CE,5400.0,2010-07-29,21.27,8.9,19.5,,,,,,,,,,,
D1 ATM Monthly Buy,2010-07-29,2010-08-23,,,,25,496.75,99.19,397.56,12.43,Near Expiry,bull,25,CE,5400.0,2010-08-26,127.99,147.86,18.3,,,,,,,,,,,
D1 ATM Monthly Buy,2010-08-23,2010-08-24,,,,25,-531.12,88.82,-619.94,-75.98,Near Expiry,bull,1,CE,5550.0,2010-08-26,32.64,11.39,17.1,,,,,,,,,,,
D1 ATM Monthly Buy,2010-09-01,2010-09-13,,,,25,5096.49,109.36,4987.13,154.43,Target 100%,bull,12,CE,5450.0,2010-09-30,129.17,333.03,16.7,,,,,,,,,,,
D1 ATM Monthly Buy,2010-09-13,2010-09-20,,,,25,3758.23,104.3,3653.93,140.41,Target 100%,bull,7,CE,5750.0,2010-09-30,104.09,254.42,18.1,,,,,,,,,,,
D1 ATM Monthly Buy,2010-09-20,2010-09-27,,,,25,-296.21,93.57,-389.78,-18.93,Near Expiry,bull,7,CE,6000.0,2010-09-30,82.38,70.53,22.0,,,,,,,,,,,
D1 ATM Monthly Buy,2010-09-27,2010-09-28,,,,25,-353.53,90.13,-443.66,-40.8,Near Expiry,bull,1,CE,6050.0,2010-09-30,43.5,29.36,22.4,,,,,,,,,,,
D1 ATM Monthly Buy,2010-09-28,2010-09-29,,,,25,-533.23,88.53,-621.76,-84.72,Near Expiry,bull,1,CE,6050.0,2010-09-30,29.36,8.03,21.2,,,,,,,,,,,
D1 ATM Monthly Buy,2010-09-29,2010-09-30,,,,25,146.44,89.57,56.87,9.44,Near Expiry,bull,1,CE,6000.0,2010-09-30,24.09,29.95,22.2,,,,,,,,,,,
D1 ATM Monthly Buy,2010-09-30,2010-10-20,,,,25,-2375.74,95.05,-2470.79,-64.52,Stop Loss 50%,bull,20,CE,6050.0,2010-10-28,153.18,58.15,22.2,,,,,,,,,,,
D1 ATM Monthly Buy,2010-11-04,2010-11-11,,,,25,-1572.41,93.9,-1666.31,-56.01,Stop Loss 50%,bull,7,CE,6300.0,2010-11-25,118.99,56.1,19.4,,,,,,,,,,,
D1 ATM Monthly Buy,2010-11-11,2010-11-16,,,,25,-2040.18,91.13,-2131.31,-86.51,Stop Loss 50%,bull,5,CE,6200.0,2010-11-25,98.54,16.93,19.4,,,,,,,,,,,
D1 ATM Monthly Buy,2010-12-15,2010-12-27,,,,25,79.9,96.41,-16.51,-0.62,Near Expiry,bull,12,CE,5900.0,2010-12-30,106.07,109.26,21.4,,,,,,,,,,,
D1 ATM Monthly Buy,2010-12-29,2010-12-30,,,,25,600.02,90.89,509.14,73.13,Near Expiry,bull,1,CE,6050.0,2010-12-30,27.85,51.85,17.1,,,,,,,,,,,
D1 ATM Monthly Buy,2010-12-30,2011-01-07,,,,25,-2040.24,93.92,-2134.16,-65.04,Stop Loss 50%,bull,8,CE,6100.0,2011-01-27,131.25,49.64,17.0,,,,,,,,,,,
D1 ATM Monthly Buy,2011-02-21,2011-02-22,,,,25,-764.0,90.74,-854.74,-55.93,Near Expiry,sideways,1,CE,5500.0,2011-02-24,61.13,30.57,24.9,,,,,,,,,,,
D1 ATM Monthly Buy,2011-03-01,2011-03-18,,,,25,-2709.4,95.5,-2804.9,-67.19,Stop Loss 50%,sideways,17,CE,5500.0,2011-03-31,166.98,58.6,22.2,,,,,,,,,,,
D1 ATM Monthly Buy,2011-03-22,2011-03-23,,,,25,-808.07,90.94,-899.01,-55.65,Stop Loss 50%,bear,1,PE,5400.0,2011-03-31,64.62,32.3,22.3,,,,,,,,,,,
D1 ATM Monthly Buy,2011-04-27,2011-04-28,,,,25,757.21,91.78,665.44,77.69,Near Expiry,sideways,1,PE,5850.0,2011-04-28,34.26,64.55,21.4,,,,,,,,,,,
D1 ATM Monthly Buy,2011-04-28,2011-05-03,,,,25,3234.07,105.06,3129.01,98.92,Target 100%,sideways,5,PE,5800.0,2011-05-26,126.52,255.89,20.9,,,,,,,,,,,
D1 ATM Monthly Buy,2011-05-03,2011-05-23,,,,25,1536.15,99.24,1436.91,56.44,Near Expiry,bear,20,PE,5550.0,2011-05-26,101.83,163.28,21.6,,,,,,,,,,,
D1 ATM Monthly Buy,2011-05-23,2011-05-24,,,,25,-328.22,90.45,-418.67,-35.99,Near Expiry,bear,1,PE,5400.0,2011-05-26,46.53,33.4,21.0,,,,,,,,,,,
D1 ATM Monthly Buy,2011-05-24,2011-05-25,,,,25,573.58,91.3,482.28,57.76,Near Expiry,bear,1,PE,5400.0,2011-05-26,33.4,56.34,19.9,,,,,,,,,,,
D1 ATM Monthly Buy,2011-05-25,2011-05-26,,,,25,-576.87,87.91,-664.78,-114.99,Near Expiry,bear,1,PE,5350.0,2011-05-26,23.12,0.05,20.7,,,,,,,,,,,
D1 ATM Monthly Buy,2011-05-26,2011-06-01,,,,25,-1940.99,91.99,-2032.98,-76.69,Stop Loss 50%,bear,6,PE,5400.0,2011-06-30,106.04,28.4,19.2,,,,,,,,,,,
D1 ATM Monthly Buy,2011-06-17,2011-06-24,,,,25,-1394.52,89.95,-1484.47,-87.2,Stop Loss 50%,bear,7,PE,5350.0,2011-06-30,68.09,12.31,20.3,,,,,,,,,,,
D1 ATM Monthly Buy,2011-06-24,2011-06-27,,,,25,-737.85,89.12,-826.97,-79.76,Near Expiry,bear,3,PE,5450.0,2011-06-30,41.47,11.96,19.3,,,,,,,,,,,
D1 ATM Monthly Buy,2011-07-21,2011-07-22,,,,25,-995.78,89.98,-1085.76,-74.68,Stop Loss 50%,bear,1,PE,5550.0,2011-07-28,58.16,18.33,18.8,,,,,,,,,,,
D1 ATM Monthly Buy,2011-07-27,2011-07-28,,,,25,999.58,91.29,908.3,163.17,Near Expiry,bear,1,PE,5550.0,2011-07-28,22.27,62.25,18.2,,,,,,,,,,,
D1 ATM Monthly Buy,2011-07-28,2011-08-05,,,,25,4947.52,106.95,4840.57,184.96,Target 100%,bear,8,PE,5500.0,2011-08-25,104.68,302.58,18.5,,,,,,,,,,,
D1 ATM Monthly Buy,2011-08-05,2011-08-18,,,,25,3792.95,104.58,3688.37,138.5,Target 100%,bear,13,PE,5200.0,2011-08-25,106.53,258.25,24.9,,,,,,,,,,,
D1 ATM Monthly Buy,2011-08-18,2011-08-22,,,,25,37.98,93.66,-55.68,-2.98,Near Expiry,bear,4,PE,4950.0,2011-08-25,74.82,76.33,27.5,,,,,,,,,,,
D1 ATM Monthly Buy,2011-08-22,2011-08-23,,,,25,-740.33,89.61,-829.94,-70.23,Near Expiry,bear,1,PE,4900.0,2011-08-25,47.27,17.65,27.1,,,,,,,,,,,
D1 ATM Monthly Buy,2011-08-23,2011-08-24,,,,25,781.21,92.11,689.1,73.41,Near Expiry,bear,1,PE,4950.0,2011-08-25,37.55,68.8,25.9,,,,,,,,,,,
D1 ATM Monthly Buy,2011-08-24,2011-08-25,,,,25,644.36,91.56,552.8,63.86,Near Expiry,bear,1,PE,4900.0,2011-08-25,34.63,60.4,28.6,,,,,,,,,,,
D1 ATM Monthly Buy,2011-08-25,2011-08-30,,,,25,-2205.11,95.75,-2300.85,-58.63,Stop Loss 50%,bear,5,PE,4850.0,2011-09-29,156.97,68.77,27.9,,,,,,,,,,,
D1 ATM Monthly Buy,2011-09-02,2011-09-20,,,,25,-2224.79,93.87,-2318.66,-68.47,Stop Loss 50%,bear,18,PE,5050.0,2011-09-29,135.45,46.45,26.1,,,,,,,,,,,
D1 ATM Monthly Buy,2011-09-22,2011-09-26,,,,25,510.64,94.94,415.7,21.38,Near Expiry,bear,4,PE,4900.0,2011-09-29,77.76,98.19,33.9,,,,,,,,,,,
D1 ATM Monthly Buy,2011-09-26,2011-09-27,,,,25,-1488.61,89.75,-1578.36,-92.54,Near Expiry,bear,1,PE,4850.0,2011-09-29,68.23,8.68,35.4,,,,,,,,,,,
D1 ATM Monthly Buy,2011-09-27,2011-09-28,,,,25,-39.47,90.2,-129.67,-14.3,Near Expiry,bear,1,PE,4950.0,2011-09-29,36.27,34.69,32.0,,,,,,,,,,,
D1 ATM Monthly Buy,2011-09-28,2011-09-29,,,,25,-866.09,88.26,-954.35,-110.03,Near Expiry,bear,1,PE,4950.0,2011-09-29,34.69,0.05,32.0,,,,,,,,,,,
D1 ATM Monthly Buy,2011-10-04,2011-10-10,,,,25,-2934.47,94.14,-3028.61,-77.22,Stop Loss 50%,bear,6,PE,4750.0,2011-10-27,156.89,39.51,37.2,,,,,,,,,,,
D1 ATM Monthly Buy,2011-10-11,2011-10-12,,,,25,-1383.74,93.3,-1477.03,-55.16,Stop Loss 50%,bear,1,PE,4950.0,2011-10-27,107.1,51.76,30.3,,,,,,,,,,,
D1 ATM Monthly Buy,2011-11-17,2011-11-21,,,,25,2404.71,99.12,2305.59,118.1,Near Expiry,bear,4,PE,4950.0,2011-11-24,78.09,174.28,26.9,,,,,,,,,,,
D1 ATM Monthly Buy,2011-11-21,2011-11-22,,,,25,-687.09,90.78,-777.87,-52.15,Near Expiry,bear,1,PE,4800.0,2011-11-24,59.67,32.19,28.6,,,,,,,,,,,
D1 ATM Monthly Buy,2011-11-22,2011-11-23,,,,25,1616.63,93.48,1523.15,189.3,Near Expiry,bear,1,PE,4800.0,2011-11-24,32.19,96.85,27.4,,,,,,,,,,,
D1 ATM Monthly Buy,2011-11-23,2011-11-25,,,,25,-664.37,88.01,-752.38,-113.04,Near Expiry,bear,2,PE,4700.0,2011-11-24,26.62,0.05,30.7,,,,,,,,,,,
D1 ATM Monthly Buy,2011-11-25,2011-12-01,,,,25,-2660.54,93.97,-2754.51,-74.57,Stop Loss 50%,bear,6,PE,4700.0,2011-12-29,147.76,41.34,29.1,,,,,,,,,,,
D1 ATM Monthly Buy,2011-12-01,2011-12-16,,,,25,4398.03,107.96,4290.07,131.36,Target 100%,bear,15,PE,4950.0,2011-12-29,130.64,306.56,25.0,,,,,,,,,,,
D1 ATM Monthly Buy,2011-12-19,2011-12-21,,,,25,-1169.73,91.68,-1261.41,-61.03,Stop Loss 50%,bear,2,PE,4600.0,2011-12-29,82.67,35.88,30.6,,,,,,,,,,,
D1 ATM Monthly Buy,2011-12-21,2011-12-27,,,,25,-1501.04,90.42,-1591.46,-83.34,Near Expiry,bear,6,PE,4700.0,2011-12-29,76.39,16.34,27.5,,,,,,,,,,,
D1 ATM Monthly Buy,2011-12-27,2011-12-28,,,,25,443.97,91.22,352.75,39.43,Near Expiry,bear,1,PE,4750.0,2011-12-29,35.79,53.55,26.3,,,,,,,,,,,
D1 ATM Monthly Buy,2011-12-28,2011-12-29,,,,25,766.94,90.84,676.1,117.21,Near Expiry,bear,1,PE,4700.0,2011-12-29,23.07,53.75,26.7,,,,,,,,,,,
D1 ATM Monthly Buy,2011-12-29,2012-01-06,,,,25,-1634.91,94.43,-1729.34,-54.52,Stop Loss 50%,bear,8,PE,4650.0,2012-01-26,126.88,61.48,26.6,,,,,,,,,,,
D1 ATM Monthly Buy,2012-02-27,2012-03-13,,,,25,-2740.93,95.07,-2836.0,-69.69,Stop Loss 50%,sideways,15,PE,5300.0,2012-03-29,162.77,53.13,27.4,,,,,,,,,,,
D1 ATM Monthly Buy,2012-03-13,2012-03-26,,,,25,3725.62,105.14,3620.48,126.15,Near Expiry,sideways,13,PE,5450.0,2012-03-29,114.8,263.82,24.8,,,,,,,,,,,
D1 ATM Monthly Buy,2012-04-17,2012-04-23,,,,25,-1421.24,89.75,-1510.98,-91.01,Near Expiry,bull,6,CE,5300.0,2012-04-26,66.41,9.56,20.3,,,,,,,,,,,
D1 ATM Monthly Buy,2012-06-06,2012-06-25,,,,25,-178.33,97.9,-276.22,-8.49,Near Expiry,sideways,19,CE,5000.0,2012-06-28,130.15,123.02,24.9,,,,,,,,,,,
D1 ATM Monthly Buy,2012-07-20,2012-07-23,,,,25,1202.58,93.22,1109.36,111.51,Near Expiry,sideways,3,PE,5200.0,2012-07-26,39.79,87.9,16.9,,,,,,,,,,,
D1 ATM Monthly Buy,2012-07-23,2012-07-24,,,,25,-293.78,88.7,-382.48,-60.92,Near Expiry,sideways,1,PE,5100.0,2012-07-26,25.12,13.36,18.7,,,,,,,,,,,
D1 ATM Monthly Buy,2012-07-24,2012-07-25,,,,25,180.75,90.74,90.0,9.74,Near Expiry,sideways,1,PE,5150.0,2012-07-26,36.95,44.18,17.0,,,,,,,,,,,
D1 ATM Monthly Buy,2012-07-25,2012-07-26,,,,25,1097.77,90.72,1007.06,307.75,Near Expiry,sideways,1,PE,5100.0,2012-07-26,13.09,57.0,16.8,,,,,,,,,,,
D1 ATM Monthly Buy,2012-07-26,2012-07-30,,,,25,-1394.28,91.82,-1486.1,-66.05,Stop Loss 50%,bear,4,PE,5050.0,2012-08-30,90.0,34.23,16.4,,,,,,,,,,,
D1 ATM Monthly Buy,2012-08-06,2012-08-27,,,,25,-628.32,93.51,-721.83,-32.01,Near Expiry,bull,21,CE,5300.0,2012-08-30,90.2,65.07,16.2,,,,,,,,,,,
D1 ATM Monthly Buy,2012-08-27,2012-08-29,,,,25,-784.53,88.33,-872.86,-104.41,Near Expiry,bull,2,CE,5350.0,2012-08-30,33.44,2.06,16.5,,,,,,,,,,,
D1 ATM Monthly Buy,2012-09-14,2012-09-24,,,,25,626.3,93.69,532.61,35.48,Near Expiry,bull,10,CE,5600.0,2012-09-27,60.05,85.1,15.4,,,,,,,,,,,
D1 ATM Monthly Buy,2012-09-24,2012-09-25,,,,25,-187.21,91.13,-278.34,-21.88,Near Expiry,bull,1,CE,5650.0,2012-09-27,50.9,43.41,18.8,,,,,,,,,,,
D1 ATM Monthly Buy,2012-09-25,2012-09-26,,,,25,-382.79,90.06,-472.85,-43.57,Near Expiry,bull,1,CE,5650.0,2012-09-27,43.41,28.1,17.1,,,,,,,,,,,
D1 ATM Monthly Buy,2012-09-26,2012-09-27,,,,25,-701.14,88.06,-789.2,-112.36,Near Expiry,bull,1,CE,5650.0,2012-09-27,28.1,0.05,17.0,,,,,,,,,,,
D1 ATM Monthly Buy,2012-09-27,2012-10-16,,,,25,-1525.46,94.06,-1619.52,-54.13,Stop Loss 50%,bull,19,CE,5650.0,2012-10-25,119.67,58.65,16.9,,,,,,,,,,,
D1 ATM Monthly Buy,2012-10-18,2012-10-22,,,,25,-558.8,91.14,-649.93,-42.93,Near Expiry,bull,4,CE,5700.0,2012-10-25,60.56,38.21,14.8,,,,,,,,,,,
D1 ATM Monthly Buy,2012-11-07,2012-11-15,,,,25,-1751.5,91.8,-1843.3,-74.52,Stop Loss 50%,bull,8,CE,5750.0,2012-11-29,98.95,28.89,14.5,,,,,,,,,,,
D1 ATM Monthly Buy,2012-11-29,2012-12-24,,,,25,-1478.9,94.84,-1573.75,-49.29,Near Expiry,bull,25,CE,5800.0,2012-12-27,127.72,68.56,15.4,,,,,,,,,,,
D1 ATM Monthly Buy,2013-01-02,2013-01-28,,,,25,-475.89,95.09,-570.98,-21.8,Near Expiry,bull,26,CE,6000.0,2013-01-31,104.79,85.75,13.7,,,,,,,,,,,
D1 ATM Monthly Buy,2013-01-28,2013-01-29,,,,25,-556.1,90.17,-646.27,-52.62,Near Expiry,bull,1,CE,6050.0,2013-01-31,49.13,26.89,15.2,,,,,,,,,,,
D1 ATM Monthly Buy,2013-01-29,2013-01-30,,,,25,-127.41,89.21,-216.63,-32.23,Near Expiry,bull,1,CE,6050.0,2013-01-31,26.89,21.79,14.5,,,,,,,,,,,
D1 ATM Monthly Buy,2013-01-30,2013-01-31,,,,25,-543.53,87.87,-631.39,-115.9,Near Expiry,bull,1,CE,6050.0,2013-01-31,21.79,0.05,14.4,,,,,,,,,,,
D1 ATM Monthly Buy,2013-01-31,2013-02-07,,,,25,-1338.56,92.94,-1431.5,-56.3,Stop Loss 50%,bull,7,CE,6050.0,2013-02-28,101.71,48.16,14.1,,,,,,,,,,,
D1 ATM Monthly Buy,2013-03-18,2013-03-19,,,,25,-856.26,90.35,-946.6,-64.23,Stop Loss 50%,bull,1,CE,5850.0,2013-03-28,58.95,24.7,15.9,,,,,,,,,,,
D1 ATM Monthly Buy,2013-04-18,2013-04-22,,,,25,291.59,91.62,199.97,18.0,Near Expiry,bull,4,CE,5800.0,2013-04-25,44.43,56.09,15.4,,,,,,,,,,,
D1 ATM Monthly Buy,2013-04-22,2013-04-23,,,,25,-188.1,89.21,-277.3,-39.08,Near Expiry,bull,1,CE,5850.0,2013-04-25,28.39,20.86,16.2,,,,,,,,,,,
D1 ATM Monthly Buy,2013-04-23,2013-04-25,,,,25,1135.93,91.46,1044.47,200.26,Near Expiry,bull,2,CE,5850.0,2013-04-25,20.86,66.3,15.1,,,,,,,,,,,
D1 ATM Monthly Buy,2013-04-25,2013-05-15,,,,25,3581.68,106.28,3475.39,105.36,Target 100%,bull,20,CE,5900.0,2013-05-30,131.94,275.21,14.2,,,,,,,,,,,
D1 ATM Monthly Buy,2013-05-15,2013-05-22,,,,25,-1335.13,92.52,-1427.65,-59.02,Stop Loss 50%,bull,7,CE,6150.0,2013-05-30,96.76,43.35,18.1,,,,,,,,,,,
D1 ATM Monthly Buy,2013-05-22,2013-05-23,,,,25,-1165.53,90.22,-1255.75,-76.84,Stop Loss 50%,bull,1,CE,6100.0,2013-05-30,65.37,18.75,17.7,,,,,,,,,,,
D1 ATM Monthly Buy,2013-07-01,2013-07-22,,,,25,424.23,98.47,325.76,10.74,Near Expiry,bull,21,CE,5900.0,2013-07-25,121.36,138.33,18.1,,,,,,,,,,,
D1 ATM Monthly Buy,2013-07-22,2013-07-23,,,,25,394.51,90.75,303.76,38.59,Near Expiry,bull,1,CE,6050.0,2013-07-25,31.49,47.27,17.6,,,,,,,,,,,
D1 ATM Monthly Buy,2013-07-23,2013-07-24,,,,25,-516.94,87.87,-604.8,-114.65,Near Expiry,bull,1,CE,6100.0,2013-07-25,21.1,0.42,16.7,,,,,,,,,,,
D1 ATM Monthly Buy,2013-07-24,2013-07-25,,,,25,-429.22,87.73,-516.94,-120.09,Near Expiry,bull,1,CE,6000.0,2013-07-25,17.22,0.05,16.9,,,,,,,,,,,
D1 ATM Monthly Buy,2013-07-26,2013-08-02,,,,25,-1877.2,94.27,-1971.47,-60.08,Stop Loss 50%,bull,7,CE,5900.0,2013-08-29,131.25,56.16,16.8,,,,,,,,,,,
D1 ATM Monthly Buy,2013-08-06,2013-08-13,,,,25,-2196.16,92.5,-2288.66,-77.16,Stop Loss 50%,bear,7,PE,5550.0,2013-08-29,118.64,30.8,22.7,,,,,,,,,,,
D1 ATM Monthly Buy,2013-08-13,2013-08-16,,,,25,3240.86,101.45,3139.41,149.49,Target 100%,bear,3,PE,5700.0,2013-08-29,84.0,213.64,19.3,,,,,,,,,,,
D1 ATM Monthly Buy,2013-08-16,2013-08-21,,,,25,3165.62,101.62,3064.0,139.43,Target 100%,bear,5,PE,5500.0,2013-08-29,87.9,214.52,23.6,,,,,,,,,,,
D1 ATM Monthly Buy,2013-08-21,2013-08-22,,,,25,-1064.36,91.94,-1156.29,-55.77,Stop Loss 50%,bear,1,PE,5300.0,2013-08-29,82.93,40.35,28.1,,,,,,,,,,,
D1 ATM Monthly Buy,2013-08-22,2013-08-23,,,,25,-998.79,91.77,-1090.57,-54.99,Stop Loss 50%,bear,1,PE,5400.0,2013-08-29,79.33,39.38,29.1,,,,,,,,,,,
D1 ATM Monthly Buy,2013-08-23,2013-08-26,,,,25,-505.44,91.12,-596.56,-40.49,Near Expiry,bear,3,PE,5450.0,2013-08-29,58.94,38.72,25.8,,,,,,,,,,,
D1 ATM Monthly Buy,2013-08-26,2013-08-27,,,,25,3725.6,100.75,3624.86,229.16,Near Expiry,bear,1,PE,5500.0,2013-08-29,63.27,212.3,26.4,,,,,,,,,,,
D1 ATM Monthly Buy,2013-08-27,2013-08-28,,,,25,-206.57,91.14,-297.71,-23.12,Near Expiry,bear,1,PE,5300.0,2013-08-29,51.51,43.25,29.4,,,,,,,,,,,
D1 ATM Monthly Buy,2013-08-28,2013-08-29,,,,25,-1079.95,88.52,-1168.47,-108.07,Near Expiry,bear,1,PE,5300.0,2013-08-29,43.25,0.05,32.4,,,,,,,,,,,
D1 ATM Monthly Buy,2013-09-03,2013-09-05,,,,25,-2847.75,95.19,-2942.94,-70.51,Stop Loss 50%,bear,2,PE,5350.0,2013-09-26,166.95,53.04,32.5,,,,,,,,,,,
D1 ATM Monthly Buy,2013-09-30,2013-10-08,,,,25,-2365.46,96.43,-2461.88,-58.25,Stop Loss 50%,bear,8,PE,5750.0,2013-10-31,169.05,74.43,26.6,,,,,,,,,,,
D1 ATM Monthly Buy,2013-10-10,2013-10-18,,,,25,-2594.33,92.42,-2686.75,-84.04,Stop Loss 50%,sideways,8,PE,6000.0,2013-10-31,127.88,24.11,25.9,,,,,,,,,,,
D1 ATM Monthly Buy,2013-11-01,2013-11-08,,,,25,-2211.79,94.86,-2306.65,-62.87,Stop Loss 50%,bull,7,CE,6300.0,2013-11-28,146.76,58.28,18.6,,,,,,,,,,,
D1 ATM Monthly Buy,2013-11-19,2013-11-21,,,,25,-1727.03,90.38,-1817.42,-88.93,Stop Loss 50%,bull,2,CE,6200.0,2013-11-28,81.74,12.66,19.3,,,,,,,,,,,
D1 ATM Monthly Buy,2013-12-02,2013-12-13,,,,25,-2415.42,96.5,-2511.93,-58.68,Stop Loss 50%,bull,11,CE,6200.0,2013-12-26,171.23,74.62,23.4,,,,,,,,,,,
D1 ATM Monthly Buy,2013-12-16,2013-12-23,,,,25,1446.09,97.4,1348.69,65.31,Near Expiry,bull,7,CE,6150.0,2013-12-26,82.6,140.45,18.4,,,,,,,,,,,
D1 ATM Monthly Buy,2013-12-23,2013-12-24,,,,25,-366.82,89.06,-455.88,-58.37,Near Expiry,bull,1,CE,6300.0,2013-12-26,31.24,16.57,16.3,,,,,,,,,,,
D1 ATM Monthly Buy,2013-12-24,2013-12-26,,,,25,-284.34,90.01,-374.35,-37.18,Near Expiry,bull,2,CE,6250.0,2013-12-26,40.27,28.9,15.6,,,,,,,,,,,
D1 ATM Monthly Buy,2014-01-15,2014-01-24,,,,25,-1504.82,92.33,-1597.15,-64.61,Stop Loss 50%,bull,9,CE,6300.0,2014-01-30,98.88,38.68,15.4,,,,,,,,,,,
D1 ATM Monthly Buy,2014-01-24,2014-01-27,,,,25,-1385.03,89.55,-1474.59,-93.3,Near Expiry,bull,3,CE,6250.0,2014-01-30,63.22,7.82,15.8,,,,,,,,,,,
D1 ATM Monthly Buy,2014-02-21,2014-02-24,,,,25,126.69,91.77,34.92,2.77,Near Expiry,bull,3,CE,6150.0,2014-02-27,50.43,55.5,14.0,,,,,,,,,,,
D1 ATM Monthly Buy,2014-02-24,2014-02-25,,,,25,-11.44,89.49,-100.92,-14.88,Near Expiry,bull,1,CE,6200.0,2014-02-27,27.14,26.68,14.4,,,,,,,,,,,
D1 ATM Monthly Buy,2014-02-25,2014-02-26,,,,25,449.29,90.46,358.83,53.8,Near Expiry,bull,1,CE,6200.0,2014-02-27,26.68,44.65,13.9,,,,,,,,,,,
D1 ATM Monthly Buy,2014-02-26,2014-02-28,,,,25,333.74,89.09,244.65,71.95,Near Expiry,bull,2,CE,6250.0,2014-02-27,13.6,26.95,14.0,,,,,,,,,,,
D1 ATM Monthly Buy,2014-02-28,2014-03-07,,,,25,4250.34,105.04,4145.3,165.58,Target 100%,bull,7,CE,6300.0,2014-03-27,100.14,270.16,14.2,,,,,,,,,,,
D1 ATM Monthly Buy,2014-03-07,2014-03-20,,,,25,-1648.54,92.27,-1740.82,-68.35,Stop Loss 50%,bull,13,CE,6550.0,2014-03-27,101.87,35.93,16.7,,,,,,,,,,,
D1 ATM Monthly Buy,2014-03-20,2014-03-24,,,,25,1018.8,94.23,924.57,65.68,Near Expiry,bull,4,CE,6500.0,2014-03-27,56.31,97.06,16.9,,,,,,,,,,,
D1 ATM Monthly Buy,2014-03-24,2014-03-25,,,,25,-103.18,89.81,-192.99,-23.2,Near Expiry,bull,1,CE,6600.0,2014-03-27,33.27,29.15,16.5,,,,,,,,,,,
D1 ATM Monthly Buy,2014-03-25,2014-03-26,,,,25,-83.68,89.5,-173.18,-23.77,Near Expiry,bull,1,CE,6600.0,2014-03-27,29.15,25.8,16.9,,,,,,,,,,,
D1 ATM Monthly Buy,2014-03-26,2014-03-27,,,,25,398.76,90.27,308.48,47.83,Near Expiry,bull,1,CE,6600.0,2014-03-27,25.8,41.75,17.8,,,,,,,,,,,
D1 ATM Monthly Buy,2014-03-27,2014-04-21,,,,25,1210.31,102.4,1107.91,30.08,Near Expiry,bull,25,CE,6650.0,2014-04-24,147.32,195.74,18.4,,,,,,,,,,,
D1 ATM Monthly Buy,2014-04-21,2014-04-22,,,,25,-485.92,94.29,-580.21,-24.24,Near Expiry,bull,1,CE,6800.0,2014-04-24,95.73,76.29,34.4,,,,,,,,,,,
D1 ATM Monthly Buy,2014-04-22,2014-04-23,,,,25,-195.64,93.27,-288.91,-15.15,Near Expiry,bull,1,CE,6800.0,2014-04-24,76.29,68.47,33.3,,,,,,,,,,,
D1 ATM Monthly Buy,2014-04-23,2014-04-25,,,,25,-1014.18,88.44,-1102.62,-108.59,Near Expiry,bull,2,CE,6850.0,2014-04-24,40.62,0.05,31.1,,,,,,,,,,,
D1 ATM Monthly Buy,2014-04-25,2014-05-23,,,,25,7736.33,126.71,7609.63,114.9,Target 100%,bull,28,CE,6800.0,2014-05-29,264.92,574.37,30.7,,,,,,,,,,,
D1 ATM Monthly Buy,2014-05-23,2014-05-26,,,,25,-507.49,92.89,-600.38,-30.09,Near Expiry,bull,3,CE,7350.0,2014-05-29,79.8,59.5,17.7,,,,,,,,,,,
D1 ATM Monthly Buy,2014-05-26,2014-05-27,,,,25,-779.57,90.56,-870.13,-58.5,Near Expiry,bull,1,CE,7350.0,2014-05-29,59.5,28.32,19.8,,,,,,,,,,,
D1 ATM Monthly Buy,2014-05-27,2014-05-28,,,,25,-181.18,91.26,-272.44,-20.82,Near Expiry,bull,1,CE,7300.0,2014-05-29,52.33,45.09,19.1,,,,,,,,,,,
D1 ATM Monthly Buy,2014-05-28,2014-05-29,,,,25,-460.14,87.77,-547.91,-118.75,Near Expiry,bull,1,CE,7350.0,2014-05-29,18.46,0.05,17.6,,,,,,,,,,,
D1 ATM Monthly Buy,2014-05-29,2014-06-06,,,,25,5687.36,111.95,5575.41,154.48,Target 100%,bull,8,CE,7250.0,2014-06-26,144.36,371.86,16.7,,,,,,,,,,,
D1 ATM Monthly Buy,2014-06-06,2014-06-19,,,,25,-1561.21,93.87,-1655.08,-55.93,Stop Loss 50%,bull,13,CE,7600.0,2014-06-26,118.37,55.92,16.0,,,,,,,,,,,
D1 ATM Monthly Buy,2014-06-19,2014-06-23,,,,25,-1216.28,91.19,-1307.48,-66.95,Near Expiry,bull,4,CE,7550.0,2014-06-26,78.12,29.47,18.7,,,,,,,,,,,
D1 ATM Monthly Buy,2014-06-23,2014-06-24,,,,25,1156.62,94.0,1062.62,84.87,Near Expiry,bull,1,CE,7500.0,2014-06-26,50.08,96.35,19.0,,,,,,,,,,,
D1 ATM Monthly Buy,2014-06-24,2014-06-25,,,,25,-459.0,89.18,-548.18,-62.65,Near Expiry,bull,1,CE,7600.0,2014-06-26,35.0,16.64,19.2,,,,,,,,,,,
D1 ATM Monthly Buy,2014-06-25,2014-06-26,,,,25,-1007.7,88.43,-1096.14,-108.64,Near Expiry,bull,1,CE,7550.0,2014-06-26,40.36,0.05,18.3,,,,,,,,,,,
D1 ATM Monthly Buy,2014-07-03,2014-07-10,,,,25,-2684.69,96.6,-2781.3,-62.04,Stop Loss 50%,bull,7,CE,7700.0,2014-07-31,179.31,71.92,17.8,,,,,,,,,,,
D1 ATM Monthly Buy,2014-07-16,2014-07-24,,,,25,3243.75,104.07,3139.68,109.55,Target 100%,bull,8,CE,7600.0,2014-07-31,114.64,244.39,14.7,,,,,,,,,,,
D1 ATM Monthly Buy,2014-07-24,2014-07-28,,,,25,-1247.94,89.5,-1337.44,-90.63,Near Expiry,bull,4,CE,7850.0,2014-07-31,59.03,9.11,14.7,,,,,,,,,,,
D1 ATM Monthly Buy,2014-07-28,2014-07-30,,,,25,213.4,91.21,122.19,11.76,Near Expiry,bull,2,CE,7750.0,2014-07-31,41.56,50.1,14.3,,,,,,,,,,,
D1 ATM Monthly Buy,2014-07-30,2014-07-31,,,,25,-478.4,87.79,-566.19,-118.04,Near Expiry,bull,1,CE,7800.0,2014-07-31,19.19,0.05,13.9,,,,,,,,,,,
D1 ATM Monthly Buy,2014-07-31,2014-08-08,,,,25,-2236.66,95.05,-2331.71,-62.33,Stop Loss 50%,bull,8,CE,7700.0,2014-08-28,149.64,60.18,13.8,,,,,,,,,,,
D1 ATM Monthly Buy,2014-08-19,2014-08-25,,,,25,-726.94,91.91,-818.85,-44.28,Near Expiry,bull,6,CE,7900.0,2014-08-28,73.97,44.89,13.9,,,,,,,,,,,
D1 ATM Monthly Buy,2014-08-25,2014-08-26,,,,25,-213.4,90.56,-303.95,-27.08,Near Expiry,bull,1,CE,7900.0,2014-08-28,44.89,36.35,13.8,,,,,,,,,,,
D1 ATM Monthly Buy,2014-08-26,2014-08-27,,,,25,223.5,90.79,132.71,14.6,Near Expiry,bull,1,CE,7900.0,2014-08-28,36.35,45.29,13.9,,,,,,,,,,,
D1 ATM Monthly Buy,2014-08-27,2014-08-28,,,,25,-290.43,87.92,-378.35,-94.78,Near Expiry,bull,1,CE,7950.0,2014-08-28,15.97,4.35,13.1,,,,,,,,,,,
D1 ATM Monthly Buy,2014-08-28,2014-09-16,,,,25,-1849.54,94.9,-1944.43,-56.43,Stop Loss 50%,bull,19,CE,7950.0,2014-09-25,137.83,63.85,13.1,,,,,,,,,,,
D1 ATM Monthly Buy,2014-09-18,2014-09-22,,,,25,-84.33,92.85,-177.18,-10.35,Near Expiry,bull,4,CE,8100.0,2014-09-25,68.5,65.13,12.3,,,,,,,,,,,
D1 ATM Monthly Buy,2014-10-29,2014-10-30,,,,25,1275.66,91.54,1184.11,260.62,Near Expiry,bull,1,CE,8100.0,2014-10-30,18.17,69.2,13.0,,,,,,,,,,,
D1 ATM Monthly Buy,2014-10-30,2014-11-21,,,,25,4626.29,110.24,4516.05,119.17,Target 100%,bull,22,CE,8150.0,2014-11-27,151.58,336.63,13.3,,,,,,,,,,,
D1 ATM Monthly Buy,2014-11-21,2014-11-24,,,,25,155.96,92.1,63.85,4.77,Near Expiry,bull,3,CE,8500.0,2014-11-27,53.56,59.8,13.9,,,,,,,,,,,
D1 ATM Monthly Buy,2014-11-24,2014-11-25,,,,25,-642.88,88.61,-731.49,-88.6,Near Expiry,bull,1,CE,8550.0,2014-11-27,33.02,7.31,13.0,,,,,,,,,,,
D1 ATM Monthly Buy,2014-11-25,2014-11-26,,,,25,-83.43,90.63,-174.06,-16.4,Near Expiry,bull,1,CE,8450.0,2014-11-27,42.45,39.11,13.5,,,,,,,,,,,
D1 ATM Monthly Buy,2014-11-26,2014-11-27,,,,25,-334.18,87.61,-421.8,-125.75,Near Expiry,bull,1,CE,8500.0,2014-11-27,13.42,0.05,13.0,,,,,,,,,,,
D1 ATM Monthly Buy,2014-11-27,2014-12-09,,,,25,-2554.01,93.4,-2647.42,-76.5,Stop Loss 50%,bull,12,CE,8500.0,2014-12-25,138.44,36.28,12.7,,,,,,,,,,,
D1 ATM Monthly Buy,2015-01-02,2015-01-06,,,,25,-2227.69,94.6,-2322.29,-64.46,Stop Loss 50%,bull,4,CE,8400.0,2015-01-29,144.12,55.01,13.8,,,,,,,,,,,
D1 ATM Monthly Buy,2015-01-08,2015-01-15,,,,25,3730.81,107.08,3623.73,105.42,Target 100%,bull,7,CE,8250.0,2015-01-29,137.49,286.73,16.5,,,,,,,,,,,
D1 ATM Monthly Buy,2015-01-15,2015-01-20,,,,25,2942.8,103.44,2839.36,98.78,Target 100%,bull,5,CE,8500.0,2015-01-29,114.98,232.69,16.2,,,,,,,,,,,
D1 ATM Monthly Buy,2015-01-20,2015-01-27,,,,25,2909.17,101.99,2807.18,113.58,Near Expiry,bull,7,CE,8700.0,2015-01-29,98.86,215.23,17.3,,,,,,,,,,,
D1 ATM Monthly Buy,2015-01-27,2015-01-28,,,,25,-236.41,91.34,-327.76,-23.96,Near Expiry,bull,1,CE,8900.0,2015-01-29,54.71,45.25,18.1,,,,,,,,,,,
D1 ATM Monthly Buy,2015-01-28,2015-01-29,,,,25,177.37,91.44,85.92,7.59,Near Expiry,bull,1,CE,8900.0,2015-01-29,45.25,52.35,19.8,,,,,,,,,,,
D1 ATM Monthly Buy,2015-01-29,2015-02-03,,,,25,-2703.57,99.69,-2803.26,-51.91,Stop Loss 50%,bull,5,CE,8950.0,2015-02-26,216.02,107.87,19.4,,,,,,,,,,,
D1 ATM Monthly Buy,2015-02-03,2015-02-09,,,,25,-2794.87,97.72,-2892.59,-59.26,Stop Loss 50%,bull,6,CE,8750.0,2015-02-26,195.26,83.46,19.8,,,,,,,,,,,
D1 ATM Monthly Buy,2015-02-27,2015-03-09,,,,25,-2929.44,98.38,-3027.82,-58.65,Stop Loss 50%,bull,10,CE,8850.0,2015-03-26,206.5,89.32,19.6,,,,,,,,,,,
D1 ATM Monthly Buy,2015-04-09,2015-04-17,,,,25,-2291.98,92.98,-2384.96,-75.29,Stop Loss 50%,bull,8,CE,8800.0,2015-04-30,126.7,35.02,14.4,,,,,,,,,,,
D1 ATM Monthly Buy,2015-05-18,2015-05-25,,,,25,-1367.82,94.36,-1462.18,-49.07,Near Expiry,bull,7,CE,8350.0,2015-05-28,119.19,64.48,17.9,,,,,,,,,,,
D1 ATM Monthly Buy,2015-05-26,2015-05-27,,,,25,-366.94,89.66,-456.6,-47.65,Near Expiry,bull,1,CE,8350.0,2015-05-28,38.33,23.65,17.1,,,,,,,,,,,
D1 ATM Monthly Buy,2015-05-27,2015-05-28,,,,25,-590.07,87.92,-677.99,-114.66,Near Expiry,bull,1,CE,8350.0,2015-05-28,23.65,0.05,17.3,,,,,,,,,,,
D1 ATM Monthly Buy,2015-05-28,2015-06-03,,,,25,-2615.76,97.57,-2713.32,-57.47,Stop Loss 50%,bull,6,CE,8300.0,2015-06-25,188.86,84.23,17.1,,,,,,,,,,,
D1 ATM Monthly Buy,2015-06-15,2015-06-17,,,,25,-1020.09,91.71,-1111.8,-56.18,Stop Loss 50%,bear,2,PE,8000.0,2015-06-25,79.16,38.36,17.5,,,,,,,,,,,
D1 ATM Monthly Buy,2015-06-17,2015-06-18,,,,25,-1024.72,91.64,-1116.36,-56.95,Stop Loss 50%,bear,1,PE,8100.0,2015-06-25,78.4,37.42,16.7,,,,,,,,,,,
D1 ATM Monthly Buy,2015-06-18,2015-06-22,,,,25,-1361.34,89.0,-1450.34,-103.33,Near Expiry,bear,4,PE,8150.0,2015-06-25,56.15,1.69,16.0,,,,,,,,,,,
D1 ATM Monthly Buy,2015-07-27,2015-07-28,,,,25,58.11,90.92,-32.8,-3.12,Near Expiry,bear,1,PE,8350.0,2015-07-30,42.11,44.44,16.4,,,,,,,,,,,
D1 ATM Monthly Buy,2015-08-11,2015-08-24,,,,25,13543.41,124.93,13418.49,566.11,Near Expiry,sideways,13,PE,8450.0,2015-08-27,94.81,636.55,15.9,,,,,,,,,,,
D1 ATM Monthly Buy,2015-08-24,2015-08-25,,,,25,-1096.02,91.02,-1187.04,-65.07,Near Expiry,bear,1,PE,7800.0,2015-08-27,72.97,29.13,28.1,,,,,,,,,,,
D1 ATM Monthly Buy,2015-08-25,2015-08-26,,,,25,1100.73,95.67,1005.06,56.51,Near Expiry,bear,1,PE,7900.0,2015-08-27,71.14,115.17,26.9,,,,,,,,,,,
D1 ATM Monthly Buy,2015-08-26,2015-08-27,,,,25,-1123.96,88.57,-1212.53,-107.76,Near Expiry,bear,1,PE,7800.0,2015-08-27,45.01,0.05,25.5,,,,,,,,,,,
D1 ATM Monthly Buy,2015-08-27,2015-09-04,,,,25,4493.38,111.9,4381.48,100.47,Target 100%,bear,8,PE,7950.0,2015-09-24,174.45,354.18,22.0,,,,,,,,,,,
D1 ATM Monthly Buy,2015-09-04,2015-09-09,,,,25,-2428.26,96.6,-2524.87,-58.46,Stop Loss 50%,bear,5,PE,7650.0,2015-09-24,172.76,75.62,26.4,,,,,,,,,,,
D1 ATM Monthly Buy,2015-09-09,2015-09-16,,,,25,-1955.42,94.37,-2049.79,-61.03,Stop Loss 50%,bear,7,PE,7800.0,2015-09-24,134.35,56.14,24.3,,,,,,,,,,,
D1 ATM Monthly Buy,2015-10-30,2015-11-10,,,,25,3569.4,106.11,3463.28,106.37,Target 100%,bear,11,PE,8050.0,2015-11-26,130.24,273.01,17.9,,,,,,,,,,,
D1 ATM Monthly Buy,2015-11-10,2015-11-19,,,,25,-1531.85,92.93,-1624.78,-60.96,Stop Loss 50%,bear,9,PE,7800.0,2015-11-26,106.62,45.35,16.8,,,,,,,,,,,
D1 ATM Monthly Buy,2015-11-19,2015-11-23,,,,25,-514.7,91.81,-606.51,-36.01,Near Expiry,bear,4,PE,7850.0,2015-11-26,67.36,46.78,15.8,,,,,,,,,,,
D1 ATM Monthly Buy,2015-11-23,2015-11-24,,,,25,-21.0,91.14,-112.14,-9.59,Near Expiry,bear,1,PE,7850.0,2015-11-26,46.78,45.94,17.1,,,,,,,,,,,
D1 ATM Monthly Buy,2015-11-24,2015-11-26,,,,25,-1147.14,88.6,-1235.74,-107.61,Near Expiry,bear,2,PE,7850.0,2015-11-26,45.94,0.05,16.2,,,,,,,,,,,
D1 ATM Monthly Buy,2015-11-26,2015-12-09,,,,25,3701.43,107.77,3593.67,98.27,Target 100%,bear,13,PE,7900.0,2015-12-31,146.28,294.34,16.7,,,,,,,,,,,
D1 ATM Monthly Buy,2015-12-09,2015-12-16,,,,25,-1614.76,92.56,-1707.32,-65.41,Stop Loss 50%,bear,7,PE,7600.0,2015-12-31,104.41,39.82,16.7,,,,,,,,,,,
D1 ATM Monthly Buy,2015-12-16,2015-12-17,,,,25,-1324.45,92.33,-1416.78,-60.11,Stop Loss 50%,bear,1,PE,7750.0,2015-12-31,94.29,41.31,16.7,,,,,,,,,,,
D1 ATM Monthly Buy,2015-12-17,2015-12-28,,,,25,-1681.9,90.36,-1772.26,-88.28,Near Expiry,bear,11,PE,7850.0,2015-12-31,80.3,13.03,14.2,,,,,,,,,,,
D1 ATM Monthly Buy,2016-01-07,2016-01-20,,,,25,3358.55,104.34,3254.21,113.3,Target 100%,bear,13,PE,7550.0,2016-01-28,114.89,249.23,19.0,,,,,,,,,,,
D1 ATM Monthly Buy,2016-01-20,2016-01-22,,,,25,-1423.74,90.98,-1514.72,-74.9,Stop Loss 50%,bear,2,PE,7300.0,2016-01-28,80.9,23.95,21.0,,,,,,,,,,,
D1 ATM Monthly Buy,2016-01-22,2016-01-25,,,,25,-640.26,90.67,-730.93,-51.16,Near Expiry,bear,3,PE,7400.0,2016-01-28,57.15,31.54,18.8,,,,,,,,,,,
D1 ATM Monthly Buy,2016-01-25,2016-01-27,,,,25,-471.42,90.79,-562.21,-41.44,Near Expiry,bear,2,PE,7450.0,2016-01-28,54.26,35.41,18.3,,,,,,,,,,,
D1 ATM Monthly Buy,2016-01-27,2016-01-28,,,,25,-251.39,89.67,-341.06,-38.53,Near Expiry,bear,1,PE,7450.0,2016-01-28,35.41,25.35,19.1,,,,,,,,,,,
D1 ATM Monthly Buy,2016-01-28,2016-02-11,,,,25,7805.5,114.3,7691.2,261.72,Target 100%,bear,14,PE,7400.0,2016-02-25,117.55,429.77,17.9,,,,,,,,,,,
D1 ATM Monthly Buy,2016-02-11,2016-02-15,,,,25,-2632.68,93.77,-2726.45,-75.35,Stop Loss 50%,bear,4,PE,7000.0,2016-02-25,144.74,39.43,26.0,,,,,,,,,,,
D1 ATM Monthly Buy,2016-02-15,2016-02-22,,,,25,-1796.28,91.22,-1887.5,-80.9,Near Expiry,bear,7,PE,7150.0,2016-02-25,93.32,21.47,22.4,,,,,,,,,,,
D1 ATM Monthly Buy,2016-02-22,2016-02-23,,,,25,2143.4,97.09,2046.31,134.13,Near Expiry,bear,1,PE,7250.0,2016-02-25,61.03,146.76,21.0,,,,,,,,,,,
D1 ATM Monthly Buy,2016-02-23,2016-02-24,,,,25,1092.37,93.36,999.01,90.4,Near Expiry,bear,1,PE,7100.0,2016-02-25,44.2,87.9,23.8,,,,,,,,,,,
D1 ATM Monthly Buy,2016-02-24,2016-02-25,,,,25,120.82,89.56,31.26,5.09,Near Expiry,bear,1,PE,7000.0,2016-02-25,24.57,29.4,23.0,,,,,,,,,,,
D1 ATM Monthly Buy,2016-02-25,2016-03-01,,,,25,-3017.3,94.63,-3111.93,-75.56,Stop Loss 50%,bear,5,PE,6950.0,2016-03-31,164.73,44.04,22.8,,,,,,,,,,,
D1 ATM Monthly Buy,2016-05-06,2016-05-09,,,,25,-1538.57,93.79,-1632.36,-55.86,Stop Loss 50%,bear,3,PE,7750.0,2016-05-26,116.89,55.35,17.0,,,,,,,,,,,
D1 ATM Monthly Buy,2016-05-16,2016-05-23,,,,25,1192.82,96.32,1096.49,57.37,Near Expiry,sideways,7,PE,7850.0,2016-05-26,76.45,124.16,17.0,,,,,,,,,,,
D1 ATM Monthly Buy,2016-05-31,2016-06-24,,,,25,-3093.95,95.56,-3189.51,-71.85,Stop Loss 50%,bull,24,CE,8150.0,2016-06-30,177.58,53.82,16.0,,,,,,,,,,,
D1 ATM Monthly Buy,2016-06-30,2016-07-25,,,,25,4407.51,110.81,4296.69,104.88,Near Expiry,bull,25,CE,8300.0,2016-07-28,163.87,340.17,16.3,,,,,,,,,,,
D1 ATM Monthly Buy,2016-07-25,2016-07-26,,,,25,-665.47,89.53,-755.0,-68.0,Near Expiry,bull,1,CE,8650.0,2016-07-28,44.41,17.8,15.7,,,,,,,,,,,
D1 ATM Monthly Buy,2016-07-26,2016-07-27,,,,25,16.97,90.35,-73.38,-8.02,Near Expiry,bull,1,CE,8600.0,2016-07-28,36.58,37.26,15.6,,,,,,,,,,,
D1 ATM Monthly Buy,2016-07-27,2016-07-28,,,,25,726.11,91.96,634.15,68.09,Near Expiry,bull,1,CE,8600.0,2016-07-28,37.26,66.3,15.4,,,,,,,,,,,
D1 ATM Monthly Buy,2016-07-28,2016-08-10,,,,25,-2403.91,96.95,-2500.85,-56.79,Stop Loss 50%,bull,13,CE,8650.0,2016-08-25,176.16,80.0,15.1,,,,,,,,,,,
D1 ATM Monthly Buy,2016-08-31,2016-09-21,,,,25,-1879.33,95.61,-1974.94,-53.76,Stop Loss 50%,bull,21,CE,8800.0,2016-09-29,146.94,71.77,13.2,,,,,,,,,,,
D1 ATM Monthly Buy,2016-09-22,2016-09-26,,,,25,-1793.7,90.13,-1883.83,-93.64,Near Expiry,bull,4,CE,8850.0,2016-09-29,80.47,8.72,13.3,,,,,,,,,,,
D1 ATM Monthly Buy,2016-10-21,2016-10-24,,,,25,-260.91,91.97,-352.88,-22.53,Near Expiry,bull,3,CE,8700.0,2016-10-27,62.66,52.23,13.8,,,,,,,,,,,
D1 ATM Monthly Buy,2016-10-24,2016-10-25,,,,25,-444.58,90.68,-535.26,-41.0,Near Expiry,bull,1,CE,8700.0,2016-10-27,52.23,34.44,14.3,,,,,,,,,,,
D1 ATM Monthly Buy,2016-12-08,2016-12-15,,,,25,-1745.84,95.02,-1840.86,-53.88,Stop Loss 50%,bull,7,CE,8250.0,2016-12-29,136.66,66.83,15.5,,,,,,,,,,,
D1 ATM Monthly Buy,2017-02-17,2017-02-20,,,,25,510.5,94.9,415.59,21.5,Near Expiry,bull,3,CE,8800.0,2017-02-23,77.31,97.73,13.4,,,,,,,,,,,
D1 ATM Monthly Buy,2017-02-20,2017-02-21,,,,25,128.98,90.57,38.41,4.25,Near Expiry,bull,1,CE,8900.0,2017-02-23,36.19,41.35,13.6,,,,,,,,,,,
D1 ATM Monthly Buy,2017-02-21,2017-02-22,,,,25,22.02,90.77,-68.75,-6.65,Near Expiry,bull,1,CE,8900.0,2017-02-23,41.35,42.23,13.5,,,,,,,,,,,
D1 ATM Monthly Buy,2017-02-22,2017-02-23,,,,25,-404.79,87.7,-492.49,-121.29,Near Expiry,bull,1,CE,8950.0,2017-02-23,16.24,0.05,13.7,,,,,,,,,,,
D1 ATM Monthly Buy,2017-02-23,2017-03-27,,,,25,-1564.59,98.37,-1662.95,-38.84,Near Expiry,bull,32,CE,8950.0,2017-03-30,171.25,108.67,13.4,,,,,,,,,,,
D1 ATM Monthly Buy,2017-03-27,2017-03-28,,,,25,641.84,92.07,549.77,54.01,Near Expiry,bull,1,CE,9050.0,2017-03-30,40.71,66.39,12.4,,,,,,,,,,,
D1 ATM Monthly Buy,2017-03-28,2017-03-29,,,,25,447.35,91.13,356.22,41.15,Near Expiry,bull,1,CE,9100.0,2017-03-30,34.63,52.52,12.1,,,,,,,,,,,
D1 ATM Monthly Buy,2017-03-29,2017-03-30,,,,25,71.84,89.14,-17.3,-3.31,Near Expiry,bull,1,CE,9150.0,2017-03-30,20.88,23.75,12.1,,,,,,,,,,,
D1 ATM Monthly Buy,2017-03-30,2017-04-17,,,,25,-2146.48,96.17,-2242.65,-55.92,Stop Loss 50%,bull,18,CE,9150.0,2017-04-27,160.42,74.56,12.1,,,,,,,,,,,
D1 ATM Monthly Buy,2017-04-18,2017-04-24,,,,25,1165.91,96.64,1069.27,52.91,Near Expiry,bull,6,CE,9100.0,2017-04-27,80.84,127.47,12.4,,,,,,,,,,,
D1 ATM Monthly Buy,2017-04-25,2017-04-26,,,,25,576.2,91.52,484.68,54.06,Near Expiry,bull,1,CE,9300.0,2017-04-27,35.87,58.91,11.2,,,,,,,,,,,
D1 ATM Monthly Buy,2017-04-26,2017-04-27,,,,25,-616.8,87.96,-704.75,-114.03,Near Expiry,bull,1,CE,9350.0,2017-04-27,24.72,0.05,11.7,,,,,,,,,,,
D1 ATM Monthly Buy,2017-04-27,2017-05-22,,,,25,-821.73,96.85,-918.58,-27.34,Near Expiry,bull,25,CE,9350.0,2017-05-25,134.4,101.53,11.1,,,,,,,,,,,
D1 ATM Monthly Buy,2017-05-22,2017-05-23,,,,25,-576.7,88.92,-665.62,-76.1,Near Expiry,bull,1,CE,9450.0,2017-05-25,34.99,11.92,11.2,,,,,,,,,,,
D1 ATM Monthly Buy,2017-05-23,2017-05-24,,,,25,-495.65,88.57,-584.22,-81.02,Near Expiry,bull,1,CE,9400.0,2017-05-25,28.84,9.02,12.2,,,,,,,,,,,
D1 ATM Monthly Buy,2017-05-25,2017-06-27,,,,25,-2919.37,94.42,-3013.79,-75.45,Near Expiry,bull,33,CE,9500.0,2017-06-29,159.77,43.0,10.4,,,,,,,,,,,
D1 ATM Monthly Buy,2017-07-06,2017-07-13,,,,25,3561.16,106.45,3454.71,102.76,Target 100%,bull,7,CE,9650.0,2017-07-27,134.48,276.93,11.0,,,,,,,,,,,
D1 ATM Monthly Buy,2017-07-13,2017-07-18,,,,25,-1230.98,92.62,-1323.6,-55.56,Stop Loss 50%,bull,5,CE,9900.0,2017-07-27,95.29,46.05,11.2,,,,,,,,,,,
D1 ATM Monthly Buy,2017-07-18,2017-07-24,,,,25,1502.67,96.22,1406.45,83.62,Near Expiry,bull,6,CE,9850.0,2017-07-27,67.28,127.38,11.5,,,,,,,,,,,
D1 ATM Monthly Buy,2017-07-24,2017-07-25,,,,25,-264.23,91.09,-355.32,-27.07,Near Expiry,bull,1,CE,9950.0,2017-07-27,52.5,41.93,11.3,,,,,,,,,,,
D1 ATM Monthly Buy,2017-07-25,2017-07-26,,,,25,837.58,92.61,744.97,71.07,Near Expiry,bull,1,CE,9950.0,2017-07-27,41.93,75.43,10.9,,,,,,,,,,,
D1 ATM Monthly Buy,2017-07-26,2017-07-27,,,,25,-392.67,89.43,-482.1,-53.19,Near Expiry,bull,1,CE,10000.0,2017-07-27,36.26,20.55,11.2,,,,,,,,,,,
D1 ATM Monthly Buy,2017-07-27,2017-08-10,,,,25,-2800.04,96.71,-2896.75,-63.12,Stop Loss 50%,bull,14,CE,10000.0,2017-08-31,183.57,71.57,11.2,,,,,,,,,,,
D1 ATM Monthly Buy,2017-09-01,2017-09-22,,,,25,-2169.99,96.53,-2266.52,-54.85,Stop Loss 50%,bull,21,CE,9950.0,2017-09-28,165.28,78.48,11.7,,,,,,,,,,,
D1 ATM Monthly Buy,2017-10-13,2017-10-23,,,,25,-993.58,94.23,-1087.81,-40.28,Near Expiry,bull,10,CE,10150.0,2017-10-26,108.03,68.28,11.3,,,,,,,,,,,
D1 ATM Monthly Buy,2017-10-23,2017-10-24,,,,25,3.05,90.68,-87.63,-8.6,Near Expiry,bull,1,CE,10200.0,2017-10-26,40.75,40.88,12.3,,,,,,,,,,,
D1 ATM Monthly Buy,2017-10-24,2017-10-25,,,,25,1449.35,93.86,1355.49,132.64,Near Expiry,bull,1,CE,10200.0,2017-10-26,40.88,98.85,11.6,,,,,,,,,,,
D1 ATM Monthly Buy,2017-10-25,2017-10-26,,,,25,497.44,90.33,407.11,68.13,Near Expiry,bull,1,CE,10300.0,2017-10-26,23.9,43.8,11.8,,,,,,,,,,,
D1 ATM Monthly Buy,2017-10-26,2017-11-13,,,,25,-2399.25,97.19,-2496.45,-55.81,Stop Loss 50%,bull,18,CE,10350.0,2017-11-30,178.93,82.96,11.6,,,,,,,,,,,
D1 ATM Monthly Buy,2017-11-28,2017-11-29,,,,25,-450.62,90.76,-541.38,-40.61,Near Expiry,bull,1,CE,10350.0,2017-11-30,53.32,35.3,13.1,,,,,,,,,,,
D1 ATM Monthly Buy,2017-12-19,2017-12-26,,,,25,-30.35,95.28,-125.64,-5.25,Near Expiry,bull,7,CE,10450.0,2017-12-28,95.65,94.43,12.2,,,,,,,,,,,
D1 ATM Monthly Buy,2017-12-26,2017-12-27,,,,25,-570.29,88.56,-658.85,-86.15,Near Expiry,bull,1,CE,10550.0,2017-12-28,30.59,7.78,12.1,,,,,,,,,,,
D1 ATM Monthly Buy,2017-12-27,2017-12-28,,,,25,-594.72,87.93,-682.65,-114.54,Near Expiry,bull,1,CE,10500.0,2017-12-28,23.84,0.05,12.5,,,,,,,,,,,
D1 ATM Monthly Buy,2017-12-28,2018-01-18,,,,25,4426.74,110.33,4316.4,109.44,Target 100%,bull,21,CE,10500.0,2018-01-25,157.76,334.83,12.3,,,,,,,,,,,
D1 ATM Monthly Buy,2018-01-18,2018-01-22,,,,25,2057.67,100.18,1957.49,78.76,Near Expiry,bull,4,CE,10800.0,2018-01-25,99.42,181.73,14.0,,,,,,,,,,,
D1 ATM Monthly Buy,2018-01-22,2018-01-23,,,,25,1879.43,97.5,1781.93,98.13,Near Expiry,bull,1,CE,10950.0,2018-01-25,72.64,147.81,15.4,,,,,,,,,,,
D1 ATM Monthly Buy,2018-01-23,2018-01-24,,,,25,-278.99,90.61,-369.6,-31.32,Near Expiry,bull,1,CE,11100.0,2018-01-25,47.21,36.05,16.2,,,,,,,,,,,
D1 ATM Monthly Buy,2018-01-24,2018-01-25,,,,25,-899.93,88.3,-988.23,-109.66,Near Expiry,bull,1,CE,11100.0,2018-01-25,36.05,0.05,18.0,,,,,,,,,,,
D1 ATM Monthly Buy,2018-01-25,2018-02-02,,,,25,-4795.08,98.24,-4893.32,-77.42,Stop Loss 50%,bull,8,CE,11050.0,2018-02-22,252.81,61.0,17.5,,,,,,,,,,,
D1 ATM Monthly Buy,2018-04-09,2018-04-23,,,,25,1386.82,102.02,1284.81,37.17,Near Expiry,bull,14,CE,10400.0,2018-04-26,138.27,193.74,14.9,,,,,,,,,,,
D1 ATM Monthly Buy,2018-04-23,2018-04-24,,,,25,33.46,91.17,-57.71,-5.05,Near Expiry,bull,1,CE,10600.0,2018-04-26,45.69,47.03,13.1,,,,,,,,,,,
D1 ATM Monthly Buy,2018-04-24,2018-04-25,,,,25,-780.72,89.5,-870.22,-74.01,Near Expiry,bull,1,CE,10600.0,2018-04-26,47.03,15.8,11.9,,,,,,,,,,,
D1 ATM Monthly Buy,2018-04-25,2018-04-26,,,,25,694.83,92.13,602.7,60.26,Near Expiry,bull,1,CE,10550.0,2018-04-26,40.01,67.8,12.4,,,,,,,,,,,
D1 ATM Monthly Buy,2018-04-26,2018-05-21,,,,25,-3280.65,97.29,-3377.94,-66.67,Stop Loss 50%,bull,25,CE,10600.0,2018-05-31,202.65,71.43,12.0,,,,,,,,,,,
D1 ATM Monthly Buy,2018-06-07,2018-06-19,,,,25,-2164.15,96.32,-2260.47,-55.6,Stop Loss 50%,bull,12,CE,10750.0,2018-06-28,162.63,76.07,12.8,,,,,,,,,,,
D1 ATM Monthly Buy,2018-06-19,2018-06-25,,,,25,-269.63,95.22,-364.85,-14.44,Near Expiry,bull,6,CE,10700.0,2018-06-28,101.07,90.28,12.9,,,,,,,,,,,
D1 ATM Monthly Buy,2018-06-25,2018-06-26,,,,25,-134.46,91.9,-226.35,-15.46,Near Expiry,bull,1,CE,10750.0,2018-06-28,58.56,53.18,12.6,,,,,,,,,,,
D1 ATM Monthly Buy,2018-06-26,2018-06-27,,,,25,-1175.54,89.16,-1264.7,-95.12,Near Expiry,bull,1,CE,10750.0,2018-06-28,53.18,6.16,12.8,,,,,,,,,,,
D1 ATM Monthly Buy,2018-07-09,2018-07-23,,,,25,2695.65,104.54,2591.1,77.17,Near Expiry,bull,14,CE,10850.0,2018-07-26,134.3,242.13,12.4,,,,,,,,,,,
D1 ATM Monthly Buy,2018-07-23,2018-07-24,,,,25,380.45,92.09,288.36,24.21,Near Expiry,bull,1,CE,11100.0,2018-07-26,47.65,62.87,13.0,,,,,,,,,,,
D1 ATM Monthly Buy,2018-07-24,2018-07-25,,,,25,-357.86,89.44,-447.29,-50.51,Near Expiry,bull,1,CE,11150.0,2018-07-26,35.43,21.11,12.5,,,,,,,,,,,
D1 ATM Monthly Buy,2018-07-25,2018-07-26,,,,25,-95.29,88.79,-184.08,-34.88,Near Expiry,bull,1,CE,11150.0,2018-07-26,21.11,17.3,12.2,,,,,,,,,,,
D1 ATM Monthly Buy,2018-07-26,2018-08-20,,,,25,5340.32,116.97,5223.34,98.46,Target 100%,bull,25,CE,11150.0,2018-08-30,212.19,425.81,12.0,,,,,,,,,,,
D1 ATM Monthly Buy,2018-08-20,2018-08-27,,,,25,1132.48,99.12,1033.35,37.29,Near Expiry,bull,7,CE,11550.0,2018-08-30,110.84,156.14,13.0,,,,,,,,,,,
D1 ATM Monthly Buy,2018-08-27,2018-08-28,,,,25,420.0,92.45,327.55,25.76,Near Expiry,bull,1,CE,11700.0,2018-08-30,50.87,67.67,12.2,,,,,,,,,,,
D1 ATM Monthly Buy,2018-08-28,2018-08-29,,,,25,-731.3,88.97,-820.27,-82.98,Near Expiry,bull,1,CE,11750.0,2018-08-30,39.54,10.29,12.4,,,,,,,,,,,
D1 ATM Monthly Buy,2018-08-29,2018-08-30,,,,25,-685.4,88.04,-773.44,-112.64,Near Expiry,bull,1,CE,11700.0,2018-08-30,27.47,0.05,12.4,,,,,,,,,,,
D1 ATM Monthly Buy,2018-08-30,2018-09-05,,,,25,-2402.74,97.1,-2499.85,-56.18,Stop Loss 50%,bull,6,CE,11700.0,2018-09-27,177.98,81.87,12.4,,,,,,,,,,,
D1 ATM Monthly Buy,2018-09-06,2018-09-11,,,,25,-2693.35,95.51,-2788.86,-66.9,Stop Loss 50%,bull,5,CE,11550.0,2018-09-27,166.74,59.01,13.7,,,,,,,,,,,
D1 ATM Monthly Buy,2018-11-07,2018-11-22,,,,25,-2997.82,98.04,-3095.85,-60.65,Stop Loss 50%,sideways,15,CE,10600.0,2018-11-29,204.19,84.28,17.7,,,,,,,,,,,
D1 ATM Monthly Buy,2018-12-10,2018-12-12,,,,25,-3306.7,94.83,-3401.52,-77.99,Stop Loss 50%,bear,2,PE,10500.0,2018-12-27,174.47,42.2,20.4,,,,,,,,,,,
D1 ATM Monthly Buy,2018-12-21,2018-12-24,,,,25,732.64,95.65,636.98,31.7,Near Expiry,bear,3,PE,10750.0,2018-12-27,80.37,109.67,16.0,,,,,,,,,,,
D1 ATM Monthly Buy,2018-12-24,2018-12-26,,,,25,-1072.98,89.25,-1162.23,-90.14,Near Expiry,bear,2,PE,10650.0,2018-12-27,51.58,8.66,15.8,,,,,,,,,,,
D1 ATM Monthly Buy,2019-01-10,2019-01-21,,,,25,-1754.37,94.39,-1848.76,-57.12,Stop Loss 50%,sideways,11,PE,10800.0,2019-01-31,129.45,59.28,15.4,,,,,,,,,,,
D1 ATM Monthly Buy,2019-01-28,2019-01-29,,,,25,-237.84,92.18,-330.02,-20.46,Near Expiry,bear,1,PE,10650.0,2019-01-31,64.53,55.01,18.9,,,,,,,,,,,
D1 ATM Monthly Buy,2019-01-29,2019-01-30,,,,25,-428.4,90.95,-519.35,-37.76,Near Expiry,bear,1,PE,10650.0,2019-01-31,55.01,37.88,18.4,,,,,,,,,,,
D1 ATM Monthly Buy,2019-01-30,2019-01-31,,,,25,-945.63,88.36,-1033.99,-109.2,Near Expiry,bear,1,PE,10650.0,2019-01-31,37.88,0.05,17.9,,,,,,,,,,,
D1 ATM Monthly Buy,2019-02-14,2019-02-25,,,,25,-2652.64,91.72,-2744.36,-90.6,Near Expiry,bear,11,PE,10750.0,2019-02-28,121.16,15.06,15.8,,,,,,,,,,,
D1 ATM Monthly Buy,2019-02-26,2019-02-27,,,,25,155.79,92.68,63.1,4.18,Near Expiry,bear,1,PE,10850.0,2019-02-28,60.36,66.6,17.1,,,,,,,,,,,
D1 ATM Monthly Buy,2019-02-27,2019-02-28,,,,25,-774.58,88.78,-863.36,-89.74,Near Expiry,bear,1,PE,10800.0,2019-02-28,38.48,7.5,18.9,,,,,,,,,,,
D1 ATM Monthly Buy,2019-02-28,2019-03-05,,,,25,-2901.28,97.48,-2998.76,-61.46,Stop Loss 50%,bear,5,PE,10800.0,2019-03-28,195.17,79.12,18.3,,,,,,,,,,,
D1 ATM Monthly Buy,2019-03-15,2019-03-25,,,,25,-2629.26,93.22,-2722.48,-78.81,Near Expiry,bull,10,CE,11450.0,2019-03-28,138.18,33.01,15.9,,,,,,,,,,,
D1 ATM Monthly Buy,2019-03-25,2019-03-26,,,,25,1888.05,97.61,1790.43,97.17,Near Expiry,bull,1,CE,11350.0,2019-03-28,73.71,149.23,16.7,,,,,,,,,,,
D1 ATM Monthly Buy,2019-03-26,2019-03-27,,,,25,-753.12,89.8,-842.92,-67.64,Near Expiry,bull,1,CE,11500.0,2019-03-28,49.85,19.73,16.5,,,,,,,,,,,
D1 ATM Monthly Buy,2019-03-27,2019-03-28,,,,25,2017.15,94.97,1922.19,195.57,Near Expiry,bull,1,CE,11450.0,2019-03-28,39.31,120.0,17.0,,,,,,,,,,,
D1 ATM Monthly Buy,2019-03-28,2019-04-22,,,,25,-3128.42,101.92,-3230.33,-51.05,Near Expiry,bull,25,CE,11550.0,2019-04-25,253.1,127.96,16.6,,,,,,,,,,,
D1 ATM Monthly Buy,2019-04-26,2019-05-08,,,,25,-4810.45,106.41,-4916.86,-56.34,Stop Loss 50%,bull,12,CE,11750.0,2019-05-30,349.06,156.65,21.7,,,,,,,,,,,
D1 ATM Monthly Buy,2019-05-24,2019-05-27,,,,25,358.79,96.78,262.01,10.16,Near Expiry,bull,3,CE,11850.0,2019-05-30,103.16,117.51,16.5,,,,,,,,,,,
D1 ATM Monthly Buy,2019-05-27,2019-05-28,,,,25,-308.82,93.88,-402.7,-18.65,Near Expiry,bull,1,CE,11900.0,2019-05-30,86.39,74.04,16.2,,,,,,,,,,,
D1 ATM Monthly Buy,2019-05-28,2019-05-29,,,,25,-918.99,89.28,-1008.27,-83.97,Near Expiry,bull,1,CE,11950.0,2019-05-30,48.03,11.27,15.9,,,,,,,,,,,
D1 ATM Monthly Buy,2019-05-29,2019-05-30,,,,25,1208.32,93.9,1114.42,93.71,Near Expiry,bull,1,CE,11850.0,2019-05-30,47.57,95.9,16.4,,,,,,,,,,,
D1 ATM Monthly Buy,2019-05-30,2019-06-14,,,,25,-3836.46,98.77,-3935.23,-67.15,Stop Loss 50%,bull,15,CE,11950.0,2019-06-27,234.41,80.95,15.6,,,,,,,,,,,
D1 ATM Monthly Buy,2019-07-04,2019-07-08,,,,25,-3686.15,94.12,-3780.27,-85.94,Stop Loss 50%,bull,4,CE,11950.0,2019-07-25,175.96,28.51,13.5,,,,,,,,,,,
D1 ATM Monthly Buy,2019-08-27,2019-08-28,,,,25,-972.72,89.95,-1062.67,-74.23,Near Expiry,sideways,1,CE,11100.0,2019-08-29,57.27,18.36,16.0,,,,,,,,,,,
D1 ATM Monthly Buy,2019-09-17,2019-09-20,,,,25,-2271.34,90.05,-2361.4,-102.86,Stop Loss 50%,bear,3,PE,10800.0,2019-09-26,91.83,0.98,16.0,,,,,,,,,,,
D1 ATM Monthly Buy,2019-10-15,2019-10-17,,,,25,-2004.83,96.05,-2100.88,-54.08,Stop Loss 50%,sideways,2,PE,11450.0,2019-10-31,155.38,75.19,16.9,,,,,,,,,,,
D1 ATM Monthly Buy,2019-11-11,2019-11-25,,,,25,-25.71,103.52,-129.23,-2.69,Near Expiry,bull,14,CE,11900.0,2019-11-28,192.2,191.17,16.2,,,,,,,,,,,
D1 ATM Monthly Buy,2019-11-25,2019-11-26,,,,25,-818.87,92.36,-911.23,-44.66,Near Expiry,bull,1,CE,12050.0,2019-11-28,81.62,48.86,15.0,,,,,,,,,,,
D1 ATM Monthly Buy,2019-11-26,2019-11-27,,,,25,507.26,92.47,414.79,33.95,Near Expiry,bull,1,CE,12050.0,2019-11-28,48.86,69.15,14.8,,,,,,,,,,,
D1 ATM Monthly Buy,2019-11-27,2019-11-28,,,,25,319.19,91.17,228.03,23.76,Near Expiry,bull,1,CE,12100.0,2019-11-28,38.38,51.15,14.6,,,,,,,,,,,
D1 ATM Monthly Buy,2019-11-28,2019-12-06,,,,25,-3546.45,98.16,-3644.61,-66.34,Stop Loss 50%,bull,8,CE,12150.0,2019-12-26,219.75,77.89,14.0,,,,,,,,,,,
D1 ATM Monthly Buy,2019-12-19,2019-12-23,,,,25,-797.09,93.56,-890.65,-37.47,Near Expiry,bull,4,CE,12250.0,2019-12-26,95.09,63.21,12.1,,,,,,,,,,,
D1 ATM Monthly Buy,2019-12-23,2019-12-24,,,,25,-873.24,90.67,-963.92,-61.0,Near Expiry,bull,1,CE,12250.0,2019-12-26,63.21,28.28,12.0,,,,,,,,,,,
D1 ATM Monthly Buy,2019-12-24,2019-12-26,,,,25,-1299.77,88.79,-1388.56,-106.73,Near Expiry,bull,2,CE,12200.0,2019-12-26,52.04,0.05,11.6,,,,,,,,,,,
D1 ATM Monthly Buy,2019-12-26,2020-01-27,,,,25,-3244.52,96.59,-3341.1,-69.05,Near Expiry,bull,32,CE,12150.0,2020-01-30,193.54,63.76,11.1,,,,,,,,,,,
D1 ATM Monthly Buy,2020-03-19,2020-03-20,,,,25,-5281.52,102.67,-5384.2,-67.88,Stop Loss 50%,bear,1,PE,8250.0,2020-03-26,317.28,106.02,72.2,,,,,,,,,,,
D1 ATM Monthly Buy,2020-03-20,2020-03-23,,,,25,21016.38,158.56,20857.82,280.36,Near Expiry,bear,3,PE,8750.0,2020-03-26,297.59,1138.24,67.1,,,,,,,,,,,
D1 ATM Monthly Buy,2020-03-23,2020-03-24,,,,25,-2138.85,98.78,-2237.63,-46.9,Near Expiry,bear,1,PE,7600.0,2020-03-26,190.86,105.3,72.0,,,,,,,,,,,
D1 ATM Monthly Buy,2020-03-24,2020-03-25,,,,25,-4569.39,93.44,-4662.83,-97.84,Near Expiry,bear,1,PE,7800.0,2020-03-26,190.63,7.85,83.6,,,,,,,,,,,
D1 ATM Monthly Buy,2020-03-25,2020-03-26,,,,25,-3129.41,91.02,-3220.43,-102.87,Near Expiry,bear,1,PE,8300.0,2020-03-26,125.23,0.05,77.6,,,,,,,,,,,
D1 ATM Monthly Buy,2020-03-26,2020-04-07,,,,25,-9243.69,129.82,-9373.51,-50.83,Stop Loss 50%,bear,12,PE,8650.0,2020-04-30,737.67,367.93,71.5,,,,,,,,,,,
D1 ATM Monthly Buy,2020-05-18,2020-05-20,,,,25,-3443.72,98.31,-3542.03,-64.73,Stop Loss 50%,bear,2,PE,8800.0,2020-05-28,218.89,81.14,40.9,,,,,,,,,,,
D1 ATM Monthly Buy,2020-05-20,2020-05-26,,,,25,-2097.89,97.69,-2195.58,-49.6,Near Expiry,bear,6,PE,9050.0,2020-05-28,177.07,93.15,35.8,,,,,,,,,,,
D1 ATM Monthly Buy,2020-05-26,2020-05-27,,,,25,-2271.56,90.16,-2361.72,-101.41,Near Expiry,bear,1,PE,9050.0,2020-05-28,93.15,2.29,31.5,,,,,,,,,,,
D1 ATM Monthly Buy,2020-08-21,2020-08-24,,,,25,543.27,99.76,443.51,13.29,Near Expiry,bull,3,CE,11350.0,2020-08-27,133.45,155.18,19.9,,,,,,,,,,,
D1 ATM Monthly Buy,2020-08-24,2020-08-25,,,,25,-301.95,94.33,-396.29,-17.33,Near Expiry,bull,1,CE,11450.0,2020-08-27,91.46,79.38,19.2,,,,,,,,,,,
D1 ATM Monthly Buy,2020-08-25,2020-08-26,,,,25,861.64,95.85,765.79,38.59,Near Expiry,bull,1,CE,11450.0,2020-08-27,79.38,113.85,19.3,,,,,,,,,,,
D1 ATM Monthly Buy,2020-08-26,2020-08-27,,,,25,-953.15,89.15,-1042.3,-88.0,Near Expiry,bull,1,CE,11550.0,2020-08-27,47.38,9.25,19.3,,,,,,,,,,,
D1 ATM Monthly Buy,2020-08-27,2020-09-08,,,,25,-3606.16,102.78,-3708.94,-53.85,Stop Loss 50%,bull,12,CE,11550.0,2020-09-24,275.49,131.25,18.9,,,,,,,,,,,
D1 ATM Monthly Buy,2020-09-18,2020-09-21,,,,25,-2746.26,91.98,-2838.24,-89.6,Near Expiry,bull,3,CE,11500.0,2020-09-24,126.71,16.86,20.0,,,,,,,,,,,
D1 ATM Monthly Buy,2020-10-08,2020-10-26,,,,25,-4525.24,98.19,-4623.42,-75.42,Near Expiry,bull,18,CE,11850.0,2020-10-29,245.2,64.19,20.4,,,,,,,,,,,
D1 ATM Monthly Buy,2020-10-27,2020-10-28,,,,25,-1655.58,89.95,-1745.53,-93.31,Near Expiry,bull,1,CE,11900.0,2020-10-29,74.83,8.6,22.2,,,,,,,,,,,
D1 ATM Monthly Buy,2020-11-04,2020-11-09,,,,25,8317.58,130.83,8186.75,109.76,Target 100%,bull,5,CE,11900.0,2020-11-26,298.34,631.04,23.2,,,,,,,,,,,
D1 ATM Monthly Buy,2020-11-09,2020-11-18,,,,25,6958.49,122.93,6835.57,113.67,Target 100%,bull,9,CE,12450.0,2020-11-26,240.53,518.87,20.1,,,,,,,,,,,
D1 ATM Monthly Buy,2020-11-18,2020-11-19,,,,25,-1919.1,95.73,-2014.84,-53.93,Stop Loss 50%,bull,1,CE,12950.0,2020-11-26,149.43,72.67,19.1,,,,,,,,,,,
D1 ATM Monthly Buy,2020-11-19,2020-11-23,,,,25,1428.15,103.74,1324.41,33.64,Near Expiry,bull,4,CE,12750.0,2020-11-26,157.49,214.61,19.6,,,,,,,,,,,
D1 ATM Monthly Buy,2020-11-23,2020-11-24,,,,25,1452.3,97.98,1354.32,60.72,Near Expiry,bull,1,CE,12950.0,2020-11-26,89.22,147.31,20.8,,,,,,,,,,,
D1 ATM Monthly Buy,2020-11-24,2020-11-25,,,,25,-1937.06,90.3,-2027.36,-94.13,Near Expiry,bull,1,CE,13050.0,2020-11-26,86.15,8.67,21.1,,,,,,,,,,,
D1 ATM Monthly Buy,2020-11-25,2020-11-26,,,,25,1735.76,96.76,1639.01,97.03,Near Expiry,bull,1,CE,12850.0,2020-11-26,67.57,137.0,23.1,,,,,,,,,,,
D1 ATM Monthly Buy,2020-11-26,2020-12-16,,,,25,9543.7,138.37,9405.34,105.88,Target 100%,bull,20,CE,13000.0,2020-12-31,355.33,737.08,20.0,,,,,,,,,,,
D1 ATM Monthly Buy,2020-12-16,2020-12-21,,,,25,-3604.82,98.23,-3703.05,-66.7,Stop Loss 50%,bull,5,CE,13700.0,2020-12-31,222.06,77.87,19.2,,,,,,,,,,,
D1 ATM Monthly Buy,2020-12-21,2020-12-24,,,,25,5897.26,117.59,5779.67,112.69,Target 100%,bull,3,CE,13350.0,2020-12-31,205.15,441.04,23.2,,,,,,,,,,,
D1 ATM Monthly Buy,2020-12-24,2020-12-28,,,,25,509.48,101.94,407.54,10.19,Near Expiry,bull,4,CE,13750.0,2020-12-31,159.93,180.31,20.0,,,,,,,,,,,
D1 ATM Monthly Buy,2020-12-28,2020-12-29,,,,25,441.64,98.26,343.38,11.6,Near Expiry,bull,1,CE,13850.0,2020-12-31,118.42,136.09,20.4,,,,,,,,,,,
D1 ATM Monthly Buy,2020-12-29,2020-12-30,,,,25,19.94,94.02,-74.08,-3.73,Near Expiry,bull,1,CE,13950.0,2020-12-31,79.5,80.3,20.8,,,,,,,,,,,
D1 ATM Monthly Buy,2020-12-30,2020-12-31,,,,25,-1353.79,88.85,-1442.64,-106.47,Near Expiry,bull,1,CE,14000.0,2020-12-31,54.2,0.05,21.1,,,,,,,,,,,
D1 ATM Monthly Buy,2020-12-31,2021-01-25,,,,25,-1781.6,113.26,-1894.86,-21.55,Near Expiry,bull,25,CE,14000.0,2021-01-28,351.67,280.41,21.1,,,,,,,,,,,
D1 ATM Monthly Buy,2021-02-04,2021-02-22,,,,25,-7518.19,101.01,-7619.2,-85.8,Near Expiry,bull,18,CE,14900.0,2021-02-25,355.21,54.48,23.1,,,,,,,,,,,
D1 ATM Monthly Buy,2021-02-25,2021-03-15,,,,25,-6798.96,107.95,-6906.91,-66.06,Stop Loss 50%,bull,18,CE,15100.0,2021-03-25,418.19,146.23,22.9,,,,,,,,,,,
D1 ATM Monthly Buy,2021-03-15,2021-03-17,,,,25,-3011.37,98.7,-3110.07,-58.6,Stop Loss 50%,bull,2,CE,14950.0,2021-03-25,212.31,91.85,21.2,,,,,,,,,,,
D1 ATM Monthly Buy,2021-03-19,2021-03-22,,,,25,-1230.85,97.77,-1328.62,-34.15,Near Expiry,bull,3,CE,14750.0,2021-03-25,155.63,106.39,20.0,,,,,,,,,,,
D1 ATM Monthly Buy,2021-04-09,2021-04-12,,,,25,-4675.19,101.93,-4777.12,-65.21,Stop Loss 50%,bull,3,CE,14850.0,2021-04-29,293.02,106.02,19.8,,,,,,,,,,,
D1 ATM Monthly Buy,2021-05-04,2021-05-24,,,,25,8592.48,136.85,8455.63,93.44,Near Expiry,bull,20,CE,14500.0,2021-05-27,361.98,705.68,23.0,,,,,,,,,,,
D1 ATM Monthly Buy,2021-05-24,2021-05-25,,,,25,-761.52,94.74,-856.26,-31.69,Near Expiry,bull,1,CE,15200.0,2021-05-27,108.07,77.6,19.1,,,,,,,,,,,
D1 ATM Monthly Buy,2021-05-25,2021-05-26,,,,25,1337.83,96.74,1241.09,63.97,Near Expiry,bull,1,CE,15200.0,2021-05-27,77.6,131.12,15.7,,,,,,,,,,,
D1 ATM Monthly Buy,2021-05-26,2021-05-27,,,,25,-773.32,91.37,-864.68,-50.29,Near Expiry,bull,1,CE,15300.0,2021-05-27,68.78,37.85,20.9,,,,,,,,,,,
D1 ATM Monthly Buy,2021-05-27,2021-06-21,,,,25,931.31,120.74,810.57,8.77,Near Expiry,bull,25,CE,15350.0,2021-06-24,369.75,407.0,19.9,,,,,,,,,,,
D1 ATM Monthly Buy,2021-06-21,2021-06-22,,,,25,-113.23,94.47,-207.7,-9.42,Near Expiry,bull,1,CE,15750.0,2021-06-24,88.23,83.7,15.1,,,,,,,,,,,
D1 ATM Monthly Buy,2021-06-22,2021-06-23,,,,25,-1444.1,91.17,-1535.27,-73.37,Near Expiry,bull,1,CE,15750.0,2021-06-24,83.7,25.94,14.7,,,,,,,,,,,
D1 ATM Monthly Buy,2021-06-24,2021-07-09,,,,25,-4400.4,106.55,-4506.94,-53.0,Stop Loss 50%,bull,15,CE,15800.0,2021-07-29,340.14,164.12,15.1,,,,,,,,,,,
D1 ATM Monthly Buy,2021-07-13,2021-07-20,,,,25,-3142.13,97.07,-3239.21,-65.91,Stop Loss 50%,bull,7,CE,15800.0,2021-07-29,196.59,70.91,12.6,,,,,,,,,,,
D1 ATM Monthly Buy,2021-07-22,2021-07-26,,,,25,-957.49,95.94,-1053.43,-33.14,Near Expiry,bull,4,CE,15800.0,2021-07-29,127.13,88.83,11.9,,,,,,,,,,,
D1 ATM Monthly Buy,2021-08-02,2021-08-04,,,,25,6179.74,120.78,6058.96,102.97,Target 100%,bull,2,CE,15900.0,2021-08-26,235.36,482.55,12.8,,,,,,,,,,,
D1 ATM Monthly Buy,2021-08-04,2021-08-23,,,,25,431.15,109.28,321.87,5.19,Near Expiry,bull,19,CE,16250.0,2021-08-26,248.03,265.28,13.2,,,,,,,,,,,
D1 ATM Monthly Buy,2021-08-23,2021-08-24,,,,25,1633.67,97.96,1535.71,72.85,Near Expiry,bull,1,CE,16500.0,2021-08-26,84.32,149.67,13.7,,,,,,,,,,,
D1 ATM Monthly Buy,2021-08-24,2021-08-25,,,,25,-326.67,93.39,-420.07,-20.72,Near Expiry,bull,1,CE,16600.0,2021-08-26,81.09,68.03,13.2,,,,,,,,,,,
D1 ATM Monthly Buy,2021-08-25,2021-08-26,,,,25,-1023.21,88.45,-1111.66,-108.51,Near Expiry,bull,1,CE,16650.0,2021-08-26,40.98,0.05,13.5,,,,,,,,,,,
D1 ATM Monthly Buy,2021-08-26,2021-08-31,,,,25,8202.09,132.85,8069.24,99.31,Target 100%,bull,5,CE,16650.0,2021-09-30,325.02,653.11,13.5,,,,,,,,,,,
D1 ATM Monthly Buy,2021-08-31,2021-09-23,,,,25,9474.43,135.39,9339.04,115.95,Target 100%,bull,23,CE,17150.0,2021-09-30,322.19,701.17,14.5,,,,,,,,,,,
D1 ATM Monthly Buy,2021-09-23,2021-09-27,,,,25,-882.53,101.18,-983.71,-21.06,Near Expiry,bull,4,CE,17800.0,2021-09-30,186.8,151.5,16.6,,,,,,,,,,,
D1 ATM Monthly Buy,2021-09-27,2021-09-28,,,,25,-1669.49,94.11,-1763.6,-56.9,Near Expiry,bull,1,CE,17850.0,2021-09-30,123.98,57.2,18.0,,,,,,,,,,,
D1 ATM Monthly Buy,2021-09-28,2021-09-29,,,,25,-1155.65,93.16,-1248.81,-50.13,Near Expiry,bull,1,CE,17750.0,2021-09-30,99.64,53.41,18.5,,,,,,,,,,,
D1 ATM Monthly Buy,2021-09-29,2021-09-30,,,,25,-1926.6,89.55,-2016.15,-104.58,Near Expiry,bull,1,CE,17700.0,2021-09-30,77.11,0.05,18.8,,,,,,,,,,,
D1 ATM Monthly Buy,2021-09-30,2021-10-18,,,,25,12594.54,149.91,12444.63,120.7,Target 100%,bull,18,CE,17600.0,2021-10-28,412.41,916.2,18.4,,,,,,,,,,,
D1 ATM Monthly Buy,2021-10-18,2021-10-21,,,,25,-3593.9,97.61,-3691.52,-68.82,Stop Loss 50%,bull,3,CE,18500.0,2021-10-28,214.57,70.81,17.2,,,,,,,,,,,
D1 ATM Monthly Buy,2021-10-21,2021-10-25,,,,25,-2386.47,97.44,-2483.92,-54.73,Near Expiry,bull,4,CE,18200.0,2021-10-28,181.55,86.09,18.0,,,,,,,,,,,
D1 ATM Monthly Buy,2021-10-25,2021-10-26,,,,25,1443.29,99.58,1343.71,49.68,Near Expiry,bull,1,CE,18150.0,2021-10-28,108.19,165.92,17.6,,,,,,,,,,,
D1 ATM Monthly Buy,2021-10-26,2021-10-27,,,,25,-1388.73,92.96,-1481.69,-57.38,Near Expiry,bull,1,CE,18250.0,2021-10-28,103.3,47.75,16.8,,,,,,,,,,,
D1 ATM Monthly Buy,2021-10-27,2021-10-28,,,,25,-1781.76,89.38,-1871.13,-104.94,Near Expiry,bull,1,CE,18200.0,2021-10-28,71.32,0.05,16.8,,,,,,,,,,,
D1 ATM Monthly Buy,2021-12-16,2021-12-17,,,,25,-2964.89,100.76,-3065.65,-52.11,Stop Loss 50%,bull,1,CE,17250.0,2021-12-30,235.32,116.73,15.9,,,,,,,,,,,
D1 ATM Monthly Buy,2022-01-03,2022-01-12,,,,25,8533.3,133.34,8399.96,104.24,Target 100%,bull,9,CE,17650.0,2022-01-27,322.34,663.67,16.5,,,,,,,,,,,
D1 ATM Monthly Buy,2022-01-12,2022-01-19,,,,25,-4731.05,101.06,-4832.11,-68.0,Stop Loss 50%,bull,7,CE,18200.0,2022-01-27,284.23,94.99,17.2,,,,,,,,,,,
D1 ATM Monthly Buy,2022-01-19,2022-01-21,,,,25,-3430.34,96.37,-3526.72,-72.05,Stop Loss 50%,bull,2,CE,17950.0,2022-01-27,195.78,58.57,17.8,,,,,,,,,,,
D1 ATM Monthly Buy,2022-03-17,2022-03-25,,,,25,-4299.81,105.09,-4404.9,-54.99,Stop Loss 50%,bull,8,CE,17300.0,2022-03-31,320.4,148.4,22.6,,,,,,,,,,,
D1 ATM Monthly Buy,2022-03-25,2022-03-28,,,,25,-786.75,103.9,-890.66,-16.47,Near Expiry,bull,3,CE,17150.0,2022-03-31,216.26,184.79,23.4,,,,,,,,,,,
D1 ATM Monthly Buy,2022-03-28,2022-03-29,,,,25,746.23,102.2,644.03,16.42,Near Expiry,bull,1,CE,17200.0,2022-03-31,156.85,186.7,22.6,,,,,,,,,,,
D1 ATM Monthly Buy,2022-03-29,2022-03-30,,,,25,1842.51,99.76,1742.75,69.69,Near Expiry,bull,1,CE,17350.0,2022-03-31,100.02,173.73,21.3,,,,,,,,,,,
D1 ATM Monthly Buy,2022-03-30,2022-03-31,,,,25,-1898.47,89.52,-1987.99,-104.65,Near Expiry,bull,1,CE,17500.0,2022-03-31,75.99,0.05,20.6,,,,,,,,,,,
D1 ATM Monthly Buy,2022-03-31,2022-04-18,,,,25,-8221.03,107.41,-8328.43,-74.3,Stop Loss 50%,bull,18,CE,17450.0,2022-04-28,448.4,119.56,20.6,,,,,,,,,,,
D1 ATM Monthly Buy,2022-04-19,2022-04-21,,,,25,-4072.27,94.68,-4166.95,-86.64,Stop Loss 50%,bear,2,PE,16950.0,2022-04-28,192.39,29.5,19.8,,,,,,,,,,,
D1 ATM Monthly Buy,2022-04-22,2022-04-25,,,,25,2588.15,104.93,2483.21,70.12,Near Expiry,bear,3,PE,17150.0,2022-04-28,141.65,245.18,18.4,,,,,,,,,,,
D1 ATM Monthly Buy,2022-04-25,2022-04-26,,,,25,-2647.06,91.96,-2739.03,-88.42,Near Expiry,bear,1,PE,16950.0,2022-04-28,123.91,18.03,21.3,,,,,,,,,,,
D1 ATM Monthly Buy,2022-04-26,2022-04-27,,,,25,2112.54,99.84,2012.7,85.62,Near Expiry,bear,1,PE,17200.0,2022-04-28,94.03,178.53,19.2,,,,,,,,,,,
D1 ATM Monthly Buy,2022-04-27,2022-04-28,,,,25,-1941.44,89.57,-2031.01,-104.55,Near Expiry,bear,1,PE,17050.0,2022-04-28,77.71,0.05,20.6,,,,,,,,,,,
D1 ATM Monthly Buy,2022-04-28,2022-05-04,,,,25,8509.95,133.89,8376.06,101.73,Target 100%,sideways,6,PE,17250.0,2022-05-26,329.36,669.76,19.4,,,,,,,,,,,
D1 ATM Monthly Buy,2022-05-04,2022-05-12,,,,25,14180.63,146.86,14033.78,167.14,Target 100%,bear,8,PE,16700.0,2022-05-26,335.86,903.08,21.9,,,,,,,,,,,
D1 ATM Monthly Buy,2022-05-12,2022-05-17,,,,25,-5325.66,99.08,-5424.73,-78.56,Stop Loss 50%,bear,5,PE,15800.0,2022-05-26,276.21,63.18,24.3,,,,,,,,,,,
D1 ATM Monthly Buy,2022-05-17,2022-05-19,,,,25,6876.62,120.5,6756.12,126.21,Target 100%,bear,2,PE,16250.0,2022-05-26,214.12,489.19,22.7,,,,,,,,,,,
D1 ATM Monthly Buy,2022-05-19,2022-05-20,,,,25,-4046.7,95.39,-4142.09,-82.81,Stop Loss 50%,bear,1,PE,15800.0,2022-05-26,200.08,38.21,24.6,,,,,,,,,,,
D1 ATM Monthly Buy,2022-05-20,2022-05-23,,,,25,-615.99,100.82,-716.81,-16.32,Near Expiry,bear,3,PE,16250.0,2022-05-26,175.7,151.06,23.1,,,,,,,,,,,
D1 ATM Monthly Buy,2022-05-23,2022-05-24,,,,25,855.44,99.79,755.65,24.03,Near Expiry,bear,1,PE,16200.0,2022-05-26,125.77,159.99,23.4,,,,,,,,,,,
D1 ATM Monthly Buy,2022-05-24,2022-05-25,,,,25,676.47,99.92,576.55,17.48,Near Expiry,bear,1,PE,16150.0,2022-05-26,131.95,159.01,25.6,,,,,,,,,,,
D1 ATM Monthly Buy,2022-05-25,2022-05-26,,,,25,-2392.57,90.12,-2482.69,-103.71,Near Expiry,bear,1,PE,16050.0,2022-05-26,95.75,0.05,25.3,,,,,,,,,,,
D1 ATM Monthly Buy,2022-05-26,2022-05-30,,,,25,-6037.33,107.59,-6144.92,-62.33,Stop Loss 50%,bear,4,PE,16150.0,2022-06-30,394.38,152.88,22.7,,,,,,,,,,,
D1 ATM Monthly Buy,2022-06-13,2022-06-27,,,,25,-4708.21,99.77,-4807.97,-71.64,Near Expiry,bear,14,PE,15750.0,2022-06-30,268.45,80.12,22.4,,,,,,,,,,,
D1 ATM Monthly Buy,2022-06-27,2022-06-28,,,,25,-691.38,96.35,-787.73,-25.18,Near Expiry,bear,1,PE,15850.0,2022-06-30,125.14,97.49,21.0,,,,,,,,,,,
D1 ATM Monthly Buy,2022-06-28,2022-06-29,,,,25,35.98,95.59,-59.6,-2.45,Near Expiry,bear,1,PE,15850.0,2022-06-30,97.49,98.93,21.5,,,,,,,,,,,
D1 ATM Monthly Buy,2022-06-29,2022-06-30,,,,25,-1288.58,90.45,-1379.03,-77.37,Near Expiry,bear,1,PE,15800.0,2022-06-30,71.29,19.75,21.9,,,,,,,,,,,
D1 ATM Monthly Buy,2022-06-30,2022-07-07,,,,25,-5343.61,105.44,-5449.04,-62.04,Stop Loss 50%,bear,7,PE,15800.0,2022-07-28,351.35,137.6,21.8,,,,,,,,,,,
D1 ATM Monthly Buy,2022-09-07,2022-09-12,,,,25,-4168.82,102.69,-4271.51,-59.14,Stop Loss 50%,sideways,5,PE,17600.0,2022-09-29,288.91,122.16,19.4,,,,,,,,,,,
D1 ATM Monthly Buy,2022-09-12,2022-09-16,,,,25,-4502.91,102.69,-4605.6,-61.93,Stop Loss 50%,bull,4,CE,17950.0,2022-09-29,297.49,117.37,17.9,,,,,,,,,,,
D1 ATM Monthly Buy,2022-09-19,2022-09-23,,,,25,-4383.43,99.71,-4483.14,-69.12,Stop Loss 50%,bull,4,CE,17600.0,2022-09-29,259.44,84.1,19.9,,,,,,,,,,,
D1 ATM Monthly Buy,2022-10-17,2022-10-24,,,,25,5356.85,118.72,5238.13,90.2,Near Expiry,bull,7,CE,17300.0,2022-10-27,232.28,446.55,18.4,,,,,,,,,,,
D1 ATM Monthly Buy,2022-10-24,2022-10-25,,,,25,-1389.2,93.27,-1482.47,-55.46,Near Expiry,bull,1,CE,17750.0,2022-10-27,106.92,51.36,17.4,,,,,,,,,,,
D1 ATM Monthly Buy,2022-10-25,2022-10-27,,,,25,-187.36,94.84,-282.2,-11.95,Near Expiry,bull,2,CE,17650.0,2022-10-27,94.44,86.95,16.9,,,,,,,,,,,
D1 ATM Monthly Buy,2022-10-27,2022-11-21,,,,25,1494.69,121.45,1373.23,15.11,Near Expiry,bull,25,CE,17750.0,2022-11-24,363.62,423.41,16.6,,,,,,,,,,,
D1 ATM Monthly Buy,2022-11-21,2022-11-22,,,,25,699.67,97.87,601.8,22.44,Near Expiry,bull,1,CE,18150.0,2022-11-24,107.29,135.28,14.8,,,,,,,,,,,
D1 ATM Monthly Buy,2022-11-23,2022-11-24,,,,25,4242.52,101.97,4140.55,257.18,Near Expiry,bull,1,CE,18250.0,2022-11-24,64.4,234.1,14.0,,,,,,,,,,,
D1 ATM Monthly Buy,2022-11-24,2022-12-15,,,,25,-4504.6,107.93,-4612.53,-51.39,Stop Loss 50%,bull,21,CE,18500.0,2022-12-29,359.03,178.84,13.5,,,,,,,,,,,
D1 ATM Monthly Buy,2023-02-16,2023-02-20,,,,25,-2768.51,92.44,-2860.94,-86.29,Near Expiry,bull,4,CE,18050.0,2023-02-23,132.62,21.88,12.9,,,,,,,,,,,
D1 ATM Monthly Buy,2023-02-20,2023-02-21,,,,25,-570.01,93.49,-663.5,-30.01,Near Expiry,bull,1,CE,17850.0,2023-02-23,88.43,65.63,13.4,,,,,,,,,,,
D1 ATM Monthly Buy,2023-02-21,2023-02-22,,,,25,-1612.01,89.26,-1701.28,-103.69,Near Expiry,bull,1,CE,17850.0,2023-02-23,65.63,1.15,14.0,,,,,,,,,,,
D1 ATM Monthly Buy,2023-04-03,2023-04-24,,,,25,2329.36,114.59,2214.77,33.87,Near Expiry,sideways,21,CE,17400.0,2023-04-27,261.59,354.76,12.6,,,,,,,,,,,
D1 ATM Monthly Buy,2023-06-01,2023-06-26,,,,25,-1568.67,107.49,-1676.16,-24.08,Near Expiry,bull,25,CE,18500.0,2023-06-29,278.47,215.72,11.6,,,,,,,,,,,
D1 ATM Monthly Buy,2023-06-28,2023-06-30,,,,25,4550.2,102.02,4448.18,311.92,Near Expiry,bull,2,CE,18950.0,2023-06-29,57.04,239.05,10.9,,,,,,,,,,,
D1 ATM Monthly Buy,2023-06-30,2023-07-17,,,,25,7226.07,125.79,7100.28,106.26,Target 100%,bull,17,CE,19200.0,2023-07-27,267.29,556.33,10.8,,,,,,,,,,,
D1 ATM Monthly Buy,2023-07-17,2023-07-24,,,,25,-2423.52,96.51,-2520.03,-58.75,Near Expiry,bull,7,CE,19700.0,2023-07-27,171.58,74.64,11.3,,,,,,,,,,,
D1 ATM Monthly Buy,2023-07-24,2023-07-25,,,,25,-503.52,94.64,-598.16,-23.86,Near Expiry,bull,1,CE,19650.0,2023-07-27,100.28,80.14,11.6,,,,,,,,,,,
D1 ATM Monthly Buy,2023-07-25,2023-07-26,,,,25,1056.66,94.08,962.58,71.91,Near Expiry,bull,1,CE,19700.0,2023-07-27,53.54,95.81,10.2,,,,,,,,,,,
D1 ATM Monthly Buy,2023-07-26,2023-07-27,,,,25,-867.24,88.26,-955.51,-110.02,Near Expiry,bull,1,CE,19800.0,2023-07-27,34.74,0.05,10.5,,,,,,,,,,,
D1 ATM Monthly Buy,2023-07-27,2023-08-11,,,,25,-4580.88,104.93,-4685.81,-57.53,Stop Loss 50%,bull,15,CE,19650.0,2023-08-31,325.82,142.58,10.5,,,,,,,,,,,
D1 ATM Monthly Buy,2023-09-05,2023-09-11,,,,25,6858.17,125.05,6733.12,100.47,Target 100%,bull,6,CE,19550.0,2023-09-28,268.06,542.38,10.8,,,,,,,,,,,
D1 ATM Monthly Buy,2023-09-11,2023-09-20,,,,25,-3146.88,99.47,-3246.35,-57.75,Stop Loss 50%,bull,9,CE,20000.0,2023-09-28,224.84,98.96,11.4,,,,,,,,,,,
D1 ATM Monthly Buy,2023-09-20,2023-09-21,,,,25,-2061.95,95.14,-2157.09,-59.05,Stop Loss 50%,bull,1,CE,19900.0,2023-09-28,146.13,63.65,11.1,,,,,,,,,,,
D1 ATM Monthly Buy,2023-09-21,2023-09-25,,,,25,-1927.98,93.77,-2021.75,-63.86,Near Expiry,bull,4,CE,19750.0,2023-09-28,126.63,49.52,10.8,,,,,,,,,,,
D1 ATM Monthly Buy,2023-09-25,2023-09-26,,,,25,-497.6,94.31,-591.91,-24.59,Near Expiry,bull,1,CE,19650.0,2023-09-28,96.27,76.37,10.9,,,,,,,,,,,
D1 ATM Monthly Buy,2023-10-17,2023-10-19,,,,25,-2428.87,95.12,-2523.99,-64.98,Stop Loss 50%,bull,2,CE,19800.0,2023-10-26,155.37,58.22,10.7,,,,,,,,,,,
D1 ATM Monthly Buy,2023-11-13,2023-11-28,,,,25,5813.91,118.2,5695.71,106.26,Near Expiry,bull,15,CE,19450.0,2023-11-30,214.4,446.96,11.2,,,,,,,,,,,
D1 ATM Monthly Buy,2023-11-28,2023-11-29,,,,25,3351.28,100.5,3250.79,185.89,Near Expiry,bull,1,CE,19900.0,2023-11-30,69.95,204.0,12.2,,,,,,,,,,,
D1 ATM Monthly Buy,2023-11-29,2023-11-30,,,,25,-506.9,90.64,-597.54,-44.74,Near Expiry,bull,1,CE,20100.0,2023-11-30,53.43,33.15,12.7,,,,,,,,,,,
D1 ATM Monthly Buy,2023-11-30,2023-12-04,,,,25,9084.01,134.81,8949.21,110.02,Target 100%,bull,4,CE,20150.0,2023-12-28,325.35,688.71,12.7,,,,,,,,,,,
D1 ATM Monthly Buy,2023-12-04,2023-12-15,,,,25,12620.71,141.54,12479.17,159.19,Target 100%,bull,11,CE,20700.0,2023-12-28,313.56,818.39,13.0,,,,,,,,,,,
D1 ATM Monthly Buy,2023-12-15,2023-12-20,,,,25,-4081.71,98.81,-4180.53,-69.35,Stop Loss 50%,bull,5,CE,21450.0,2023-12-28,241.14,77.87,13.1,,,,,,,,,,,
D1 ATM Monthly Buy,2023-12-20,2023-12-26,,,,25,2842.32,110.11,2732.21,55.79,Near Expiry,bull,6,CE,21150.0,2023-12-28,195.91,309.6,14.4,,,,,,,,,,,
D1 ATM Monthly Buy,2023-12-26,2023-12-27,,,,25,3155.16,101.98,3053.17,132.1,Near Expiry,bull,1,CE,21450.0,2023-12-28,92.45,218.65,14.7,,,,,,,,,,,
D1 ATM Monthly Buy,2023-12-27,2023-12-28,,,,25,1349.17,96.52,1252.65,67.05,Near Expiry,bull,1,CE,21650.0,2023-12-28,74.73,128.7,15.6,,,,,,,,,,,
D1 ATM Monthly Buy,2023-12-28,2024-01-08,,,,25,-6335.29,108.16,-6443.45,-63.05,Stop Loss 50%,bull,11,CE,21800.0,2024-01-25,408.8,155.39,15.1,,,,,,,,,,,
D1 ATM Monthly Buy,2024-01-10,2024-01-15,,,,25,7629.72,126.61,7503.1,112.59,Target 100%,bull,5,CE,21600.0,2024-01-25,266.56,571.75,13.0,,,,,,,,,,,
D1 ATM Monthly Buy,2024-01-15,2024-01-17,,,,25,-4521.61,96.04,-4617.65,-83.97,Stop Loss 50%,bull,2,CE,22100.0,2024-01-25,219.97,39.1,13.8,,,,,,,,,,,
D1 ATM Monthly Buy,2024-02-09,2024-02-26,,,,25,283.62,117.19,166.42,1.93,Near Expiry,bull,17,CE,21800.0,2024-02-29,344.74,356.09,15.4,,,,,,,,,,,
D1 ATM Monthly Buy,2024-02-26,2024-02-27,,,,25,555.17,100.55,454.63,12.77,Near Expiry,bull,1,CE,22100.0,2024-02-29,142.38,164.59,15.6,,,,,,,,,,,
D1 ATM Monthly Buy,2024-02-27,2024-02-28,,,,25,-2440.82,90.91,-2531.73,-95.3,Near Expiry,bull,1,CE,22200.0,2024-02-29,106.26,8.63,15.7,,,,,,,,,,,
D1 ATM Monthly Buy,2024-02-28,2024-02-29,,,,25,-1114.99,91.35,-1206.35,-62.34,Near Expiry,bull,1,CE,21950.0,2024-02-29,77.4,32.8,16.3,,,,,,,,,,,
D1 ATM Monthly Buy,2024-02-29,2024-03-19,,,,25,-7414.58,107.2,-7521.78,-70.75,Stop Loss 50%,bull,19,CE,22000.0,2024-03-28,425.28,128.69,15.6,,,,,,,,,,,
D1 ATM Monthly Buy,2024-04-04,2024-04-15,,,,25,-4707.52,101.92,-4809.44,-65.5,Stop Loss 50%,bull,11,CE,22500.0,2024-04-25,293.71,105.41,11.2,,,,,,,,,,,
D1 ATM Monthly Buy,2024-04-15,2024-04-18,,,,25,-3621.15,97.66,-3718.81,-68.91,Stop Loss 50%,bull,3,CE,22250.0,2024-04-25,215.86,71.01,12.5,,,,,,,,,,,
D1 ATM Monthly Buy,2024-05-08,2024-05-27,,,,25,6117.05,136.28,5980.77,57.11,Near Expiry,bull,19,CE,22300.0,2024-05-30,418.88,663.56,17.1,,,,,,,,,,,
D1 ATM Monthly Buy,2024-05-27,2024-05-28,,,,25,-1285.17,100.55,-1385.72,-29.22,Near Expiry,bull,1,CE,22950.0,2024-05-30,189.73,138.32,23.2,,,,,,,,,,,
D1 ATM Monthly Buy,2024-05-28,2024-05-29,,,,25,-2946.01,94.53,-3040.54,-75.2,Near Expiry,bull,1,CE,22900.0,2024-05-30,161.74,43.9,24.2,,,,,,,,,,,
D1 ATM Monthly Buy,2024-05-29,2024-05-30,,,,25,-2974.77,90.83,-3065.6,-103.01,Near Expiry,bull,1,CE,22700.0,2024-05-30,119.04,0.05,24.2,,,,,,,,,,,
D1 ATM Monthly Buy,2024-05-30,2024-06-24,,,,25,9971.68,164.5,9807.19,60.26,Near Expiry,bull,25,CE,22500.0,2024-06-27,651.01,1049.88,24.2,,,,,,,,,,,
D1 ATM Monthly Buy,2024-06-25,2024-06-26,,,,25,1803.51,101.01,1702.5,58.83,Near Expiry,bull,1,CE,23700.0,2024-06-27,115.75,187.89,14.3,,,,,,,,,,,
D1 ATM Monthly Buy,2024-06-26,2024-06-27,,,,25,2809.48,100.35,2709.13,131.96,Near Expiry,bull,1,CE,23850.0,2024-06-27,82.12,194.5,14.1,,,,,,,,,,,
D1 ATM Monthly Buy,2024-06-27,2024-07-22,,,,25,1250.08,126.99,1123.1,10.33,Near Expiry,bull,25,CE,24050.0,2024-07-25,434.84,484.84,14.1,,,,,,,,,,,
D1 ATM Monthly Buy,2024-07-22,2024-07-23,,,,25,-1551.36,96.44,-1647.79,-44.46,Near Expiry,bull,1,CE,24500.0,2024-07-25,148.26,86.21,15.4,,,,,,,,,,,
D1 ATM Monthly Buy,2024-07-23,2024-07-24,,,,25,-1462.49,91.34,-1553.83,-72.1,Near Expiry,bull,1,CE,24500.0,2024-07-25,86.21,27.71,12.8,,,,,,,,,,,
D1 ATM Monthly Buy,2024-07-24,2024-07-25,,,,25,-1579.37,89.65,-1669.01,-96.37,Near Expiry,bull,1,CE,24400.0,2024-07-25,69.27,6.1,11.8,,,,,,,,,,,
D1 ATM Monthly Buy,2024-07-26,2024-08-06,,,,25,-6635.37,110.23,-6745.59,-61.22,Stop Loss 50%,bull,11,CE,24850.0,2024-08-29,440.74,175.32,12.2,,,,,,,,,,,
D1 ATM Monthly Buy,2024-08-26,2024-08-27,,,,25,-564.55,97.65,-662.19,-19.32,Near Expiry,bull,1,CE,25000.0,2024-08-29,137.11,114.53,13.8,,,,,,,,,,,
D1 ATM Monthly Buy,2024-08-27,2024-08-28,,,,25,-243.57,96.43,-340.0,-11.87,Near Expiry,bull,1,CE,25000.0,2024-08-29,114.53,104.79,13.6,,,,,,,,,,,
D1 ATM Monthly Buy,2024-08-28,2024-08-29,,,,25,638.16,95.11,543.06,28.42,Near Expiry,bull,1,CE,25050.0,2024-08-29,76.42,101.95,13.9,,,,,,,,,,,
D1 ATM Monthly Buy,2024-08-29,2024-09-11,,,,25,-6200.28,111.89,-6312.17,-56.22,Stop Loss 50%,bull,13,CE,25150.0,2024-09-26,449.13,201.12,13.8,,,,,,,,,,,
D1 ATM Monthly Buy,2024-09-12,2024-09-23,,,,25,6752.37,126.53,6625.84,92.0,Near Expiry,bull,11,CE,25400.0,2024-09-26,288.08,558.17,13.2,,,,,,,,,,,
D1 ATM Monthly Buy,2024-09-23,2024-09-24,,,,25,-710.76,96.79,-807.55,-24.69,Near Expiry,bull,1,CE,25950.0,2024-09-26,130.83,102.39,13.8,,,,,,,,,,,
D1 ATM Monthly Buy,2024-09-24,2024-09-25,,,,25,0.8,95.93,-95.13,-3.72,Near Expiry,bull,1,CE,25950.0,2024-09-26,102.39,102.43,13.4,,,,,,,,,,,
D1 ATM Monthly Buy,2024-09-25,2024-09-26,,,,25,3560.12,101.27,3458.85,187.86,Near Expiry,bull,1,CE,26000.0,2024-09-26,73.65,216.05,12.7,,,,,,,,,,,
D1 ATM Monthly Buy,2024-09-26,2024-10-01,,,,25,-6100.98,115.02,-6216.0,-51.45,Stop Loss 50%,bull,5,CE,26200.0,2024-10-31,483.27,239.23,12.0,,,,,,,,,,,
D1 ATM Monthly Buy,2024-10-01,2024-10-03,,,,25,-5671.08,110.92,-5782.0,-54.54,Stop Loss 50%,bull,2,CE,25800.0,2024-10-31,424.07,197.23,12.0,,,,,,,,,,,
D1 ATM Monthly Buy,2024-12-03,2024-12-17,,,,25,-5537.0,109.78,-5646.79,-55.45,Stop Loss 50%,bull,14,CE,24450.0,2024-12-26,407.31,185.83,14.4,,,,,,,,,,,
D1 ATM Monthly Buy,2024-12-18,2024-12-19,,,,25,-2980.19,99.62,-3079.81,-55.41,Stop Loss 50%,bull,1,CE,24200.0,2024-12-26,222.32,103.11,14.4,,,,,,,,,,,
D1 ATM Monthly Buy,2025-01-17,2025-01-27,,,,25,3647.7,116.26,3531.44,57.12,Near Expiry,bear,10,PE,23200.0,2025-01-30,247.31,393.22,15.8,,,,,,,,,,,
D1 ATM Monthly Buy,2025-01-27,2025-01-28,,,,25,-2004.84,95.94,-2100.78,-54.54,Near Expiry,bear,1,PE,22850.0,2025-01-30,154.09,73.89,18.1,,,,,,,,,,,
D1 ATM Monthly Buy,2025-01-28,2025-01-29,,,,25,-2394.63,91.82,-2486.45,-85.9,Near Expiry,bear,1,PE,22950.0,2025-01-30,115.79,20.0,18.2,,,,,,,,,,,
D1 ATM Monthly Buy,2025-01-29,2025-01-30,,,,25,-2043.13,89.7,-2132.83,-104.33,Near Expiry,bear,1,PE,23150.0,2025-01-30,81.78,0.05,18.6,,,,,,,,,,,
D1 ATM Monthly Buy,2025-02-17,2025-02-24,,,,25,4611.76,115.51,4496.25,84.14,Near Expiry,bear,7,PE,22950.0,2025-02-27,213.74,398.21,15.7,,,,,,,,,,,
D1 ATM Monthly Buy,2025-02-24,2025-02-25,,,,25,-540.77,95.41,-636.17,-23.09,Near Expiry,bear,1,PE,22550.0,2025-02-27,110.21,88.58,14.4,,,,,,,,,,,
D1 ATM Monthly Buy,2025-02-25,2025-02-27,,,,25,-2090.77,90.17,-2180.94,-98.48,Near Expiry,bear,2,PE,22550.0,2025-02-27,88.58,4.95,13.7,,,,,,,,,,,
D1 ATM Monthly Buy,2025-02-27,2025-03-18,,,,25,-5263.97,99.53,-5363.5,-76.64,Stop Loss 50%,bear,19,PE,22550.0,2025-03-27,279.92,69.36,13.3,,,,,,,,,,,
D1 ATM Monthly Buy,2025-04-07,2025-04-08,,,,25,-4952.6,110.09,-5062.69,-51.15,Stop Loss 50%,bear,1,PE,22150.0,2025-04-24,395.88,197.78,22.8,,,,,,,,,,,
D1 ATM Monthly Buy,2025-04-09,2025-04-11,,,,25,-5119.92,106.57,-5226.49,-58.25,Stop Loss 50%,bear,2,PE,22400.0,2025-04-24,358.92,154.13,21.4,,,,,,,,,,,
D1 ATM Monthly Buy,2025-04-11,2025-04-15,,,,25,-6730.74,100.58,-6831.31,-82.83,Stop Loss 50%,bear,4,PE,22850.0,2025-04-24,329.92,60.69,20.1,,,,,,,,,,,
D1 ATM Monthly Buy,2025-06-09,2025-06-13,,,,25,-5208.55,106.31,-5314.86,-59.37,Stop Loss 50%,bull,4,CE,25100.0,2025-06-26,358.09,149.75,14.7,,,,,,,,,,,
D1 ATM Monthly Buy,2025-06-20,2025-06-23,,,,25,-2944.12,97.43,-3041.55,-62.15,Near Expiry,bull,3,CE,25100.0,2025-06-26,195.75,77.98,13.7,,,,,,,,,,,
D1 ATM Monthly Buy,2025-06-23,2025-06-24,,,,25,384.97,100.41,284.56,7.84,Near Expiry,bull,1,CE,24950.0,2025-06-26,145.2,160.6,14.1,,,,,,,,,,,
D1 ATM Monthly Buy,2025-06-24,2025-06-25,,,,25,2672.79,101.79,2571.01,100.32,Near Expiry,bull,1,CE,25050.0,2025-06-26,102.52,209.43,13.6,,,,,,,,,,,
D1 ATM Monthly Buy,2025-06-25,2025-06-26,,,,25,5776.42,105.63,5670.78,333.85,Near Expiry,bull,1,CE,25250.0,2025-06-26,67.94,299.0,13.0,,,,,,,,,,,
D1 ATM Monthly Buy,2025-06-26,2025-07-10,,,,75,-18241.23,140.7,-18381.93,-51.06,Stop Loss 50%,bull,14,CE,25550.0,2025-07-31,479.99,236.77,12.6,,,,,,,,,,,
D1 ATM Monthly Buy,2025-07-10,2025-07-17,,,,75,-14307.48,141.59,-14449.07,-57.45,Stop Loss 50%,bull,7,CE,25350.0,2025-07-31,335.32,144.56,11.7,,,,,,,,,,,
D1 ATM Monthly Buy,2025-08-18,2025-08-25,,,,75,-4648.71,131.58,-4780.29,-29.86,Near Expiry,bull,7,CE,24900.0,2025-08-28,213.42,151.44,12.3,,,,,,,,,,,
D1 ATM Monthly Buy,2025-08-25,2025-08-26,,,,75,-7838.55,101.33,-7939.87,-86.5,Near Expiry,bull,1,CE,24950.0,2025-08-28,122.39,17.88,11.8,,,,,,,,,,,
D1 ATM Monthly Buy,2025-09-01,2025-09-17,,,,75,29538.19,235.15,29303.04,119.91,Target 100%,bull,16,CE,24650.0,2025-09-25,325.82,719.67,11.3,,,,,,,,,,,
D1 ATM Monthly Buy,2025-09-17,2025-09-22,,,,75,-8826.4,109.19,-8935.58,-73.72,Near Expiry,bull,5,CE,25350.0,2025-09-25,161.6,43.92,10.2,,,,,,,,,,,
D1 ATM Monthly Buy,2025-09-22,2025-09-23,,,,75,-2669.22,108.03,-2777.24,-35.49,Near Expiry,bull,1,CE,25200.0,2025-09-25,104.34,68.75,10.6,,,,,,,,,,,
D1 ATM Monthly Buy,2025-09-23,2025-09-24,,,,75,-5416.27,99.37,-5515.65,-78.23,Near Expiry,bull,1,CE,25150.0,2025-09-25,94.01,21.79,10.6,,,,,,,,,,,
D1 ATM Monthly Buy,2025-09-24,2025-09-25,,,,75,-4563.6,92.78,-4656.38,-101.95,Near Expiry,bull,1,CE,25050.0,2025-09-25,60.9,0.05,10.5,,,,,,,,,,,
D1 ATM Monthly Buy,2025-09-25,2025-10-17,,,,75,35482.37,269.26,35213.11,114.97,Target 100%,bull,22,CE,24900.0,2025-10-30,408.37,881.46,10.8,,,,,,,,,,,
D1 ATM Monthly Buy,2025-10-17,2025-10-27,,,,75,3107.59,160.76,2946.84,15.05,Near Expiry,bull,10,CE,25700.0,2025-10-30,261.15,302.58,11.6,,,,,,,,,,,
D1 ATM Monthly Buy,2025-10-27,2025-10-28,,,,75,-2822.85,113.46,-2936.31,-30.85,Near Expiry,bull,1,CE,25950.0,2025-10-30,126.91,89.27,11.9,,,,,,,,,,,
D1 ATM Monthly Buy,2025-10-28,2025-10-29,,,,75,3291.3,117.22,3174.08,47.41,Near Expiry,bull,1,CE,25950.0,2025-10-30,89.27,133.16,11.9,,,,,,,,,,,
D1 ATM Monthly Buy,2025-10-29,2025-10-30,,,,75,-5206.52,93.56,-5300.08,-101.72,Near Expiry,bull,1,CE,26050.0,2025-10-30,69.47,0.05,12.0,,,,,,,,,,,
D1 ATM Monthly Buy,2025-10-30,2025-11-06,,,,75,-16519.68,153.37,-16673.06,-55.53,Stop Loss 50%,bull,7,CE,25900.0,2025-11-27,400.36,180.1,12.1,,,,,,,,,,,
D1 ATM Monthly Buy,2025-11-06,2025-11-20,,,,75,28116.22,240.16,27876.05,103.93,Target 100%,bull,14,CE,25500.0,2025-11-27,357.63,732.52,12.4,,,,,,,,,,,
D1 ATM Monthly Buy,2025-11-20,2025-11-24,,,,75,-10898.81,111.46,-11010.27,-77.98,Near Expiry,bull,4,CE,26200.0,2025-11-27,188.26,42.94,12.1,,,,,,,,,,,
D1 ATM Monthly Buy,2025-11-24,2025-11-25,,,,75,-5096.3,110.88,-5207.18,-50.94,Near Expiry,bull,1,CE,25950.0,2025-11-27,136.28,68.33,13.2,,,,,,,,,,,
D1 ATM Monthly Buy,2025-11-25,2025-11-26,,,,75,16582.99,146.66,16436.33,241.85,Near Expiry,bull,1,CE,25900.0,2025-11-27,90.62,311.72,12.2,,,,,,,,,,,
D1 ATM Monthly Buy,2025-11-26,2025-11-27,,,,75,-4128.09,96.21,-4224.3,-79.79,Near Expiry,bull,1,CE,26200.0,2025-11-27,70.59,15.55,12.0,,,,,,,,,,,
D1 ATM Monthly Buy,2025-11-27,2025-12-08,,,,75,-18067.23,154.61,-18221.84,-58.06,Stop Loss 50%,bull,11,CE,26200.0,2025-12-25,418.45,177.55,11.8,,,,,,,,,,,
D1 ATM Monthly Buy,2025-12-23,2025-12-24,,,,75,-2845.83,97.83,-2943.67,-59.49,Near Expiry,bull,1,CE,26200.0,2025-12-25,65.97,28.03,9.4,,,,,,,,,,,
D1 ATM Monthly Buy,2025-12-31,2026-01-09,,,,65,-14340.48,135.0,-14475.48,-65.73,Stop Loss 50%,bull,9,CE,26150.0,2026-01-29,338.81,118.19,9.5,,,,,,,,,,,
D1 ATM Monthly Buy,2026-02-09,2026-02-13,,,,65,-12578.1,130.86,-12708.96,-60.84,Stop Loss 50%,bull,4,CE,25850.0,2026-02-26,321.37,127.86,12.2,,,,,,,,,,,
D1 ATM Monthly Buy,2026-02-13,2026-02-23,,,,65,1093.6,155.26,938.34,4.87,Near Expiry,bull,10,CE,25450.0,2026-02-26,296.43,313.25,13.3,,,,,,,,,,,
D1 ATM Monthly Buy,2026-03-17,2026-03-19,,,,65,24585.21,203.68,24381.54,132.62,Target 100%,bear,2,PE,23600.0,2026-03-26,282.84,661.08,19.8,,,,,,,,,,,
T1 ATM Straddle,2019-02-11,2019-02-14,,,,25,-727.07,98.73,-825.79,-26.45,Expiry,sideways,3,,10900.0,2019-02-14,,,15.8,124.87,153.95,,,,,,,,,
T1 ATM Straddle,2019-02-18,2019-02-21,,,,25,-31.33,99.05,-130.37,-3.76,Expiry,bear,3,,10650.0,2019-02-21,,,18.0,138.6,139.85,,,,,,,,,
T1 ATM Straddle,2019-02-25,2019-02-28,,,,25,349.63,97.12,252.5,8.31,Expiry,sideways,3,,10900.0,2019-02-28,,,15.4,121.49,107.5,,,,,,,,,
T1 ATM Straddle,2019-03-11,2019-03-14,,,,25,-1787.2,99.75,-1886.96,-61.99,Expiry,sideways,3,,11150.0,2019-03-14,,,14.9,121.76,193.25,,,,,,,,,
T1 ATM Straddle,2019-03-18,2019-03-22,,,,25,3346.78,95.11,3251.66,92.4,Expiry,bull,4,,11450.0,2019-03-21,,,16.9,140.77,6.9,,,,,,,,,
T1 ATM Straddle,2019-03-25,2019-03-28,,,,25,-2072.55,101.41,-2173.96,-63.43,Expiry,bull,3,,11350.0,2019-03-28,,,16.7,137.1,220.0,,,,,,,,,
T1 ATM Straddle,2019-04-01,2019-04-04,,,,25,2530.07,97.17,2432.9,63.52,Expiry,bull,3,,11650.0,2019-04-04,,,18.0,153.2,52.0,,,,,,,,,
T1 ATM Straddle,2019-04-08,2019-04-11,,,,25,4149.47,96.56,4052.91,95.77,Expiry,bull,3,,11600.0,2019-04-11,,,20.1,169.28,3.3,,,,,,,,,
T1 ATM Straddle,2019-04-15,2019-04-18,,,,25,3203.12,98.71,3104.41,68.63,Expiry,bull,3,,11700.0,2019-04-18,,,21.4,180.92,52.8,,,,,,,,,
T1 ATM Straddle,2019-04-22,2019-04-25,,,,25,3997.44,99.51,3897.93,77.3,Expiry,bull,3,,11600.0,2019-04-25,,,24.0,201.7,41.8,,,,,,,,,
T1 ATM Straddle,2019-05-06,2019-05-09,,,,25,-1911.99,108.42,-2020.41,-36.45,Expiry,bull,3,,11600.0,2019-05-09,,,26.4,221.72,298.2,,,,,,,,,
T1 ATM Straddle,2019-05-13,2019-05-16,,,,25,2841.88,102.55,2739.33,49.63,Expiry,bull,3,,11150.0,2019-05-16,,,27.4,220.77,107.1,,,,,,,,,
T1 ATM Straddle,2019-05-20,2019-05-23,,,,25,253.98,104.2,149.78,2.95,Expiry,bull,3,,11850.0,2019-05-23,,,23.7,203.11,192.95,,,,,,,,,
T1 ATM Straddle,2019-05-27,2019-05-30,,,,25,2394.29,96.35,2297.94,64.88,Expiry,bull,3,,11900.0,2019-05-30,,,16.2,141.67,45.9,,,,,,,,,
T1 ATM Straddle,2019-06-03,2019-06-06,,,,25,-2912.95,102.66,-3015.61,-86.33,Expiry,bull,3,,12100.0,2019-06-06,,,16.0,139.73,256.25,,,,,,,,,
T1 ATM Straddle,2019-06-10,2019-06-13,,,,25,2926.56,94.8,2831.75,86.39,Expiry,bull,3,,11900.0,2019-06-13,,,15.0,131.11,14.05,,,,,,,,,
T1 ATM Straddle,2019-06-17,2019-06-20,,,,25,-1403.52,99.61,-1503.13,-47.87,Expiry,bull,3,,11650.0,2019-06-20,,,14.6,125.61,181.75,,,,,,,,,
T1 ATM Straddle,2019-06-24,2019-06-27,,,,25,-317.24,98.57,-415.81,-12.91,Expiry,bull,3,,11700.0,2019-06-27,,,15.2,128.86,141.55,,,,,,,,,
T1 ATM Straddle,2019-07-01,2019-07-04,,,,25,741.68,97.07,644.61,20.4,Expiry,bull,3,,11850.0,2019-07-04,,,14.6,126.42,96.75,,,,,,,,,
T1 ATM Straddle,2019-07-08,2019-07-11,,,,25,2085.61,94.57,1991.04,68.46,Expiry,bull,3,,11550.0,2019-07-11,,,13.9,116.32,32.9,,,,,,,,,
T1 ATM Straddle,2019-07-15,2019-07-18,,,,25,2444.39,92.82,2351.58,93.25,Expiry,bull,3,,11600.0,2019-07-18,,,12.0,100.88,3.1,,,,,,,,,
T1 ATM Straddle,2019-07-22,2019-07-25,,,,25,223.31,96.03,127.28,4.77,Expiry,bull,3,,11350.0,2019-07-25,,,13.0,106.78,97.85,,,,,,,,,
T1 ATM Straddle,2019-07-29,2019-08-01,,,,25,-2855.07,99.69,-2954.76,-111.71,Expiry,bull,3,,11200.0,2019-08-01,,,13.1,105.8,220.0,,,,,,,,,
T1 ATM Straddle,2019-08-05,2019-08-08,,,,25,-1284.47,99.93,-1384.4,-42.25,Expiry,sideways,3,,10850.0,2019-08-08,,,16.6,131.07,182.45,,,,,,,,,
T1 ATM Straddle,2019-08-19,2019-08-22,,,,25,-4363.76,103.95,-4467.71,-133.27,Expiry,sideways,3,,11050.0,2019-08-22,,,16.8,134.1,308.65,,,,,,,,,
T1 ATM Straddle,2019-08-26,2019-08-29,,,,25,798.19,97.61,700.57,20.97,Expiry,sideways,3,,11050.0,2019-08-29,,,16.7,133.63,101.7,,,,,,,,,
T1 ATM Straddle,2019-09-09,2019-09-12,,,,25,2727.53,94.64,2632.9,83.38,Expiry,sideways,3,,11000.0,2019-09-12,,,15.9,126.3,17.2,,,,,,,,,
T1 ATM Straddle,2019-09-16,2019-09-19,,,,25,-4400.56,102.72,-4503.28,-151.14,Expiry,bear,3,,11000.0,2019-09-19,,,14.9,119.18,295.2,,,,,,,,,
T1 ATM Straddle,2019-09-23,2019-09-26,,,,25,2803.48,95.79,2707.69,76.85,Expiry,sideways,3,,11600.0,2019-09-26,,,16.8,140.94,28.8,,,,,,,,,
T1 ATM Straddle,2019-09-30,2019-10-03,,,,25,-54.97,98.67,-153.64,-4.59,Expiry,sideways,3,,11450.0,2019-10-03,,,15.9,133.8,136.0,,,,,,,,,
T1 ATM Straddle,2019-10-07,2019-10-10,,,,25,1493.87,97.67,1396.19,38.7,Expiry,bear,3,,11150.0,2019-10-10,,,17.8,144.3,84.55,,,,,,,,,
T1 ATM Straddle,2019-10-14,2019-10-17,,,,25,-2333.13,102.23,-2435.36,-68.11,Expiry,sideways,3,,11350.0,2019-10-17,,,17.4,143.02,236.35,,,,,,,,,
T1 ATM Straddle,2019-11-04,2019-11-07,,,,25,1889.39,96.62,1792.77,52.11,Expiry,sideways,3,,11950.0,2019-11-07,,,15.9,137.63,62.05,,,,,,,,,
T1 ATM Straddle,2019-11-11,2019-11-14,,,,25,2822.78,95.76,2727.02,77.47,Expiry,bull,3,,11900.0,2019-11-14,,,16.2,140.81,27.9,,,,,,,,,
T1 ATM Straddle,2019-11-18,2019-11-21,,,,25,1683.3,96.71,1586.59,46.76,Expiry,bull,3,,11900.0,2019-11-21,,,15.8,135.73,68.4,,,,,,,,,
T1 ATM Straddle,2019-11-25,2019-11-28,,,,25,797.51,97.56,699.94,21.04,Expiry,bull,3,,12050.0,2019-11-28,,,15.0,133.05,101.15,,,,,,,,,
T1 ATM Straddle,2019-12-02,2019-12-05,,,,25,2304.66,94.94,2209.73,71.4,Expiry,bull,3,,12050.0,2019-12-05,,,14.2,123.79,31.6,,,,,,,,,
T1 ATM Straddle,2019-12-09,2019-12-12,,,,25,2609.96,94.77,2515.19,79.72,Expiry,bull,3,,11950.0,2019-12-12,,,14.6,126.2,21.8,,,,,,,,,
T1 ATM Straddle,2019-12-16,2019-12-19,,,,25,-2311.11,100.01,-2411.12,-82.25,Expiry,bull,3,,12050.0,2019-12-19,,,13.4,117.26,209.7,,,,,,,,,
T1 ATM Straddle,2020-01-06,2020-01-09,,,,25,-2191.92,100.8,-2292.72,-71.52,Expiry,bull,3,,12000.0,2020-01-09,,,14.8,128.22,215.9,,,,,,,,,
T1 ATM Straddle,2020-01-13,2020-01-16,,,,25,3060.22,94.37,2965.85,92.75,Expiry,bull,3,,12350.0,2020-01-16,,,14.3,127.91,5.5,,,,,,,,,
T1 ATM Straddle,2020-01-20,2020-01-23,,,,25,2967.33,95.37,2871.96,83.04,Expiry,bull,3,,12200.0,2020-01-23,,,15.4,138.34,19.65,,,,,,,,,
T1 ATM Straddle,2020-01-27,2020-01-30,,,,25,2190.41,97.47,2092.94,55.14,Expiry,bull,3,,12100.0,2020-01-30,,,17.2,151.82,64.2,,,,,,,,,
T1 ATM Straddle,2020-02-03,2020-02-04,,,,25,-3771.0,103.22,-3874.22,-115.62,Stop Loss 2x,bull,1,,11700.0,2020-02-06,,,15.8,134.04,284.88,,,,,,,,,
T1 ATM Straddle,2020-02-10,2020-02-13,,,,25,-13.6,97.79,-111.39,-3.59,Expiry,bull,3,,12050.0,2020-02-13,,,14.2,124.11,124.65,,,,,,,,,
T1 ATM Straddle,2020-02-17,2020-02-20,,,,25,2369.96,95.02,2274.94,72.42,Expiry,bull,3,,12050.0,2020-02-20,,,14.4,125.65,30.85,,,,,,,,,
T1 ATM Straddle,2020-02-24,2020-02-27,,,,25,-1767.53,101.79,-1869.33,-51.21,Expiry,bull,3,,11850.0,2020-02-27,,,17.0,146.0,216.7,,,,,,,,,
T1 ATM Straddle,2020-03-02,2020-03-05,,,,25,2105.84,101.95,2003.89,39.44,Expiry,sideways,3,,11150.0,2020-03-05,,,25.2,203.23,119.0,,,,,,,,,
T1 ATM Straddle,2020-03-09,2020-03-12,,,,25,-15675.38,126.15,-15801.52,-271.46,Expiry,sideways,3,,10450.0,2020-03-12,,,30.8,232.83,859.85,,,,,,,,,
T1 ATM Straddle,2020-03-16,2020-03-19,,,,25,-13622.77,137.18,-13759.95,-140.54,Expiry,sideways,3,,9200.0,2020-03-19,,,58.9,391.64,936.55,,,,,,,,,
T1 ATM Straddle,2020-03-23,2020-03-26,,,,25,-16135.68,140.61,-16276.3,-164.4,Expiry,bear,3,,7600.0,2020-03-26,,,72.0,396.02,1041.45,,,,,,,,,
T1 ATM Straddle,2020-03-30,2020-04-03,,,,25,5372.26,117.38,5254.88,48.76,Expiry,bear,4,,8300.0,2020-04-02,,,71.9,431.09,216.2,,,,,,,,,
T1 ATM Straddle,2020-04-13,2020-04-16,,,,25,8189.6,105.74,8083.86,96.59,Expiry,bear,3,,9000.0,2020-04-16,,,51.5,334.78,7.2,,,,,,,,,
T1 ATM Straddle,2020-04-20,2020-04-23,,,,25,5682.3,105.08,5577.21,76.61,Expiry,bear,3,,9250.0,2020-04-23,,,43.5,291.19,63.9,,,,,,,,,
T1 ATM Straddle,2020-04-27,2020-04-30,,,,25,-7602.97,118.26,-7721.23,-120.75,Expiry,bear,3,,9300.0,2020-04-30,,,38.0,255.78,559.9,,,,,,,,,
T1 ATM Straddle,2020-05-04,2020-05-07,,,,25,4815.77,106.34,4709.43,64.17,Expiry,bear,3,,9300.0,2020-05-07,,,43.7,293.58,100.95,,,,,,,,,
T1 ATM Straddle,2020-05-11,2020-05-14,,,,25,3677.31,104.39,3572.92,56.19,Expiry,bear,3,,9250.0,2020-05-14,,,38.0,254.34,107.25,,,,,,,,,
T1 ATM Straddle,2020-05-18,2020-05-21,,,,25,-1113.97,110.86,-1224.82,-18.72,Expiry,bear,3,,8800.0,2020-05-21,,,40.9,261.69,306.25,,,,,,,,,
T1 ATM Straddle,2020-06-01,2020-06-04,,,,25,1002.44,104.65,897.79,16.38,Expiry,bear,3,,9850.0,2020-06-04,,,30.7,219.2,179.1,,,,,,,,,
T1 ATM Straddle,2020-06-08,2020-06-11,,,,25,-735.51,106.72,-842.23,-15.41,Expiry,bear,3,,10150.0,2020-06-11,,,29.6,218.58,248.0,,,,,,,,,
T1 ATM Straddle,2020-06-15,2020-06-18,,,,25,-1502.71,108.76,-1611.47,-27.84,Expiry,bear,3,,9800.0,2020-06-18,,,32.6,231.54,291.65,,,,,,,,,
T1 ATM Straddle,2020-06-22,2020-06-25,,,,25,5407.31,99.98,5307.33,93.36,Expiry,bear,3,,10300.0,2020-06-25,,,30.5,227.39,11.1,,,,,,,,,
T1 ATM Straddle,2020-06-29,2020-07-02,,,,25,-894.1,106.69,-1000.79,-18.54,Expiry,bear,3,,10300.0,2020-07-02,,,28.9,215.94,251.7,,,,,,,,,
T1 ATM Straddle,2020-07-06,2020-07-09,,,,25,3329.65,99.9,3229.76,65.7,Expiry,bear,3,,10750.0,2020-07-09,,,25.2,196.64,63.45,,,,,,,,,
T1 ATM Straddle,2020-07-13,2020-07-16,,,,25,3432.34,99.83,3332.51,67.55,Expiry,bear,3,,10800.0,2020-07-16,,,25.2,197.34,60.05,,,,,,,,,
T1 ATM Straddle,2020-07-20,2020-07-23,,,,25,-435.46,104.6,-540.06,-10.91,Expiry,sideways,3,,11000.0,2020-07-23,,,24.7,198.03,215.45,,,,,,,,,
T1 ATM Straddle,2020-07-27,2020-07-30,,,,25,3849.05,99.7,3749.35,74.31,Expiry,sideways,3,,11150.0,2020-07-30,,,25.0,201.81,47.85,,,,,,,,,
T1 ATM Straddle,2020-08-03,2020-08-06,,,,25,-2541.5,107.21,-2648.71,-53.38,Expiry,sideways,3,,10900.0,2020-08-06,,,25.2,198.49,300.15,,,,,,,,,
T1 ATM Straddle,2020-08-10,2020-08-13,,,,25,3350.76,98.83,3251.93,70.51,Expiry,sideways,3,,11250.0,2020-08-13,,,22.5,184.48,50.45,,,,,,,,,
T1 ATM Straddle,2020-08-17,2020-08-20,,,,25,2779.07,98.58,2680.48,61.85,Expiry,sideways,3,,11250.0,2020-08-20,,,21.3,173.36,62.2,,,,,,,,,
T1 ATM Straddle,2020-08-24,2020-08-27,,,,25,1277.7,99.31,1178.39,29.39,Expiry,bull,3,,11450.0,2020-08-27,,,19.2,160.36,109.25,,,,,,,,,
T1 ATM Straddle,2020-08-31,2020-09-03,,,,25,1520.2,101.39,1418.81,30.15,Expiry,bull,3,,11400.0,2020-09-03,,,22.8,188.26,127.45,,,,,,,,,
T1 ATM Straddle,2020-09-07,2020-09-10,,,,25,2041.53,100.13,1941.41,42.93,Expiry,bull,3,,11350.0,2020-09-10,,,22.0,180.91,99.25,,,,,,,,,
T1 ATM Straddle,2020-09-14,2020-09-17,,,,25,2732.67,98.81,2633.85,60.06,Expiry,bull,3,,11450.0,2020-09-17,,,21.2,175.41,66.1,,,,,,,,,
T1 ATM Straddle,2020-09-21,2020-09-24,,,,25,-6596.09,110.63,-6706.72,-148.54,Expiry,bull,3,,11250.0,2020-09-24,,,22.2,180.61,444.45,,,,,,,,,
T1 ATM Straddle,2020-09-28,2020-10-01,,,,25,-183.91,101.02,-284.93,-7.14,Expiry,bull,3,,11250.0,2020-10-01,,,19.6,159.59,166.95,,,,,,,,,
T1 ATM Straddle,2020-10-05,2020-10-08,,,,25,-4264.24,106.37,-4370.61,-106.58,Expiry,bull,3,,11500.0,2020-10-08,,,19.7,164.03,334.6,,,,,,,,,
T1 ATM Straddle,2020-10-12,2020-10-15,,,,25,-2172.92,105.42,-2278.34,-49.87,Expiry,bull,3,,11950.0,2020-10-15,,,21.1,182.73,269.65,,,,,,,,,
T1 ATM Straddle,2020-10-19,2020-10-22,,,,25,3554.54,98.94,3455.6,73.28,Expiry,bull,3,,11850.0,2020-10-22,,,21.8,188.63,46.45,,,,,,,,,
T1 ATM Straddle,2020-10-26,2020-10-29,,,,25,2896.99,100.29,2796.7,57.34,Expiry,bull,3,,11750.0,2020-10-29,,,22.8,195.08,79.2,,,,,,,,,
T1 ATM Straddle,2020-11-02,2020-11-05,,,,25,-6419.38,113.22,-6532.6,-122.38,Expiry,bull,3,,11650.0,2020-11-05,,,25.2,213.52,470.3,,,,,,,,,
T1 ATM Straddle,2020-11-09,2020-11-12,,,,25,-1477.82,104.48,-1582.31,-34.84,Expiry,bull,3,,12450.0,2020-11-12,,,20.1,181.69,240.8,,,,,,,,,
T1 ATM Straddle,2020-11-23,2020-11-26,,,,25,3951.61,99.0,3852.61,79.0,Expiry,bull,3,,12950.0,2020-11-26,,,20.8,195.06,37.0,,,,,,,,,
T1 ATM Straddle,2020-12-07,2020-12-10,,,,25,1150.23,100.65,1049.58,24.09,Expiry,bull,3,,13350.0,2020-12-10,,,18.0,174.31,128.3,,,,,,,,,
T1 ATM Straddle,2020-12-14,2020-12-17,,,,25,-3.76,103.44,-107.2,-2.25,Expiry,bull,3,,13550.0,2020-12-17,,,19.4,190.55,190.7,,,,,,,,,
T1 ATM Straddle,2020-12-21,2020-12-24,,,,25,-4381.37,111.63,-4493.0,-80.23,Expiry,bull,3,,13350.0,2020-12-24,,,23.2,224.0,399.25,,,,,,,,,
T1 ATM Straddle,2020-12-28,2020-12-31,,,,25,1862.39,102.5,1759.89,34.13,Expiry,bull,3,,13850.0,2020-12-31,,,20.4,206.25,131.75,,,,,,,,,
T1 ATM Straddle,2021-01-04,2021-01-07,,,,25,4808.19,98.8,4709.38,91.9,Expiry,bull,3,,14150.0,2021-01-07,,,20.0,204.98,12.65,,,,,,,,,
T1 ATM Straddle,2021-01-11,2021-01-14,,,,25,3475.6,102.95,3372.65,57.5,Expiry,bull,3,,14500.0,2021-01-14,,,22.4,234.62,95.6,,,,,,,,,
T1 ATM Straddle,2021-01-18,2021-01-21,,,,25,-950.95,109.86,-1060.81,-16.82,Expiry,bull,3,,14300.0,2021-01-21,,,24.4,252.31,290.35,,,,,,,,,
T1 ATM Straddle,2021-01-25,2021-01-28,,,,25,-4823.44,113.49,-4936.93,-82.45,Expiry,bull,3,,14250.0,2021-01-28,,,23.2,239.51,432.45,,,,,,,,,
T1 ATM Straddle,2021-02-01,2021-02-03,,,,25,-6292.26,115.42,-6407.68,-106.28,Stop Loss 2x,bull,2,,14300.0,2021-02-04,,,23.3,241.16,492.85,,,,,,,,,
T1 ATM Straddle,2021-02-08,2021-02-11,,,,25,4729.07,103.8,4625.27,70.49,Expiry,bull,3,,15100.0,2021-02-11,,,24.0,262.46,73.3,,,,,,,,,
T1 ATM Straddle,2021-02-15,2021-02-18,,,,25,2247.81,107.55,2140.26,31.59,Expiry,bull,3,,15300.0,2021-02-18,,,24.4,270.96,181.05,,,,,,,,,
T1 ATM Straddle,2021-02-22,2021-02-25,,,,25,-3162.53,114.13,-3276.66,-48.39,Expiry,bull,3,,14700.0,2021-02-25,,,25.5,270.85,397.35,,,,,,,,,
T1 ATM Straddle,2021-03-01,2021-03-04,,,,25,-1420.56,112.27,-1532.83,-22.38,Expiry,bull,3,,14750.0,2021-03-04,,,25.6,273.93,330.75,,,,,,,,,
T1 ATM Straddle,2021-03-08,2021-03-12,,,,25,4654.08,104.29,4549.8,68.13,Expiry,bull,4,,14950.0,2021-03-11,,,24.7,267.11,80.95,,,,,,,,,
T1 ATM Straddle,2021-03-15,2021-03-18,,,,25,-4064.23,111.72,-4175.95,-72.76,Expiry,bull,3,,14950.0,2021-03-18,,,21.2,229.58,392.15,,,,,,,,,
T1 ATM Straddle,2021-03-22,2021-03-25,,,,25,-5164.88,112.11,-5276.99,-96.6,Expiry,bull,3,,14750.0,2021-03-25,,,20.5,218.5,425.1,,,,,,,,,
T1 ATM Straddle,2021-04-05,2021-04-08,,,,25,23.58,106.32,-82.74,-1.47,Expiry,bull,3,,14650.0,2021-04-08,,,21.2,224.74,223.8,,,,,,,,,
T1 ATM Straddle,2021-04-12,2021-04-15,,,,25,-1076.52,108.82,-1185.34,-19.89,Expiry,bull,3,,14300.0,2021-04-15,,,23.0,238.39,281.45,,,,,,,,,
T1 ATM Straddle,2021-04-19,2021-04-22,,,,25,4442.76,101.71,4341.05,74.25,Expiry,bull,3,,14350.0,2021-04-22,,,22.5,233.86,56.15,,,,,,,,,
T1 ATM Straddle,2021-04-26,2021-04-29,,,,25,-3713.64,112.72,-3826.36,-62.13,Expiry,bull,3,,14500.0,2021-04-29,,,23.5,246.35,394.9,,,,,,,,,
T1 ATM Straddle,2021-05-03,2021-05-06,,,,25,4403.06,103.21,4299.85,68.54,Expiry,bull,3,,14650.0,2021-05-06,,,23.7,250.92,74.8,,,,,,,,,
T1 ATM Straddle,2021-05-10,2021-05-14,,,,25,-1338.64,107.46,-1446.1,-26.45,Expiry,bull,4,,14950.0,2021-05-13,,,20.2,218.65,272.2,,,,,,,,,
T1 ATM Straddle,2021-05-17,2021-05-20,,,,25,5171.7,99.04,5072.66,95.3,Expiry,bull,3,,14900.0,2021-05-20,,,19.6,212.92,6.05,,,,,,,,,
T1 ATM Straddle,2021-05-24,2021-05-27,,,,25,1811.56,102.91,1708.65,32.5,Expiry,bull,3,,15200.0,2021-05-27,,,19.1,210.31,137.85,,,,,,,,,
T1 ATM Straddle,2021-05-31,2021-06-03,,,,25,1430.77,98.03,1332.74,36.12,Expiry,bull,3,,15600.0,2021-06-03,,,13.1,147.58,90.35,,,,,,,,,
T1 ATM Straddle,2021-06-07,2021-06-10,,,,25,4132.0,97.29,4034.71,90.91,Expiry,bull,3,,15750.0,2021-06-10,,,15.6,177.53,12.25,,,,,,,,,
T1 ATM Straddle,2021-06-14,2021-06-17,,,,25,1510.79,99.76,1411.03,33.39,Expiry,bull,3,,15800.0,2021-06-17,,,14.7,169.03,108.6,,,,,,,,,
T1 ATM Straddle,2021-06-21,2021-06-24,,,,25,3277.64,97.82,3179.82,74.14,Expiry,bull,3,,15750.0,2021-06-24,,,15.1,171.56,40.45,,,,,,,,,
T1 ATM Straddle,2021-06-28,2021-07-01,,,,25,857.26,99.3,757.96,19.65,Expiry,bull,3,,15800.0,2021-07-01,,,13.4,154.29,120.0,,,,,,,,,
T1 ATM Straddle,2021-07-05,2021-07-08,,,,25,-999.63,95.42,-1095.05,-53.34,Expiry,bull,3,,15850.0,2021-07-08,,,7.1,82.11,122.1,,,,,,,,,
T1 ATM Straddle,2021-07-12,2021-07-15,,,,25,-1918.72,102.1,-2020.83,-54.82,Expiry,bull,3,,15700.0,2021-07-15,,,13.0,147.45,224.2,,,,,,,,,
T1 ATM Straddle,2021-07-19,2021-07-22,,,,25,1766.04,97.38,1668.66,46.13,Expiry,bull,3,,15750.0,2021-07-22,,,12.7,144.69,74.05,,,,,,,,,
T1 ATM Straddle,2021-07-26,2021-07-29,,,,25,3080.63,95.78,2984.85,82.47,Expiry,bull,3,,15800.0,2021-07-29,,,12.4,144.78,21.55,,,,,,,,,
T1 ATM Straddle,2021-08-02,2021-08-04,,,,25,-5358.83,106.28,-5465.12,-148.4,Stop Loss 2x,bull,2,,15900.0,2021-08-05,,,12.8,147.31,361.66,,,,,,,,,
T1 ATM Straddle,2021-08-09,2021-08-12,,,,25,860.93,98.83,762.1,20.48,Expiry,bull,3,,16250.0,2021-08-12,,,12.6,148.84,114.4,,,,,,,,,
T1 ATM Straddle,2021-08-16,2021-08-20,,,,25,1565.07,99.1,1465.97,36.17,Expiry,bull,4,,16550.0,2021-08-19,,,13.5,162.1,99.5,,,,,,,,,
T1 ATM Straddle,2021-08-23,2021-08-26,,,,25,662.18,100.31,561.87,13.76,Expiry,bull,3,,16500.0,2021-08-26,,,13.7,163.39,136.9,,,,,,,,,
T1 ATM Straddle,2021-08-30,2021-09-02,,,,25,-3019.49,104.8,-3124.29,-76.5,Expiry,bull,3,,16950.0,2021-09-02,,,13.3,163.37,284.15,,,,,,,,,
T1 ATM Straddle,2021-09-06,2021-09-09,,,,25,3988.42,98.55,3889.87,81.77,Expiry,bull,3,,17400.0,2021-09-09,,,15.1,190.29,30.75,,,,,,,,,
T1 ATM Straddle,2021-09-13,2021-09-16,,,,25,-2576.43,105.37,-2681.81,-60.8,Expiry,bull,3,,17350.0,2021-09-16,,,14.0,176.44,279.5,,,,,,,,,
T1 ATM Straddle,2021-09-20,2021-09-23,,,,25,-5070.93,112.14,-5183.07,-94.19,Expiry,bull,3,,17400.0,2021-09-23,,,17.5,220.11,422.95,,,,,,,,,
T1 ATM Straddle,2021-09-27,2021-09-30,,,,25,36.81,107.04,-70.23,-1.2,Expiry,bull,3,,17850.0,2021-09-30,,,18.0,233.32,231.85,,,,,,,,,
T1 ATM Straddle,2021-10-04,2021-10-07,,,,25,3096.72,101.68,2995.04,55.93,Expiry,bull,3,,17700.0,2021-10-07,,,16.7,214.22,90.35,,,,,,,,,
T1 ATM Straddle,2021-10-11,2021-10-14,,,,25,-4491.7,110.47,-4602.17,-88.13,Expiry,bull,3,,17950.0,2021-10-14,,,16.1,208.88,388.55,,,,,,,,,
T1 ATM Straddle,2021-10-18,2021-10-21,,,,25,-2299.12,109.59,-2408.71,-41.9,Expiry,bull,3,,18500.0,2021-10-21,,,17.2,229.94,321.9,,,,,,,,,
T1 ATM Straddle,2021-10-25,2021-10-28,,,,25,-1536.59,108.78,-1645.37,-28.46,Expiry,bull,3,,18150.0,2021-10-28,,,17.6,231.29,292.75,,,,,,,,,
T1 ATM Straddle,2021-11-01,2021-11-04,,,,25,4765.65,100.46,4665.19,83.37,Expiry,bull,3,,17950.0,2021-11-04,,,17.2,223.83,33.2,,,,,,,,,
T1 ATM Straddle,2021-11-08,2021-11-11,,,,25,954.5,104.32,850.18,15.85,Expiry,bull,3,,18050.0,2021-11-11,,,16.3,214.58,176.4,,,,,,,,,
T1 ATM Straddle,2021-11-15,2021-11-18,,,,25,-3302.06,108.53,-3410.59,-67.17,Expiry,bull,3,,18100.0,2021-11-18,,,15.5,203.12,335.2,,,,,,,,,
T1 ATM Straddle,2021-11-22,2021-11-25,,,,25,2131.79,103.48,2028.31,36.63,Expiry,bull,3,,17400.0,2021-11-25,,,17.5,221.52,136.25,,,,,,,,,
T1 ATM Straddle,2021-11-29,2021-12-02,,,,25,-2364.49,111.99,-2476.48,-38.53,Expiry,bull,3,,17050.0,2021-12-02,,,20.8,257.07,351.65,,,,,,,,,
T1 ATM Straddle,2021-12-06,2021-12-08,,,,25,-8167.19,118.12,-8285.31,-134.68,Stop Loss 2x,bull,2,,16900.0,2021-12-09,,,20.1,246.08,572.77,,,,,,,,,
T1 ATM Straddle,2021-12-13,2021-12-16,,,,25,2689.2,101.74,2587.46,49.48,Expiry,bull,3,,17350.0,2021-12-16,,,16.6,209.17,101.6,,,,,,,,,
T1 ATM Straddle,2021-12-20,2021-12-23,,,,25,-6100.89,114.11,-6215.0,-108.77,Expiry,bull,3,,16600.0,2021-12-23,,,19.0,228.56,472.6,,,,,,,,,
T1 ATM Straddle,2021-12-27,2021-12-30,,,,25,2692.6,101.95,2590.65,48.96,Expiry,bull,3,,17100.0,2021-12-30,,,17.1,211.65,103.95,,,,,,,,,
T1 ATM Straddle,2022-01-03,2022-01-06,,,,25,2856.36,101.62,2754.74,52.43,Expiry,bull,3,,17650.0,2022-01-06,,,16.5,210.15,95.9,,,,,,,,,
T1 ATM Straddle,2022-01-10,2022-01-13,,,,25,-685.28,107.67,-792.94,-13.77,Expiry,bull,3,,18000.0,2022-01-13,,,17.7,230.39,257.8,,,,,,,,,
T1 ATM Straddle,2022-01-17,2022-01-20,,,,25,-8014.05,115.92,-8129.97,-146.2,Expiry,bull,3,,18300.0,2022-01-20,,,16.8,222.44,543.0,,,,,,,,,
T1 ATM Straddle,2022-01-24,2022-01-27,,,,25,6083.98,103.91,5980.07,84.46,Expiry,bull,3,,17150.0,2022-01-27,,,22.8,283.21,39.85,,,,,,,,,
T1 ATM Straddle,2022-01-31,2022-02-03,,,,25,1628.05,108.67,1519.37,22.07,Expiry,bull,3,,17350.0,2022-02-03,,,22.0,275.32,210.2,,,,,,,,,
T1 ATM Straddle,2022-02-07,2022-02-10,,,,25,-3771.53,113.52,-3885.05,-60.94,Expiry,bull,3,,17200.0,2022-02-10,,,20.4,254.99,405.85,,,,,,,,,
T1 ATM Straddle,2022-02-14,2022-02-17,,,,25,-4366.03,116.38,-4482.41,-64.04,Expiry,bull,3,,16850.0,2022-02-17,,,23.0,279.96,454.6,,,,,,,,,
T1 ATM Straddle,2022-02-21,2022-02-24,,,,25,-16671.97,131.82,-16803.79,-235.7,Expiry,bull,3,,17200.0,2022-02-24,,,22.9,285.17,952.05,,,,,,,,,
T1 ATM Straddle,2022-02-28,2022-03-03,,,,25,1127.2,115.39,1011.81,11.66,Expiry,sideways,3,,16800.0,2022-03-03,,,28.6,347.04,301.95,,,,,,,,,
T1 ATM Straddle,2022-03-07,2022-03-10,,,,25,-10203.57,128.33,-10331.9,-122.72,Expiry,sideways,3,,15850.0,2022-03-10,,,29.3,336.76,744.9,,,,,,,,,
T1 ATM Straddle,2022-03-14,2022-03-17,,,,25,-3075.18,117.71,-3192.89,-40.67,Expiry,sideways,3,,16850.0,2022-03-17,,,25.7,314.04,437.05,,,,,,,,,
T1 ATM Straddle,2022-03-21,2022-03-24,,,,25,4565.03,107.65,4457.38,58.39,Expiry,bull,3,,17100.0,2022-03-24,,,24.6,305.35,122.75,,,,,,,,,
T1 ATM Straddle,2022-03-28,2022-03-31,,,,25,443.95,110.73,333.22,4.72,Expiry,bull,3,,17200.0,2022-03-31,,,22.6,282.51,264.75,,,,,,,,,
T1 ATM Straddle,2022-04-04,2022-04-07,,,,25,-4410.41,112.52,-4522.92,-77.3,Expiry,bull,3,,18050.0,2022-04-07,,,17.9,234.03,410.45,,,,,,,,,
T1 ATM Straddle,2022-04-11,2022-04-13,,,,25,445.79,103.03,342.76,7.13,Expiry,bull,2,,17650.0,2022-04-13,,,18.3,192.18,174.35,,,,,,,,,
T1 ATM Straddle,2022-04-18,2022-04-21,,,,25,-28.76,107.81,-136.57,-2.26,Expiry,sideways,3,,17150.0,2022-04-21,,,19.3,241.45,242.6,,,,,,,,,
T1 ATM Straddle,2022-04-25,2022-04-28,,,,25,-855.5,110.47,-965.96,-14.81,Expiry,bear,3,,16950.0,2022-04-28,,,21.3,260.83,295.05,,,,,,,,,
T1 ATM Straddle,2022-05-02,2022-05-05,,,,25,-2903.74,112.14,-3015.88,-48.02,Expiry,bear,3,,17050.0,2022-05-05,,,20.3,251.2,367.35,,,,,,,,,
T1 ATM Straddle,2022-05-09,2022-05-12,,,,25,-5804.3,116.41,-5920.71,-91.15,Expiry,bear,3,,16300.0,2022-05-12,,,22.0,259.83,492.0,,,,,,,,,
T1 ATM Straddle,2022-05-16,2022-05-19,,,,25,6012.36,103.82,5908.54,84.08,Expiry,bear,3,,15850.0,2022-05-19,,,24.5,281.09,40.6,,,,,,,,,
T1 ATM Straddle,2022-05-23,2022-05-26,,,,25,6126.01,103.15,6022.85,87.64,Expiry,bear,3,,16200.0,2022-05-26,,,23.4,274.89,29.85,,,,,,,,,
T1 ATM Straddle,2022-05-30,2022-06-02,,,,25,5479.93,101.07,5378.86,89.2,Expiry,bear,3,,16650.0,2022-06-02,,,20.0,241.2,22.0,,,,,,,,,
T1 ATM Straddle,2022-06-06,2022-06-09,,,,25,4276.52,102.69,4173.83,68.72,Expiry,bear,3,,16550.0,2022-06-09,,,20.2,242.96,71.9,,,,,,,,,
T1 ATM Straddle,2022-06-13,2022-06-16,,,,25,-3326.83,113.1,-3439.92,-53.68,Expiry,bear,3,,15750.0,2022-06-16,,,22.4,256.33,389.4,,,,,,,,,
T1 ATM Straddle,2022-06-20,2022-06-23,,,,25,1055.01,107.12,947.89,15.24,Expiry,bear,3,,15350.0,2022-06-23,,,22.4,248.85,206.65,,,,,,,,,
T1 ATM Straddle,2022-06-27,2022-06-30,,,,25,4276.24,102.5,4173.73,69.33,Expiry,bear,3,,15850.0,2022-06-30,,,21.0,240.8,69.75,,,,,,,,,
T1 ATM Straddle,2022-07-04,2022-07-07,,,,25,-1065.06,108.97,-1174.03,-19.54,Expiry,bear,3,,15850.0,2022-07-07,,,21.0,240.3,282.9,,,,,,,,,
T1 ATM Straddle,2022-07-11,2022-07-14,,,,25,-1128.45,107.0,-1235.45,-22.86,Expiry,bear,3,,16200.0,2022-07-14,,,18.4,216.21,261.35,,,,,,,,,
T1 ATM Straddle,2022-07-18,2022-07-21,,,,25,-2571.31,107.58,-2678.89,-52.94,Expiry,bear,3,,16300.0,2022-07-21,,,17.2,202.4,305.25,,,,,,,,,
T1 ATM Straddle,2022-07-25,2022-07-28,,,,25,-1667.27,107.37,-1774.64,-33.34,Expiry,bear,3,,16650.0,2022-07-28,,,17.7,212.91,279.6,,,,,,,,,
T1 ATM Straddle,2022-08-01,2022-08-04,,,,25,4684.53,100.18,4584.35,83.59,Expiry,sideways,3,,17350.0,2022-08-04,,,17.5,219.38,32.0,,,,,,,,,
T1 ATM Straddle,2022-08-08,2022-08-11,,,,25,3402.1,103.93,3298.16,53.83,Expiry,sideways,3,,17550.0,2022-08-11,,,19.3,245.08,109.0,,,,,,,,,
T1 ATM Straddle,2022-08-22,2022-08-25,,,,25,5461.07,101.07,5360.0,89.0,Expiry,sideways,3,,17500.0,2022-08-25,,,19.0,240.89,22.45,,,,,,,,,
T1 ATM Straddle,2022-08-29,2022-09-01,,,,25,147.02,108.21,38.81,0.62,Expiry,sideways,3,,17300.0,2022-09-01,,,19.8,248.68,242.8,,,,,,,,,
T1 ATM Straddle,2022-09-05,2022-09-08,,,,25,2577.59,105.52,2472.07,39.26,Expiry,sideways,3,,17650.0,2022-09-08,,,19.7,251.85,148.75,,,,,,,,,
T1 ATM Straddle,2022-09-12,2022-09-15,,,,25,4005.2,102.15,3903.05,67.06,Expiry,bull,3,,17950.0,2022-09-15,,,17.9,232.81,72.6,,,,,,,,,
T1 ATM Straddle,2022-09-19,2022-09-22,,,,25,5635.04,102.07,5532.97,86.72,Expiry,bull,3,,17600.0,2022-09-22,,,19.9,255.2,29.8,,,,,,,,,
T1 ATM Straddle,2022-09-26,2022-09-29,,,,25,2202.43,107.52,2094.91,31.04,Expiry,bull,3,,17000.0,2022-09-29,,,21.9,270.0,181.9,,,,,,,,,
T1 ATM Straddle,2022-10-03,2022-10-06,,,,25,-4267.82,114.65,-4382.47,-67.14,Expiry,sideways,3,,16900.0,2022-10-06,,,21.4,261.09,431.8,,,,,,,,,
T1 ATM Straddle,2022-10-10,2022-10-13,,,,25,225.87,107.77,118.09,1.93,Expiry,bull,3,,17250.0,2022-10-13,,,19.6,244.69,235.65,,,,,,,,,
T1 ATM Straddle,2022-10-17,2022-10-20,,,,25,-820.34,107.89,-928.24,-16.06,Expiry,bull,3,,17300.0,2022-10-20,,,18.4,231.14,263.95,,,,,,,,,
T1 ATM Straddle,2022-10-24,2022-10-27,,,,25,5264.21,99.84,5164.37,92.38,Expiry,bull,3,,17750.0,2022-10-27,,,17.4,223.62,13.05,,,,,,,,,
T1 ATM Straddle,2022-10-31,2022-11-03,,,,25,3844.32,100.11,3744.22,72.54,Expiry,bull,3,,18000.0,2022-11-03,,,15.8,206.47,52.7,,,,,,,,,
T1 ATM Straddle,2022-11-07,2022-11-10,,,,25,841.16,103.68,737.48,14.36,Expiry,bull,3,,18200.0,2022-11-10,,,15.6,205.45,171.8,,,,,,,,,
T1 ATM Straddle,2022-11-14,2022-11-17,,,,25,4796.0,98.22,4697.79,94.93,Expiry,bull,3,,18350.0,2022-11-17,,,14.9,197.94,6.1,,,,,,,,,
T1 ATM Straddle,2022-11-21,2022-11-24,,,,25,-3478.98,108.05,-3587.03,-73.6,Expiry,bull,3,,18150.0,2022-11-24,,,14.8,194.94,334.1,,,,,,,,,
T1 ATM Straddle,2022-11-28,2022-12-01,,,,25,-1987.6,105.22,-2092.81,-45.75,Expiry,bull,3,,18550.0,2022-12-01,,,13.6,183.0,262.5,,,,,,,,,
T1 ATM Straddle,2022-12-05,2022-12-08,,,,25,2380.9,100.14,2280.77,49.08,Expiry,bull,3,,18700.0,2022-12-08,,,13.7,185.89,90.65,,,,,,,,,
T1 ATM Straddle,2022-12-12,2022-12-15,,,,25,2329.41,99.55,2229.86,50.03,Expiry,bull,3,,18500.0,2022-12-15,,,13.3,178.28,85.1,,,,,,,,,
T1 ATM Straddle,2022-12-19,2022-12-22,,,,25,-2265.91,105.47,-2371.38,-52.11,Expiry,bull,3,,18400.0,2022-12-22,,,13.6,182.01,272.65,,,,,,,,,
T1 ATM Straddle,2022-12-26,2022-12-29,,,,25,-873.18,101.56,-974.75,-24.98,Expiry,bull,3,,18000.0,2022-12-29,,,11.9,156.07,191.0,,,,,,,,,
T1 ATM Straddle,2023-01-02,2023-01-05,,,,25,-360.89,104.12,-465.01,-9.62,Expiry,bull,3,,18200.0,2023-01-05,,,14.7,193.41,207.85,,,,,,,,,
T1 ATM Straddle,2023-01-09,2023-01-12,,,,25,-1246.04,105.07,-1351.11,-28.15,Expiry,bull,3,,18100.0,2023-01-12,,,14.6,191.96,241.8,,,,,,,,,
T1 ATM Straddle,2023-01-16,2023-01-19,,,,25,-335.45,104.18,-439.63,-9.04,Expiry,bull,3,,17900.0,2023-01-19,,,15.0,194.43,207.85,,,,,,,,,
T1 ATM Straddle,2023-01-23,2023-01-25,,,,25,-1525.96,101.59,-1627.55,-44.28,Expiry,bull,2,,18100.0,2023-01-25,,,13.6,147.01,208.05,,,,,,,,,
T1 ATM Straddle,2023-01-30,2023-02-02,,,,25,4663.46,100.78,4562.68,80.71,Expiry,bull,3,,17650.0,2023-02-02,,,17.7,226.14,39.6,,,,,,,,,
T1 ATM Straddle,2023-02-06,2023-02-09,,,,25,1154.21,101.95,1052.26,22.2,Expiry,bull,3,,17750.0,2023-02-09,,,14.7,189.62,143.45,,,,,,,,,
T1 ATM Straddle,2023-02-13,2023-02-16,,,,25,-2711.97,105.62,-2817.58,-63.54,Expiry,bull,3,,17750.0,2023-02-16,,,13.7,177.37,285.85,,,,,,,,,
T1 ATM Straddle,2023-02-20,2023-02-23,,,,25,-4150.74,106.98,-4257.72,-98.6,Expiry,bull,3,,17850.0,2023-02-23,,,13.4,172.72,338.75,,,,,,,,,
T1 ATM Straddle,2023-02-27,2023-03-02,,,,25,2413.08,99.14,2313.94,53.0,Expiry,bull,3,,17400.0,2023-03-02,,,13.9,174.62,78.1,,,,,,,,,
T1 ATM Straddle,2023-03-06,2023-03-09,,,,25,1189.76,99.21,1090.55,27.61,Expiry,bull,3,,17700.0,2023-03-09,,,12.3,157.99,110.4,,,,,,,,,
T1 ATM Straddle,2023-03-13,2023-03-16,,,,25,926.87,103.24,823.64,16.35,Expiry,sideways,3,,17150.0,2023-03-16,,,16.2,201.48,164.4,,,,,,,,,
T1 ATM Straddle,2023-03-20,2023-03-23,,,,25,2996.63,100.31,2896.32,58.88,Expiry,sideways,3,,17000.0,2023-03-23,,,16.0,196.77,76.9,,,,,,,,,
T1 ATM Straddle,2023-03-27,2023-03-29,,,,25,1861.83,98.15,1763.68,45.46,Expiry,sideways,2,,17000.0,2023-03-29,,,15.4,155.17,80.7,,,,,,,,,
T1 ATM Straddle,2023-04-03,2023-04-06,,,,25,-1015.76,101.94,-1117.71,-28.2,Expiry,sideways,3,,17400.0,2023-04-06,,,12.6,158.52,199.15,,,,,,,,,
T1 ATM Straddle,2023-04-10,2023-04-13,,,,25,-1736.28,102.83,-1839.11,-46.4,Expiry,sideways,3,,17600.0,2023-04-13,,,12.3,158.55,228.0,,,,,,,,,
T1 ATM Straddle,2023-04-17,2023-04-20,,,,25,2051.84,98.13,1953.71,49.58,Expiry,sideways,3,,17700.0,2023-04-20,,,12.3,157.62,75.55,,,,,,,,,
T1 ATM Straddle,2023-05-08,2023-05-11,,,,25,3024.9,97.83,2927.07,69.69,Expiry,sideways,3,,18250.0,2023-05-11,,,12.6,168.0,47.0,,,,,,,,,
T1 ATM Straddle,2023-05-15,2023-05-18,,,,25,-2366.93,105.03,-2471.96,-56.38,Expiry,sideways,3,,18400.0,2023-05-18,,,13.2,175.37,270.05,,,,,,,,,
T1 ATM Straddle,2023-05-22,2023-05-25,,,,25,3659.54,97.01,3562.52,85.06,Expiry,sideways,3,,18300.0,2023-05-25,,,12.6,167.53,21.15,,,,,,,,,
T1 ATM Straddle,2023-05-29,2023-06-01,,,,25,1333.27,99.68,1233.59,29.8,Expiry,sideways,3,,18600.0,2023-06-01,,,12.3,165.58,112.25,,,,,,,,,
T1 ATM Straddle,2023-08-28,2023-08-31,,,,25,3184.68,98.11,3086.57,71.12,Expiry,bull,3,,19300.0,2023-08-31,,,12.4,173.59,46.2,,,,,,,,,
T1 ATM Straddle,2023-11-20,2023-11-23,,,,25,1777.6,99.78,1677.81,38.77,Expiry,bull,3,,19700.0,2023-11-23,,,12.1,173.1,102.0,,,,,,,,,
T1 ATM Straddle,2023-12-04,2023-12-07,,,,25,-168.79,103.97,-272.76,-5.61,Expiry,bull,3,,20700.0,2023-12-07,,,13.0,194.4,201.15,,,,,,,,,
T1 ATM Straddle,2023-12-11,2023-12-14,,,,25,279.49,103.38,176.11,3.63,Expiry,bull,3,,21000.0,2023-12-14,,,12.8,193.88,182.7,,,,,,,,,
T1 ATM Straddle,2023-12-18,2023-12-21,,,,25,1789.83,103.47,1686.36,31.15,Expiry,bull,3,,21400.0,2023-12-21,,,13.9,216.54,144.95,,,,,,,,,
T1 ATM Straddle,2024-01-01,2024-01-04,,,,25,2261.26,99.94,2161.32,47.54,Expiry,bull,3,,21750.0,2024-01-04,,,11.6,181.85,91.4,,,,,,,,,
T1 ATM Straddle,2024-01-08,2024-01-11,,,,25,1576.27,103.19,1473.07,28.03,Expiry,bull,3,,21500.0,2024-01-11,,,13.5,210.25,147.2,,,,,,,,,
T1 ATM Straddle,2024-01-15,2024-01-17,,,,25,-7593.21,115.24,-7708.45,-139.84,Stop Loss 2x,bull,2,,22100.0,2024-01-18,,,13.8,220.5,524.23,,,,,,,,,
T1 ATM Straddle,2024-01-29,2024-02-01,,,,25,4850.16,102.29,4747.86,77.03,Expiry,bull,3,,21750.0,2024-02-01,,,15.7,246.56,52.55,,,,,,,,,
T1 ATM Straddle,2024-02-05,2024-02-08,,,,25,5379.77,101.71,5278.06,85.39,Expiry,bull,3,,21750.0,2024-02-08,,,15.6,247.24,32.05,,,,,,,,,
T1 ATM Straddle,2024-02-12,2024-02-15,,,,25,-1470.77,110.46,-1581.23,-25.11,Expiry,bull,3,,21600.0,2024-02-15,,,16.1,251.92,310.75,,,,,,,,,
T1 ATM Straddle,2024-02-19,2024-02-22,,,,25,2468.25,102.61,2365.64,43.77,Expiry,bull,3,,22100.0,2024-02-22,,,13.4,216.18,117.45,,,,,,,,,
T1 ATM Straddle,2024-02-26,2024-02-29,,,,25,3342.58,104.5,3238.07,51.62,Expiry,bull,3,,22100.0,2024-02-29,,,15.6,250.9,117.2,,,,,,,,,
T1 ATM Straddle,2024-03-04,2024-03-07,,,,25,3714.29,103.3,3610.99,59.66,Expiry,bull,3,,22400.0,2024-03-07,,,14.9,242.12,93.55,,,,,,,,,
T1 ATM Straddle,2024-03-11,2024-03-14,,,,25,572.03,105.78,466.25,8.24,Expiry,bull,3,,22350.0,2024-03-14,,,14.0,226.23,203.35,,,,,,,,,
T1 ATM Straddle,2024-03-18,2024-03-21,,,,25,4601.54,100.52,4501.03,81.06,Expiry,bull,3,,22050.0,2024-03-21,,,13.9,222.11,38.05,,,,,,,,,
T1 ATM Straddle,2024-04-01,2024-04-04,,,,25,3311.35,99.96,3211.39,65.17,Expiry,bull,3,,22450.0,2024-04-04,,,12.1,197.1,64.65,,,,,,,,,
T1 ATM Straddle,2024-04-15,2024-04-18,,,,25,-1288.26,106.03,-1394.29,-27.53,Expiry,bull,3,,22250.0,2024-04-18,,,12.5,202.62,254.15,,,,,,,,,
T1 ATM Straddle,2024-04-22,2024-04-25,,,,25,-378.54,105.15,-483.69,-9.43,Expiry,bull,3,,22350.0,2024-04-25,,,12.7,205.21,220.35,,,,,,,,,
T1 ATM Straddle,2024-04-29,2024-05-02,,,,25,4967.62,98.23,4869.39,97.14,Expiry,bull,3,,22650.0,2024-05-02,,,12.2,200.51,1.8,,,,,,,,,
T1 ATM Straddle,2024-05-06,2024-05-09,,,,25,-5575.45,116.96,-5692.41,-84.49,Expiry,bull,3,,22450.0,2024-05-09,,,16.6,269.48,492.5,,,,,,,,,
T1 ATM Straddle,2024-05-13,2024-05-16,,,,25,641.19,114.49,526.69,6.39,Expiry,bull,3,,22100.0,2024-05-16,,,20.6,329.5,303.85,,,,,,,,,
T1 ATM Straddle,2024-05-27,2024-05-30,,,,25,-1915.1,122.32,-2037.42,-21.18,Expiry,bull,3,,22950.0,2024-05-30,,,23.2,384.75,461.35,,,,,,,,,
T1 ATM Straddle,2024-06-03,2024-06-04,,,,25,-25117.88,147.88,-25265.76,-286.46,Stop Loss 2x,bull,1,,23250.0,2024-06-06,,,20.9,352.8,1357.52,,,,,,,,,
T1 ATM Straddle,2024-06-10,2024-06-13,,,,25,3185.85,106.86,3078.99,44.57,Expiry,bull,3,,23250.0,2024-06-13,,,16.4,276.33,148.9,,,,,,,,,
T1 ATM Straddle,2024-06-24,2024-06-27,,,,25,-6377.83,115.37,-6493.21,-108.5,Expiry,bull,3,,23550.0,2024-06-27,,,14.1,239.39,494.5,,,,,,,,,
T1 ATM Straddle,2024-07-01,2024-07-04,,,,25,2234.31,105.05,2129.25,35.26,Expiry,bull,3,,24150.0,2024-07-04,,,13.8,241.52,152.15,,,,,,,,,
T1 ATM Straddle,2024-07-08,2024-07-11,,,,25,5615.94,100.85,5515.09,91.69,Expiry,bull,3,,24300.0,2024-07-11,,,13.6,240.59,15.95,,,,,,,,,
T1 ATM Straddle,2024-07-15,2024-07-18,,,,25,1287.98,107.13,1180.84,18.72,Expiry,bull,3,,24600.0,2024-07-18,,,14.2,252.37,200.85,,,,,,,,,
T1 ATM Straddle,2024-07-22,2024-07-25,,,,25,4507.21,105.07,4402.15,64.22,Expiry,bull,3,,24500.0,2024-07-25,,,15.4,274.19,93.9,,,,,,,,,
T1 ATM Straddle,2024-07-29,2024-08-01,,,,25,1793.85,104.84,1689.02,29.04,Expiry,bull,3,,24850.0,2024-08-01,,,12.9,232.65,160.9,,,,,,,,,
T1 ATM Straddle,2024-08-05,2024-08-08,,,,25,7190.5,108.65,7081.85,79.88,Expiry,bull,3,,24050.0,2024-08-08,,,20.4,354.62,67.0,,,,,,,,,
T1 ATM Straddle,2024-08-12,2024-08-14,,,,25,549.38,105.98,443.4,7.77,Expiry,bull,2,,24350.0,2024-08-14,,,15.9,228.23,206.25,,,,,,,,,
T1 ATM Straddle,2024-08-19,2024-08-22,,,,25,-138.8,109.18,-247.98,-3.88,Expiry,bull,3,,24550.0,2024-08-22,,,14.3,255.95,261.5,,,,,,,,,
T1 ATM Straddle,2024-08-26,2024-08-29,,,,25,2458.15,105.53,2352.62,37.6,Expiry,bull,3,,25000.0,2024-08-29,,,13.8,250.28,151.95,,,,,,,,,
T1 ATM Straddle,2024-09-02,2024-09-05,,,,25,2557.7,106.0,2451.7,38.13,Expiry,bull,3,,25300.0,2024-09-05,,,14.1,257.21,154.9,,,,,,,,,
T1 ATM Straddle,2024-09-09,2024-09-12,,,,25,-4550.99,114.63,-4665.63,-72.66,Expiry,bull,3,,24950.0,2024-09-12,,,14.2,256.86,438.9,,,,,,,,,
T1 ATM Straddle,2024-09-16,2024-09-19,,,,25,5325.13,100.2,5224.93,91.34,Expiry,bull,3,,25400.0,2024-09-19,,,12.5,228.81,15.8,,,,,,,,,
T1 ATM Straddle,2024-09-23,2024-09-26,,,,25,-182.78,109.47,-292.25,-4.52,Expiry,bull,3,,25950.0,2024-09-26,,,13.8,258.74,266.05,,,,,,,,,
T1 ATM Straddle,2024-09-30,2024-10-03,,,,25,-7760.28,117.07,-7877.34,-131.57,Expiry,bull,3,,25800.0,2024-10-03,,,12.8,239.49,549.9,,,,,,,,,
T1 ATM Straddle,2024-10-07,2024-10-10,,,,25,1801.84,108.05,1693.78,25.04,Expiry,bull,3,,24800.0,2024-10-10,,,15.1,270.52,198.45,,,,,,,,,
T1 ATM Straddle,2024-10-14,2024-10-17,,,,25,-4092.9,112.33,-4205.24,-71.14,Expiry,bull,3,,25150.0,2024-10-17,,,13.0,236.43,400.15,,,,,,,,,
T1 ATM Straddle,2024-10-21,2024-10-24,,,,25,-3846.87,112.91,-3959.78,-64.2,Expiry,bull,3,,24800.0,2024-10-24,,,13.8,246.72,400.6,,,,,,,,,
T1 ATM Straddle,2024-10-28,2024-10-31,,,,25,2673.29,105.38,2567.92,40.83,Expiry,bull,3,,24350.0,2024-10-31,,,14.3,251.58,144.65,,,,,,,,,
T1 ATM Straddle,2024-11-04,2024-11-07,,,,25,2259.11,109.13,2149.98,29.68,Expiry,bull,3,,24000.0,2024-11-07,,,16.7,289.71,199.35,,,,,,,,,
T1 ATM Straddle,2024-11-11,2024-11-13,,,,25,-8439.53,118.72,-8558.25,-137.38,Stop Loss 2x,bull,2,,24150.0,2024-11-14,,,14.3,249.19,586.78,,,,,,,,,
T1 ATM Straddle,2024-11-18,2024-11-21,,,,25,3937.64,104.35,3833.29,59.52,Expiry,sideways,3,,23450.0,2024-11-21,,,15.2,257.61,100.1,,,,,,,,,
T1 ATM Straddle,2024-11-25,2024-11-28,,,,25,-413.28,110.65,-523.93,-7.78,Expiry,bull,3,,24200.0,2024-11-28,,,15.3,269.32,285.85,,,,,,,,,
T1 ATM Straddle,2024-12-02,2024-12-05,,,,25,-3751.47,113.79,-3865.26,-59.85,Expiry,bull,3,,24300.0,2024-12-05,,,14.7,258.34,408.4,,,,,,,,,
T1 ATM Straddle,2024-12-09,2024-12-12,,,,25,5027.95,102.58,4925.37,78.05,Expiry,bull,3,,24600.0,2024-12-12,,,14.1,252.42,51.3,,,,,,,,,
T1 ATM Straddle,2024-12-16,2024-12-19,,,,25,-11175.83,122.23,-11298.06,-179.86,Expiry,bull,3,,24650.0,2024-12-19,,,14.0,251.27,698.3,,,,,,,,,
T1 ATM Straddle,2024-12-23,2024-12-26,,,,25,5809.54,99.93,5709.61,98.2,Expiry,sideways,3,,23750.0,2024-12-26,,,13.5,232.58,0.2,,,,,,,,,
T1 ATM Straddle,2024-12-30,2025-01-02,,,,25,-7491.87,116.69,-7608.57,-127.35,Expiry,sideways,3,,23650.0,2025-01-02,,,14.0,238.98,538.65,,,,,,,,,
T1 ATM Straddle,2025-01-06,2025-01-09,,,,25,4866.51,104.12,4762.4,71.04,Expiry,sideways,3,,23600.0,2025-01-09,,,15.6,268.16,73.5,,,,,,,,,
T1 ATM Straddle,2025-01-13,2025-01-16,,,,25,1385.03,108.28,1276.76,19.11,Expiry,sideways,3,,23100.0,2025-01-16,,,16.0,267.2,211.8,,,,,,,,,
T1 ATM Straddle,2025-01-20,2025-01-23,,,,25,3316.07,106.78,3209.29,46.29,Expiry,bear,3,,23350.0,2025-01-23,,,16.4,277.29,144.65,,,,,,,,,
T1 ATM Straddle,2025-01-27,2025-01-30,,,,25,-2499.35,115.77,-2615.12,-34.92,Expiry,bear,3,,22850.0,2025-01-30,,,18.1,299.53,399.5,,,,,,,,,
T1 ATM Straddle,2025-02-03,2025-02-06,,,,25,-256.36,108.23,-364.59,-6.0,Expiry,bear,3,,23350.0,2025-02-06,,,14.4,243.1,253.35,,,,,,,,,
T1 ATM Straddle,2025-02-10,2025-02-13,,,,25,-3103.2,111.81,-3215.01,-52.6,Expiry,bear,3,,23400.0,2025-02-13,,,14.4,244.47,368.6,,,,,,,,,
T1 ATM Straddle,2025-02-17,2025-02-20,,,,25,5616.98,102.64,5514.34,84.34,Expiry,bear,3,,22950.0,2025-02-20,,,15.7,261.53,36.85,,,,,,,,,
T1 ATM Straddle,2025-02-24,2025-02-27,,,,25,5771.64,100.26,5671.39,96.2,Expiry,bear,3,,22550.0,2025-02-27,,,14.4,235.81,4.95,,,,,,,,,
T1 ATM Straddle,2025-03-03,2025-03-06,,,,25,-5582.36,112.87,-5695.23,-102.89,Expiry,bear,3,,22100.0,2025-03-06,,,13.8,221.4,444.7,,,,,,,,,
T1 ATM Straddle,2025-03-10,2025-03-13,,,,25,4376.86,101.28,4275.58,75.05,Expiry,bear,3,,22450.0,2025-03-13,,,14.0,227.88,52.8,,,,,,,,,
T1 ATM Straddle,2025-03-17,2025-03-20,,,,25,-11790.52,120.24,-11910.76,-217.52,Expiry,bear,3,,22500.0,2025-03-20,,,13.4,219.03,690.65,,,,,,,,,
T1 ATM Straddle,2025-03-24,2025-03-27,,,,25,4422.41,101.83,4320.58,73.56,Expiry,bear,3,,23650.0,2025-03-27,,,13.7,234.95,58.05,,,,,,,,,
T1 ATM Straddle,2025-04-07,2025-04-11,,,,25,-7823.25,127.89,-7951.14,-86.99,Expiry,bear,4,,22150.0,2025-04-10,,,22.8,365.62,678.55,,,,,,,,,
T1 ATM Straddle,2025-04-21,2025-04-24,,,,25,4359.17,104.98,4254.18,62.78,Expiry,sideways,3,,24150.0,2025-04-24,,,15.5,271.07,96.7,,,,,,,,,
T1 ATM Straddle,2025-04-28,2025-05-02,,,,25,7373.49,103.62,7269.87,97.5,Expiry,sideways,4,,24350.0,2025-05-01,,,16.9,298.24,3.3,,,,,,,,,
T1 ATM Straddle,2025-05-05,2025-05-08,,,,25,3718.08,110.35,3607.73,44.41,Expiry,sideways,3,,24450.0,2025-05-08,,,18.3,324.92,176.2,,,,,,,,,
T1 ATM Straddle,2025-05-12,2025-05-15,,,,25,4264.82,110.35,4154.47,49.95,Expiry,sideways,3,,24900.0,2025-05-15,,,18.4,332.69,162.1,,,,,,,,,
T1 ATM Straddle,2025-05-19,2025-05-22,,,,25,-675.69,114.72,-790.41,-10.09,Expiry,sideways,3,,24950.0,2025-05-22,,,17.4,313.27,340.3,,,,,,,,,
T1 ATM Straddle,2025-05-26,2025-05-29,,,,25,3989.89,110.11,3879.77,47.61,Expiry,sideways,3,,25000.0,2025-05-29,,,18.0,326.0,166.4,,,,,,,,,
T1 ATM Straddle,2025-06-02,2025-06-05,,,,25,6415.9,105.58,6310.32,82.08,Expiry,sideways,3,,24700.0,2025-06-05,,,17.2,307.54,50.9,,,,,,,,,
T1 ATM Straddle,2025-06-09,2025-06-12,,,,25,1379.71,108.27,1271.45,19.05,Expiry,bull,3,,25100.0,2025-06-12,,,14.7,266.99,211.8,,,,,,,,,
T1 ATM Straddle,2025-06-16,2025-06-19,,,,25,2777.55,106.64,2670.92,39.89,Expiry,bull,3,,24950.0,2025-06-19,,,14.8,267.85,156.75,,,,,,,,,
T1 ATM Straddle,2025-06-23,2025-06-26,,,,25,-8595.76,119.42,-8715.18,-136.62,Expiry,bull,3,,24950.0,2025-06-26,,,14.1,255.17,599.0,,,,,,,,,
T1 ATM Straddle,2025-06-30,2025-07-03,,,,75,10687.75,134.8,10552.95,59.32,Expiry,bull,3,,25500.0,2025-07-03,,,12.8,237.2,94.7,,,,,,,,,
T1 ATM Straddle,2025-07-07,2025-07-10,,,,75,10298.57,133.96,10164.61,58.4,Expiry,bull,3,,25450.0,2025-07-10,,,12.6,232.06,94.75,,,,,,,,,
T1 ATM Straddle,2025-07-28,2025-07-31,,,,75,11027.69,128.81,10898.88,67.47,Expiry,bull,3,,24700.0,2025-07-31,,,12.1,215.39,68.35,,,,,,,,,
T1 ATM Straddle,2025-08-11,2025-08-14,,,,75,13952.2,125.74,13826.46,84.83,Expiry,bull,3,,24600.0,2025-08-14,,,12.2,217.33,31.3,,,,,,,,,
T1 ATM Straddle,2025-08-18,2025-08-21,,,,75,2886.5,140.49,2746.01,16.48,Expiry,bull,3,,24900.0,2025-08-21,,,12.3,222.24,183.75,,,,,,,,,
T1 ATM Straddle,2025-11-03,2025-11-06,,,,75,-248.7,148.08,-396.78,-2.23,Expiry,bull,3,,25750.0,2025-11-06,,,12.7,236.98,240.3,,,,,,,,,
T1 ATM Straddle,2025-11-10,2025-11-13,,,,75,-7481.95,154.96,-7636.9,-44.39,Expiry,bull,3,,25550.0,2025-11-13,,,12.3,229.39,329.15,,,,,,,,,
T1 ATM Straddle,2025-11-24,2025-11-27,,,,75,-1225.81,152.39,-1378.2,-7.37,Expiry,bull,3,,25950.0,2025-11-27,,,13.2,249.21,265.55,,,,,,,,,
T1 ATM Straddle,2026-02-02,2026-02-03,,,,65,-25053.78,173.5,-25227.29,-154.19,Stop Loss 2x,sideways,1,,25100.0,2026-02-05,,,13.9,251.71,637.15,,,,,,,,,
T1 ATM Straddle,2026-02-09,2026-02-12,,,,65,12122.65,123.22,11999.43,80.51,Expiry,bull,3,,25850.0,2026-02-12,,,12.2,229.3,42.8,,,,,,,,,
T1 ATM Straddle,2026-02-16,2026-02-19,,,,65,131.56,141.91,-10.35,-0.06,Expiry,bull,3,,25700.0,2026-02-19,,,13.3,247.67,245.65,,,,,,,,,
T1 ATM Straddle,2026-02-23,2026-02-26,,,,65,3954.15,140.93,3813.22,22.2,Expiry,bull,3,,25700.0,2026-02-26,,,14.2,264.28,203.45,,,,,,,,,
T1 ATM Straddle,2026-03-02,2026-03-05,,,,65,14605.47,137.8,14467.67,72.08,Expiry,sideways,3,,24850.0,2026-03-05,,,17.1,308.8,84.1,,,,,,,,,
T1 ATM Straddle,2026-03-09,2026-03-12,,,,65,-305.3,177.55,-482.85,-1.83,Expiry,sideways,3,,24050.0,2026-03-12,,,23.4,406.15,410.85,,,,,,,,,
T1 ATM Straddle,2026-03-16,2026-03-19,,,,65,-2071.85,170.8,-2242.65,-9.43,Expiry,sideways,3,,23400.0,2026-03-19,,,21.6,365.98,397.85,,,,,,,,,
T2 Strangle,2019-02-11,2019-02-14,,,,25,-110.17,91.56,-201.72,-16.29,Expiry,sideways,3,,,2019-02-14,,,15.8,49.54,53.95,11000.0,10800.0,,,,,,,
T2 Strangle,2019-02-18,2019-02-21,,,,25,528.08,91.75,436.33,28.62,Expiry,bear,3,,,2019-02-21,,,18.0,60.97,39.85,10750.0,10550.0,,,,,,,
T2 Strangle,2019-02-25,2019-02-28,,,,25,877.03,89.12,787.91,89.84,Expiry,sideways,3,,,2019-02-28,,,15.4,35.08,0.0,11000.0,10750.0,,,,,,,
T2 Strangle,2019-03-11,2019-03-14,,,,25,-218.56,90.41,-308.97,-35.81,Expiry,sideways,3,,,2019-03-14,,,14.9,34.51,43.25,11300.0,11050.0,,,,,,,
T2 Strangle,2019-03-18,2019-03-22,,,,25,1232.9,89.9,1143.0,92.71,Expiry,bull,4,,,2019-03-21,,,16.9,49.32,0.0,11600.0,11350.0,,,,,,,
T2 Strangle,2019-03-25,2019-03-28,,,,25,-1506.77,94.13,-1600.9,-107.21,Expiry,bull,3,,,2019-03-28,,,16.7,59.73,120.0,11450.0,11250.0,,,,,,,
T2 Strangle,2019-04-01,2019-04-04,,,,25,1466.13,90.41,1375.72,93.83,Expiry,bull,3,,,2019-04-04,,,18.0,58.65,0.0,11800.0,11550.0,,,,,,,
T2 Strangle,2019-04-08,2019-04-11,,,,25,2194.77,92.0,2102.77,95.81,Expiry,bull,3,,,2019-04-11,,,20.1,87.79,0.0,11700.0,11500.0,,,,,,,
T2 Strangle,2019-04-15,2019-04-18,,,,25,2083.54,91.76,1991.77,95.6,Expiry,bull,3,,,2019-04-18,,,21.4,83.34,0.0,11800.0,11550.0,,,,,,,
T2 Strangle,2019-04-22,2019-04-25,,,,25,2932.83,93.62,2839.21,96.81,Expiry,bull,3,,,2019-04-25,,,24.0,117.31,0.0,11700.0,11500.0,,,,,,,
T2 Strangle,2019-05-06,2019-05-09,,,,25,-1555.84,100.68,-1656.53,-48.73,Expiry,bull,3,,,2019-05-09,,,26.4,135.97,198.2,11700.0,11500.0,,,,,,,
T2 Strangle,2019-05-13,2019-05-16,,,,25,3199.51,94.81,3104.7,91.94,Expiry,bull,3,,,2019-05-16,,,27.4,135.08,7.1,11250.0,11050.0,,,,,,,
T2 Strangle,2019-05-20,2019-05-23,,,,25,1470.78,94.08,1376.7,54.1,Expiry,bull,3,,,2019-05-23,,,23.7,101.78,42.95,11950.0,11700.0,,,,,,,
T2 Strangle,2019-05-27,2019-05-30,,,,25,1222.75,89.88,1132.88,92.65,Expiry,bull,3,,,2019-05-30,,,16.2,48.91,0.0,12050.0,11800.0,,,,,,,
T2 Strangle,2019-06-03,2019-06-06,,,,25,-1418.35,93.15,-1511.5,-122.1,Expiry,bull,3,,,2019-06-06,,,16.0,49.52,106.25,12200.0,11950.0,,,,,,,
T2 Strangle,2019-06-10,2019-06-13,,,,25,1023.48,89.44,934.04,91.26,Expiry,bull,3,,,2019-06-13,,,15.0,40.94,0.0,12050.0,11800.0,,,,,,,
T2 Strangle,2019-06-17,2019-06-20,,,,25,128.78,90.19,38.59,4.18,Expiry,bull,3,,,2019-06-20,,,14.6,36.9,31.75,11800.0,11550.0,,,,,,,
T2 Strangle,2019-06-24,2019-06-27,,,,25,282.28,91.36,190.92,14.45,Expiry,bull,3,,,2019-06-27,,,15.2,52.84,41.55,11800.0,11600.0,,,,,,,
T2 Strangle,2019-07-01,2019-07-04,,,,25,952.06,89.28,862.77,90.62,Expiry,bull,3,,,2019-07-04,,,14.6,38.08,0.0,12000.0,11750.0,,,,,,,
T2 Strangle,2019-07-08,2019-07-11,,,,25,1067.94,89.54,978.4,91.62,Expiry,bull,3,,,2019-07-11,,,13.9,42.72,0.0,11650.0,11450.0,,,,,,,
T2 Strangle,2019-07-22,2019-07-25,,,,25,882.67,89.13,793.54,89.9,Expiry,bull,3,,,2019-07-25,,,13.0,35.31,0.0,11450.0,11250.0,,,,,,,
T2 Strangle,2019-07-29,2019-08-01,,,,25,-2136.26,92.75,-2229.01,-258.07,Expiry,bull,3,,,2019-08-01,,,13.1,34.55,120.0,11300.0,11100.0,,,,,,,
T2 Strangle,2019-08-05,2019-08-08,,,,25,-693.86,92.71,-786.56,-57.52,Expiry,sideways,3,,,2019-08-08,,,16.6,54.7,82.45,10950.0,10750.0,,,,,,,
T2 Strangle,2019-08-19,2019-08-22,,,,25,-3786.08,96.69,-3882.77,-271.49,Expiry,sideways,3,,,2019-08-22,,,16.8,57.21,208.65,11150.0,10950.0,,,,,,,
T2 Strangle,2019-08-26,2019-08-29,,,,25,1377.96,90.36,1287.6,90.65,Expiry,sideways,3,,,2019-08-29,,,16.7,56.82,1.7,11150.0,10950.0,,,,,,,
T2 Strangle,2019-09-09,2019-09-12,,,,25,1268.57,89.98,1178.59,92.91,Expiry,sideways,3,,,2019-09-12,,,15.9,50.74,0.0,11100.0,10900.0,,,,,,,
T2 Strangle,2019-09-16,2019-09-17,,,,25,-1391.41,92.73,-1484.14,-131.99,Stop Loss 2x,bear,1,,,2019-09-19,,,14.9,44.98,100.63,11100.0,10900.0,,,,,,,
T2 Strangle,2019-09-23,2019-09-26,,,,25,1574.51,90.65,1483.86,94.24,Expiry,sideways,3,,,2019-09-26,,,16.8,62.98,0.0,11700.0,11500.0,,,,,,,
T2 Strangle,2019-09-30,2019-10-03,,,,25,171.27,90.64,80.63,7.53,Expiry,sideways,3,,,2019-10-03,,,15.9,42.85,36.0,11600.0,11350.0,,,,,,,
T2 Strangle,2019-10-07,2019-10-10,,,,25,1298.41,90.04,1208.37,93.07,Expiry,bear,3,,,2019-10-10,,,17.8,51.94,0.0,11250.0,11000.0,,,,,,,
T2 Strangle,2019-10-14,2019-10-17,,,,25,-1790.09,94.9,-1884.99,-116.45,Expiry,sideways,3,,,2019-10-17,,,17.4,64.75,136.35,11450.0,11250.0,,,,,,,
T2 Strangle,2019-11-04,2019-11-07,,,,25,1203.48,89.83,1113.65,92.54,Expiry,sideways,3,,,2019-11-07,,,15.9,48.14,0.0,12050.0,11800.0,,,,,,,
T2 Strangle,2019-11-11,2019-11-14,,,,25,1230.38,89.89,1140.48,92.69,Expiry,bull,3,,,2019-11-14,,,16.2,49.22,0.0,12050.0,11800.0,,,,,,,
T2 Strangle,2019-11-18,2019-11-21,,,,25,1151.76,89.72,1062.04,92.21,Expiry,bull,3,,,2019-11-21,,,15.8,46.07,0.0,12000.0,11750.0,,,,,,,
T2 Strangle,2019-11-25,2019-11-28,,,,25,1057.66,89.52,968.15,91.54,Expiry,bull,3,,,2019-11-28,,,15.0,42.31,0.0,12200.0,11950.0,,,,,,,
T2 Strangle,2019-12-02,2019-12-05,,,,25,1217.04,89.86,1127.18,92.62,Expiry,bull,3,,,2019-12-05,,,14.2,48.68,0.0,12150.0,11950.0,,,,,,,
T2 Strangle,2019-12-09,2019-12-12,,,,25,981.13,89.35,891.78,90.89,Expiry,bull,3,,,2019-12-12,,,14.6,39.25,0.0,12050.0,11800.0,,,,,,,
T2 Strangle,2019-12-16,2019-12-19,,,,25,-1656.35,92.92,-1749.27,-161.05,Expiry,bull,3,,,2019-12-19,,,13.4,43.45,109.7,12150.0,11950.0,,,,,,,
T2 Strangle,2020-01-06,2020-01-09,,,,25,-1866.2,92.99,-1959.19,-189.97,Expiry,bull,3,,,2020-01-09,,,14.8,41.25,115.9,12100.0,11850.0,,,,,,,
T2 Strangle,2020-01-13,2020-01-16,,,,25,994.27,89.38,904.9,91.01,Expiry,bull,3,,,2020-01-16,,,14.3,39.77,0.0,12450.0,12200.0,,,,,,,
T2 Strangle,2020-01-20,2020-01-23,,,,25,1157.59,89.73,1067.85,92.25,Expiry,bull,3,,,2020-01-23,,,15.4,46.3,0.0,12350.0,12100.0,,,,,,,
T2 Strangle,2020-01-27,2020-01-30,,,,25,1437.65,90.35,1347.3,93.72,Expiry,bull,3,,,2020-01-30,,,17.2,57.51,0.0,12250.0,12000.0,,,,,,,
T2 Strangle,2020-02-03,2020-02-04,,,,25,-3271.4,96.06,-3367.45,-235.65,Stop Loss 2x,bull,1,,,2020-02-06,,,15.8,57.16,188.02,11800.0,11600.0,,,,,,,
T2 Strangle,2020-02-10,2020-02-13,,,,25,312.81,89.99,222.82,23.98,Expiry,bull,3,,,2020-02-13,,,14.2,37.16,24.65,12150.0,11900.0,,,,,,,
T2 Strangle,2020-02-17,2020-02-20,,,,25,1254.87,89.95,1164.93,92.83,Expiry,bull,3,,,2020-02-20,,,14.4,50.19,0.0,12150.0,11950.0,,,,,,,
T2 Strangle,2020-02-24,2020-02-27,,,,25,-327.97,92.17,-420.13,-31.36,Expiry,bull,3,,,2020-02-27,,,17.0,53.58,66.7,11950.0,11700.0,,,,,,,
T2 Strangle,2020-03-02,2020-03-05,,,,25,2079.38,93.37,1986.01,77.75,Expiry,sideways,3,,,2020-03-05,,,25.2,102.18,19.0,11250.0,11000.0,,,,,,,
T2 Strangle,2020-03-09,2020-03-12,,,,25,-15335.75,118.37,-15454.12,-422.19,Expiry,sideways,3,,,2020-03-12,,,30.8,146.42,759.85,10550.0,10350.0,,,,,,,
T2 Strangle,2020-03-16,2020-03-18,,,,25,-8293.06,122.85,-8415.91,-112.29,Stop Loss 2x,sideways,2,,,2020-03-19,,,58.9,299.78,631.5,9300.0,9100.0,,,,,,,
T2 Strangle,2020-03-23,2020-03-26,,,,25,-15382.95,133.74,-15516.69,-190.31,Expiry,bear,3,,,2020-03-26,,,72.0,326.13,941.45,7700.0,7550.0,,,,,,,
T2 Strangle,2020-03-30,2020-04-03,,,,25,6084.0,110.42,5973.58,66.45,Expiry,bear,4,,,2020-04-02,,,71.9,359.56,116.2,8350.0,8200.0,,,,,,,
T2 Strangle,2020-04-13,2020-04-16,,,,25,6107.16,100.57,6006.59,98.35,Expiry,bear,3,,,2020-04-16,,,51.5,244.29,0.0,9100.0,8900.0,,,,,,,
T2 Strangle,2020-04-20,2020-04-23,,,,25,5052.86,98.26,4954.6,98.06,Expiry,bear,3,,,2020-04-23,,,43.5,202.11,0.0,9350.0,9150.0,,,,,,,
T2 Strangle,2020-04-27,2020-04-30,,,,25,-7293.8,110.42,-7404.22,-176.14,Expiry,bear,3,,,2020-04-30,,,38.0,168.15,459.9,9400.0,9200.0,,,,,,,
T2 Strangle,2020-05-04,2020-05-07,,,,25,5086.12,98.41,4987.7,97.61,Expiry,bear,3,,,2020-05-07,,,43.7,204.39,0.95,9400.0,9200.0,,,,,,,
T2 Strangle,2020-05-11,2020-05-14,,,,25,3988.41,96.55,3891.86,93.34,Expiry,bear,3,,,2020-05-14,,,38.0,166.79,7.25,9350.0,9150.0,,,,,,,
T2 Strangle,2020-05-18,2020-05-21,,,,25,-331.76,104.05,-435.8,-9.03,Expiry,bear,3,,,2020-05-21,,,40.9,192.98,206.25,8900.0,8750.0,,,,,,,
T2 Strangle,2020-06-01,2020-06-04,,,,25,563.92,99.43,464.49,12.25,Expiry,bear,3,,,2020-06-04,,,30.7,151.66,129.1,9900.0,9750.0,,,,,,,
T2 Strangle,2020-06-08,2020-06-11,,,,25,-373.75,98.99,-472.74,-14.21,Expiry,bear,3,,,2020-06-11,,,29.6,133.05,148.0,10250.0,10050.0,,,,,,,
T2 Strangle,2020-06-15,2020-06-18,,,,25,-1160.82,100.99,-1261.81,-34.76,Expiry,bear,3,,,2020-06-18,,,32.6,145.22,191.65,9900.0,9700.0,,,,,,,
T2 Strangle,2020-06-22,2020-06-25,,,,25,3532.68,94.93,3437.74,97.31,Expiry,bear,3,,,2020-06-25,,,30.5,141.31,0.0,10400.0,10200.0,,,,,,,
T2 Strangle,2020-06-29,2020-07-02,,,,25,-528.2,98.97,-627.17,-19.21,Expiry,bear,3,,,2020-07-02,,,28.9,130.57,151.7,10400.0,10200.0,,,,,,,
T2 Strangle,2020-07-06,2020-07-09,,,,25,2816.7,93.37,2723.33,96.69,Expiry,bear,3,,,2020-07-09,,,25.2,112.67,0.0,10850.0,10650.0,,,,,,,
T2 Strangle,2020-07-13,2020-07-16,,,,25,2832.61,93.4,2739.21,96.7,Expiry,bear,3,,,2020-07-16,,,25.2,113.3,0.0,10900.0,10700.0,,,,,,,
T2 Strangle,2020-07-20,2020-07-23,,,,25,782.85,94.49,688.36,28.46,Expiry,sideways,3,,,2020-07-23,,,24.7,96.76,65.45,11150.0,10900.0,,,,,,,
T2 Strangle,2020-07-27,2020-07-30,,,,25,2521.24,92.72,2428.52,96.32,Expiry,sideways,3,,,2020-07-30,,,25.0,100.85,0.0,11250.0,11000.0,,,,,,,
T2 Strangle,2020-08-03,2020-08-06,,,,25,-2145.09,99.56,-2244.65,-78.52,Expiry,sideways,3,,,2020-08-06,,,25.2,114.35,200.15,11000.0,10800.0,,,,,,,
T2 Strangle,2020-08-10,2020-08-13,,,,25,2124.91,91.85,2033.06,95.68,Expiry,sideways,3,,,2020-08-13,,,22.5,85.0,0.0,11400.0,11150.0,,,,,,,
T2 Strangle,2020-08-17,2020-08-20,,,,25,2286.12,92.2,2193.91,95.97,Expiry,sideways,3,,,2020-08-20,,,21.3,91.44,0.0,11350.0,11150.0,,,,,,,
T2 Strangle,2020-08-24,2020-08-27,,,,25,1618.92,90.74,1528.17,94.39,Expiry,bull,3,,,2020-08-27,,,19.2,64.76,0.0,11600.0,11350.0,,,,,,,
T2 Strangle,2020-08-31,2020-09-03,,,,25,1549.25,92.93,1456.31,65.14,Expiry,bull,3,,,2020-09-03,,,22.8,89.42,27.45,11500.0,11250.0,,,,,,,
T2 Strangle,2020-09-07,2020-09-10,,,,25,2456.91,92.58,2364.33,96.23,Expiry,bull,3,,,2020-09-10,,,22.0,98.28,0.0,11450.0,11250.0,,,,,,,
T2 Strangle,2020-09-14,2020-09-17,,,,25,2331.88,92.3,2239.58,96.04,Expiry,bull,3,,,2020-09-17,,,21.2,93.28,0.0,11550.0,11350.0,,,,,,,
T2 Strangle,2020-09-21,2020-09-24,,,,25,-6161.41,103.06,-6264.47,-255.71,Expiry,bull,3,,,2020-09-24,,,22.2,97.99,344.45,11350.0,11150.0,,,,,,,
T2 Strangle,2020-09-28,2020-10-01,,,,25,-64.59,92.76,-157.35,-9.78,Expiry,bull,3,,,2020-10-01,,,19.6,64.37,66.95,11350.0,11100.0,,,,,,,
T2 Strangle,2020-10-05,2020-10-08,,,,25,-3787.27,98.9,-3886.16,-187.04,Expiry,bull,3,,,2020-10-08,,,19.7,83.11,234.6,11600.0,11400.0,,,,,,,
T2 Strangle,2020-10-12,2020-10-15,,,,25,-886.75,95.45,-982.21,-46.67,Expiry,bull,3,,,2020-10-15,,,21.1,84.18,119.65,12050.0,11800.0,,,,,,,
T2 Strangle,2020-10-19,2020-10-22,,,,25,2209.36,92.04,2117.33,95.83,Expiry,bull,3,,,2020-10-22,,,21.8,88.37,0.0,12000.0,11750.0,,,,,,,
T2 Strangle,2020-10-26,2020-10-29,,,,25,2360.62,92.37,2268.25,96.09,Expiry,bull,3,,,2020-10-29,,,22.8,94.42,0.0,11900.0,11650.0,,,,,,,
T2 Strangle,2020-11-02,2020-11-05,,,,25,-5237.84,103.02,-5340.86,-192.83,Expiry,bull,3,,,2020-11-05,,,25.2,110.79,320.3,11800.0,11550.0,,,,,,,
T2 Strangle,2020-11-09,2020-11-12,,,,25,-190.45,94.52,-284.97,-13.7,Expiry,bull,3,,,2020-11-12,,,20.1,83.18,90.8,12600.0,12350.0,,,,,,,
T2 Strangle,2020-11-23,2020-11-26,,,,25,2365.33,92.38,2272.95,96.09,Expiry,bull,3,,,2020-11-26,,,20.8,94.61,0.0,13050.0,12800.0,,,,,,,
T2 Strangle,2020-12-07,2020-12-10,,,,25,1598.14,90.7,1507.45,94.32,Expiry,bull,3,,,2020-12-10,,,18.0,63.93,0.0,13500.0,13200.0,,,,,,,
T2 Strangle,2020-12-14,2020-12-17,,,,25,908.09,92.66,815.43,42.35,Expiry,bull,3,,,2020-12-17,,,19.4,77.02,40.7,13700.0,13400.0,,,,,,,
T2 Strangle,2020-12-21,2020-12-24,,,,25,-4466.72,102.92,-4569.64,-151.59,Expiry,bull,3,,,2020-12-24,,,23.2,120.58,299.25,13450.0,13200.0,,,,,,,
T2 Strangle,2020-12-28,2020-12-31,,,,25,2596.67,92.88,2503.78,96.42,Expiry,bull,3,,,2020-12-31,,,20.4,103.87,0.0,14000.0,13750.0,,,,,,,
T2 Strangle,2021-01-04,2021-01-07,,,,25,2597.05,92.89,2504.16,96.42,Expiry,bull,3,,,2021-01-07,,,20.0,103.88,0.0,14250.0,14000.0,,,,,,,
T2 Strangle,2021-01-11,2021-01-14,,,,25,2863.45,93.47,2769.98,96.74,Expiry,bull,3,,,2021-01-14,,,22.4,114.54,0.0,14650.0,14350.0,,,,,,,
T2 Strangle,2021-01-18,2021-01-21,,,,25,-1090.9,101.03,-1191.93,-32.5,Expiry,bull,3,,,2021-01-21,,,24.4,146.71,190.35,14400.0,14150.0,,,,,,,
T2 Strangle,2021-01-25,2021-01-28,,,,25,-4090.02,102.31,-4192.33,-141.1,Expiry,bull,3,,,2021-01-28,,,23.2,118.85,282.45,14400.0,14100.0,,,,,,,
T2 Strangle,2021-02-01,2021-02-02,,,,25,-3478.12,103.07,-3581.18,-104.99,Stop Loss 2x,bull,1,,,2021-02-04,,,23.3,136.44,275.57,14400.0,14150.0,,,,,,,
T2 Strangle,2021-02-08,2021-02-11,,,,25,3484.41,94.83,3389.58,97.28,Expiry,bull,3,,,2021-02-11,,,24.0,139.38,0.0,15250.0,14950.0,,,,,,,
T2 Strangle,2021-02-15,2021-02-18,,,,25,2900.24,96.19,2804.05,76.27,Expiry,bull,3,,,2021-02-18,,,24.4,147.06,31.05,15450.0,15150.0,,,,,,,
T2 Strangle,2021-02-22,2021-02-25,,,,25,-3342.97,105.22,-3448.19,-84.29,Expiry,bull,3,,,2021-02-25,,,25.5,163.63,297.35,14800.0,14550.0,,,,,,,
T2 Strangle,2021-03-01,2021-03-03,,,,25,-4999.85,106.05,-5105.9,-136.39,Stop Loss 2x,bull,2,,,2021-03-04,,,25.6,149.75,349.74,14900.0,14600.0,,,,,,,
T2 Strangle,2021-03-08,2021-03-12,,,,25,3589.01,95.06,3493.95,97.35,Expiry,bull,4,,,2021-03-11,,,24.7,143.56,0.0,15100.0,14800.0,,,,,,,
T2 Strangle,2021-03-15,2021-03-18,,,,25,-3300.92,100.61,-3401.53,-123.56,Expiry,bull,3,,,2021-03-18,,,21.2,110.11,242.15,15100.0,14800.0,,,,,,,
T2 Strangle,2021-03-22,2021-03-25,,,,25,-4364.46,101.09,-4465.55,-177.7,Expiry,bull,3,,,2021-03-25,,,20.5,100.52,275.1,14900.0,14600.0,,,,,,,
T2 Strangle,2021-04-05,2021-04-08,,,,25,802.92,95.25,707.67,26.73,Expiry,bull,3,,,2021-04-08,,,21.2,105.92,73.8,14800.0,14500.0,,,,,,,
T2 Strangle,2021-04-12,2021-04-15,,,,25,-338.77,97.66,-436.43,-14.81,Expiry,bull,3,,,2021-04-15,,,23.0,117.9,131.45,14450.0,14150.0,,,,,,,
T2 Strangle,2021-04-19,2021-04-22,,,,25,2847.85,93.43,2754.41,96.72,Expiry,bull,3,,,2021-04-22,,,22.5,113.91,0.0,14500.0,14200.0,,,,,,,
T2 Strangle,2021-04-26,2021-04-29,,,,25,-2999.91,101.5,-3101.41,-99.32,Expiry,bull,3,,,2021-04-29,,,23.5,124.9,244.9,14650.0,14350.0,,,,,,,
T2 Strangle,2021-05-03,2021-05-06,,,,25,3224.28,94.26,3130.02,97.08,Expiry,bull,3,,,2021-05-06,,,23.7,128.97,0.0,14800.0,14500.0,,,,,,,
T2 Strangle,2021-05-10,2021-05-14,,,,25,-538.46,96.43,-634.89,-25.23,Expiry,bull,4,,,2021-05-13,,,20.2,100.66,122.2,15100.0,14800.0,,,,,,,
T2 Strangle,2021-05-17,2021-05-20,,,,25,2395.02,92.44,2302.57,96.14,Expiry,bull,3,,,2021-05-20,,,19.6,95.8,0.0,15050.0,14750.0,,,,,,,
T2 Strangle,2021-05-24,2021-05-27,,,,25,2338.3,92.32,2245.98,96.05,Expiry,bull,3,,,2021-05-27,,,19.1,93.53,0.0,15350.0,15050.0,,,,,,,
T2 Strangle,2021-05-31,2021-06-03,,,,25,1090.72,89.59,1001.13,91.79,Expiry,bull,3,,,2021-06-03,,,13.1,43.63,0.0,15750.0,15450.0,,,,,,,
T2 Strangle,2021-06-07,2021-06-10,,,,25,1661.78,90.84,1570.94,94.53,Expiry,bull,3,,,2021-06-10,,,15.6,66.47,0.0,15900.0,15600.0,,,,,,,
T2 Strangle,2021-06-14,2021-06-17,,,,25,1494.91,90.47,1404.44,93.95,Expiry,bull,3,,,2021-06-17,,,14.7,59.8,0.0,15950.0,15650.0,,,,,,,
T2 Strangle,2021-06-21,2021-06-24,,,,25,1543.44,90.58,1452.86,94.13,Expiry,bull,3,,,2021-06-24,,,15.1,61.74,0.0,15900.0,15600.0,,,,,,,
T2 Strangle,2021-06-28,2021-07-01,,,,25,1214.96,89.86,1125.1,92.6,Expiry,bull,3,,,2021-07-01,,,13.4,48.6,0.0,15950.0,15650.0,,,,,,,
T2 Strangle,2021-07-12,2021-07-15,,,,25,-766.06,91.85,-857.9,-78.78,Expiry,bull,3,,,2021-07-15,,,13.0,43.56,74.2,15850.0,15550.0,,,,,,,
T2 Strangle,2021-07-19,2021-07-22,,,,25,1040.15,89.48,950.68,91.4,Expiry,bull,3,,,2021-07-22,,,12.7,41.61,0.0,15900.0,15600.0,,,,,,,
T2 Strangle,2021-07-26,2021-07-29,,,,25,776.06,88.9,687.16,88.54,Expiry,bull,3,,,2021-07-29,,,12.4,31.04,0.0,16000.0,15650.0,,,,,,,
T2 Strangle,2021-08-02,2021-08-03,,,,25,-1862.06,93.17,-1955.23,-180.04,Stop Loss 2x,bull,1,,,2021-08-05,,,12.8,43.44,117.92,16050.0,15750.0,,,,,,,
T2 Strangle,2021-08-09,2021-08-12,,,,25,1114.8,89.64,1025.16,91.96,Expiry,bull,3,,,2021-08-12,,,12.6,44.59,0.0,16400.0,16100.0,,,,,,,
T2 Strangle,2021-08-16,2021-08-20,,,,25,1081.34,89.57,991.77,91.72,Expiry,bull,4,,,2021-08-19,,,13.5,43.25,0.0,16750.0,16400.0,,,,,,,
T2 Strangle,2021-08-23,2021-08-26,,,,25,1385.25,90.23,1295.02,93.49,Expiry,bull,3,,,2021-08-26,,,13.7,55.41,0.0,16650.0,16350.0,,,,,,,
T2 Strangle,2021-08-30,2021-08-31,,,,25,-1259.03,92.55,-1351.58,-120.62,Stop Loss 2x,bull,1,,,2021-09-02,,,13.3,44.82,95.18,17100.0,16750.0,,,,,,,
T2 Strangle,2021-09-06,2021-09-09,,,,25,1606.87,90.72,1516.16,94.35,Expiry,bull,3,,,2021-09-09,,,15.1,64.27,0.0,17550.0,17200.0,,,,,,,
T2 Strangle,2021-09-13,2021-09-16,,,,25,-638.74,92.58,-731.31,-54.22,Expiry,bull,3,,,2021-09-16,,,14.0,53.95,79.5,17550.0,17200.0,,,,,,,
T2 Strangle,2021-09-20,2021-09-23,,,,25,-4597.22,100.39,-4697.61,-210.99,Expiry,bull,3,,,2021-09-23,,,17.5,89.06,272.95,17550.0,17200.0,,,,,,,
T2 Strangle,2021-09-27,2021-09-30,,,,25,427.34,95.11,332.23,13.43,Expiry,bull,3,,,2021-09-30,,,18.0,98.94,81.85,18050.0,17700.0,,,,,,,
T2 Strangle,2021-10-04,2021-10-07,,,,25,2098.76,91.79,2006.97,95.63,Expiry,bull,3,,,2021-10-07,,,16.7,83.95,0.0,17850.0,17500.0,,,,,,,
T2 Strangle,2021-10-11,2021-10-14,,,,25,-3036.3,96.62,-3132.92,-186.76,Expiry,bull,3,,,2021-10-14,,,16.1,67.1,188.55,18150.0,17750.0,,,,,,,
T2 Strangle,2021-10-18,2021-10-21,,,,25,-647.87,96.17,-744.04,-31.01,Expiry,bull,3,,,2021-10-21,,,17.2,95.99,121.9,18650.0,18300.0,,,,,,,
T2 Strangle,2021-10-25,2021-10-28,,,,25,106.21,95.34,10.88,0.45,Expiry,bull,3,,,2021-10-28,,,17.6,97.0,92.75,18300.0,17950.0,,,,,,,
T2 Strangle,2021-11-01,2021-11-04,,,,25,2276.74,92.18,2184.56,95.95,Expiry,bull,3,,,2021-11-04,,,17.2,91.07,0.0,18100.0,17750.0,,,,,,,
T2 Strangle,2021-11-08,2021-11-11,,,,25,1407.51,92.53,1314.98,63.6,Expiry,bull,3,,,2021-11-11,,,16.3,82.7,26.4,18250.0,17900.0,,,,,,,
T2 Strangle,2021-11-15,2021-11-18,,,,25,-2779.0,96.9,-2875.9,-155.37,Expiry,bull,3,,,2021-11-18,,,15.5,74.04,185.2,18300.0,17950.0,,,,,,,
T2 Strangle,2021-11-22,2021-11-25,,,,25,2212.96,92.04,2120.91,95.84,Expiry,bull,3,,,2021-11-25,,,17.5,88.52,0.0,17600.0,17250.0,,,,,,,
T2 Strangle,2021-11-29,2021-12-02,,,,25,-1678.57,100.71,-1779.27,-52.91,Expiry,bull,3,,,2021-12-02,,,20.8,134.51,201.65,17200.0,16900.0,,,,,,,
T2 Strangle,2021-12-06,2021-12-08,,,,25,-6596.45,104.56,-6701.01,-245.05,Stop Loss 2x,bull,2,,,2021-12-09,,,20.1,109.38,373.24,17100.0,16750.0,,,,,,,
T2 Strangle,2021-12-13,2021-12-16,,,,25,1959.26,91.49,1867.77,95.33,Expiry,bull,3,,,2021-12-16,,,16.6,78.37,0.0,17550.0,17200.0,,,,,,,
T2 Strangle,2021-12-20,2021-12-23,,,,25,-4452.2,100.68,-4552.88,-192.69,Expiry,bull,3,,,2021-12-23,,,19.0,94.51,272.6,16800.0,16450.0,,,,,,,
T2 Strangle,2021-12-27,2021-12-30,,,,25,2038.84,91.66,1947.17,95.5,Expiry,bull,3,,,2021-12-30,,,17.1,81.55,0.0,17250.0,16900.0,,,,,,,
T2 Strangle,2022-01-03,2022-01-06,,,,25,1992.79,91.56,1901.22,95.41,Expiry,bull,3,,,2022-01-06,,,16.5,79.71,0.0,17800.0,17450.0,,,,,,,
T2 Strangle,2022-01-10,2022-01-13,,,,25,645.71,93.54,552.18,26.41,Expiry,bull,3,,,2022-01-13,,,17.7,83.63,57.8,18200.0,17800.0,,,,,,,
T2 Strangle,2022-01-17,2022-01-19,,,,25,-3184.87,98.73,-3283.6,-146.39,Stop Loss 2x,bull,2,,,2022-01-20,,,16.8,89.72,217.12,18500.0,18150.0,,,,,,,
T2 Strangle,2022-01-24,2022-01-27,,,,25,3954.79,95.86,3858.93,97.58,Expiry,bull,3,,,2022-01-27,,,22.8,158.19,0.0,17300.0,17000.0,,,,,,,
T2 Strangle,2022-01-31,2022-02-02,,,,25,-3780.49,103.35,-3883.84,-114.65,Stop Loss 2x,bull,2,,,2022-02-03,,,22.0,135.5,286.72,17500.0,17150.0,,,,,,,
T2 Strangle,2022-02-07,2022-02-10,,,,25,-2222.59,99.87,-2322.47,-79.44,Expiry,bull,3,,,2022-02-10,,,20.4,116.95,205.85,17400.0,17050.0,,,,,,,
T2 Strangle,2022-02-14,2022-02-15,,,,25,-5733.29,106.09,-5839.39,-167.18,Stop Loss 2x,bull,1,,,2022-02-17,,,23.0,139.71,369.05,17000.0,16650.0,,,,,,,
T2 Strangle,2022-02-21,2022-02-24,,,,25,-16457.58,119.51,-16577.09,-461.29,Expiry,bull,3,,,2022-02-24,,,22.9,143.75,802.05,17400.0,17050.0,,,,,,,
T2 Strangle,2022-02-28,2022-03-03,,,,25,1639.59,103.74,1535.85,28.24,Expiry,sideways,3,,,2022-03-03,,,28.6,217.53,151.95,16950.0,16650.0,,,,,,,
T2 Strangle,2022-03-07,2022-03-10,,,,25,-9675.33,116.71,-9792.04,-188.41,Expiry,sideways,3,,,2022-03-10,,,29.3,207.89,594.9,16000.0,15700.0,,,,,,,
T2 Strangle,2022-03-14,2022-03-17,,,,25,-1700.2,103.68,-1803.87,-42.68,Expiry,sideways,3,,,2022-03-17,,,25.7,169.04,237.05,17050.0,16700.0,,,,,,,
T2 Strangle,2022-03-21,2022-03-24,,,,25,4033.1,96.03,3937.07,97.62,Expiry,bull,3,,,2022-03-24,,,24.6,161.32,0.0,17300.0,16950.0,,,,,,,
T2 Strangle,2022-03-28,2022-03-31,,,,25,1897.32,96.87,1800.45,51.21,Expiry,bull,3,,,2022-03-31,,,22.6,140.64,64.75,17400.0,17050.0,,,,,,,
T2 Strangle,2022-04-04,2022-04-07,,,,25,-3098.56,98.35,-3196.91,-147.82,Expiry,bull,3,,,2022-04-07,,,17.9,86.51,210.45,18250.0,17850.0,,,,,,,
T2 Strangle,2022-04-11,2022-04-13,,,,25,1009.63,91.48,918.15,56.73,Expiry,bull,2,,,2022-04-13,,,18.3,64.74,24.35,17850.0,17500.0,,,,,,,
T2 Strangle,2022-04-18,2022-04-21,,,,25,1555.32,94.23,1461.08,55.76,Expiry,sideways,3,,,2022-04-21,,,19.3,104.81,42.6,17350.0,17000.0,,,,,,,
T2 Strangle,2022-04-25,2022-04-28,,,,25,-179.09,99.17,-278.26,-8.07,Expiry,bear,3,,,2022-04-28,,,21.3,137.89,145.05,17100.0,16800.0,,,,,,,
T2 Strangle,2022-05-02,2022-05-04,,,,25,-2956.01,100.47,-3056.48,-107.81,Stop Loss 2x,bear,2,,,2022-05-05,,,20.3,113.4,231.64,17250.0,16900.0,,,,,,,
T2 Strangle,2022-05-09,2022-05-12,,,,25,-5125.46,105.12,-5230.58,-152.74,Expiry,bear,3,,,2022-05-12,,,22.0,136.98,342.0,16450.0,16150.0,,,,,,,
T2 Strangle,2022-05-16,2022-05-19,,,,25,3906.21,95.75,3810.46,97.55,Expiry,bear,3,,,2022-05-19,,,24.5,156.25,0.0,16000.0,15700.0,,,,,,,
T2 Strangle,2022-05-23,2022-05-26,,,,25,3357.35,94.55,3262.8,97.18,Expiry,bear,3,,,2022-05-26,,,23.4,134.29,0.0,16400.0,16050.0,,,,,,,
T2 Strangle,2022-05-30,2022-06-02,,,,25,2632.0,92.96,2539.04,96.47,Expiry,bear,3,,,2022-06-02,,,20.0,105.28,0.0,16850.0,16500.0,,,,,,,
T2 Strangle,2022-06-06,2022-06-09,,,,25,2658.58,93.02,2565.56,96.5,Expiry,bear,3,,,2022-06-09,,,20.2,106.34,0.0,16750.0,16400.0,,,,,,,
T2 Strangle,2022-06-13,2022-06-16,,,,25,-3045.08,100.93,-3146.01,-107.01,Expiry,bear,3,,,2022-06-16,,,22.4,117.6,239.4,15950.0,15600.0,,,,,,,
T2 Strangle,2022-06-20,2022-06-23,,,,25,1762.54,95.89,1666.66,52.43,Expiry,bear,3,,,2022-06-23,,,22.4,127.15,56.65,15500.0,15200.0,,,,,,,
T2 Strangle,2022-06-27,2022-06-30,,,,25,2631.94,92.96,2538.98,96.47,Expiry,bear,3,,,2022-06-30,,,21.0,105.28,0.0,16000.0,15650.0,,,,,,,
T2 Strangle,2022-07-04,2022-07-07,,,,25,-334.02,97.79,-431.81,-14.45,Expiry,bear,3,,,2022-07-07,,,21.0,119.54,132.9,16000.0,15700.0,,,,,,,
T2 Strangle,2022-07-11,2022-07-14,,,,25,-677.55,95.2,-772.75,-36.69,Expiry,bear,3,,,2022-07-14,,,18.4,84.25,111.35,16400.0,16050.0,,,,,,,
T2 Strangle,2022-07-18,2022-07-21,,,,25,-2039.46,95.96,-2135.43,-115.94,Expiry,bear,3,,,2022-07-21,,,17.2,73.67,155.25,16450.0,16100.0,,,,,,,
T2 Strangle,2022-07-25,2022-07-28,,,,25,-1184.56,95.65,-1280.21,-62.28,Expiry,bear,3,,,2022-07-28,,,17.7,82.22,129.6,16800.0,16450.0,,,,,,,
T2 Strangle,2022-08-01,2022-08-04,,,,25,2201.12,92.02,2109.1,95.82,Expiry,sideways,3,,,2022-08-04,,,17.5,88.04,0.0,17500.0,17150.0,,,,,,,
T2 Strangle,2022-08-08,2022-08-11,,,,25,2714.3,93.14,2621.15,96.57,Expiry,sideways,3,,,2022-08-11,,,19.3,108.57,0.0,17700.0,17350.0,,,,,,,
T2 Strangle,2022-08-22,2022-08-25,,,,25,2647.96,93.0,2554.97,96.49,Expiry,sideways,3,,,2022-08-25,,,19.0,105.92,0.0,17650.0,17300.0,,,,,,,
T2 Strangle,2022-08-29,2022-08-30,,,,25,-4288.18,101.93,-4390.12,-157.42,Stop Loss 2x,sideways,1,,,2022-09-01,,,19.8,111.56,283.08,17500.0,17150.0,,,,,,,
T2 Strangle,2022-09-05,2022-09-08,,,,25,2852.81,93.45,2759.36,96.72,Expiry,sideways,3,,,2022-09-08,,,19.7,114.11,0.0,17850.0,17500.0,,,,,,,
T2 Strangle,2022-09-12,2022-09-15,,,,25,2472.65,92.61,2380.04,96.25,Expiry,bull,3,,,2022-09-15,,,17.9,98.91,0.0,18100.0,17750.0,,,,,,,
T2 Strangle,2022-09-19,2022-09-22,,,,25,2916.62,93.58,2823.04,96.79,Expiry,bull,3,,,2022-09-22,,,19.9,116.66,0.0,17800.0,17450.0,,,,,,,
T2 Strangle,2022-09-26,2022-09-29,,,,25,2449.55,95.28,2354.27,72.5,Expiry,bull,3,,,2022-09-29,,,21.9,129.88,31.9,17200.0,16850.0,,,,,,,
T2 Strangle,2022-10-03,2022-10-04,,,,25,-3298.38,101.7,-3400.07,-110.61,Stop Loss 2x,sideways,1,,,2022-10-06,,,21.4,122.96,254.89,17050.0,16700.0,,,,,,,
T2 Strangle,2022-10-10,2022-10-13,,,,25,1837.02,94.26,1742.76,63.88,Expiry,bull,3,,,2022-10-13,,,19.6,109.13,35.65,17400.0,17050.0,,,,,,,
T2 Strangle,2022-10-17,2022-10-20,,,,25,820.36,94.44,725.91,30.01,Expiry,bull,3,,,2022-10-20,,,18.4,96.76,63.95,17500.0,17150.0,,,,,,,
T2 Strangle,2022-10-24,2022-10-27,,,,25,2273.98,92.18,2181.8,95.95,Expiry,bull,3,,,2022-10-27,,,17.4,90.96,0.0,17900.0,17550.0,,,,,,,
T2 Strangle,2022-10-31,2022-11-03,,,,25,1913.64,91.39,1822.25,95.22,Expiry,bull,3,,,2022-11-03,,,15.8,76.55,0.0,18200.0,17850.0,,,,,,,
T2 Strangle,2022-11-07,2022-11-10,,,,25,1614.04,90.73,1523.31,94.38,Expiry,bull,3,,,2022-11-10,,,15.6,64.56,0.0,18400.0,18000.0,,,,,,,
T2 Strangle,2022-11-14,2022-11-17,,,,25,1757.57,91.05,1666.52,94.82,Expiry,bull,3,,,2022-11-17,,,14.9,70.3,0.0,18500.0,18150.0,,,,,,,
T2 Strangle,2022-11-21,2022-11-24,,,,25,-1662.56,94.99,-1757.54,-104.0,Expiry,bull,3,,,2022-11-24,,,14.8,67.6,134.1,18350.0,18000.0,,,,,,,
T2 Strangle,2022-11-28,2022-12-01,,,,25,-105.24,92.29,-197.54,-13.56,Expiry,bull,3,,,2022-12-01,,,13.6,58.29,62.5,18750.0,18400.0,,,,,,,
T2 Strangle,2022-12-05,2022-12-08,,,,25,1263.4,89.97,1173.44,92.88,Expiry,bull,3,,,2022-12-08,,,13.7,50.54,0.0,18900.0,18500.0,,,,,,,
T2 Strangle,2022-12-12,2022-12-15,,,,25,1133.54,89.68,1043.86,92.09,Expiry,bull,3,,,2022-12-15,,,13.3,45.34,0.0,18700.0,18300.0,,,,,,,
T2 Strangle,2022-12-19,2022-12-22,,,,25,-1639.47,94.06,-1733.53,-121.5,Expiry,bull,3,,,2022-12-22,,,13.6,57.07,122.65,18600.0,18250.0,,,,,,,
T2 Strangle,2022-12-26,2022-12-29,,,,25,974.46,89.33,885.13,90.83,Expiry,bull,3,,,2022-12-29,,,11.9,38.98,0.0,18200.0,17850.0,,,,,,,
T2 Strangle,2023-01-02,2023-01-05,,,,25,1199.04,90.49,1108.55,79.45,Expiry,bull,3,,,2023-01-05,,,14.7,55.81,7.85,18400.0,18000.0,,,,,,,
T2 Strangle,2023-01-09,2023-01-12,,,,25,324.69,91.47,233.21,17.03,Expiry,bull,3,,,2023-01-12,,,14.6,54.79,41.8,18300.0,17900.0,,,,,,,
T2 Strangle,2023-01-16,2023-01-19,,,,25,268.54,92.72,175.82,10.25,Expiry,bull,3,,,2023-01-19,,,15.0,68.59,57.85,18050.0,17700.0,,,,,,,
T2 Strangle,2023-01-23,2023-01-25,,,,25,-626.95,90.77,-717.73,-87.07,Expiry,bull,2,,,2023-01-25,,,13.6,32.97,58.05,18300.0,17950.0,,,,,,,
T2 Strangle,2023-01-30,2023-02-02,,,,25,2007.21,91.59,1915.61,95.44,Expiry,bull,3,,,2023-02-02,,,17.7,80.29,0.0,17850.0,17450.0,,,,,,,
T2 Strangle,2023-02-06,2023-02-09,,,,25,1580.58,90.66,1489.92,94.26,Expiry,bull,3,,,2023-02-09,,,14.7,63.22,0.0,17950.0,17600.0,,,,,,,
T2 Strangle,2023-02-13,2023-02-16,,,,25,-805.77,92.75,-898.52,-67.03,Expiry,bull,3,,,2023-02-16,,,13.7,53.62,85.85,17950.0,17600.0,,,,,,,
T2 Strangle,2023-02-20,2023-02-22,,,,25,-1568.15,93.58,-1661.73,-126.85,Stop Loss 2x,bull,2,,,2023-02-23,,,13.4,52.4,115.12,18000.0,17650.0,,,,,,,
T2 Strangle,2023-02-27,2023-03-02,,,,25,1340.56,90.13,1250.43,93.28,Expiry,bull,3,,,2023-03-02,,,13.9,53.62,0.0,17550.0,17200.0,,,,,,,
T2 Strangle,2023-03-06,2023-03-09,,,,25,1012.38,89.42,922.96,91.17,Expiry,bull,3,,,2023-03-09,,,12.3,40.5,0.0,17900.0,17550.0,,,,,,,
T2 Strangle,2023-03-13,2023-03-16,,,,25,1467.17,91.64,1375.53,75.28,Expiry,sideways,3,,,2023-03-16,,,16.2,73.09,14.4,17350.0,17000.0,,,,,,,
T2 Strangle,2023-03-20,2023-03-23,,,,25,1748.47,91.03,1657.44,94.79,Expiry,sideways,3,,,2023-03-23,,,16.0,69.94,0.0,17150.0,16800.0,,,,,,,
T2 Strangle,2023-03-27,2023-03-29,,,,25,983.86,89.35,894.51,90.92,Expiry,sideways,2,,,2023-03-29,,,15.4,39.35,0.0,17150.0,16800.0,,,,,,,
T2 Strangle,2023-04-03,2023-04-06,,,,25,-160.92,91.04,-251.96,-23.6,Expiry,sideways,3,,,2023-04-06,,,12.6,42.71,49.15,17550.0,17200.0,,,,,,,
T2 Strangle,2023-04-10,2023-04-13,,,,25,301.01,90.24,210.77,21.06,Expiry,sideways,3,,,2023-04-13,,,12.3,40.04,28.0,17800.0,17450.0,,,,,,,
T2 Strangle,2023-04-17,2023-04-20,,,,25,1013.77,89.42,924.35,91.18,Expiry,sideways,3,,,2023-04-20,,,12.3,40.55,0.0,17900.0,17550.0,,,,,,,
T2 Strangle,2023-05-08,2023-05-11,,,,25,1180.8,89.78,1091.02,92.4,Expiry,sideways,3,,,2023-05-11,,,12.6,47.23,0.0,18450.0,18100.0,,,,,,,
T2 Strangle,2023-05-15,2023-05-18,,,,25,-665.93,91.71,-757.64,-69.81,Expiry,sideways,3,,,2023-05-18,,,13.2,43.41,70.05,18600.0,18200.0,,,,,,,
T2 Strangle,2023-05-22,2023-05-25,,,,25,1172.52,89.77,1082.75,92.34,Expiry,sideways,3,,,2023-05-25,,,12.6,46.9,0.0,18500.0,18150.0,,,,,,,
T2 Strangle,2023-05-29,2023-06-01,,,,25,927.33,89.23,838.1,90.38,Expiry,sideways,3,,,2023-06-01,,,12.3,37.09,0.0,18800.0,18400.0,,,,,,,
T2 Strangle,2023-08-28,2023-08-31,,,,25,1056.36,89.51,966.85,91.53,Expiry,bull,3,,,2023-08-31,,,12.4,42.25,0.0,19500.0,19100.0,,,,,,,
T2 Strangle,2023-11-20,2023-11-23,,,,25,1047.73,89.49,958.23,91.46,Expiry,bull,3,,,2023-11-23,,,12.1,41.91,0.0,19900.0,19500.0,,,,,,,
T2 Strangle,2023-12-04,2023-12-07,,,,25,1383.49,90.33,1293.17,91.57,Expiry,bull,3,,,2023-12-07,,,13.0,56.49,1.15,20900.0,20500.0,,,,,,,
T2 Strangle,2023-12-11,2023-12-14,,,,25,1403.56,90.27,1313.29,93.57,Expiry,bull,3,,,2023-12-14,,,12.8,56.14,0.0,21200.0,20800.0,,,,,,,
T2 Strangle,2023-12-18,2023-12-21,,,,25,1530.1,90.55,1439.55,94.08,Expiry,bull,3,,,2023-12-21,,,13.9,61.2,0.0,21650.0,21200.0,,,,,,,
T2 Strangle,2024-01-01,2024-01-04,,,,25,995.48,89.38,906.1,91.02,Expiry,bull,3,,,2024-01-04,,,11.6,39.82,0.0,21950.0,21500.0,,,,,,,
T2 Strangle,2024-01-08,2024-01-11,,,,25,1426.37,90.32,1336.05,93.67,Expiry,bull,3,,,2024-01-11,,,13.5,57.05,0.0,21750.0,21300.0,,,,,,,
T2 Strangle,2024-01-15,2024-01-17,,,,25,-6254.54,101.29,-6355.84,-334.88,Stop Loss 2x,bull,2,,,2024-01-18,,,13.8,75.92,326.1,22300.0,21900.0,,,,,,,
T2 Strangle,2024-01-29,2024-02-01,,,,25,2118.9,91.84,2027.06,95.67,Expiry,bull,3,,,2024-02-01,,,15.7,84.76,0.0,21950.0,21500.0,,,,,,,
T2 Strangle,2024-02-05,2024-02-08,,,,25,2096.23,91.79,2004.44,95.62,Expiry,bull,3,,,2024-02-08,,,15.6,83.85,0.0,22000.0,21550.0,,,,,,,
T2 Strangle,2024-02-12,2024-02-15,,,,25,674.86,93.85,581.01,26.49,Expiry,bull,3,,,2024-02-15,,,16.1,87.74,60.75,21850.0,21400.0,,,,,,,
T2 Strangle,2024-02-19,2024-02-22,,,,25,1518.57,90.52,1428.04,94.04,Expiry,bull,3,,,2024-02-22,,,13.4,60.74,0.0,22350.0,21900.0,,,,,,,
T2 Strangle,2024-02-26,2024-02-29,,,,25,2166.39,91.94,2074.44,95.76,Expiry,bull,3,,,2024-02-29,,,15.6,86.66,0.0,22350.0,21900.0,,,,,,,
T2 Strangle,2024-03-04,2024-03-07,,,,25,2016.88,91.62,1925.26,95.46,Expiry,bull,3,,,2024-03-07,,,14.9,80.68,0.0,22650.0,22200.0,,,,,,,
T2 Strangle,2024-03-11,2024-03-14,,,,25,1732.84,90.99,1641.85,94.75,Expiry,bull,3,,,2024-03-14,,,14.0,69.31,0.0,22550.0,22100.0,,,,,,,
T2 Strangle,2024-03-18,2024-03-21,,,,25,1645.57,90.8,1554.76,94.48,Expiry,bull,3,,,2024-03-21,,,13.9,65.82,0.0,22300.0,21850.0,,,,,,,
T2 Strangle,2024-04-01,2024-04-04,,,,25,1203.59,89.83,1113.76,92.54,Expiry,bull,3,,,2024-04-04,,,12.1,48.14,0.0,22700.0,22250.0,,,,,,,
T2 Strangle,2024-04-15,2024-04-18,,,,25,-71.09,91.66,-162.75,-12.69,Expiry,bull,3,,,2024-04-18,,,12.5,51.31,54.15,22500.0,22050.0,,,,,,,
T2 Strangle,2024-04-22,2024-04-25,,,,25,858.31,90.81,767.49,56.14,Expiry,bull,3,,,2024-04-25,,,12.7,54.68,20.35,22550.0,22100.0,,,,,,,
T2 Strangle,2024-04-29,2024-05-02,,,,25,1297.65,90.04,1207.61,93.06,Expiry,bull,3,,,2024-05-02,,,12.2,51.91,0.0,22850.0,22400.0,,,,,,,
T2 Strangle,2024-05-06,2024-05-09,,,,25,-3488.04,100.23,-3588.26,-139.38,Expiry,bull,3,,,2024-05-09,,,16.6,102.98,242.5,22650.0,22200.0,,,,,,,
T2 Strangle,2024-05-13,2024-05-16,,,,25,2461.27,97.18,2364.1,62.09,Expiry,bull,3,,,2024-05-16,,,20.6,152.3,53.85,22350.0,21900.0,,,,,,,
T2 Strangle,2024-05-27,2024-05-30,,,,25,-256.94,104.65,-361.59,-7.19,Expiry,bull,3,,,2024-05-30,,,23.2,201.07,211.35,23150.0,22700.0,,,,,,,
T2 Strangle,2024-06-03,2024-06-04,,,,25,-24643.67,131.92,-24775.59,-575.47,Stop Loss 2x,bull,1,,,2024-06-06,,,20.9,172.21,1157.96,23500.0,23050.0,,,,,,,
T2 Strangle,2024-06-10,2024-06-13,,,,25,2685.76,93.08,2592.68,96.53,Expiry,bull,3,,,2024-06-13,,,16.4,107.43,0.0,23500.0,23050.0,,,,,,,
T2 Strangle,2024-06-24,2024-06-27,,,,25,-5378.06,100.52,-5478.58,-276.08,Expiry,bull,3,,,2024-06-27,,,14.1,79.38,294.5,23750.0,23300.0,,,,,,,
T2 Strangle,2024-07-01,2024-07-04,,,,25,1739.46,91.01,1648.46,94.77,Expiry,bull,3,,,2024-07-04,,,13.8,69.58,0.0,24400.0,23900.0,,,,,,,
T2 Strangle,2024-07-08,2024-07-11,,,,25,1968.29,91.51,1876.78,95.35,Expiry,bull,3,,,2024-07-11,,,13.6,78.73,0.0,24550.0,24100.0,,,,,,,
T2 Strangle,2024-07-15,2024-07-18,,,,25,1934.87,91.44,1843.44,95.27,Expiry,bull,3,,,2024-07-18,,,14.2,77.39,0.0,24850.0,24350.0,,,,,,,
T2 Strangle,2024-07-22,2024-07-25,,,,25,2345.51,92.33,2253.17,96.06,Expiry,bull,3,,,2024-07-25,,,15.4,93.82,0.0,24750.0,24250.0,,,,,,,
T2 Strangle,2024-07-29,2024-08-01,,,,25,1583.47,90.67,1492.8,94.27,Expiry,bull,3,,,2024-08-01,,,12.9,63.34,0.0,25100.0,24600.0,,,,,,,
T2 Strangle,2024-08-05,2024-08-08,,,,25,3984.97,95.92,3889.04,97.59,Expiry,bull,3,,,2024-08-08,,,20.4,159.4,0.0,24300.0,23800.0,,,,,,,
T2 Strangle,2024-08-12,2024-08-14,,,,25,1507.27,90.5,1416.77,94.0,Expiry,bull,2,,,2024-08-14,,,15.9,60.29,0.0,24600.0,24100.0,,,,,,,
T2 Strangle,2024-08-19,2024-08-22,,,,25,1974.83,92.5,1882.32,83.2,Expiry,bull,3,,,2024-08-22,,,14.3,90.49,11.5,24800.0,24350.0,,,,,,,
T2 Strangle,2024-08-26,2024-08-29,,,,25,1898.05,91.35,1806.69,95.19,Expiry,bull,3,,,2024-08-29,,,13.8,75.92,0.0,25250.0,24750.0,,,,,,,
T2 Strangle,2024-09-02,2024-09-05,,,,25,2023.52,91.63,1931.89,95.47,Expiry,bull,3,,,2024-09-05,,,14.1,80.94,0.0,25550.0,25050.0,,,,,,,
T2 Strangle,2024-09-09,2024-09-12,,,,25,-2705.0,97.37,-2802.37,-138.9,Expiry,bull,3,,,2024-09-12,,,14.2,80.7,188.9,25200.0,24700.0,,,,,,,
T2 Strangle,2024-09-16,2024-09-19,,,,25,1517.12,90.52,1426.6,94.03,Expiry,bull,3,,,2024-09-19,,,12.5,60.68,0.0,25650.0,25150.0,,,,,,,
T2 Strangle,2024-09-23,2024-09-26,,,,25,1651.25,92.18,1559.07,75.96,Expiry,bull,3,,,2024-09-26,,,13.8,82.1,16.05,26200.0,25700.0,,,,,,,
T2 Strangle,2024-09-30,2024-10-03,,,,25,-5793.01,100.07,-5893.08,-345.74,Expiry,bull,3,,,2024-10-03,,,12.8,68.18,299.9,26050.0,25550.0,,,,,,,
T2 Strangle,2024-10-07,2024-10-10,,,,25,2274.64,92.18,2182.46,95.95,Expiry,bull,3,,,2024-10-10,,,15.1,90.99,0.0,25050.0,24550.0,,,,,,,
T2 Strangle,2024-10-14,2024-10-17,,,,25,-2104.92,95.39,-2200.3,-133.45,Expiry,bull,3,,,2024-10-17,,,13.0,65.95,150.15,25400.0,24900.0,,,,,,,
T2 Strangle,2024-10-21,2024-10-24,,,,25,-1932.98,95.8,-2028.78,-110.74,Expiry,bull,3,,,2024-10-24,,,13.8,73.28,150.6,25050.0,24550.0,,,,,,,
T2 Strangle,2024-10-28,2024-10-31,,,,25,1920.63,91.4,1829.23,95.24,Expiry,bull,3,,,2024-10-31,,,14.3,76.83,0.0,24600.0,24100.0,,,,,,,
T2 Strangle,2024-11-04,2024-11-06,,,,25,-3548.7,100.55,-3649.24,-137.87,Stop Loss 2x,bull,2,,,2024-11-07,,,16.7,105.88,247.83,24250.0,23750.0,,,,,,,
T2 Strangle,2024-11-11,2024-11-13,,,,25,-6616.49,101.66,-6718.15,-357.87,Stop Loss 2x,bull,2,,,2024-11-14,,,14.3,75.09,339.75,24400.0,23900.0,,,,,,,
T2 Strangle,2024-11-18,2024-11-21,,,,25,2032.31,91.65,1940.66,95.49,Expiry,sideways,3,,,2024-11-21,,,15.2,81.29,0.0,23700.0,23200.0,,,,,,,
T2 Strangle,2024-11-25,2024-11-28,,,,25,382.81,95.35,287.46,11.37,Expiry,bull,3,,,2024-11-28,,,15.3,101.16,85.85,24450.0,24000.0,,,,,,,
T2 Strangle,2024-12-02,2024-12-05,,,,25,-2875.52,98.66,-2974.18,-127.4,Expiry,bull,3,,,2024-12-05,,,14.7,93.38,208.4,24500.0,24050.0,,,,,,,
T2 Strangle,2024-12-09,2024-12-12,,,,25,1937.65,91.44,1846.21,95.28,Expiry,bull,3,,,2024-12-12,,,14.1,77.51,0.0,24850.0,24350.0,,,,,,,
T2 Strangle,2024-12-16,2024-12-18,,,,25,-3331.75,97.79,-3429.55,-178.94,Stop Loss 2x,bull,2,,,2024-12-19,,,14.0,76.66,209.93,24900.0,24400.0,,,,,,,
T2 Strangle,2024-12-23,2024-12-26,,,,25,1583.23,90.67,1492.57,94.27,Expiry,sideways,3,,,2024-12-26,,,13.5,63.33,0.0,24000.0,23500.0,,,,,,,
T2 Strangle,2024-12-30,2025-01-02,,,,25,-5521.75,99.71,-5621.46,-331.75,Expiry,sideways,3,,,2025-01-02,,,14.0,67.78,288.65,23900.0,23400.0,,,,,,,
T2 Strangle,2025-01-06,2025-01-09,,,,25,2512.94,92.7,2420.24,96.31,Expiry,sideways,3,,,2025-01-09,,,15.6,100.52,0.0,23850.0,23400.0,,,,,,,
T2 Strangle,2025-01-13,2025-01-16,,,,25,2226.11,93.08,2133.03,84.61,Expiry,sideways,3,,,2025-01-16,,,16.0,100.85,11.8,23300.0,22850.0,,,,,,,
T2 Strangle,2025-01-20,2025-01-23,,,,25,2404.42,92.46,2311.96,96.15,Expiry,bear,3,,,2025-01-23,,,16.4,96.18,0.0,23600.0,23100.0,,,,,,,
T2 Strangle,2025-01-27,2025-01-30,,,,25,-1814.94,100.23,-1915.17,-60.37,Expiry,bear,3,,,2025-01-30,,,18.1,126.9,199.5,23050.0,22600.0,,,,,,,
T2 Strangle,2025-02-03,2025-02-04,,,,25,-2710.73,97.42,-2808.15,-138.46,Stop Loss 2x,bear,1,,,2025-02-06,,,14.4,81.13,189.56,23600.0,23150.0,,,,,,,
T2 Strangle,2025-02-10,2025-02-13,,,,25,-892.45,95.35,-987.8,-47.66,Expiry,bear,3,,,2025-02-13,,,14.4,82.9,118.6,23600.0,23150.0,,,,,,,
T2 Strangle,2025-02-17,2025-02-20,,,,25,2388.83,92.43,2296.4,96.13,Expiry,bear,3,,,2025-02-20,,,15.7,95.55,0.0,23200.0,22750.0,,,,,,,
T2 Strangle,2025-02-24,2025-02-27,,,,25,1900.36,91.36,1809.0,95.19,Expiry,bear,3,,,2025-02-27,,,14.4,76.01,0.0,22800.0,22350.0,,,,,,,
T2 Strangle,2025-03-03,2025-03-06,,,,25,-3251.6,96.67,-3348.27,-207.21,Expiry,bear,3,,,2025-03-06,,,13.8,64.64,194.7,22350.0,21900.0,,,,,,,
T2 Strangle,2025-03-10,2025-03-13,,,,25,1744.61,91.02,1653.59,94.78,Expiry,bear,3,,,2025-03-13,,,14.0,69.78,0.0,22700.0,22250.0,,,,,,,
T2 Strangle,2025-03-17,2025-03-18,,,,25,-1992.43,95.03,-2087.47,-131.62,Stop Loss 2x,bear,1,,,2025-03-20,,,13.4,63.44,143.14,22750.0,22300.0,,,,,,,
T2 Strangle,2025-03-24,2025-03-27,,,,25,1624.65,90.76,1533.9,94.41,Expiry,bear,3,,,2025-03-27,,,13.7,64.99,0.0,23900.0,23400.0,,,,,,,
T2 Strangle,2025-04-07,2025-04-11,,,,25,-6122.24,110.31,-6232.55,-135.74,Expiry,bear,4,,,2025-04-10,,,22.8,183.66,428.55,22400.0,21950.0,,,,,,,
T2 Strangle,2025-04-21,2025-04-24,,,,25,2586.3,92.86,2493.44,96.41,Expiry,sideways,3,,,2025-04-24,,,15.5,103.45,0.0,24350.0,23900.0,,,,,,,
T2 Strangle,2025-04-28,2025-05-02,,,,25,3146.1,94.09,3052.01,97.01,Expiry,sideways,4,,,2025-05-01,,,16.9,125.84,0.0,24550.0,24100.0,,,,,,,
T2 Strangle,2025-05-05,2025-05-08,,,,25,3360.47,94.56,3265.91,97.19,Expiry,sideways,3,,,2025-05-08,,,18.3,134.42,0.0,24700.0,24200.0,,,,,,,
T2 Strangle,2025-05-12,2025-05-15,,,,25,3854.12,95.64,3758.48,97.52,Expiry,sideways,3,,,2025-05-15,,,18.4,154.16,0.0,25150.0,24700.0,,,,,,,
T2 Strangle,2025-05-19,2025-05-22,,,,25,862.57,96.78,765.79,24.54,Expiry,sideways,3,,,2025-05-22,,,17.4,124.8,90.3,25200.0,24700.0,,,,,,,
T2 Strangle,2025-05-26,2025-05-29,,,,25,3382.19,94.6,3287.59,97.2,Expiry,sideways,3,,,2025-05-29,,,18.0,135.29,0.0,25250.0,24750.0,,,,,,,
T2 Strangle,2025-06-02,2025-06-05,,,,25,3004.52,93.78,2910.75,96.88,Expiry,sideways,3,,,2025-06-05,,,17.2,120.18,0.0,24950.0,24450.0,,,,,,,
T2 Strangle,2025-06-09,2025-06-12,,,,25,2207.97,92.03,2115.94,95.83,Expiry,bull,3,,,2025-06-12,,,14.7,88.32,0.0,25350.0,24850.0,,,,,,,
T2 Strangle,2025-06-16,2025-06-19,,,,25,2223.93,92.07,2131.87,95.86,Expiry,bull,3,,,2025-06-19,,,14.8,88.96,0.0,25200.0,24700.0,,,,,,,
T2 Strangle,2025-06-23,2025-06-26,,,,25,-6736.7,102.19,-6838.89,-343.96,Expiry,bull,3,,,2025-06-26,,,14.1,79.53,349.0,25200.0,24700.0,,,,,,,
T2 Strangle,2025-06-30,2025-07-03,,,,75,4993.69,98.13,4895.56,98.03,Expiry,bull,3,,,2025-07-03,,,12.8,66.58,0.0,25750.0,25250.0,,,,,,,
T2 Strangle,2025-07-07,2025-07-10,,,,75,4724.18,97.54,4626.64,97.94,Expiry,bull,3,,,2025-07-10,,,12.6,62.99,0.0,25700.0,25200.0,,,,,,,
T2 Strangle,2025-07-28,2025-07-31,,,,75,3878.17,95.69,3782.48,97.53,Expiry,bull,3,,,2025-07-31,,,12.1,51.71,0.0,24950.0,24450.0,,,,,,,
T2 Strangle,2025-08-11,2025-08-14,,,,75,3974.31,95.9,3878.41,97.59,Expiry,bull,3,,,2025-08-14,,,12.2,52.99,0.0,24850.0,24350.0,,,,,,,
T2 Strangle,2025-08-18,2025-08-21,,,,75,4216.74,96.43,4120.31,97.71,Expiry,bull,3,,,2025-08-21,,,12.3,56.22,0.0,25150.0,24650.0,,,,,,,
T2 Strangle,2025-11-03,2025-11-06,,,,75,4981.59,98.11,4883.49,98.03,Expiry,bull,3,,,2025-11-06,,,12.7,66.42,0.0,26000.0,25500.0,,,,,,,
T2 Strangle,2025-11-10,2025-11-13,,,,75,1641.41,98.24,1543.16,40.32,Expiry,bull,3,,,2025-11-13,,,12.3,51.04,29.15,25850.0,25300.0,,,,,,,
T2 Strangle,2025-11-24,2025-11-27,,,,75,4469.33,100.96,4368.37,77.51,Expiry,bull,3,,,2025-11-27,,,13.2,75.14,15.55,26200.0,25700.0,,,,,,,
T2 Strangle,2026-02-02,2026-02-03,,,,65,-20509.73,129.24,-20638.97,-412.83,Stop Loss 2x,sideways,1,,,2026-02-05,,,13.9,76.91,392.45,25350.0,24850.0,,,,,,,
T2 Strangle,2026-02-09,2026-02-12,,,,65,3332.3,94.49,3237.81,97.16,Expiry,bull,3,,,2026-02-12,,,12.2,51.27,0.0,26150.0,25600.0,,,,,,,
T2 Strangle,2026-02-16,2026-02-19,,,,65,4808.15,97.73,4710.43,97.97,Expiry,bull,3,,,2026-02-19,,,13.3,73.97,0.0,25950.0,25450.0,,,,,,,
T2 Strangle,2026-02-23,2026-02-26,,,,65,5609.35,99.48,5509.87,98.23,Expiry,bull,3,,,2026-02-26,,,14.2,86.3,0.0,25950.0,25450.0,,,,,,,
T2 Strangle,2026-03-02,2026-03-05,,,,65,7878.2,104.45,7773.76,98.67,Expiry,sideways,3,,,2026-03-05,,,17.1,121.2,0.0,25100.0,24600.0,,,,,,,
T2 Strangle,2026-03-09,2026-03-12,,,,65,3859.39,131.28,3728.11,26.04,Expiry,sideways,3,,,2026-03-12,,,23.4,220.22,160.85,24250.0,23800.0,,,,,,,
T2 Strangle,2026-03-16,2026-03-19,,,,65,1384.35,122.98,1261.37,11.47,Expiry,sideways,3,,,2026-03-19,,,21.6,169.15,147.85,23650.0,23150.0,,,,,,,
T3 Iron Condor,2019-02-11,2019-02-14,,,,25,-383.47,135.49,-518.95,-53.76,Expiry,sideways,3,,,2019-02-14,,,15.8,,,,,38.61,53.95,1534.71,,,,
T3 Iron Condor,2019-02-18,2019-02-21,,,,25,-10.15,136.01,-146.16,-14.82,Expiry,bear,3,,,2019-02-21,,,18.0,,,,,39.44,39.85,1513.91,,,,
T3 Iron Condor,2019-02-25,2019-02-28,,,,25,643.65,133.0,510.64,79.34,Expiry,sideways,3,,,2019-02-28,,,15.4,,,,,25.75,0.0,2481.35,,,,
T3 Iron Condor,2019-03-11,2019-03-14,,,,25,-444.42,134.28,-578.7,-90.87,Expiry,sideways,3,,,2019-03-14,,,14.9,,,,,25.47,43.25,2488.17,,,,
T3 Iron Condor,2019-03-18,2019-03-22,,,,25,815.38,134.01,681.38,83.57,Expiry,bull,4,,,2019-03-21,,,16.9,,,,,32.62,0.0,2309.62,,,,
T3 Iron Condor,2019-03-25,2019-03-28,,,,25,-1893.44,138.2,-2031.64,-183.6,Expiry,bull,3,,,2019-03-28,,,16.7,,,,,44.26,120.0,1393.44,,,,
T3 Iron Condor,2019-04-01,2019-04-04,,,,25,909.62,134.69,774.93,85.19,Expiry,bull,3,,,2019-04-04,,,18.0,,,,,36.38,0.0,2215.38,,,,
T3 Iron Condor,2019-04-08,2019-04-11,,,,25,1570.5,136.37,1434.14,91.32,Expiry,bull,3,,,2019-04-11,,,20.1,,,,,62.82,0.0,929.5,,,,
T3 Iron Condor,2019-04-15,2019-04-18,,,,25,1112.14,136.55,975.59,87.72,Expiry,bull,3,,,2019-04-18,,,21.4,,,,,44.49,0.0,2012.86,,,,
T3 Iron Condor,2019-04-22,2019-04-25,,,,25,1856.23,138.53,1717.69,92.54,Expiry,bull,3,,,2019-04-25,,,24.0,,,,,74.25,0.0,643.77,,,,
T3 Iron Condor,2019-05-06,2019-05-09,,,,25,-1748.98,144.52,-1893.5,-94.63,Expiry,bull,3,,,2019-05-09,,,26.4,,,,,80.04,150.0,498.98,,,,
T3 Iron Condor,2019-05-13,2019-05-16,,,,25,1296.35,140.73,1155.62,78.41,Expiry,bull,3,,,2019-05-16,,,27.4,,,,,58.95,7.1,1026.16,,,,
T3 Iron Condor,2019-05-20,2019-05-23,,,,25,159.54,139.28,20.27,1.64,Expiry,bull,3,,,2019-05-23,,,23.7,,,,,49.33,42.95,1891.7,,,,
T3 Iron Condor,2019-05-27,2019-05-30,,,,25,810.04,133.98,676.06,83.46,Expiry,bull,3,,,2019-05-30,,,16.2,,,,,32.4,0.0,2314.96,,,,
T3 Iron Condor,2019-06-03,2019-06-06,,,,25,-1564.28,136.93,-1701.21,-181.81,Expiry,bull,3,,,2019-06-06,,,16.0,,,,,37.43,100.0,2189.28,,,,
T3 Iron Condor,2019-06-10,2019-06-13,,,,25,718.59,133.41,585.18,81.43,Expiry,bull,3,,,2019-06-13,,,15.0,,,,,28.74,0.0,2406.41,,,,
T3 Iron Condor,2019-06-17,2019-06-20,,,,25,-125.72,134.1,-259.81,-38.89,Expiry,bull,3,,,2019-06-20,,,14.6,,,,,26.72,31.75,2456.97,,,,
T3 Iron Condor,2019-06-24,2019-06-27,,,,25,69.23,135.22,-65.99,-5.96,Expiry,bull,3,,,2019-06-27,,,15.2,,,,,44.32,41.55,1392.02,,,,
T3 Iron Condor,2019-07-01,2019-07-04,,,,25,683.59,133.21,550.38,80.51,Expiry,bull,3,,,2019-07-04,,,14.6,,,,,27.34,0.0,2441.41,,,,
T3 Iron Condor,2019-07-08,2019-07-11,,,,25,876.44,133.37,743.07,84.78,Expiry,bull,3,,,2019-07-11,,,13.9,,,,,35.06,0.0,1623.56,,,,
T3 Iron Condor,2019-07-15,2019-07-18,,,,25,453.5,132.14,321.36,70.86,Expiry,bull,3,,,2019-07-18,,,12.0,,,,,18.14,0.0,2671.5,,,,
T3 Iron Condor,2019-07-22,2019-07-25,,,,25,739.31,132.91,606.4,82.02,Expiry,bull,3,,,2019-07-25,,,13.0,,,,,29.57,0.0,1760.69,,,,
T3 Iron Condor,2019-07-29,2019-08-01,,,,25,-2266.55,136.51,-2403.06,-327.64,Expiry,bull,3,,,2019-08-01,,,13.1,,,,,29.34,120.0,1766.55,,,,
T3 Iron Condor,2019-08-05,2019-08-08,,,,25,-1010.04,136.69,-1146.73,-109.09,Expiry,sideways,3,,,2019-08-08,,,16.6,,,,,42.05,82.45,1448.79,,,,
T3 Iron Condor,2019-08-19,2019-08-22,,,,25,-1552.75,137.57,-1690.32,-178.45,Expiry,sideways,3,,,2019-08-22,,,16.8,,,,,37.89,100.0,1552.75,,,,
T3 Iron Condor,2019-08-26,2019-08-29,,,,25,1031.24,134.38,896.86,83.53,Expiry,sideways,3,,,2019-08-29,,,16.7,,,,,42.95,1.7,1426.25,,,,
T3 Iron Condor,2019-09-09,2019-09-12,,,,25,877.78,134.05,743.73,84.73,Expiry,sideways,3,,,2019-09-12,,,15.9,,,,,35.11,0.0,1622.22,,,,
T3 Iron Condor,2019-09-16,2019-09-19,,,,25,-1689.84,136.69,-1826.53,-225.45,Expiry,bear,3,,,2019-09-19,,,14.9,,,,,32.41,100.0,1689.84,,,,
T3 Iron Condor,2019-09-23,2019-09-26,,,,25,1260.07,134.63,1125.44,89.32,Expiry,sideways,3,,,2019-09-26,,,16.8,,,,,50.4,0.0,1239.93,,,,
T3 Iron Condor,2019-09-30,2019-10-03,,,,25,-158.61,134.64,-293.25,-39.55,Expiry,sideways,3,,,2019-10-03,,,15.9,,,,,29.66,36.0,2383.61,,,,
T3 Iron Condor,2019-10-07,2019-10-10,,,,25,842.1,134.2,707.9,84.06,Expiry,bear,3,,,2019-10-10,,,17.8,,,,,33.68,0.0,2282.9,,,,
T3 Iron Condor,2019-10-14,2019-10-17,,,,25,-1343.54,137.95,-1481.49,-128.11,Expiry,sideways,3,,,2019-10-17,,,17.4,,,,,46.26,100.0,1343.54,,,,
T3 Iron Condor,2019-11-04,2019-11-07,,,,25,919.75,133.78,785.97,85.45,Expiry,sideways,3,,,2019-11-07,,,15.9,,,,,36.79,0.0,2205.25,,,,
T3 Iron Condor,2019-11-11,2019-11-14,,,,25,814.17,134.0,680.17,83.54,Expiry,bull,3,,,2019-11-14,,,16.2,,,,,32.57,0.0,2310.83,,,,
T3 Iron Condor,2019-11-18,2019-11-21,,,,25,777.9,133.78,644.12,82.8,Expiry,bull,3,,,2019-11-21,,,15.8,,,,,31.12,0.0,2347.1,,,,
T3 Iron Condor,2019-11-25,2019-11-28,,,,25,734.98,133.51,601.47,81.84,Expiry,bull,3,,,2019-11-28,,,15.0,,,,,29.4,0.0,2390.02,,,,
T3 Iron Condor,2019-12-02,2019-12-05,,,,25,1040.68,133.68,907.0,87.15,Expiry,bull,3,,,2019-12-05,,,14.2,,,,,41.63,0.0,1459.32,,,,
T3 Iron Condor,2019-12-09,2019-12-12,,,,25,788.87,133.18,655.68,83.12,Expiry,bull,3,,,2019-12-12,,,14.6,,,,,31.55,0.0,2336.13,,,,
T3 Iron Condor,2019-12-16,2019-12-19,,,,25,-1791.57,136.69,-1928.26,-202.78,Expiry,bull,3,,,2019-12-19,,,13.4,,,,,38.04,109.7,1549.07,,,,
T3 Iron Condor,2019-12-23,2019-12-26,,,,25,-47.37,132.98,-180.35,-33.47,Expiry,bull,3,,,2019-12-26,,,12.0,,,,,21.56,23.45,2586.11,,,,
T3 Iron Condor,2019-12-30,2020-01-02,,,,25,448.56,131.95,316.62,70.58,Expiry,bull,3,,,2020-01-02,,,11.0,,,,,17.94,0.0,2676.44,,,,
T3 Iron Condor,2020-01-06,2020-01-09,,,,25,-2073.82,136.84,-2210.66,-268.38,Expiry,bull,3,,,2020-01-09,,,14.8,,,,,32.95,115.9,2301.31,,,,
T3 Iron Condor,2020-01-13,2020-01-16,,,,25,790.25,133.23,657.02,83.14,Expiry,bull,3,,,2020-01-16,,,14.3,,,,,31.61,0.0,2334.75,,,,
T3 Iron Condor,2020-01-20,2020-01-23,,,,25,781.23,133.79,647.44,82.87,Expiry,bull,3,,,2020-01-23,,,15.4,,,,,31.25,0.0,2343.77,,,,
T3 Iron Condor,2020-01-27,2020-01-30,,,,25,898.65,134.6,764.05,85.02,Expiry,bull,3,,,2020-01-30,,,17.2,,,,,35.95,0.0,2226.35,,,,
T3 Iron Condor,2020-02-03,2020-02-05,,,,25,-2521.85,138.74,-2660.59,-226.6,Stop Loss 3x,bull,2,,,2020-02-06,,,15.8,,,,,46.96,147.84,1325.88,,,,
T3 Iron Condor,2020-02-10,2020-02-13,,,,25,54.54,133.9,-79.36,-11.83,Expiry,bull,3,,,2020-02-13,,,14.2,,,,,26.83,24.65,2454.2,,,,
T3 Iron Condor,2020-02-17,2020-02-20,,,,25,1065.75,133.78,931.98,87.45,Expiry,bull,3,,,2020-02-20,,,14.4,,,,,42.63,0.0,1434.25,,,,
T3 Iron Condor,2020-02-24,2020-02-27,,,,25,-808.65,136.35,-945.0,-110.03,Expiry,bull,3,,,2020-02-27,,,17.0,,,,,34.35,66.7,2266.15,,,,
T3 Iron Condor,2020-03-02,2020-03-05,,,,25,760.24,138.58,621.66,50.33,Expiry,sideways,3,,,2020-03-05,,,25.2,,,,,49.41,19.0,1889.76,,,,
T3 Iron Condor,2020-03-09,2020-03-12,,,,25,-978.38,144.47,-1122.85,-73.79,Expiry,sideways,3,,,2020-03-12,,,30.8,,,,,60.86,100.0,978.38,,,,
T3 Iron Condor,2020-03-16,2020-03-19,,,,25,-599.88,157.07,-756.95,-39.84,Expiry,sideways,3,,,2020-03-19,,,58.9,,,,,76.0,100.0,599.88,,,,
T3 Iron Condor,2020-03-23,2020-03-26,,,,25,301.95,158.22,143.73,9.26,Expiry,bear,3,,,2020-03-26,,,72.0,,,,,62.08,50.0,323.05,,,,
T3 Iron Condor,2020-03-30,2020-04-03,,,,25,-458.67,162.0,-620.66,-30.4,Expiry,bear,4,,,2020-04-02,,,71.9,,,,,81.65,100.0,-166.33,,,,
T3 Iron Condor,2020-04-13,2020-04-16,,,,25,1390.32,149.92,1240.4,89.22,Expiry,bear,3,,,2020-04-16,,,51.5,,,,,55.61,0.0,1109.68,,,,
T3 Iron Condor,2020-04-20,2020-04-23,,,,25,1322.59,146.41,1176.18,88.93,Expiry,bear,3,,,2020-04-23,,,43.5,,,,,52.9,0.0,1177.41,,,,
T3 Iron Condor,2020-04-27,2020-04-30,,,,25,9.71,145.12,-135.4,-10.75,Expiry,bear,3,,,2020-04-30,,,38.0,,,,,50.39,50.0,1240.29,,,,
T3 Iron Condor,2020-05-04,2020-05-07,,,,25,1687.01,146.16,1540.85,90.07,Expiry,bear,3,,,2020-05-07,,,43.7,,,,,68.43,0.95,789.24,,,,
T3 Iron Condor,2020-05-11,2020-05-14,,,,25,1065.51,143.71,921.8,73.94,Expiry,bear,3,,,2020-05-14,,,38.0,,,,,49.87,7.25,1253.24,,,,
T3 Iron Condor,2020-05-18,2020-05-21,,,,25,-741.73,148.15,-889.87,-50.61,Expiry,bear,3,,,2020-05-21,,,40.9,,,,,70.33,100.0,116.73,,,,
T3 Iron Condor,2020-06-01,2020-06-04,,,,25,-876.27,144.79,-1021.06,-62.88,Expiry,bear,3,,,2020-06-04,,,30.7,,,,,64.95,100.0,251.27,,,,
T3 Iron Condor,2020-06-08,2020-06-11,,,,25,-1036.83,143.4,-1180.23,-80.66,Expiry,bear,3,,,2020-06-11,,,29.6,,,,,58.53,100.0,1036.83,,,,
T3 Iron Condor,2020-06-15,2020-06-18,,,,25,-984.27,144.37,-1128.65,-74.46,Expiry,bear,3,,,2020-06-18,,,32.6,,,,,60.63,100.0,984.27,,,,
T3 Iron Condor,2020-06-22,2020-06-25,,,,25,1499.76,141.01,1358.75,90.6,Expiry,bear,3,,,2020-06-25,,,30.5,,,,,59.99,0.0,1000.24,,,,
T3 Iron Condor,2020-06-29,2020-07-02,,,,25,-1047.75,143.2,-1190.95,-82.01,Expiry,bear,3,,,2020-07-02,,,28.9,,,,,58.09,100.0,1047.75,,,,
T3 Iron Condor,2020-07-06,2020-07-09,,,,25,1613.35,138.43,1474.92,91.42,Expiry,bear,3,,,2020-07-09,,,25.2,,,,,64.53,0.0,886.65,,,,
T3 Iron Condor,2020-07-13,2020-07-16,,,,25,1366.48,138.79,1227.69,89.84,Expiry,bear,3,,,2020-07-16,,,25.2,,,,,54.66,0.0,1133.52,,,,
T3 Iron Condor,2020-07-20,2020-07-23,,,,25,-432.99,139.57,-572.56,-47.58,Expiry,sideways,3,,,2020-07-23,,,24.7,,,,,48.13,65.45,1921.73,,,,
T3 Iron Condor,2020-07-27,2020-07-30,,,,25,1227.43,137.9,1089.53,88.77,Expiry,sideways,3,,,2020-07-30,,,25.0,,,,,49.1,0.0,1897.57,,,,
T3 Iron Condor,2020-08-03,2020-08-06,,,,25,-893.72,141.63,-1035.35,-64.46,Expiry,sideways,3,,,2020-08-06,,,25.2,,,,,64.25,100.0,893.72,,,,
T3 Iron Condor,2020-08-10,2020-08-13,,,,25,1125.5,136.67,988.83,87.86,Expiry,sideways,3,,,2020-08-13,,,22.5,,,,,45.02,0.0,1999.5,,,,
T3 Iron Condor,2020-08-17,2020-08-20,,,,25,1418.14,136.86,1281.27,90.35,Expiry,sideways,3,,,2020-08-20,,,21.3,,,,,56.73,0.0,1081.86,,,,
T3 Iron Condor,2020-08-24,2020-08-27,,,,25,966.06,135.14,830.92,86.01,Expiry,bull,3,,,2020-08-27,,,19.2,,,,,38.64,0.0,2158.94,,,,
T3 Iron Condor,2020-08-31,2020-09-03,,,,25,468.24,137.85,330.39,28.62,Expiry,bull,3,,,2020-09-03,,,22.8,,,,,46.18,27.45,1970.51,,,,
T3 Iron Condor,2020-09-07,2020-09-10,,,,25,1494.25,137.35,1356.9,90.81,Expiry,bull,3,,,2020-09-10,,,22.0,,,,,59.77,0.0,1005.75,,,,
T3 Iron Condor,2020-09-14,2020-09-17,,,,25,1444.02,136.99,1307.03,90.51,Expiry,bull,3,,,2020-09-17,,,21.2,,,,,57.76,0.0,1055.98,,,,
T3 Iron Condor,2020-09-21,2020-09-24,,,,25,-1013.74,140.39,-1154.13,-77.65,Expiry,bull,3,,,2020-09-24,,,22.2,,,,,59.45,100.0,1013.74,,,,
T3 Iron Condor,2020-09-28,2020-10-01,,,,25,-712.06,137.15,-849.21,-88.3,Expiry,bull,3,,,2020-10-01,,,19.6,,,,,38.47,66.95,2163.3,,,,
T3 Iron Condor,2020-10-05,2020-10-08,,,,25,-2232.25,140.6,-2372.85,-156.34,Expiry,bull,3,,,2020-10-08,,,19.7,,,,,60.71,150.0,982.25,,,,
T3 Iron Condor,2020-10-12,2020-10-15,,,,25,-1381.13,139.66,-1520.79,-135.92,Expiry,bull,3,,,2020-10-15,,,21.1,,,,,44.75,100.0,2006.13,,,,
T3 Iron Condor,2020-10-19,2020-10-22,,,,25,1148.61,136.93,1011.68,88.08,Expiry,bull,3,,,2020-10-22,,,21.8,,,,,45.94,0.0,1976.39,,,,
T3 Iron Condor,2020-10-26,2020-10-29,,,,25,1188.86,137.4,1051.46,88.44,Expiry,bull,3,,,2020-10-29,,,22.8,,,,,47.55,0.0,1936.14,,,,
T3 Iron Condor,2020-11-02,2020-11-05,,,,25,-1214.78,141.72,-1356.5,-105.55,Expiry,bull,3,,,2020-11-05,,,25.2,,,,,51.41,100.0,1839.78,,,,
T3 Iron Condor,2020-11-09,2020-11-12,,,,25,-978.08,139.08,-1117.16,-86.47,Expiry,bull,3,,,2020-11-12,,,20.1,,,,,51.68,90.8,1833.09,,,,
T3 Iron Condor,2020-11-23,2020-11-26,,,,25,1571.81,136.95,1434.86,91.29,Expiry,bull,3,,,2020-11-26,,,20.8,,,,,62.87,0.0,1553.19,,,,
T3 Iron Condor,2020-12-07,2020-12-10,,,,25,909.7,135.14,774.56,85.14,Expiry,bull,3,,,2020-12-10,,,18.0,,,,,36.39,0.0,2840.3,,,,
T3 Iron Condor,2020-12-14,2020-12-17,,,,25,169.77,137.16,32.61,2.75,Expiry,bull,3,,,2020-12-17,,,19.4,,,,,47.49,40.7,2562.73,,,,
T3 Iron Condor,2020-12-21,2020-12-24,,,,25,-1948.33,143.45,-2091.78,-116.1,Expiry,bull,3,,,2020-12-24,,,23.2,,,,,72.07,150.0,1323.33,,,,
T3 Iron Condor,2020-12-28,2020-12-31,,,,25,1660.05,137.63,1522.43,91.71,Expiry,bull,3,,,2020-12-31,,,20.4,,,,,66.4,0.0,1464.95,,,,
T3 Iron Condor,2021-01-04,2021-01-07,,,,25,1659.29,137.63,1521.67,91.71,Expiry,bull,3,,,2021-01-07,,,20.0,,,,,66.37,0.0,1465.71,,,,
T3 Iron Condor,2021-01-11,2021-01-14,,,,25,1474.15,138.76,1335.39,90.59,Expiry,bull,3,,,2021-01-14,,,22.4,,,,,58.97,0.0,2275.85,,,,
T3 Iron Condor,2021-01-18,2021-01-21,,,,25,-1761.24,145.45,-1906.68,-95.87,Expiry,bull,3,,,2021-01-21,,,24.4,,,,,79.55,150.0,1136.24,,,,
T3 Iron Condor,2021-01-25,2021-01-28,,,,25,-2252.4,143.67,-2396.08,-159.99,Expiry,bull,3,,,2021-01-28,,,23.2,,,,,59.9,150.0,2252.4,,,,
T3 Iron Condor,2021-02-01,2021-02-04,,,,25,-1830.38,144.66,-1975.04,-102.89,Expiry,bull,3,,,2021-02-04,,,23.3,,,,,76.78,150.0,1205.38,,,,
T3 Iron Condor,2021-02-08,2021-02-11,,,,25,1864.27,140.4,1723.87,92.47,Expiry,bull,3,,,2021-02-11,,,24.0,,,,,74.57,0.0,1885.73,,,,
T3 Iron Condor,2021-02-15,2021-02-18,,,,25,1138.18,141.94,996.24,52.04,Expiry,bull,3,,,2021-02-18,,,24.4,,,,,76.58,31.05,1835.58,,,,
T3 Iron Condor,2021-02-22,2021-02-25,,,,25,-1657.51,146.76,-1804.28,-86.23,Expiry,bull,3,,,2021-02-25,,,25.5,,,,,83.7,150.0,1032.51,,,,
T3 Iron Condor,2021-03-01,2021-03-04,,,,25,-1818.46,145.78,-1964.24,-101.69,Expiry,bull,3,,,2021-03-04,,,25.6,,,,,77.26,150.0,1818.46,,,,
T3 Iron Condor,2021-03-08,2021-03-12,,,,25,1892.7,140.72,1751.97,92.56,Expiry,bull,4,,,2021-03-11,,,24.7,,,,,75.71,0.0,1857.3,,,,
T3 Iron Condor,2021-03-15,2021-03-18,,,,25,-2101.39,142.74,-2244.13,-136.12,Expiry,bull,3,,,2021-03-18,,,21.2,,,,,65.94,150.0,2101.39,,,,
T3 Iron Condor,2021-03-22,2021-03-25,,,,25,-2185.48,142.03,-2327.51,-148.77,Expiry,bull,3,,,2021-03-25,,,20.5,,,,,62.58,150.0,2185.48,,,,
T3 Iron Condor,2021-04-05,2021-04-08,,,,25,-232.84,140.11,-372.94,-23.13,Expiry,bull,3,,,2021-04-08,,,21.2,,,,,64.49,73.8,2137.84,,,,
T3 Iron Condor,2021-04-12,2021-04-15,,,,25,-1577.4,142.77,-1720.17,-100.66,Expiry,bull,3,,,2021-04-15,,,23.0,,,,,68.35,131.45,2041.14,,,,
T3 Iron Condor,2021-04-19,2021-04-22,,,,25,1677.16,138.46,1538.69,91.74,Expiry,bull,3,,,2021-04-22,,,22.5,,,,,67.09,0.0,2072.84,,,,
T3 Iron Condor,2021-04-26,2021-04-29,,,,25,-960.1,142.61,-1102.71,-71.61,Expiry,bull,3,,,2021-04-29,,,23.5,,,,,61.6,100.0,2210.1,,,,
T3 Iron Condor,2021-05-03,2021-05-06,,,,25,1794.79,139.6,1655.19,92.22,Expiry,bull,3,,,2021-05-06,,,23.7,,,,,71.79,0.0,1955.21,,,,
T3 Iron Condor,2021-05-10,2021-05-14,,,,25,-1489.77,141.19,-1630.96,-104.2,Expiry,bull,4,,,2021-05-13,,,20.2,,,,,62.61,122.2,2184.76,,,,
T3 Iron Condor,2021-05-17,2021-05-20,,,,25,1517.66,137.11,1380.54,90.97,Expiry,bull,3,,,2021-05-20,,,19.6,,,,,60.71,0.0,2232.34,,,,
T3 Iron Condor,2021-05-24,2021-05-27,,,,25,1498.29,136.94,1361.35,90.86,Expiry,bull,3,,,2021-05-27,,,19.1,,,,,59.93,0.0,2251.71,,,,
T3 Iron Condor,2021-05-31,2021-06-03,,,,25,940.6,133.37,807.22,85.82,Expiry,bull,3,,,2021-06-03,,,13.1,,,,,37.62,0.0,2809.4,,,,
T3 Iron Condor,2021-06-07,2021-06-10,,,,25,1203.29,135.0,1068.29,88.78,Expiry,bull,3,,,2021-06-10,,,15.6,,,,,48.13,0.0,2546.71,,,,
T3 Iron Condor,2021-06-14,2021-06-17,,,,25,1212.27,134.42,1077.85,88.91,Expiry,bull,3,,,2021-06-17,,,14.7,,,,,48.49,0.0,2537.73,,,,
T3 Iron Condor,2021-06-21,2021-06-24,,,,25,1143.86,134.67,1009.2,88.23,Expiry,bull,3,,,2021-06-24,,,15.1,,,,,45.75,0.0,2606.14,,,,
T3 Iron Condor,2021-06-28,2021-07-01,,,,25,1035.23,133.68,901.55,87.09,Expiry,bull,3,,,2021-07-01,,,13.4,,,,,41.41,0.0,2714.77,,,,
T3 Iron Condor,2021-07-12,2021-07-15,,,,25,-969.86,135.69,-1105.55,-124.9,Expiry,bull,3,,,2021-07-15,,,13.0,,,,,35.41,74.2,2864.85,,,,
T3 Iron Condor,2021-07-19,2021-07-22,,,,25,853.62,133.3,720.32,84.38,Expiry,bull,3,,,2021-07-22,,,12.7,,,,,34.14,0.0,2896.38,,,,
T3 Iron Condor,2021-07-26,2021-07-29,,,,25,653.27,132.65,520.62,79.69,Expiry,bull,3,,,2021-07-29,,,12.4,,,,,26.13,0.0,3721.73,,,,
T3 Iron Condor,2021-08-02,2021-08-04,,,,25,-2331.85,137.34,-2469.2,-263.88,Stop Loss 3x,bull,2,,,2021-08-05,,,12.8,,,,,37.43,130.7,2814.27,,,,
T3 Iron Condor,2021-08-09,2021-08-12,,,,25,963.17,133.43,829.75,86.15,Expiry,bull,3,,,2021-08-12,,,12.6,,,,,38.53,0.0,2786.83,,,,
T3 Iron Condor,2021-08-16,2021-08-20,,,,25,850.32,133.45,716.87,84.31,Expiry,bull,4,,,2021-08-19,,,13.5,,,,,34.01,0.0,3524.68,,,,
T3 Iron Condor,2021-08-23,2021-08-26,,,,25,1201.18,134.06,1067.13,88.84,Expiry,bull,3,,,2021-08-26,,,13.7,,,,,48.05,0.0,2548.82,,,,
T3 Iron Condor,2021-08-30,2021-09-02,,,,25,-2481.2,137.64,-2618.84,-300.13,Expiry,bull,3,,,2021-09-02,,,13.3,,,,,34.9,134.15,3502.44,,,,
T3 Iron Condor,2021-09-06,2021-09-09,,,,25,1231.26,134.78,1096.48,89.05,Expiry,bull,3,,,2021-09-09,,,15.1,,,,,49.25,0.0,3143.74,,,,
T3 Iron Condor,2021-09-13,2021-09-16,,,,25,-908.34,136.5,-1044.84,-96.82,Expiry,bull,3,,,2021-09-16,,,14.0,,,,,43.17,79.5,3295.84,,,,
T3 Iron Condor,2021-09-20,2021-09-23,,,,25,-3446.2,142.59,-3588.79,-230.97,Expiry,bull,3,,,2021-09-23,,,17.5,,,,,62.15,200.0,2821.2,,,,
T3 Iron Condor,2021-09-27,2021-09-30,,,,25,-401.06,139.72,-540.78,-32.87,Expiry,bull,3,,,2021-09-30,,,18.0,,,,,65.81,81.85,2729.82,,,,
T3 Iron Condor,2021-10-04,2021-10-07,,,,25,1491.18,136.14,1355.05,90.87,Expiry,bull,3,,,2021-10-07,,,16.7,,,,,59.65,0.0,2883.82,,,,
T3 Iron Condor,2021-10-11,2021-10-14,,,,25,-2624.75,139.72,-2764.47,-245.68,Expiry,bull,3,,,2021-10-14,,,16.1,,,,,45.01,150.0,3874.75,,,,
T3 Iron Condor,2021-10-18,2021-10-21,,,,25,-1302.48,140.57,-1443.04,-82.69,Expiry,bull,3,,,2021-10-21,,,17.2,,,,,69.8,121.9,2629.97,,,,
T3 Iron Condor,2021-10-25,2021-10-28,,,,25,-561.36,139.75,-701.11,-39.89,Expiry,bull,3,,,2021-10-28,,,17.6,,,,,70.3,92.75,2617.61,,,,
T3 Iron Condor,2021-11-01,2021-11-04,,,,25,1684.17,136.51,1547.66,91.89,Expiry,bull,3,,,2021-11-04,,,17.2,,,,,67.37,0.0,2690.83,,,,
T3 Iron Condor,2021-11-08,2021-11-11,,,,25,916.62,136.73,779.89,49.47,Expiry,bull,3,,,2021-11-11,,,16.3,,,,,63.07,26.4,2798.37,,,,
T3 Iron Condor,2021-11-15,2021-11-18,,,,25,-3275.03,141.1,-3416.13,-252.12,Expiry,bull,3,,,2021-11-18,,,15.5,,,,,54.2,185.2,3020.05,,,,
T3 Iron Condor,2021-11-22,2021-11-25,,,,25,1522.19,136.49,1385.7,91.03,Expiry,bull,3,,,2021-11-25,,,17.5,,,,,60.89,0.0,2852.81,,,,
T3 Iron Condor,2021-11-29,2021-12-02,,,,25,-2775.98,145.64,-2921.62,-131.37,Expiry,bull,3,,,2021-12-02,,,20.8,,,,,88.96,200.0,1525.98,,,,
T3 Iron Condor,2021-12-06,2021-12-09,,,,25,-2006.72,142.57,-2149.29,-123.29,Expiry,bull,3,,,2021-12-09,,,20.1,,,,,69.73,150.0,2631.72,,,,
T3 Iron Condor,2021-12-13,2021-12-16,,,,25,1401.72,135.77,1265.95,90.31,Expiry,bull,3,,,2021-12-16,,,16.6,,,,,56.07,0.0,2973.28,,,,
T3 Iron Condor,2021-12-20,2021-12-23,,,,25,-2298.35,141.65,-2440.0,-168.08,Expiry,bull,3,,,2021-12-23,,,19.0,,,,,58.07,150.0,2923.35,,,,
T3 Iron Condor,2021-12-27,2021-12-30,,,,25,1459.01,135.97,1323.04,90.68,Expiry,bull,3,,,2021-12-30,,,17.1,,,,,58.36,0.0,2915.99,,,,
T3 Iron Condor,2022-01-03,2022-01-06,,,,25,1535.54,135.72,1399.82,91.16,Expiry,bull,3,,,2022-01-06,,,16.5,,,,,61.42,0.0,2839.46,,,,
T3 Iron Condor,2022-01-10,2022-01-13,,,,25,-146.95,138.1,-285.06,-21.96,Expiry,bull,3,,,2022-01-13,,,17.7,,,,,51.92,57.8,3701.93,,,,
T3 Iron Condor,2022-01-17,2022-01-20,,,,25,-3457.14,142.66,-3599.8,-233.32,Expiry,bull,3,,,2022-01-20,,,16.8,,,,,61.71,200.0,2832.14,,,,
T3 Iron Condor,2022-01-24,2022-01-27,,,,25,2433.86,141.31,2292.55,94.19,Expiry,bull,3,,,2022-01-27,,,22.8,,,,,97.35,0.0,1316.14,,,,
T3 Iron Condor,2022-01-31,2022-02-03,,,,25,482.45,141.76,340.69,17.14,Expiry,bull,3,,,2022-02-03,,,22.0,,,,,79.5,60.2,2387.57,,,,
T3 Iron Condor,2022-02-07,2022-02-10,,,,25,-1937.45,143.13,-2080.57,-114.79,Expiry,bull,3,,,2022-02-10,,,20.4,,,,,72.5,150.0,2562.45,,,,
T3 Iron Condor,2022-02-14,2022-02-17,,,,25,-2977.58,146.33,-3123.91,-154.46,Expiry,bull,3,,,2022-02-17,,,23.0,,,,,80.9,200.0,2352.58,,,,
T3 Iron Condor,2022-02-21,2022-02-24,,,,25,-2958.47,146.65,-3105.12,-152.1,Expiry,bull,3,,,2022-02-24,,,22.9,,,,,81.66,200.0,2333.47,,,,
T3 Iron Condor,2022-02-28,2022-03-03,,,,25,-955.34,150.5,-1105.84,-38.89,Expiry,sideways,3,,,2022-03-03,,,28.6,,,,,113.74,151.95,906.61,,,,
T3 Iron Condor,2022-03-07,2022-03-10,,,,25,-2474.75,151.53,-2626.28,-104.0,Expiry,sideways,3,,,2022-03-10,,,29.3,,,,,101.01,200.0,1224.75,,,,
T3 Iron Condor,2022-03-14,2022-03-17,,,,25,-1774.65,147.37,-1922.01,-97.3,Expiry,sideways,3,,,2022-03-17,,,25.7,,,,,79.01,150.0,2399.65,,,,
T3 Iron Condor,2022-03-21,2022-03-24,,,,25,1933.0,142.19,1790.82,92.64,Expiry,bull,3,,,2022-03-24,,,24.6,,,,,77.32,0.0,2442.0,,,,
T3 Iron Condor,2022-03-28,2022-03-31,,,,25,188.55,142.55,45.99,2.54,Expiry,bull,3,,,2022-03-31,,,22.6,,,,,72.29,64.75,2567.7,,,,
T3 Iron Condor,2022-04-04,2022-04-07,,,,25,-2424.24,141.13,-2565.36,-193.5,Expiry,bull,3,,,2022-04-07,,,17.9,,,,,53.03,150.0,3674.24,,,,
T3 Iron Condor,2022-04-11,2022-04-13,,,,25,709.4,135.45,573.95,43.54,Expiry,bull,2,,,2022-04-13,,,18.3,,,,,52.73,24.35,3056.86,,,,
T3 Iron Condor,2022-04-18,2022-04-21,,,,25,476.74,139.15,337.59,21.9,Expiry,sideways,3,,,2022-04-21,,,19.3,,,,,61.67,42.6,2833.27,,,,
T3 Iron Condor,2022-04-25,2022-04-28,,,,25,-1370.35,144.22,-1514.57,-67.14,Expiry,bear,3,,,2022-04-28,,,21.3,,,,,90.24,145.05,1494.08,,,,
T3 Iron Condor,2022-05-02,2022-05-05,,,,25,-2137.66,143.07,-2280.73,-141.45,Expiry,bear,3,,,2022-05-05,,,20.3,,,,,64.49,150.0,2762.66,,,,
T3 Iron Condor,2022-05-09,2022-05-12,,,,25,-1691.7,144.53,-1836.23,-89.21,Expiry,bear,3,,,2022-05-12,,,22.0,,,,,82.33,150.0,1691.7,,,,
T3 Iron Condor,2022-05-16,2022-05-19,,,,25,1972.77,141.71,1831.06,92.82,Expiry,bear,3,,,2022-05-19,,,24.5,,,,,78.91,0.0,1777.23,,,,
T3 Iron Condor,2022-05-23,2022-05-26,,,,25,1765.8,140.09,1625.71,92.07,Expiry,bear,3,,,2022-05-26,,,23.4,,,,,70.63,0.0,2609.2,,,,
T3 Iron Condor,2022-05-30,2022-06-02,,,,25,1546.7,137.88,1408.81,91.09,Expiry,bear,3,,,2022-06-02,,,20.0,,,,,61.87,0.0,2828.3,,,,
T3 Iron Condor,2022-06-06,2022-06-09,,,,25,1554.94,137.97,1416.98,91.13,Expiry,bear,3,,,2022-06-09,,,20.2,,,,,62.2,0.0,2820.06,,,,
T3 Iron Condor,2022-06-13,2022-06-16,,,,25,-2105.42,143.39,-2248.81,-136.74,Expiry,bear,3,,,2022-06-16,,,22.4,,,,,65.78,150.0,2730.42,,,,
T3 Iron Condor,2022-06-20,2022-06-23,,,,25,363.82,141.19,222.63,12.51,Expiry,bear,3,,,2022-06-23,,,22.4,,,,,71.2,56.65,1969.92,,,,
T3 Iron Condor,2022-06-27,2022-06-30,,,,25,1544.92,137.89,1407.03,91.07,Expiry,bear,3,,,2022-06-30,,,21.0,,,,,61.8,0.0,2830.08,,,,
T3 Iron Condor,2022-07-04,2022-07-07,,,,25,-1417.49,142.71,-1560.2,-81.9,Expiry,bear,3,,,2022-07-07,,,21.0,,,,,76.2,132.9,1844.98,,,,
T3 Iron Condor,2022-07-11,2022-07-14,,,,25,-1430.87,139.72,-1570.6,-116.09,Expiry,bear,3,,,2022-07-14,,,18.4,,,,,54.11,111.35,3022.13,,,,
T3 Iron Condor,2022-07-18,2022-07-21,,,,25,-2509.5,140.14,-2649.64,-213.6,Expiry,bear,3,,,2022-07-21,,,17.2,,,,,49.62,150.0,3134.5,,,,
T3 Iron Condor,2022-07-25,2022-07-28,,,,25,-1908.91,140.13,-2049.04,-153.94,Expiry,bear,3,,,2022-07-28,,,17.7,,,,,53.24,129.6,3043.92,,,,
T3 Iron Condor,2022-08-01,2022-08-04,,,,25,1537.34,136.43,1400.91,91.13,Expiry,sideways,3,,,2022-08-04,,,17.5,,,,,61.49,0.0,2837.66,,,,
T3 Iron Condor,2022-08-08,2022-08-11,,,,25,1890.82,137.75,1753.07,92.72,Expiry,sideways,3,,,2022-08-11,,,19.3,,,,,75.63,0.0,2484.18,,,,
T3 Iron Condor,2022-08-22,2022-08-25,,,,25,1726.58,137.72,1588.86,92.02,Expiry,sideways,3,,,2022-08-25,,,19.0,,,,,69.06,0.0,2648.42,,,,
T3 Iron Condor,2022-08-29,2022-09-01,,,,25,693.18,139.46,553.72,31.4,Expiry,sideways,3,,,2022-09-01,,,19.8,,,,,70.53,42.8,2611.8,,,,
T3 Iron Condor,2022-09-05,2022-09-08,,,,25,1784.25,138.35,1645.9,92.25,Expiry,sideways,3,,,2022-09-08,,,19.7,,,,,71.37,0.0,2590.75,,,,
T3 Iron Condor,2022-09-12,2022-09-15,,,,25,1652.66,137.21,1515.45,91.7,Expiry,bull,3,,,2022-09-15,,,17.9,,,,,66.11,0.0,2722.34,,,,
T3 Iron Condor,2022-09-19,2022-09-22,,,,25,1801.63,138.54,1663.09,92.31,Expiry,bull,3,,,2022-09-22,,,19.9,,,,,72.07,0.0,2573.37,,,,
T3 Iron Condor,2022-09-26,2022-09-29,,,,25,937.72,140.72,796.99,45.93,Expiry,bull,3,,,2022-09-29,,,21.9,,,,,69.41,31.9,2639.77,,,,
T3 Iron Condor,2022-10-03,2022-10-06,,,,25,-3118.92,145.08,-3263.99,-173.52,Expiry,sideways,3,,,2022-10-06,,,21.4,,,,,75.24,200.0,2493.92,,,,
T3 Iron Condor,2022-10-10,2022-10-13,,,,25,866.64,139.04,727.6,41.39,Expiry,bull,3,,,2022-10-13,,,19.6,,,,,70.32,35.65,2617.1,,,,
T3 Iron Condor,2022-10-17,2022-10-20,,,,25,17.71,139.02,-121.32,-7.51,Expiry,bull,3,,,2022-10-20,,,18.4,,,,,64.66,63.95,2758.56,,,,
T3 Iron Condor,2022-10-24,2022-10-27,,,,25,1563.34,136.64,1426.69,91.26,Expiry,bull,3,,,2022-10-27,,,17.4,,,,,62.53,0.0,2811.66,,,,
T3 Iron Condor,2022-10-31,2022-11-03,,,,25,1384.17,135.63,1248.53,90.2,Expiry,bull,3,,,2022-11-03,,,15.8,,,,,55.37,0.0,2990.83,,,,
T3 Iron Condor,2022-11-07,2022-11-10,,,,25,1095.77,134.97,960.81,87.68,Expiry,bull,3,,,2022-11-10,,,15.6,,,,,43.83,0.0,3904.23,,,,
T3 Iron Condor,2022-11-14,2022-11-17,,,,25,1401.55,135.08,1266.47,90.36,Expiry,bull,3,,,2022-11-17,,,14.9,,,,,56.06,0.0,2973.45,,,,
T3 Iron Condor,2022-11-21,2022-11-24,,,,25,-2082.1,139.1,-2221.19,-174.84,Expiry,bull,3,,,2022-11-24,,,14.8,,,,,50.82,134.1,3104.6,,,,
T3 Iron Condor,2022-11-28,2022-12-01,,,,25,-345.95,136.19,-482.14,-39.63,Expiry,bull,3,,,2022-12-01,,,13.6,,,,,48.66,62.5,3158.45,,,,
T3 Iron Condor,2022-12-05,2022-12-08,,,,25,997.61,133.89,863.72,86.58,Expiry,bull,3,,,2022-12-08,,,13.7,,,,,39.9,0.0,4002.39,,,,
T3 Iron Condor,2022-12-12,2022-12-15,,,,25,851.37,133.63,717.74,84.3,Expiry,bull,3,,,2022-12-15,,,13.3,,,,,34.05,0.0,4148.63,,,,
T3 Iron Condor,2022-12-19,2022-12-22,,,,25,-1870.16,137.94,-2008.1,-167.89,Expiry,bull,3,,,2022-12-22,,,13.6,,,,,47.84,122.65,3178.9,,,,
T3 Iron Condor,2022-12-26,2022-12-29,,,,25,828.98,133.11,695.87,83.94,Expiry,bull,3,,,2022-12-29,,,11.9,,,,,33.16,0.0,3546.02,,,,
T3 Iron Condor,2023-01-02,2023-01-05,,,,25,794.31,134.59,659.72,66.6,Expiry,bull,3,,,2023-01-05,,,14.7,,,,,39.62,7.85,4009.45,,,,
T3 Iron Condor,2023-01-09,2023-01-12,,,,25,-67.67,135.55,-203.22,-20.79,Expiry,bull,3,,,2023-01-12,,,14.6,,,,,39.09,41.8,4022.65,,,,
T3 Iron Condor,2023-01-16,2023-01-19,,,,25,-144.97,136.82,-281.79,-21.66,Expiry,bull,3,,,2023-01-19,,,15.0,,,,,52.05,57.85,3073.73,,,,
T3 Iron Condor,2023-01-23,2023-01-25,,,,25,-694.4,134.46,-828.86,-109.51,Expiry,bull,2,,,2023-01-25,,,13.6,,,,,30.27,58.05,3618.13,,,,
T3 Iron Condor,2023-01-30,2023-02-02,,,,25,1265.36,136.1,1129.27,89.24,Expiry,bull,3,,,2023-02-02,,,17.7,,,,,50.61,0.0,3734.64,,,,
T3 Iron Condor,2023-02-06,2023-02-09,,,,25,1207.04,134.72,1072.33,88.84,Expiry,bull,3,,,2023-02-09,,,14.7,,,,,48.28,0.0,3167.96,,,,
T3 Iron Condor,2023-02-13,2023-02-16,,,,25,-1007.76,136.6,-1144.36,-100.52,Expiry,bull,3,,,2023-02-16,,,13.7,,,,,45.54,85.85,3236.52,,,,
T3 Iron Condor,2023-02-20,2023-02-23,,,,25,-2401.5,138.19,-2539.69,-237.97,Expiry,bull,3,,,2023-02-23,,,13.4,,,,,42.69,138.75,3307.75,,,,
T3 Iron Condor,2023-02-27,2023-03-02,,,,25,1084.95,134.05,950.9,87.64,Expiry,bull,3,,,2023-03-02,,,13.9,,,,,43.4,0.0,3290.05,,,,
T3 Iron Condor,2023-03-06,2023-03-09,,,,25,857.14,133.21,723.94,84.46,Expiry,bull,3,,,2023-03-09,,,12.3,,,,,34.29,0.0,3517.86,,,,
T3 Iron Condor,2023-03-13,2023-03-16,,,,25,987.48,135.82,851.65,63.2,Expiry,sideways,3,,,2023-03-16,,,16.2,,,,,53.9,14.4,3027.51,,,,
T3 Iron Condor,2023-03-20,2023-03-23,,,,25,1314.58,135.16,1179.42,89.72,Expiry,sideways,3,,,2023-03-23,,,16.0,,,,,52.58,0.0,3060.42,,,,
T3 Iron Condor,2023-03-27,2023-03-29,,,,25,845.21,133.12,712.08,84.25,Expiry,sideways,2,,,2023-03-29,,,15.4,,,,,33.81,0.0,3529.79,,,,
T3 Iron Condor,2023-04-03,2023-04-06,,,,25,-318.02,134.83,-452.85,-49.72,Expiry,sideways,3,,,2023-04-06,,,12.6,,,,,36.43,49.15,3464.26,,,,
T3 Iron Condor,2023-04-10,2023-04-13,,,,25,194.83,133.97,60.86,6.8,Expiry,sideways,3,,,2023-04-13,,,12.3,,,,,35.79,28.0,3480.17,,,,
T3 Iron Condor,2023-04-17,2023-04-20,,,,25,860.76,133.21,727.56,84.52,Expiry,sideways,3,,,2023-04-20,,,12.3,,,,,34.43,0.0,3514.24,,,,
T3 Iron Condor,2023-04-24,2023-04-27,,,,25,424.98,133.4,291.57,36.39,Expiry,sideways,3,,,2023-04-27,,,11.7,,,,,32.05,15.05,3573.75,,,,
T3 Iron Condor,2023-05-08,2023-05-11,,,,25,1027.82,133.57,894.25,87.0,Expiry,sideways,3,,,2023-05-11,,,12.6,,,,,41.11,0.0,3347.18,,,,
T3 Iron Condor,2023-05-15,2023-05-18,,,,25,-927.35,135.63,-1062.98,-129.02,Expiry,sideways,3,,,2023-05-18,,,13.2,,,,,32.96,70.05,4176.08,,,,
T3 Iron Condor,2023-05-22,2023-05-25,,,,25,1021.89,133.55,888.34,86.93,Expiry,sideways,3,,,2023-05-25,,,12.6,,,,,40.88,0.0,3353.11,,,,
T3 Iron Condor,2023-05-29,2023-06-01,,,,25,730.08,133.07,597.01,81.77,Expiry,sideways,3,,,2023-06-01,,,12.3,,,,,29.2,0.0,4269.92,,,,
T3 Iron Condor,2023-06-05,2023-06-08,,,,25,603.45,132.42,471.02,78.06,Expiry,bull,3,,,2023-06-08,,,11.1,,,,,24.14,0.0,4396.55,,,,
T3 Iron Condor,2023-06-12,2023-06-15,,,,25,593.87,132.52,461.36,77.69,Expiry,bull,3,,,2023-06-15,,,11.2,,,,,23.75,0.0,4406.13,,,,
T3 Iron Condor,2023-06-19,2023-06-22,,,,25,644.44,132.52,511.92,79.44,Expiry,bull,3,,,2023-06-22,,,11.2,,,,,25.78,0.0,4355.56,,,,
T3 Iron Condor,2023-06-26,2023-06-30,,,,25,-3099.84,137.14,-3236.99,-497.88,Expiry,bull,4,,,2023-06-29,,,11.4,,,,,26.01,150.0,4349.84,,,,
T3 Iron Condor,2023-07-03,2023-07-06,,,,25,956.65,133.33,823.33,86.06,Expiry,bull,3,,,2023-07-06,,,11.5,,,,,38.27,0.0,3418.35,,,,
T3 Iron Condor,2023-07-10,2023-07-13,,,,25,764.56,132.78,631.78,82.63,Expiry,bull,3,,,2023-07-13,,,11.5,,,,,30.58,0.0,4235.44,,,,
T3 Iron Condor,2023-07-17,2023-07-20,,,,25,-1198.18,135.25,-1333.43,-170.83,Expiry,bull,3,,,2023-07-20,,,11.3,,,,,31.22,79.15,4219.42,,,,
T3 Iron Condor,2023-07-24,2023-07-27,,,,25,1013.4,133.52,879.87,86.82,Expiry,bull,3,,,2023-07-27,,,11.6,,,,,40.54,0.0,3361.6,,,,
T3 Iron Condor,2023-07-31,2023-08-03,,,,25,-3581.81,137.49,-3719.3,-593.26,Expiry,bull,3,,,2023-08-03,,,10.4,,,,,25.08,168.35,4373.07,,,,
T3 Iron Condor,2023-08-07,2023-08-10,,,,25,723.72,132.65,591.07,81.67,Expiry,bull,3,,,2023-08-10,,,11.1,,,,,28.95,0.0,4276.28,,,,
T3 Iron Condor,2023-08-14,2023-08-17,,,,25,810.43,133.14,677.29,83.57,Expiry,bull,3,,,2023-08-17,,,12.0,,,,,32.42,0.0,4189.57,,,,
T3 Iron Condor,2023-08-21,2023-08-24,,,,25,845.73,133.05,712.68,84.27,Expiry,bull,3,,,2023-08-24,,,12.0,,,,,33.83,0.0,4154.27,,,,
T3 Iron Condor,2023-08-28,2023-08-31,,,,25,913.93,133.29,780.64,85.42,Expiry,bull,3,,,2023-08-31,,,12.4,,,,,36.56,0.0,4086.07,,,,
T3 Iron Condor,2023-09-04,2023-09-07,,,,25,201.36,133.89,67.47,7.69,Expiry,bull,3,,,2023-09-07,,,11.0,,,,,35.11,27.05,3497.37,,,,
T3 Iron Condor,2023-09-11,2023-09-14,,,,25,803.78,132.91,670.87,83.46,Expiry,bull,3,,,2023-09-14,,,11.4,,,,,32.15,0.0,4196.22,,,,
T3 Iron Condor,2023-09-18,2023-09-21,,,,25,-4270.27,138.76,-4409.03,-604.2,Expiry,bull,3,,,2023-09-21,,,10.8,,,,,29.19,200.0,4270.27,,,,
T3 Iron Condor,2023-09-25,2023-09-28,,,,25,879.04,133.07,745.97,84.86,Expiry,bull,3,,,2023-09-28,,,10.9,,,,,35.16,0.0,3495.96,,,,
T3 Iron Condor,2023-10-09,2023-10-11,,,,25,-1950.18,136.14,-2086.32,-269.03,Stop Loss 3x,bull,2,,,2023-10-12,,,11.4,,,,,31.02,109.03,4224.5,,,,
T3 Iron Condor,2023-10-16,2023-10-19,,,,25,731.95,132.68,599.28,81.87,Expiry,bull,3,,,2023-10-19,,,11.1,,,,,29.28,0.0,4268.05,,,,
T3 Iron Condor,2023-10-23,2023-10-26,,,,25,-4153.99,139.06,-4293.05,-507.44,Expiry,bull,3,,,2023-10-26,,,10.9,,,,,33.84,200.0,3528.99,,,,
T3 Iron Condor,2023-10-30,2023-11-02,,,,25,703.39,132.76,570.63,81.13,Expiry,bull,3,,,2023-11-02,,,11.5,,,,,28.14,0.0,4296.61,,,,
T3 Iron Condor,2023-11-06,2023-11-09,,,,25,717.62,132.64,584.99,81.52,Expiry,bull,3,,,2023-11-09,,,11.1,,,,,28.7,0.0,4282.38,,,,
T3 Iron Condor,2023-11-13,2023-11-16,,,,25,-2156.81,136.16,-2292.97,-317.07,Expiry,bull,3,,,2023-11-16,,,11.2,,,,,28.93,115.2,4276.83,,,,
T3 Iron Condor,2023-11-20,2023-11-23,,,,25,908.34,133.26,775.08,85.33,Expiry,bull,3,,,2023-11-23,,,12.1,,,,,36.33,0.0,4091.66,,,,
T3 Iron Condor,2023-12-04,2023-12-07,,,,25,1177.32,134.18,1043.15,86.49,Expiry,bull,3,,,2023-12-07,,,13.0,,,,,48.24,1.15,3793.92,,,,
T3 Iron Condor,2023-12-11,2023-12-14,,,,25,1149.19,134.18,1015.01,88.32,Expiry,bull,3,,,2023-12-14,,,12.8,,,,,45.97,0.0,3850.81,,,,
T3 Iron Condor,2023-12-18,2023-12-21,,,,25,1195.82,134.56,1061.26,88.75,Expiry,bull,3,,,2023-12-21,,,13.9,,,,,47.83,0.0,4429.18,,,,
T3 Iron Condor,2024-01-01,2024-01-04,,,,25,891.27,133.11,758.17,85.07,Expiry,bull,3,,,2024-01-04,,,11.6,,,,,35.65,0.0,4733.73,,,,
T3 Iron Condor,2024-01-08,2024-01-11,,,,25,1133.96,134.28,999.68,88.16,Expiry,bull,3,,,2024-01-11,,,13.5,,,,,45.36,0.0,4491.04,,,,
T3 Iron Condor,2024-01-15,2024-01-17,,,,25,-3769.4,141.86,-3911.26,-245.06,Stop Loss 3x,bull,2,,,2024-01-18,,,13.8,,,,,63.84,214.62,3403.94,,,,
T3 Iron Condor,2024-01-29,2024-02-01,,,,25,1511.29,136.18,1375.11,90.99,Expiry,bull,3,,,2024-02-01,,,15.7,,,,,60.45,0.0,4113.71,,,,
T3 Iron Condor,2024-02-05,2024-02-08,,,,25,1501.29,136.11,1365.18,90.93,Expiry,bull,3,,,2024-02-08,,,15.6,,,,,60.05,0.0,4123.71,,,,
T3 Iron Condor,2024-02-12,2024-02-15,,,,25,30.46,138.24,-107.78,-6.96,Expiry,bull,3,,,2024-02-15,,,16.1,,,,,61.97,60.75,4075.79,,,,
T3 Iron Condor,2024-02-19,2024-02-22,,,,25,1188.78,134.53,1054.25,88.68,Expiry,bull,3,,,2024-02-22,,,13.4,,,,,47.55,0.0,4436.22,,,,
T3 Iron Condor,2024-02-26,2024-02-29,,,,25,1535.61,136.31,1399.3,91.12,Expiry,bull,3,,,2024-02-29,,,15.6,,,,,61.42,0.0,4089.39,,,,
T3 Iron Condor,2024-03-04,2024-03-07,,,,25,1551.89,135.78,1416.11,91.25,Expiry,bull,3,,,2024-03-07,,,14.9,,,,,62.08,0.0,4073.11,,,,
T3 Iron Condor,2024-03-11,2024-03-14,,,,25,1392.84,135.01,1257.83,90.31,Expiry,bull,3,,,2024-03-14,,,14.0,,,,,55.71,0.0,4232.16,,,,
T3 Iron Condor,2024-03-18,2024-03-21,,,,25,1332.12,134.78,1197.33,89.88,Expiry,bull,3,,,2024-03-21,,,13.9,,,,,53.28,0.0,4292.88,,,,
T3 Iron Condor,2024-04-01,2024-04-04,,,,25,1034.47,133.64,900.83,87.08,Expiry,bull,3,,,2024-04-04,,,12.1,,,,,41.38,0.0,4590.53,,,,
T3 Iron Condor,2024-04-08,2024-04-12,,,,25,963.49,133.4,830.09,86.15,Expiry,bull,4,,,2024-04-11,,,11.6,,,,,38.54,0.0,4661.51,,,,
T3 Iron Condor,2024-04-15,2024-04-18,,,,25,-310.17,135.55,-445.72,-42.71,Expiry,bull,3,,,2024-04-18,,,12.5,,,,,41.74,54.15,4581.41,,,,
T3 Iron Condor,2024-04-22,2024-04-25,,,,25,649.66,134.67,515.0,44.46,Expiry,bull,3,,,2024-04-25,,,12.7,,,,,46.34,20.35,4466.6,,,,
T3 Iron Condor,2024-04-29,2024-05-02,,,,25,1113.08,133.87,979.22,87.97,Expiry,bull,3,,,2024-05-02,,,12.2,,,,,44.52,0.0,4511.92,,,,
T3 Iron Condor,2024-05-06,2024-05-09,,,,25,-3144.74,143.41,-3288.15,-177.23,Expiry,bull,3,,,2024-05-09,,,16.6,,,,,74.21,200.0,3769.74,,,,
T3 Iron Condor,2024-05-13,2024-05-16,,,,25,1011.56,142.54,869.01,36.86,Expiry,bull,3,,,2024-05-16,,,20.6,,,,,94.31,53.85,3267.2,,,,
T3 Iron Condor,2024-05-27,2024-05-30,,,,25,-2329.52,150.77,-2480.29,-83.96,Expiry,bull,3,,,2024-05-30,,,23.2,,,,,118.17,211.35,2670.78,,,,
T3 Iron Condor,2024-06-03,2024-06-06,,,,25,-3001.68,149.13,-3150.81,-116.12,Expiry,bull,3,,,2024-06-06,,,20.9,,,,,108.53,228.6,2911.69,,,,
T3 Iron Condor,2024-06-10,2024-06-13,,,,25,1892.61,137.65,1754.96,92.73,Expiry,bull,3,,,2024-06-13,,,16.4,,,,,75.7,0.0,3732.39,,,,
T3 Iron Condor,2024-06-24,2024-06-27,,,,25,-4636.7,143.22,-4779.91,-296.28,Expiry,bull,3,,,2024-06-27,,,14.1,,,,,64.53,250.0,4011.7,,,,
T3 Iron Condor,2024-07-01,2024-07-04,,,,25,1350.32,135.08,1215.24,90.0,Expiry,bull,3,,,2024-07-04,,,13.8,,,,,54.01,0.0,4899.68,,,,
T3 Iron Condor,2024-07-08,2024-07-11,,,,25,1604.49,135.55,1468.94,91.55,Expiry,bull,3,,,2024-07-11,,,13.6,,,,,64.18,0.0,4020.51,,,,
T3 Iron Condor,2024-07-15,2024-07-18,,,,25,1549.41,135.51,1413.91,91.25,Expiry,bull,3,,,2024-07-18,,,14.2,,,,,61.98,0.0,4700.59,,,,
T3 Iron Condor,2024-07-22,2024-07-25,,,,25,1784.54,136.62,1647.93,92.34,Expiry,bull,3,,,2024-07-25,,,15.4,,,,,71.38,0.0,4465.46,,,,
T3 Iron Condor,2024-07-29,2024-08-01,,,,25,1325.59,134.58,1191.01,89.85,Expiry,bull,3,,,2024-08-01,,,12.9,,,,,53.02,0.0,4924.41,,,,
T3 Iron Condor,2024-08-05,2024-08-08,,,,25,2529.73,141.3,2388.43,94.41,Expiry,bull,3,,,2024-08-08,,,20.4,,,,,101.19,0.0,3720.27,,,,
T3 Iron Condor,2024-08-12,2024-08-14,,,,25,1273.86,134.38,1139.48,89.45,Expiry,bull,2,,,2024-08-14,,,15.9,,,,,50.95,0.0,4976.14,,,,
T3 Iron Condor,2024-08-19,2024-08-22,,,,25,1492.71,136.69,1356.02,76.17,Expiry,bull,3,,,2024-08-22,,,14.3,,,,,71.21,11.5,3844.79,,,,
T3 Iron Condor,2024-08-26,2024-08-29,,,,25,1525.33,135.41,1389.92,91.12,Expiry,bull,3,,,2024-08-29,,,13.8,,,,,61.01,0.0,4724.67,,,,
T3 Iron Condor,2024-09-02,2024-09-05,,,,25,1669.91,135.66,1534.25,91.88,Expiry,bull,3,,,2024-09-05,,,14.1,,,,,66.8,0.0,4580.09,,,,
T3 Iron Condor,2024-09-09,2024-09-12,,,,25,-3123.39,141.48,-3264.88,-204.17,Expiry,bull,3,,,2024-09-12,,,14.2,,,,,63.96,188.9,4650.88,,,,
T3 Iron Condor,2024-09-16,2024-09-19,,,,25,1281.01,134.41,1146.61,89.51,Expiry,bull,3,,,2024-09-19,,,12.5,,,,,51.24,0.0,4968.99,,,,
T3 Iron Condor,2024-09-23,2024-09-26,,,,25,1282.01,136.23,1145.78,68.07,Expiry,bull,3,,,2024-09-26,,,13.8,,,,,67.33,16.05,4566.72,,,,
T3 Iron Condor,2024-09-30,2024-10-03,,,,25,-4785.73,142.44,-4928.17,-336.56,Expiry,bull,3,,,2024-10-03,,,12.8,,,,,58.57,250.0,4785.73,,,,
T3 Iron Condor,2024-10-07,2024-10-10,,,,25,1746.45,136.42,1610.03,92.19,Expiry,bull,3,,,2024-10-10,,,15.1,,,,,69.86,0.0,4503.55,,,,
T3 Iron Condor,2024-10-14,2024-10-17,,,,25,-2384.42,139.33,-2523.75,-184.3,Expiry,bull,3,,,2024-10-17,,,13.0,,,,,54.77,150.15,4880.66,,,,
T3 Iron Condor,2024-10-21,2024-10-24,,,,25,-2278.59,139.82,-2418.41,-162.7,Expiry,bull,3,,,2024-10-24,,,13.8,,,,,59.46,150.6,4763.6,,,,
T3 Iron Condor,2024-10-28,2024-10-31,,,,25,1540.58,135.47,1405.11,91.21,Expiry,bull,3,,,2024-10-31,,,14.3,,,,,61.62,0.0,4709.42,,,,
T3 Iron Condor,2024-11-04,2024-11-07,,,,25,1944.58,137.45,1807.13,92.93,Expiry,bull,3,,,2024-11-07,,,16.7,,,,,77.78,0.0,4305.42,,,,
T3 Iron Condor,2024-11-11,2024-11-13,,,,25,-3883.86,141.93,-4025.79,-281.55,Stop Loss 3x,bull,2,,,2024-11-14,,,14.3,,,,,57.2,212.55,4820.11,,,,
T3 Iron Condor,2024-11-18,2024-11-21,,,,25,1429.46,135.98,1293.48,90.49,Expiry,sideways,3,,,2024-11-21,,,15.2,,,,,57.18,0.0,4820.54,,,,
T3 Iron Condor,2024-11-25,2024-11-28,,,,25,-217.43,139.68,-357.11,-18.51,Expiry,bull,3,,,2024-11-28,,,15.3,,,,,77.15,85.85,3696.19,,,,
T3 Iron Condor,2024-12-02,2024-12-05,,,,25,-3388.87,142.89,-3531.76,-193.93,Expiry,bull,3,,,2024-12-05,,,14.7,,,,,72.85,208.4,3803.86,,,,
T3 Iron Condor,2024-12-09,2024-12-12,,,,25,1482.95,135.6,1347.36,90.86,Expiry,bull,3,,,2024-12-12,,,14.1,,,,,59.32,0.0,4767.05,,,,
T3 Iron Condor,2024-12-16,2024-12-19,,,,25,-4713.84,143.08,-4856.92,-316.17,Expiry,bull,3,,,2024-12-19,,,14.0,,,,,61.45,250.0,4713.84,,,,
T3 Iron Condor,2024-12-23,2024-12-26,,,,25,1268.17,134.65,1133.52,89.38,Expiry,sideways,3,,,2024-12-26,,,13.5,,,,,50.73,0.0,4981.83,,,,
T3 Iron Condor,2024-12-30,2025-01-02,,,,25,-3677.68,141.06,-3818.74,-288.79,Expiry,sideways,3,,,2025-01-02,,,14.0,,,,,52.89,200.0,4927.68,,,,
T3 Iron Condor,2025-01-06,2025-01-09,,,,25,1920.59,137.02,1783.56,92.87,Expiry,sideways,3,,,2025-01-09,,,15.6,,,,,76.82,0.0,3704.41,,,,
T3 Iron Condor,2025-01-13,2025-01-16,,,,25,1628.37,137.41,1490.96,77.52,Expiry,sideways,3,,,2025-01-16,,,16.0,,,,,76.94,11.8,3701.61,,,,
T3 Iron Condor,2025-01-20,2025-01-23,,,,25,1602.47,137.04,1465.43,91.45,Expiry,bear,3,,,2025-01-23,,,16.4,,,,,64.1,0.0,4647.53,,,,
T3 Iron Condor,2025-01-27,2025-01-30,,,,25,-2738.34,144.95,-2883.29,-128.19,Expiry,bear,3,,,2025-01-30,,,18.1,,,,,89.97,199.5,3375.84,,,,
T3 Iron Condor,2025-02-03,2025-02-06,,,,25,1558.36,135.81,1422.55,86.63,Expiry,bear,3,,,2025-02-06,,,14.4,,,,,65.68,3.35,3982.9,,,,
T3 Iron Condor,2025-02-10,2025-02-13,,,,25,-1297.41,139.45,-1436.85,-86.16,Expiry,bear,3,,,2025-02-13,,,14.4,,,,,66.7,118.6,3957.42,,,,
T3 Iron Condor,2025-02-17,2025-02-20,,,,25,1747.64,136.81,1610.83,92.17,Expiry,bear,3,,,2025-02-20,,,15.7,,,,,69.91,0.0,3877.36,,,,
T3 Iron Condor,2025-02-24,2025-02-27,,,,25,1486.71,135.46,1351.24,90.89,Expiry,bear,3,,,2025-02-27,,,14.4,,,,,59.47,0.0,4138.29,,,,
T3 Iron Condor,2025-03-03,2025-03-06,,,,25,-3621.83,140.72,-3762.55,-302.05,Expiry,bear,3,,,2025-03-06,,,13.8,,,,,49.83,194.7,4379.35,,,,
T3 Iron Condor,2025-03-10,2025-03-13,,,,25,1390.32,135.05,1255.27,90.29,Expiry,bear,3,,,2025-03-13,,,14.0,,,,,55.61,0.0,4234.68,,,,
T3 Iron Condor,2025-03-17,2025-03-20,,,,25,-3707.14,140.72,-3847.86,-297.62,Expiry,bear,3,,,2025-03-20,,,13.4,,,,,51.71,200.0,4332.14,,,,
T3 Iron Condor,2025-03-24,2025-03-27,,,,25,1295.49,134.76,1160.73,89.6,Expiry,bear,3,,,2025-03-27,,,13.7,,,,,51.82,0.0,4954.51,,,,
T3 Iron Condor,2025-04-07,2025-04-11,,,,25,-2388.55,149.36,-2537.91,-97.18,Expiry,bear,4,,,2025-04-10,,,22.8,,,,,104.46,200.0,3013.55,,,,
T3 Iron Condor,2025-04-21,2025-04-24,,,,25,1959.14,137.23,1821.91,93.0,Expiry,sideways,3,,,2025-04-24,,,15.5,,,,,78.37,0.0,3665.86,,,,
T3 Iron Condor,2025-04-28,2025-05-02,,,,25,2237.0,138.8,2098.21,93.8,Expiry,sideways,4,,,2025-05-01,,,16.9,,,,,89.48,0.0,3388.0,,,,
T3 Iron Condor,2025-05-05,2025-05-08,,,,25,2277.3,139.48,2137.83,93.88,Expiry,sideways,3,,,2025-05-08,,,18.3,,,,,91.09,0.0,3972.7,,,,
T3 Iron Condor,2025-05-12,2025-05-15,,,,25,2541.47,140.84,2400.63,94.46,Expiry,sideways,3,,,2025-05-15,,,18.4,,,,,101.66,0.0,3083.53,,,,
T3 Iron Condor,2025-05-19,2025-05-22,,,,25,-85.35,141.54,-226.88,-10.45,Expiry,sideways,3,,,2025-05-22,,,17.4,,,,,86.89,90.3,4077.83,,,,
T3 Iron Condor,2025-05-26,2025-05-29,,,,25,2287.54,139.54,2148.0,93.9,Expiry,sideways,3,,,2025-05-29,,,18.0,,,,,91.5,0.0,3962.46,,,,
T3 Iron Condor,2025-06-02,2025-06-05,,,,25,2117.1,138.46,1978.65,93.46,Expiry,sideways,3,,,2025-06-05,,,17.2,,,,,84.68,0.0,4132.9,,,,
T3 Iron Condor,2025-06-09,2025-06-12,,,,25,1708.47,136.24,1572.23,92.03,Expiry,bull,3,,,2025-06-12,,,14.7,,,,,68.34,0.0,4541.53,,,,
T3 Iron Condor,2025-06-16,2025-06-19,,,,25,1717.97,136.29,1581.69,92.07,Expiry,bull,3,,,2025-06-19,,,14.8,,,,,68.72,0.0,4532.03,,,,
T3 Iron Condor,2025-06-23,2025-06-26,,,,25,-4670.7,143.27,-4813.97,-304.82,Expiry,bull,3,,,2025-06-26,,,14.1,,,,,63.17,250.0,4670.7,,,,
T3 Iron Condor,2025-06-30,2025-07-03,,,,75,4314.45,142.56,4171.89,96.7,Expiry,bull,3,,,2025-07-03,,,12.8,,,,,57.53,0.0,14435.55,,,,
T3 Iron Condor,2025-07-07,2025-07-10,,,,75,3954.94,142.08,3812.86,96.41,Expiry,bull,3,,,2025-07-10,,,12.6,,,,,52.73,0.0,14795.06,,,,
T3 Iron Condor,2025-07-14,2025-07-17,,,,75,3442.68,140.16,3302.52,95.93,Expiry,bull,3,,,2025-07-17,,,12.0,,,,,45.9,0.0,15307.32,,,,
T3 Iron Condor,2025-07-21,2025-07-24,,,,75,2942.83,138.47,2804.36,95.29,Expiry,bull,3,,,2025-07-24,,,11.2,,,,,39.24,0.0,15807.17,,,,
T3 Iron Condor,2025-07-28,2025-07-31,,,,75,3226.68,140.08,3086.6,95.66,Expiry,bull,3,,,2025-07-31,,,12.1,,,,,43.02,0.0,15523.32,,,,
T3 Iron Condor,2025-08-04,2025-08-07,,,,75,3904.15,141.48,3762.67,96.38,Expiry,bull,3,,,2025-08-07,,,12.0,,,,,52.06,0.0,12970.85,,,,
T3 Iron Condor,2025-08-11,2025-08-14,,,,75,3440.0,140.15,3299.85,95.93,Expiry,bull,3,,,2025-08-14,,,12.2,,,,,45.87,0.0,15310.0,,,,
T3 Iron Condor,2025-08-18,2025-08-21,,,,75,3455.6,140.96,3314.64,95.92,Expiry,bull,3,,,2025-08-21,,,12.3,,,,,46.07,0.0,15294.4,,,,
T3 Iron Condor,2025-08-25,2025-08-28,,,,75,-11620.94,157.93,-11778.87,-355.69,Expiry,bull,3,,,2025-08-28,,,11.8,,,,,44.15,199.1,15438.47,,,,
T3 Iron Condor,2025-09-01,2025-09-04,,,,75,3423.16,139.8,3283.37,95.92,Expiry,bull,3,,,2025-09-04,,,11.3,,,,,45.64,0.0,13451.84,,,,
T3 Iron Condor,2025-09-08,2025-09-11,,,,75,2750.42,139.45,2610.97,82.55,Expiry,bull,3,,,2025-09-11,,,10.8,,,,,42.17,5.5,13712.08,,,,
T3 Iron Condor,2025-09-15,2025-09-18,,,,75,-6784.7,148.35,-6933.05,-278.97,Expiry,bull,3,,,2025-09-18,,,10.4,,,,,33.14,123.6,16264.73,,,,
T3 Iron Condor,2025-09-22,2025-09-25,,,,75,-1860.58,142.73,-2003.31,-77.78,Expiry,bull,3,,,2025-09-25,,,10.6,,,,,34.34,59.15,16174.3,,,,
T3 Iron Condor,2025-09-29,2025-10-03,,,,75,2919.42,138.39,2781.03,95.26,Expiry,bull,4,,,2025-10-02,,,11.4,,,,,38.93,0.0,15830.58,,,,
T3 Iron Condor,2025-10-06,2025-10-09,,,,75,2301.0,136.49,2164.51,94.07,Expiry,bull,3,,,2025-10-09,,,10.2,,,,,30.68,0.0,16449.0,,,,
T3 Iron Condor,2025-10-13,2025-10-16,,,,75,-3458.96,145.92,-3604.88,-122.67,Expiry,bull,3,,,2025-10-16,,,11.0,,,,,39.18,85.3,15811.4,,,,
T3 Iron Condor,2025-10-20,2025-10-23,,,,75,3265.81,139.55,3126.26,95.73,Expiry,bull,3,,,2025-10-23,,,11.4,,,,,43.54,0.0,15484.19,,,,
T3 Iron Condor,2025-10-27,2025-10-30,,,,75,3105.42,139.27,2966.15,95.52,Expiry,bull,3,,,2025-10-30,,,11.9,,,,,41.41,0.0,17519.58,,,,
T3 Iron Condor,2025-11-03,2025-11-06,,,,75,4302.84,142.53,4160.31,96.69,Expiry,bull,3,,,2025-11-06,,,12.7,,,,,57.37,0.0,14447.16,,,,
T3 Iron Condor,2025-11-10,2025-11-13,,,,75,1083.89,142.52,941.36,28.79,Expiry,bull,3,,,2025-11-13,,,12.3,,,,,43.6,29.15,17354.84,,,,
T3 Iron Condor,2025-11-17,2025-11-20,,,,75,3774.27,140.69,3633.58,96.27,Expiry,bull,3,,,2025-11-20,,,11.8,,,,,50.32,0.0,14975.73,,,,
T3 Iron Condor,2025-11-24,2025-11-27,,,,75,3580.27,145.64,3434.63,72.36,Expiry,bull,3,,,2025-11-27,,,13.2,,,,,63.29,15.55,14003.42,,,,
T3 Iron Condor,2025-12-01,2025-12-04,,,,75,3028.15,139.0,2889.15,95.41,Expiry,bull,3,,,2025-12-04,,,11.6,,,,,40.38,0.0,17596.85,,,,
T3 Iron Condor,2025-12-08,2025-12-11,,,,75,3283.22,139.12,3144.1,95.76,Expiry,bull,3,,,2025-12-11,,,11.1,,,,,43.78,0.0,15466.78,,,,
T3 Iron Condor,2025-12-15,2025-12-18,,,,75,2134.95,136.15,1998.8,93.62,Expiry,bull,3,,,2025-12-18,,,10.2,,,,,28.47,0.0,18490.05,,,,
T3 Iron Condor,2025-12-22,2025-12-26,,,,75,1820.74,135.24,1685.49,92.57,Expiry,bull,4,,,2025-12-25,,,9.7,,,,,24.28,0.0,18804.26,,,,
T3 Iron Condor,2025-12-29,2026-01-01,,,,65,1949.49,136.2,1813.29,93.01,Expiry,bull,3,,,2026-01-01,,,9.7,,,,,29.99,0.0,16500.59,,,,
T3 Iron Condor,2026-01-05,2026-01-08,,,,65,-5787.51,145.93,-5933.44,-267.6,Expiry,bull,3,,,2026-01-08,,,10.0,,,,,34.11,123.15,14032.73,,,,
T3 Iron Condor,2026-01-12,2026-01-16,,,,65,2895.33,138.26,2757.07,95.22,Expiry,bull,4,,,2026-01-15,,,11.4,,,,,44.54,0.0,13354.67,,,,
T3 Iron Condor,2026-01-19,2026-01-21,,,,65,-8100.79,152.65,-8253.44,-264.56,Stop Loss 3x,bull,2,,,2026-01-22,,,11.8,,,,,48.0,172.62,13130.3,,,,
T3 Iron Condor,2026-02-02,2026-02-03,,,,65,-9741.18,159.71,-9900.9,-246.96,Stop Loss 3x,sideways,1,,,2026-02-05,,,13.9,,,,,61.68,211.54,12240.87,,,,
T3 Iron Condor,2026-02-09,2026-02-12,,,,65,2845.62,138.69,2706.93,95.13,Expiry,bull,3,,,2026-02-12,,,12.2,,,,,43.78,0.0,15029.38,,,,
T3 Iron Condor,2026-02-16,2026-02-19,,,,65,4040.57,142.26,3898.31,96.48,Expiry,bull,3,,,2026-02-19,,,13.3,,,,,62.16,0.0,12209.43,,,,
T3 Iron Condor,2026-02-23,2026-02-26,,,,65,4583.19,144.33,4438.86,96.85,Expiry,bull,3,,,2026-02-26,,,14.2,,,,,70.51,0.0,11666.81,,,,
T3 Iron Condor,2026-03-02,2026-03-05,,,,65,5535.64,150.9,5384.74,97.27,Expiry,sideways,3,,,2026-03-05,,,17.1,,,,,85.16,0.0,10714.36,,,,
T3 Iron Condor,2026-03-09,2026-03-12,,,,65,-2400.17,182.51,-2582.69,-32.06,Expiry,sideways,3,,,2026-03-12,,,23.4,,,,,123.92,160.85,6569.95,,,,
T3 Iron Condor,2026-03-16,2026-03-19,,,,65,-3253.02,172.24,-3425.25,-53.88,Expiry,sideways,3,,,2026-03-19,,,21.6,,,,,97.8,147.85,9892.79,,,,
S1 Bull Call Spread,2009-05-27,2009-05-28,,,,25,550.42,177.89,372.53,98.79,Near Expiry,bull,1,,,2009-05-28,,,41.6,,,,,,,,4300.0,4350.0,15.08,37.1
S1 Bull Call Spread,2009-05-28,2009-06-08,,,,25,108.29,208.77,-100.47,-17.43,Signal Exit,bull,11,,,2009-06-25,,,44.6,,,,,,,,4350.0,4400.0,23.06,27.39
S1 Bull Call Spread,2009-07-20,2009-07-22,,,,25,-401.51,185.91,-587.42,-54.56,Signal Exit,bull,2,,,2009-07-30,,,37.0,,,,,,,,4500.0,4600.0,43.07,27.01
S1 Bull Call Spread,2009-07-24,2009-07-28,,,,25,-134.84,183.92,-318.76,-28.87,Near Expiry,bull,4,,,2009-07-30,,,36.5,,,,,,,,4550.0,4650.0,44.17,38.77
S1 Bull Call Spread,2009-07-28,2009-07-29,,,,25,-524.92,178.31,-703.22,-72.55,Near Expiry,bull,1,,,2009-07-30,,,36.1,,,,,,,,4550.0,4650.0,38.77,17.78
S1 Bull Call Spread,2009-07-29,2009-07-30,,,,25,916.83,180.05,736.78,84.74,Near Expiry,bull,1,,,2009-07-30,,,37.3,,,,,,,,4500.0,4600.0,34.78,71.45
S1 Bull Call Spread,2009-07-30,2009-08-07,,,,25,-212.55,201.2,-413.75,-35.04,Signal Exit,bull,8,,,2009-08-27,,,37.6,,,,,,,,4550.0,4650.0,47.23,38.72
S1 Bull Call Spread,2009-08-27,2009-09-02,,,,25,-207.94,197.36,-405.3,-36.4,Signal Exit,bull,6,,,2009-09-24,,,34.8,,,,,,,,4700.0,4800.0,44.53,36.22
S1 Bull Call Spread,2009-09-07,2009-09-18,,,,25,894.07,197.25,696.82,65.88,Target 80%,bull,11,,,2009-09-24,,,32.2,,,,,,,,4800.0,4900.0,42.31,78.07
S1 Bull Call Spread,2009-09-18,2009-09-22,,,,25,136.07,180.63,-44.56,-5.31,Near Expiry,bull,4,,,2009-09-24,,,25.9,,,,,,,,5000.0,5100.0,33.6,39.04
S1 Bull Call Spread,2009-09-22,2009-09-23,,,,25,-612.29,177.53,-789.82,-80.92,Near Expiry,bull,1,,,2009-09-24,,,26.8,,,,,,,,5000.0,5100.0,39.04,14.55
S1 Bull Call Spread,2009-09-23,2009-09-24,,,,25,46.19,177.83,-131.65,-15.17,Near Expiry,bull,1,,,2009-09-24,,,26.5,,,,,,,,4950.0,5050.0,34.7,36.55
S1 Bull Call Spread,2009-09-24,2009-10-06,,,,25,83.65,198.0,-114.35,-10.2,Signal Exit,bull,12,,,2009-10-29,,,24.4,,,,,,,,5000.0,5100.0,44.86,48.2
S1 Bull Call Spread,2009-11-17,2009-11-24,,,,25,75.48,184.15,-108.66,-9.95,Near Expiry,bull,7,,,2009-11-26,,,26.8,,,,,,,,5050.0,5150.0,43.66,46.68
S1 Bull Call Spread,2009-11-24,2009-11-25,,,,25,1.31,177.66,-176.35,-24.75,Near Expiry,bull,1,,,2009-11-26,,,26.1,,,,,,,,5100.0,5200.0,28.5,28.55
S1 Bull Call Spread,2009-11-25,2009-11-26,,,,25,-713.87,175.5,-889.37,-124.58,Near Expiry,bull,1,,,2009-11-26,,,24.9,,,,,,,,5100.0,5200.0,28.55,0.0
S1 Bull Call Spread,2009-11-26,2009-11-27,,,,25,-139.21,201.33,-340.54,-29.11,Signal Exit,bull,1,,,2009-12-31,,,28.3,,,,,,,,5000.0,5100.0,46.79,41.22
S1 Bull Call Spread,2009-11-30,2009-12-04,,,,25,191.84,200.67,-8.83,-0.8,Signal Exit,bull,4,,,2009-12-31,,,27.6,,,,,,,,5050.0,5150.0,44.33,52.01
S1 Bull Call Spread,2009-12-08,2009-12-11,,,,25,-101.67,193.59,-295.26,-26.28,Signal Exit,bull,3,,,2009-12-31,,,26.5,,,,,,,,5150.0,5250.0,44.95,40.88
S1 Bull Call Spread,2009-12-29,2009-12-30,,,,25,-327.74,176.52,-504.26,-75.2,Near Expiry,bull,1,,,2009-12-31,,,24.4,,,,,,,,5200.0,5300.0,26.82,13.71
S1 Bull Call Spread,2009-12-31,2010-01-19,,,,25,0.73,190.84,-190.11,-16.6,Signal Exit,bull,19,,,2010-01-28,,,23.3,,,,,,,,5200.0,5300.0,45.81,45.84
S1 Bull Call Spread,2010-02-26,2010-03-16,,,,25,1159.01,208.03,950.98,79.26,Target 80%,bull,18,,,2010-03-25,,,24.0,,,,,,,,4900.0,5000.0,47.99,94.35
S1 Bull Call Spread,2010-03-16,2010-03-23,,,,25,-21.26,180.54,-201.79,-20.77,Near Expiry,bull,7,,,2010-03-25,,,19.6,,,,,,,,5200.0,5300.0,38.86,38.01
S1 Bull Call Spread,2010-03-23,2010-03-25,,,,25,-162.13,175.59,-337.72,-80.0,Near Expiry,bull,2,,,2010-03-25,,,18.1,,,,,,,,5250.0,5350.0,16.89,10.4
S1 Bull Call Spread,2010-03-25,2010-04-12,,,,25,269.79,194.44,75.35,6.32,Signal Exit,bull,18,,,2010-04-29,,,17.0,,,,,,,,5250.0,5350.0,47.71,58.51
S1 Bull Call Spread,2010-06-10,2010-06-17,,,,25,993.08,194.5,798.58,79.43,Target 80%,bull,7,,,2010-06-24,,,26.5,,,,,,,,5100.0,5200.0,40.22,79.94
S1 Bull Call Spread,2010-06-17,2010-06-22,,,,25,311.07,182.28,128.8,8.88,Near Expiry,bull,5,,,2010-06-24,,,20.9,,,,,,,,5250.0,5400.0,58.02,70.46
S1 Bull Call Spread,2010-06-22,2010-06-23,,,,25,-33.67,178.15,-211.82,-23.85,Near Expiry,bull,1,,,2010-06-24,,,20.6,,,,,,,,5300.0,5400.0,35.53,34.18
S1 Bull Call Spread,2010-06-23,2010-06-24,,,,25,-393.45,176.66,-570.11,-62.76,Near Expiry,bull,1,,,2010-06-24,,,20.3,,,,,,,,5300.0,5450.0,36.34,20.6
S1 Bull Call Spread,2010-06-24,2010-07-02,,,,25,-413.38,191.75,-605.14,-35.08,Signal Exit,bull,8,,,2010-07-29,,,20.1,,,,,,,,5300.0,5450.0,69.0,52.47
S1 Bull Call Spread,2010-07-12,2010-07-27,,,,25,22.24,182.99,-160.75,-15.87,Near Expiry,bull,15,,,2010-07-29,,,19.9,,,,,,,,5400.0,5500.0,40.52,41.41
S1 Bull Call Spread,2010-07-27,2010-07-28,,,,25,-385.96,175.51,-561.47,-108.73,Near Expiry,bull,1,,,2010-07-29,,,19.2,,,,,,,,5450.0,5550.0,20.66,5.22
S1 Bull Call Spread,2010-08-19,2010-08-24,,,,25,-575.39,177.38,-752.76,-88.9,Near Expiry,bull,5,,,2010-08-26,,,16.5,,,,,,,,5550.0,5650.0,33.87,10.85
S1 Bull Call Spread,2010-09-06,2010-09-14,,,,25,882.99,197.06,685.94,68.08,Target 80%,bull,8,,,2010-09-30,,,15.2,,,,,,,,5600.0,5700.0,40.3,75.62
S1 Bull Call Spread,2010-09-14,2010-09-21,,,,25,885.16,197.86,687.3,64.6,Target 80%,bull,7,,,2010-09-30,,,18.6,,,,,,,,5800.0,5900.0,42.55,77.96
S1 Bull Call Spread,2010-09-21,2010-09-28,,,,25,-202.9,182.45,-385.34,-26.24,Near Expiry,bull,7,,,2010-09-30,,,22.6,,,,,,,,6000.0,6150.0,58.73,50.62
S1 Bull Call Spread,2010-09-28,2010-09-29,,,,25,-416.9,176.01,-592.91,-97.22,Near Expiry,bull,1,,,2010-09-30,,,21.2,,,,,,,,6050.0,6150.0,24.39,7.72
S1 Bull Call Spread,2010-09-29,2010-09-30,,,,25,193.87,176.88,17.0,3.06,Near Expiry,bull,1,,,2010-09-30,,,22.2,,,,,,,,6000.0,6100.0,22.2,29.95
S1 Bull Call Spread,2010-09-30,2010-10-08,,,,25,193.97,197.27,-3.3,-0.3,Signal Exit,bull,8,,,2010-10-28,,,22.2,,,,,,,,6050.0,6150.0,44.34,52.1
S1 Bull Call Spread,2010-11-04,2010-11-12,,,,25,-709.7,184.12,-893.82,-83.29,Stop Loss 50%,bull,8,,,2010-11-25,,,19.4,,,,,,,,6300.0,6400.0,42.93,14.54
S1 Bull Call Spread,2010-12-15,2010-12-22,,,,25,410.75,189.93,220.82,20.73,Signal Exit,bull,7,,,2010-12-30,,,21.4,,,,,,,,5900.0,6000.0,42.62,59.05
S1 Bull Call Spread,2010-12-29,2010-12-30,,,,25,602.6,178.09,424.51,61.2,Near Expiry,bull,1,,,2010-12-30,,,17.1,,,,,,,,6050.0,6200.0,27.75,51.85
S1 Bull Call Spread,2010-12-30,2011-01-07,,,,25,-620.5,186.61,-807.11,-69.54,Stop Loss 50%,bull,8,,,2011-01-27,,,17.0,,,,,,,,6100.0,6200.0,46.43,21.61
S1 Bull Call Spread,2011-02-21,2011-02-22,,,,25,-571.9,178.57,-750.47,-58.87,Near Expiry,sideways,1,,,2011-02-24,,,24.9,,,,,,,,5500.0,5650.0,50.99,28.11
S1 Bull Call Spread,2011-03-01,2011-03-07,,,,25,-263.18,194.54,-457.72,-26.57,Signal Exit,sideways,6,,,2011-03-31,,,22.2,,,,,,,,5500.0,5650.0,68.9,58.37
S1 Bull Call Spread,2012-04-19,2012-04-23,,,,25,-752.38,177.19,-929.57,-111.35,Stop Loss 50%,bull,4,,,2012-04-26,,,19.4,,,,,,,,5350.0,5450.0,33.39,3.3
S1 Bull Call Spread,2012-06-06,2012-06-20,,,,25,589.64,193.45,396.19,35.74,Signal Exit,sideways,14,,,2012-06-28,,,24.9,,,,,,,,5000.0,5100.0,44.34,67.93
S1 Bull Call Spread,2012-08-06,2012-08-29,,,,25,-695.07,180.58,-875.64,-85.26,Near Expiry,bull,23,,,2012-08-30,,,16.2,,,,,,,,5300.0,5400.0,41.08,13.28
S1 Bull Call Spread,2012-09-14,2012-09-25,,,,25,687.06,182.58,504.48,57.02,Near Expiry,bull,11,,,2012-09-27,,,15.4,,,,,,,,5600.0,5700.0,35.39,62.87
S1 Bull Call Spread,2012-09-25,2012-09-26,,,,25,-351.7,177.33,-529.03,-50.26,Near Expiry,bull,1,,,2012-09-27,,,17.1,,,,,,,,5650.0,5800.0,42.1,28.03
S1 Bull Call Spread,2012-09-26,2012-09-27,,,,25,-700.86,175.26,-876.12,-125.01,Near Expiry,bull,1,,,2012-09-27,,,17.0,,,,,,,,5650.0,5800.0,28.03,0.0
S1 Bull Call Spread,2012-09-27,2012-10-09,,,,25,192.98,190.69,2.29,0.2,Signal Exit,bull,12,,,2012-10-25,,,16.9,,,,,,,,5650.0,5750.0,45.55,53.27
S1 Bull Call Spread,2012-11-29,2012-12-17,,,,25,76.95,187.69,-110.74,-6.46,Signal Exit,bull,18,,,2012-12-27,,,15.4,,,,,,,,5800.0,5950.0,68.52,71.6
S1 Bull Call Spread,2013-01-03,2013-01-10,,,,25,-380.4,184.85,-565.25,-35.08,Signal Exit,bull,7,,,2013-01-31,,,13.5,,,,,,,,6000.0,6150.0,64.45,49.23
S1 Bull Call Spread,2013-01-15,2013-01-16,,,,25,-424.69,181.49,-606.18,-42.38,Signal Exit,bull,1,,,2013-01-31,,,13.6,,,,,,,,6050.0,6200.0,57.22,40.23
S1 Bull Call Spread,2013-01-17,2013-01-24,,,,25,-279.99,180.45,-460.44,-47.53,Signal Exit,bull,7,,,2013-01-31,,,14.0,,,,,,,,6050.0,6150.0,38.75,27.55
S1 Bull Call Spread,2013-03-18,2013-03-19,,,,25,-466.65,179.04,-645.69,-71.92,Stop Loss 50%,bull,1,,,2013-03-28,,,15.9,,,,,,,,5850.0,5950.0,35.91,17.24
S1 Bull Call Spread,2013-04-18,2013-04-23,,,,25,303.96,179.38,124.58,15.8,Near Expiry,bull,5,,,2013-04-25,,,15.4,,,,,,,,5800.0,5900.0,31.55,43.71
S1 Bull Call Spread,2013-04-23,2013-04-25,,,,25,1166.84,178.73,988.1,201.38,Near Expiry,bull,2,,,2013-04-25,,,15.1,,,,,,,,5850.0,5950.0,19.63,66.3
S1 Bull Call Spread,2013-04-25,2013-05-16,,,,25,1397.76,203.07,1194.69,69.83,Target 80%,bull,21,,,2013-05-30,,,14.2,,,,,,,,5900.0,6050.0,68.43,124.34
S1 Bull Call Spread,2013-05-16,2013-05-23,,,,25,-1347.44,180.42,-1527.85,-96.8,Stop Loss 50%,bull,7,,,2013-05-30,,,17.7,,,,,,,,6150.0,6300.0,63.14,9.24
S1 Bull Call Spread,2013-07-01,2013-07-03,,,,25,-441.21,186.8,-628.01,-55.6,Signal Exit,bull,2,,,2013-07-25,,,18.1,,,,,,,,5900.0,6000.0,45.18,27.53
S1 Bull Call Spread,2013-07-10,2013-07-15,,,,25,1435.25,197.94,1237.31,78.38,Target 80%,sideways,5,,,2013-07-25,,,20.0,,,,,,,,5800.0,5950.0,63.14,120.55
S1 Bull Call Spread,2013-07-15,2013-07-23,,,,25,66.84,181.19,-114.35,-12.25,Near Expiry,bull,8,,,2013-07-25,,,18.8,,,,,,,,6050.0,6150.0,37.34,40.02
S1 Bull Call Spread,2013-07-23,2013-07-24,,,,25,-470.65,175.17,-645.82,-134.21,Near Expiry,bull,1,,,2013-07-25,,,16.7,,,,,,,,6100.0,6200.0,19.25,0.42
S1 Bull Call Spread,2013-07-24,2013-07-25,,,,25,-419.89,174.95,-594.84,-141.67,Near Expiry,bull,1,,,2013-07-25,,,16.9,,,,,,,,6000.0,6100.0,16.8,0.0
S1 Bull Call Spread,2013-11-01,2013-11-06,,,,25,-442.55,189.98,-632.52,-38.13,Signal Exit,bull,5,,,2013-11-28,,,18.6,,,,,,,,6300.0,6450.0,66.35,48.65
S1 Bull Call Spread,2013-12-02,2013-12-06,,,,25,160.19,197.82,-37.63,-2.21,Signal Exit,bull,4,,,2013-12-26,,,23.4,,,,,,,,6200.0,6350.0,68.13,74.53
S1 Bull Call Spread,2013-12-09,2013-12-13,,,,25,-1129.29,182.88,-1312.17,-81.57,Stop Loss 50%,bull,4,,,2013-12-26,,,19.2,,,,,,,,6350.0,6500.0,64.35,19.18
S1 Bull Call Spread,2013-12-24,2013-12-26,,,,25,-256.29,177.27,-433.56,-44.3,Near Expiry,bull,2,,,2013-12-26,,,15.6,,,,,,,,6250.0,6400.0,39.15,28.9
S1 Bull Call Spread,2014-01-15,2014-01-16,,,,25,-29.12,185.58,-214.7,-13.61,Signal Exit,bull,1,,,2014-01-30,,,15.4,,,,,,,,6300.0,6450.0,63.09,61.93
S1 Bull Call Spread,2014-01-22,2014-01-24,,,,25,-489.5,178.73,-668.23,-73.9,Stop Loss 50%,bull,2,,,2014-01-30,,,15.9,,,,,,,,6350.0,6450.0,36.17,16.59
S1 Bull Call Spread,2014-01-24,2014-01-27,,,,25,-1115.25,177.37,-1292.62,-99.08,Stop Loss 50%,bull,3,,,2014-01-30,,,15.8,,,,,,,,6250.0,6400.0,52.19,7.57
S1 Bull Call Spread,2014-02-21,2014-02-25,,,,25,332.28,179.58,152.7,13.72,Near Expiry,bull,4,,,2014-02-27,,,14.0,,,,,,,,6150.0,6300.0,44.52,57.81
S1 Bull Call Spread,2014-02-25,2014-02-26,,,,25,444.19,177.82,266.37,42.88,Near Expiry,bull,1,,,2014-02-27,,,13.9,,,,,,,,6200.0,6300.0,24.85,42.62
S1 Bull Call Spread,2014-02-26,2014-02-28,,,,25,336.93,176.3,160.63,47.69,Near Expiry,bull,2,,,2014-02-27,,,14.0,,,,,,,,6250.0,6350.0,13.47,26.95
S1 Bull Call Spread,2014-02-28,2014-03-07,,,,25,886.06,201.28,684.78,64.99,Target 80%,bull,7,,,2014-03-27,,,14.2,,,,,,,,6300.0,6400.0,42.14,77.59
S1 Bull Call Spread,2014-03-07,2014-03-25,,,,25,118.73,184.35,-65.62,-6.33,Near Expiry,bull,18,,,2014-03-27,,,16.7,,,,,,,,6550.0,6650.0,41.44,46.19
S1 Bull Call Spread,2014-03-25,2014-03-26,,,,25,-26.36,176.96,-203.31,-32.11,Near Expiry,bull,1,,,2014-03-27,,,16.9,,,,,,,,6600.0,6700.0,25.33,24.27
S1 Bull Call Spread,2014-03-26,2014-03-27,,,,25,403.32,177.48,225.84,35.26,Near Expiry,bull,1,,,2014-03-27,,,17.8,,,,,,,,6600.0,6750.0,25.62,41.75
S1 Bull Call Spread,2014-03-27,2014-04-07,,,,25,115.66,198.07,-82.41,-7.19,Signal Exit,bull,11,,,2014-04-24,,,18.4,,,,,,,,6650.0,6750.0,45.85,50.47
S1 Bull Call Spread,2014-04-09,2014-04-15,,,,25,-309.31,191.84,-501.15,-31.5,Signal Exit,bull,6,,,2014-04-24,,,26.9,,,,,,,,6800.0,6950.0,63.64,51.27
S1 Bull Call Spread,2014-05-12,2014-05-20,,,,25,1391.96,212.68,1179.28,69.1,Target 80%,bull,8,,,2014-05-29,,,37.1,,,,,,,,7000.0,7150.0,68.26,123.94
S1 Bull Call Spread,2014-05-20,2014-05-27,,,,25,17.92,182.52,-164.6,-17.2,Near Expiry,bull,7,,,2014-05-29,,,19.2,,,,,,,,7300.0,7400.0,38.28,38.99
S1 Bull Call Spread,2014-05-27,2014-05-28,,,,25,-73.47,178.79,-252.26,-21.5,Near Expiry,bull,1,,,2014-05-29,,,19.1,,,,,,,,7300.0,7450.0,46.93,44.0
S1 Bull Call Spread,2014-05-28,2014-05-29,,,,25,-457.76,174.97,-632.73,-138.22,Near Expiry,bull,1,,,2014-05-29,,,17.6,,,,,,,,7350.0,7500.0,18.31,0.0
S1 Bull Call Spread,2014-05-29,2014-05-30,,,,25,-38.89,192.84,-231.73,-14.48,Signal Exit,bull,1,,,2014-06-26,,,16.7,,,,,,,,7250.0,7400.0,64.03,62.48
S1 Bull Call Spread,2014-06-05,2014-06-16,,,,25,273.66,192.36,81.3,4.73,Signal Exit,bull,11,,,2014-06-26,,,15.4,,,,,,,,7450.0,7600.0,68.82,79.77
S1 Bull Call Spread,2014-07-04,2014-07-08,,,,25,-510.92,192.87,-703.79,-41.59,Signal Exit,bull,4,,,2014-07-31,,,18.2,,,,,,,,7750.0,7900.0,67.68,47.24
S1 Bull Call Spread,2014-07-23,2014-07-25,,,,25,-162.48,181.02,-343.5,-26.54,Signal Exit,bull,2,,,2014-07-31,,,14.7,,,,,,,,7800.0,7950.0,51.78,45.28
S1 Bull Call Spread,2014-07-28,2014-07-30,,,,25,280.38,178.61,101.77,10.65,Near Expiry,bull,2,,,2014-07-31,,,14.3,,,,,,,,7750.0,7900.0,38.22,49.43
S1 Bull Call Spread,2014-07-30,2014-07-31,,,,25,-478.36,174.99,-653.34,-136.58,Near Expiry,bull,1,,,2014-07-31,,,13.9,,,,,,,,7800.0,7950.0,19.13,0.0
S1 Bull Call Spread,2014-07-31,2014-08-01,,,,25,-681.09,188.87,-869.97,-39.72,Signal Exit,bull,1,,,2014-08-28,,,13.8,,,,,,,,7700.0,7900.0,87.62,60.37
S1 Bull Call Spread,2014-08-19,2014-08-20,,,,25,-227.06,181.32,-408.38,-30.74,Signal Exit,bull,1,,,2014-08-28,,,13.9,,,,,,,,7900.0,8050.0,53.13,44.05
S1 Bull Call Spread,2014-08-21,2014-08-26,,,,25,-307.91,178.98,-486.89,-41.18,Near Expiry,bull,5,,,2014-08-28,,,13.7,,,,,,,,7900.0,8050.0,47.29,34.98
S1 Bull Call Spread,2014-08-26,2014-08-27,,,,25,248.06,178.07,69.98,8.0,Near Expiry,bull,1,,,2014-08-28,,,13.9,,,,,,,,7900.0,8050.0,34.98,44.9
S1 Bull Call Spread,2014-08-27,2014-08-28,,,,25,-289.83,175.13,-464.96,-116.65,Near Expiry,bull,1,,,2014-08-28,,,13.1,,,,,,,,7950.0,8100.0,15.94,4.35
S1 Bull Call Spread,2014-08-28,2014-09-15,,,,25,429.75,191.43,238.33,14.16,Signal Exit,bull,18,,,2014-09-25,,,13.1,,,,,,,,7950.0,8100.0,67.33,84.52
S1 Bull Call Spread,2014-10-29,2014-10-30,,,,25,1276.58,178.74,1097.83,242.12,Near Expiry,bull,1,,,2014-10-30,,,13.0,,,,,,,,8100.0,8250.0,18.14,69.2
S1 Bull Call Spread,2014-10-30,2014-11-17,,,,25,1918.33,203.15,1715.19,78.09,Target 80%,bull,18,,,2014-11-27,,,13.3,,,,,,,,8150.0,8350.0,87.86,164.59
S1 Bull Call Spread,2014-11-17,2014-11-25,,,,25,-290.83,180.6,-471.43,-36.31,Near Expiry,bull,8,,,2014-11-27,,,14.4,,,,,,,,8450.0,8600.0,51.93,40.3
S1 Bull Call Spread,2014-11-25,2014-11-26,,,,25,-71.84,177.86,-249.7,-23.81,Near Expiry,bull,1,,,2014-11-27,,,13.5,,,,,,,,8450.0,8650.0,41.96,39.08
S1 Bull Call Spread,2014-11-26,2014-11-27,,,,25,-334.81,174.81,-509.62,-152.21,Near Expiry,bull,1,,,2014-11-27,,,13.0,,,,,,,,8500.0,8650.0,13.39,0.0
S1 Bull Call Spread,2014-11-27,2014-12-02,,,,25,106.9,192.17,-85.28,-5.16,Signal Exit,bull,5,,,2014-12-25,,,12.7,,,,,,,,8500.0,8650.0,66.15,70.43
S1 Bull Call Spread,2015-01-02,2015-01-06,,,,25,-950.13,186.87,-1137.0,-68.58,Stop Loss 50%,bull,4,,,2015-01-29,,,13.8,,,,,,,,8400.0,8550.0,66.31,28.31
S1 Bull Call Spread,2015-01-09,2015-01-12,,,,25,153.77,192.02,-38.25,-2.46,Signal Exit,bull,3,,,2015-01-29,,,16.0,,,,,,,,8300.0,8450.0,62.2,68.35
S1 Bull Call Spread,2015-01-15,2015-01-21,,,,25,1324.07,199.37,1124.7,73.72,Target 80%,bull,6,,,2015-01-29,,,16.2,,,,,,,,8500.0,8650.0,61.03,113.99
S1 Bull Call Spread,2015-01-21,2015-01-27,,,,25,1498.55,189.79,1308.76,97.94,Near Expiry,bull,6,,,2015-01-29,,,17.7,,,,,,,,8750.0,8900.0,53.45,113.39
S1 Bull Call Spread,2015-01-27,2015-01-28,,,,25,-177.88,178.74,-356.62,-27.69,Near Expiry,bull,1,,,2015-01-29,,,18.1,,,,,,,,8900.0,9100.0,51.52,44.41
S1 Bull Call Spread,2015-01-28,2015-01-29,,,,25,198.5,178.69,19.81,1.78,Near Expiry,bull,1,,,2015-01-29,,,19.8,,,,,,,,8900.0,9100.0,44.41,52.35
S1 Bull Call Spread,2015-01-29,2015-02-05,,,,25,-1036.28,194.19,-1230.47,-55.39,Signal Exit,bull,7,,,2015-02-26,,,19.4,,,,,,,,8950.0,9150.0,88.85,47.4
S1 Bull Call Spread,2015-03-03,2015-03-09,,,,25,-1336.55,185.85,-1522.4,-73.05,Stop Loss 50%,bull,6,,,2015-03-26,,,15.5,,,,,,,,9000.0,9200.0,83.36,29.89
S1 Bull Call Spread,2015-04-09,2015-04-17,,,,25,-945.9,184.09,-1130.0,-73.48,Stop Loss 50%,bull,8,,,2015-04-30,,,14.4,,,,,,,,8800.0,8950.0,61.51,23.68
S1 Bull Call Spread,2015-05-18,2015-05-19,,,,25,-86.58,187.3,-273.88,-13.72,Signal Exit,bull,1,,,2015-05-28,,,17.9,,,,,,,,8350.0,8550.0,79.84,76.38
S1 Bull Call Spread,2015-05-20,2015-05-25,,,,25,-982.76,181.53,-1164.28,-60.66,Stop Loss 50%,bull,5,,,2015-05-28,,,17.7,,,,,,,,8400.0,8600.0,76.78,37.47
S1 Bull Call Spread,2015-05-26,2015-05-27,,,,25,-296.36,177.05,-473.41,-53.98,Near Expiry,bull,1,,,2015-05-28,,,17.1,,,,,,,,8350.0,8500.0,35.08,23.23
S1 Bull Call Spread,2015-05-27,2015-05-28,,,,25,-580.69,175.14,-755.84,-130.16,Near Expiry,bull,1,,,2015-05-28,,,17.3,,,,,,,,8350.0,8500.0,23.23,0.0
S1 Bull Call Spread,2015-05-28,2015-06-02,,,,25,-502.78,194.07,-696.85,-31.0,Signal Exit,bull,5,,,2015-06-25,,,17.1,,,,,,,,8300.0,8500.0,89.91,69.8
S1 Bull Call Spread,2016-05-31,2016-06-13,,,,25,-349.84,193.25,-543.09,-31.06,Signal Exit,bull,13,,,2016-06-30,,,16.0,,,,,,,,8150.0,8300.0,69.95,55.95
S1 Bull Call Spread,2016-07-04,2016-07-25,,,,25,2395.17,202.62,2192.55,99.67,Target 80%,bull,21,,,2016-07-28,,,15.6,,,,,,,,8350.0,8550.0,87.99,183.8
S1 Bull Call Spread,2016-07-25,2016-07-26,,,,25,-538.2,177.07,-715.27,-74.16,Near Expiry,bull,1,,,2016-07-28,,,15.7,,,,,,,,8650.0,8800.0,38.58,17.05
S1 Bull Call Spread,2016-07-26,2016-07-27,,,,25,61.31,177.72,-116.41,-13.69,Near Expiry,bull,1,,,2016-07-28,,,15.6,,,,,,,,8600.0,8750.0,34.01,36.46
S1 Bull Call Spread,2016-07-27,2016-07-28,,,,25,728.71,179.17,549.54,59.17,Near Expiry,bull,1,,,2016-07-28,,,15.4,,,,,,,,8600.0,8800.0,37.15,66.3
S1 Bull Call Spread,2016-07-28,2016-08-01,,,,25,-216.62,194.5,-411.12,-18.42,Signal Exit,bull,4,,,2016-08-25,,,15.1,,,,,,,,8650.0,8850.0,89.28,80.62
S1 Bull Call Spread,2016-08-31,2016-09-14,,,,25,-468.49,188.82,-657.31,-39.94,Signal Exit,bull,14,,,2016-09-29,,,13.2,,,,,,,,8800.0,8950.0,65.83,47.09
S1 Bull Call Spread,2016-10-24,2016-10-25,,,,25,-394.75,178.03,-572.78,-46.06,Near Expiry,bull,1,,,2016-10-27,,,14.3,,,,,,,,8700.0,8900.0,49.75,33.96
S1 Bull Call Spread,2016-12-08,2016-12-15,,,,25,-594.84,186.95,-781.79,-48.36,Signal Exit,bull,7,,,2016-12-29,,,15.5,,,,,,,,8250.0,8400.0,64.67,40.87
S1 Bull Call Spread,2017-02-22,2017-02-23,,,,25,-404.05,174.9,-578.95,-143.29,Near Expiry,bull,1,,,2017-02-23,,,13.7,,,,,,,,8950.0,9100.0,16.16,0.0
S1 Bull Call Spread,2017-02-23,2017-02-27,,,,25,-203.35,195.28,-398.63,-23.22,Signal Exit,bull,4,,,2017-03-30,,,13.4,,,,,,,,8950.0,9100.0,68.66,60.52
S1 Bull Call Spread,2017-03-15,2017-03-22,,,,25,-621.2,181.93,-803.13,-55.83,Signal Exit,bull,7,,,2017-03-30,,,12.4,,,,,,,,9100.0,9250.0,57.54,32.7
S1 Bull Call Spread,2017-04-05,2017-04-07,,,,25,-517.94,186.89,-704.83,-33.4,Signal Exit,bull,2,,,2017-04-27,,,11.6,,,,,,,,9250.0,9450.0,84.42,63.7
S1 Bull Call Spread,2017-04-26,2017-04-27,,,,25,-617.91,175.15,-793.07,-128.35,Near Expiry,bull,1,,,2017-04-27,,,11.7,,,,,,,,9350.0,9550.0,24.72,0.0
S1 Bull Call Spread,2017-04-27,2017-05-09,,,,25,-479.96,186.54,-666.5,-32.51,Signal Exit,bull,12,,,2017-05-25,,,11.1,,,,,,,,9350.0,9550.0,82.02,62.82
S1 Bull Call Spread,2017-05-10,2017-05-22,,,,25,-330.94,182.41,-513.35,-27.48,Signal Exit,bull,12,,,2017-05-25,,,10.9,,,,,,,,9400.0,9600.0,74.72,61.48
S1 Bull Call Spread,2017-05-26,2017-06-12,,,,25,-138.37,190.48,-328.85,-15.15,Signal Exit,bull,17,,,2017-06-29,,,10.9,,,,,,,,9600.0,9800.0,86.85,81.32
S1 Bull Call Spread,2017-07-07,2017-07-13,,,,25,1747.13,199.42,1547.71,74.34,Target 80%,bull,6,,,2017-07-27,,,10.9,,,,,,,,9650.0,9850.0,83.28,153.16
S1 Bull Call Spread,2017-07-13,2017-07-25,,,,25,120.16,182.93,-62.77,-3.57,Near Expiry,bull,12,,,2017-07-27,,,11.2,,,,,,,,9900.0,10100.0,70.34,75.15
S1 Bull Call Spread,2017-07-25,2017-07-26,,,,25,838.46,179.84,658.62,63.37,Near Expiry,bull,1,,,2017-07-27,,,10.9,,,,,,,,9950.0,10150.0,41.58,75.11
S1 Bull Call Spread,2017-07-26,2017-07-27,,,,25,-392.11,176.63,-568.74,-62.79,Near Expiry,bull,1,,,2017-07-27,,,11.2,,,,,,,,10000.0,10200.0,36.23,20.55
S1 Bull Call Spread,2017-07-27,2017-08-07,,,,25,105.83,197.07,-91.24,-3.87,Signal Exit,bull,11,,,2017-08-31,,,11.2,,,,,,,,10000.0,10200.0,94.31,98.54
S1 Bull Call Spread,2017-09-01,2017-09-06,,,,25,-396.61,192.24,-588.84,-25.72,Signal Exit,bull,5,,,2017-09-28,,,11.7,,,,,,,,9950.0,10150.0,91.59,75.72
S1 Bull Call Spread,2017-09-08,2017-09-18,,,,25,1660.81,196.62,1464.19,74.84,Target 80%,bull,10,,,2017-09-28,,,13.0,,,,,,,,9950.0,10150.0,78.25,144.69
S1 Bull Call Spread,2017-09-18,2017-09-22,,,,25,-1433.14,178.79,-1611.94,-93.58,Stop Loss 50%,bull,4,,,2017-09-28,,,11.4,,,,,,,,10150.0,10350.0,68.9,11.57
S1 Bull Call Spread,2017-10-13,2017-10-24,,,,25,-170.84,183.42,-354.26,-18.08,Near Expiry,bull,11,,,2017-10-26,,,11.3,,,,,,,,10150.0,10350.0,78.39,71.55
S1 Bull Call Spread,2017-10-24,2017-10-25,,,,25,1426.56,181.13,1245.43,123.44,Near Expiry,bull,1,,,2017-10-26,,,11.6,,,,,,,,10200.0,10400.0,40.36,97.42
S1 Bull Call Spread,2017-10-25,2017-10-26,,,,25,497.77,177.53,320.25,53.62,Near Expiry,bull,1,,,2017-10-26,,,11.8,,,,,,,,10300.0,10500.0,23.89,43.8
S1 Bull Call Spread,2017-10-26,2017-11-08,,,,25,-365.4,193.91,-559.32,-25.04,Signal Exit,bull,13,,,2017-11-30,,,11.6,,,,,,,,10350.0,10550.0,89.36,74.74
S1 Bull Call Spread,2017-11-28,2017-11-29,,,,25,-438.89,177.98,-616.87,-46.7,Near Expiry,bull,1,,,2017-11-30,,,13.1,,,,,,,,10350.0,10600.0,52.84,35.29
S1 Bull Call Spread,2017-12-19,2017-12-26,,,,25,405.45,183.88,221.57,12.13,Near Expiry,bull,7,,,2017-12-28,,,12.2,,,,,,,,10450.0,10650.0,73.07,89.29
S1 Bull Call Spread,2017-12-26,2017-12-27,,,,25,-560.63,175.78,-736.41,-97.53,Near Expiry,bull,1,,,2017-12-28,,,12.1,,,,,,,,10550.0,10750.0,30.2,7.78
S1 Bull Call Spread,2017-12-27,2017-12-28,,,,25,-595.29,175.13,-770.42,-129.42,Near Expiry,bull,1,,,2017-12-28,,,12.5,,,,,,,,10500.0,10700.0,23.81,0.0
S1 Bull Call Spread,2017-12-28,2018-01-17,,,,25,1979.44,204.9,1774.53,85.38,Target 80%,bull,20,,,2018-01-25,,,12.3,,,,,,,,10500.0,10700.0,83.13,162.31
S1 Bull Call Spread,2018-01-17,2018-01-22,,,,25,1667.49,189.85,1477.64,88.4,Target 80%,bull,5,,,2018-01-25,,,13.9,,,,,,,,10800.0,11000.0,66.86,133.56
S1 Bull Call Spread,2018-01-22,2018-01-23,,,,25,1624.52,185.42,1439.09,84.87,Near Expiry,bull,1,,,2018-01-25,,,15.4,,,,,,,,10950.0,11200.0,67.83,132.81
S1 Bull Call Spread,2018-01-23,2018-01-24,,,,25,-219.02,178.02,-397.04,-36.16,Near Expiry,bull,1,,,2018-01-25,,,16.2,,,,,,,,11100.0,11300.0,43.92,35.16
S1 Bull Call Spread,2018-01-24,2018-01-25,,,,25,-879.1,175.55,-1054.65,-119.97,Near Expiry,bull,1,,,2018-01-25,,,18.0,,,,,,,,11100.0,11300.0,35.16,0.0
S1 Bull Call Spread,2018-01-25,2018-02-02,,,,25,-1775.06,193.68,-1968.73,-69.71,Stop Loss 50%,bull,8,,,2018-02-22,,,17.5,,,,,,,,11050.0,11300.0,112.96,41.96
S1 Bull Call Spread,2018-04-09,2018-04-23,,,,25,1753.33,193.91,1559.42,80.05,Target 80%,bull,14,,,2018-04-26,,,14.9,,,,,,,,10400.0,10600.0,77.92,148.05
S1 Bull Call Spread,2018-04-23,2018-04-24,,,,25,75.89,178.54,-102.65,-9.54,Near Expiry,bull,1,,,2018-04-26,,,13.1,,,,,,,,10600.0,10800.0,43.03,46.06
S1 Bull Call Spread,2018-04-24,2018-04-25,,,,25,-775.25,176.71,-951.96,-81.34,Near Expiry,bull,1,,,2018-04-26,,,11.9,,,,,,,,10600.0,10850.0,46.81,15.8
S1 Bull Call Spread,2018-04-25,2018-04-26,,,,25,695.06,179.33,515.73,51.58,Near Expiry,bull,1,,,2018-04-26,,,12.4,,,,,,,,10550.0,10800.0,40.0,67.8
S1 Bull Call Spread,2018-04-26,2018-05-16,,,,25,641.18,200.02,441.16,15.68,Signal Exit,bull,20,,,2018-05-31,,,12.0,,,,,,,,10600.0,10850.0,112.52,138.16
S1 Bull Call Spread,2018-06-07,2018-06-20,,,,25,-509.9,188.33,-698.23,-26.88,Signal Exit,bull,13,,,2018-06-28,,,12.8,,,,,,,,10750.0,11000.0,103.9,83.5
S1 Bull Call Spread,2018-07-09,2018-07-23,,,,25,2138.54,196.91,1941.64,95.07,Target 80%,bull,14,,,2018-07-26,,,12.4,,,,,,,,10850.0,11050.0,81.69,167.24
S1 Bull Call Spread,2018-07-23,2018-07-24,,,,25,394.04,179.55,214.5,19.29,Near Expiry,bull,1,,,2018-07-26,,,13.0,,,,,,,,11100.0,11300.0,44.48,60.24
S1 Bull Call Spread,2018-07-24,2018-07-25,,,,25,-338.76,176.68,-515.44,-59.53,Near Expiry,bull,1,,,2018-07-26,,,12.5,,,,,,,,11150.0,11350.0,34.63,21.08
S1 Bull Call Spread,2018-07-25,2018-07-26,,,,25,-94.62,175.99,-270.61,-51.34,Near Expiry,bull,1,,,2018-07-26,,,12.2,,,,,,,,11150.0,11350.0,21.08,17.3
S1 Bull Call Spread,2018-07-26,2018-08-14,,,,25,1641.97,209.97,1432.0,50.4,Signal Exit,bull,19,,,2018-08-30,,,12.0,,,,,,,,11150.0,11400.0,113.65,179.33
S1 Bull Call Spread,2018-08-21,2018-08-28,,,,25,2089.34,190.46,1898.88,84.28,Near Expiry,bull,7,,,2018-08-30,,,12.9,,,,,,,,11550.0,11800.0,90.12,173.69
S1 Bull Call Spread,2018-08-28,2018-08-29,,,,25,-701.57,176.23,-877.81,-91.57,Near Expiry,bull,1,,,2018-08-30,,,12.4,,,,,,,,11750.0,11950.0,38.34,10.28
S1 Bull Call Spread,2018-08-29,2018-08-30,,,,25,-686.43,175.24,-861.67,-125.53,Near Expiry,bull,1,,,2018-08-30,,,12.4,,,,,,,,11700.0,11950.0,27.46,0.0
S1 Bull Call Spread,2018-08-30,2018-09-03,,,,25,-480.79,193.72,-674.5,-31.5,Signal Exit,bull,4,,,2018-09-27,,,12.4,,,,,,,,11700.0,11900.0,85.65,66.42
S1 Bull Call Spread,2018-11-07,2018-11-16,,,,25,303.66,201.53,102.13,4.65,Signal Exit,sideways,9,,,2018-11-29,,,17.7,,,,,,,,10600.0,10800.0,87.77,99.92
S1 Bull Call Spread,2019-03-15,2019-03-19,,,,25,719.13,184.87,534.26,33.5,Near Expiry,bull,4,,,2019-03-21,,,15.9,,,,,,,,11450.0,11650.0,63.79,92.55
S1 Bull Call Spread,2019-03-19,2019-03-20,,,,25,-481.3,177.61,-658.91,-57.85,Near Expiry,bull,1,,,2019-03-21,,,16.5,,,,,,,,11550.0,11750.0,45.56,26.31
S1 Bull Call Spread,2019-03-20,2019-03-22,,,,25,-1270.96,175.98,-1446.94,-113.85,Near Expiry,bull,2,,,2019-03-21,,,16.0,,,,,,,,11500.0,11750.0,50.84,0.0
S1 Bull Call Spread,2019-03-22,2019-03-25,,,,25,-1298.38,180.66,-1479.04,-71.06,Stop Loss 50%,bull,3,,,2019-03-28,,,16.3,,,,,,,,11450.0,11700.0,83.25,31.32
S1 Bull Call Spread,2019-03-25,2019-03-26,,,,25,1629.94,185.69,1444.25,86.12,Near Expiry,bull,1,,,2019-03-28,,,16.7,,,,,,,,11350.0,11600.0,67.08,132.28
S1 Bull Call Spread,2019-03-26,2019-03-27,,,,25,-656.18,177.23,-833.41,-72.9,Near Expiry,bull,1,,,2019-03-28,,,16.5,,,,,,,,11500.0,11700.0,45.73,19.48
S1 Bull Call Spread,2019-03-27,2019-03-28,,,,25,2040.92,182.22,1858.7,193.8,Near Expiry,bull,1,,,2019-03-28,,,17.0,,,,,,,,11450.0,11650.0,38.36,120.0
S1 Bull Call Spread,2019-03-28,2019-04-02,,,,25,1416.32,190.64,1225.68,53.31,Near Expiry,bull,5,,,2019-04-04,,,16.6,,,,,,,,11550.0,11800.0,91.96,148.61
S1 Bull Call Spread,2019-04-02,2019-04-03,,,,25,-1074.55,178.16,-1252.71,-75.26,Near Expiry,bull,1,,,2019-04-04,,,18.1,,,,,,,,11700.0,11950.0,66.58,23.6
S1 Bull Call Spread,2019-04-03,2019-04-04,,,,25,-1078.4,175.76,-1254.16,-116.3,Near Expiry,bull,1,,,2019-04-04,,,18.8,,,,,,,,11650.0,11900.0,43.14,0.0
S1 Bull Call Spread,2019-04-04,2019-04-08,,,,25,-314.55,185.64,-500.19,-22.64,Signal Exit,bull,4,,,2019-04-11,,,18.6,,,,,,,,11600.0,11850.0,88.35,75.77
S1 Bull Call Spread,2019-05-24,2019-05-28,,,,25,452.05,184.89,267.17,13.27,Near Expiry,bull,4,,,2019-05-30,,,16.5,,,,,,,,11850.0,12100.0,80.53,98.61
S1 Bull Call Spread,2019-05-28,2019-05-29,,,,25,-823.9,176.7,-1000.59,-90.66,Near Expiry,bull,1,,,2019-05-30,,,15.9,,,,,,,,11950.0,12150.0,44.14,11.19
S1 Bull Call Spread,2019-05-29,2019-05-30,,,,25,1217.72,181.12,1036.6,87.86,Near Expiry,bull,1,,,2019-05-30,,,16.4,,,,,,,,11850.0,12100.0,47.19,95.9
S1 Bull Call Spread,2019-05-30,2019-06-04,,,,25,278.12,184.86,93.26,4.49,Near Expiry,bull,5,,,2019-06-06,,,15.6,,,,,,,,11950.0,12200.0,83.02,94.15
S1 Bull Call Spread,2019-06-04,2019-06-06,,,,25,-1651.38,176.69,-1828.07,-110.7,Near Expiry,bull,2,,,2019-06-06,,,15.6,,,,,,,,12000.0,12250.0,66.06,0.0
S1 Bull Call Spread,2019-06-06,2019-06-10,,,,25,432.33,185.43,246.9,12.08,Signal Exit,bull,4,,,2019-06-13,,,15.5,,,,,,,,11850.0,12100.0,81.77,99.07
S1 Bull Call Spread,2019-06-11,2019-06-12,,,,25,-1038.88,177.38,-1216.26,-81.45,Near Expiry,bull,1,,,2019-06-13,,,14.5,,,,,,,,11950.0,12200.0,59.73,18.18
S1 Bull Call Spread,2019-06-12,2019-06-13,,,,25,-631.77,176.37,-808.14,-82.21,Near Expiry,bull,1,,,2019-06-13,,,14.1,,,,,,,,11900.0,12150.0,39.32,14.05
S1 Bull Call Spread,2019-07-04,2019-07-05,,,,25,-1220.83,180.04,-1400.87,-71.67,Stop Loss 50%,bull,1,,,2019-07-11,,,13.5,,,,,,,,11950.0,12200.0,78.19,29.35
S1 Bull Call Spread,2019-07-05,2019-07-08,,,,25,-1876.88,178.07,-2054.95,-104.8,Stop Loss 50%,bull,3,,,2019-07-11,,,13.1,,,,,,,,11800.0,12050.0,78.43,3.36
S1 Bull Call Spread,2019-08-27,2019-08-28,,,,25,-927.03,177.25,-1104.28,-79.72,Near Expiry,sideways,1,,,2019-08-29,,,16.0,,,,,,,,11100.0,11350.0,55.41,18.33
S1 Bull Call Spread,2019-11-11,2019-11-13,,,,25,-1347.64,178.3,-1525.94,-84.52,Near Expiry,bull,2,,,2019-11-14,,,16.2,,,,,,,,11900.0,12150.0,72.21,18.31
S1 Bull Call Spread,2019-11-28,2019-11-29,,,,25,-908.54,181.64,-1090.18,-53.35,Signal Exit,bull,1,,,2019-12-05,,,14.0,,,,,,,,12150.0,12400.0,81.73,45.39
S1 Bull Call Spread,2019-12-19,2019-12-24,,,,25,-1304.83,179.66,-1484.49,-73.92,Near Expiry,bull,5,,,2019-12-26,,,12.1,,,,,,,,12250.0,12500.0,80.33,28.14
S1 Bull Call Spread,2019-12-24,2019-12-26,,,,25,-1287.16,176.02,-1463.17,-113.67,Near Expiry,bull,2,,,2019-12-26,,,11.6,,,,,,,,12200.0,12450.0,51.49,0.0
S1 Bull Call Spread,2019-12-26,2019-12-30,,,,25,1231.99,184.56,1047.43,72.69,Target 80%,bull,4,,,2020-01-02,,,11.1,,,,,,,,12150.0,12350.0,57.64,106.92
S1 Bull Call Spread,2019-12-30,2019-12-31,,,,25,-992.57,176.94,-1169.5,-86.73,Near Expiry,bull,1,,,2020-01-02,,,11.0,,,,,,,,12250.0,12500.0,53.94,14.24
S1 Bull Call Spread,2020-01-14,2020-01-15,,,,25,-591.31,178.18,-769.49,-53.28,Near Expiry,bull,1,,,2020-01-16,,,13.9,,,,,,,,12350.0,12600.0,57.77,34.11
S1 Bull Call Spread,2020-01-15,2020-01-16,,,,25,-715.36,175.75,-891.11,-104.48,Near Expiry,bull,1,,,2020-01-16,,,14.1,,,,,,,,12350.0,12600.0,34.11,5.5
S1 Bull Call Spread,2020-01-16,2020-01-20,,,,25,-1516.09,180.33,-1696.42,-80.37,Stop Loss 50%,bull,4,,,2020-01-23,,,14.2,,,,,,,,12350.0,12600.0,84.43,23.79
S1 Bull Call Spread,2020-08-26,2020-08-27,,,,25,-934.37,176.39,-1110.76,-95.29,Near Expiry,bull,1,,,2020-08-27,,,19.3,,,,,,,,11550.0,11800.0,46.62,9.25
S1 Bull Call Spread,2020-08-27,2020-08-31,,,,25,-1502.22,182.8,-1685.03,-73.27,Stop Loss 50%,bull,4,,,2020-09-03,,,18.9,,,,,,,,11550.0,11800.0,91.99,31.9
S1 Bull Call Spread,2020-10-08,2020-10-13,,,,25,478.13,189.4,288.74,15.27,Near Expiry,bull,5,,,2020-10-15,,,20.4,,,,,,,,11850.0,12050.0,75.65,94.78
S1 Bull Call Spread,2020-10-13,2020-10-14,,,,25,53.04,180.68,-127.64,-9.12,Near Expiry,bull,1,,,2020-10-15,,,20.7,,,,,,,,11950.0,12150.0,55.96,58.08
S1 Bull Call Spread,2020-10-14,2020-10-15,,,,25,-1523.92,176.42,-1700.34,-111.58,Near Expiry,bull,1,,,2020-10-15,,,20.2,,,,,,,,11950.0,12200.0,60.96,0.0
S1 Bull Call Spread,2020-10-15,2020-10-20,,,,25,1519.04,196.48,1322.56,69.58,Near Expiry,bull,5,,,2020-10-22,,,22.1,,,,,,,,11700.0,11900.0,76.03,136.8
S1 Bull Call Spread,2020-10-20,2020-10-21,,,,25,119.61,181.9,-62.29,-3.58,Near Expiry,bull,1,,,2020-10-22,,,22.7,,,,,,,,11900.0,12150.0,69.64,74.43
S1 Bull Call Spread,2020-10-21,2020-10-22,,,,25,-1252.79,176.1,-1428.9,-114.06,Near Expiry,bull,1,,,2020-10-22,,,22.9,,,,,,,,11950.0,12200.0,50.11,0.0
S1 Bull Call Spread,2020-10-22,2020-10-26,,,,25,-1344.97,185.21,-1530.18,-64.96,Stop Loss 50%,bull,4,,,2020-10-29,,,22.6,,,,,,,,11900.0,12150.0,94.22,40.42
S1 Bull Call Spread,2020-11-05,2020-11-09,,,,25,2804.69,207.77,2596.92,104.86,Target 80%,bull,4,,,2020-11-12,,,21.0,,,,,,,,12100.0,12350.0,99.06,211.25
S1 Bull Call Spread,2020-11-09,2020-11-10,,,,25,1777.26,191.26,1585.99,78.28,Near Expiry,bull,1,,,2020-11-12,,,20.1,,,,,,,,12450.0,12700.0,81.04,152.13
S1 Bull Call Spread,2020-11-10,2020-11-11,,,,25,1154.62,184.23,970.39,60.47,Near Expiry,bull,1,,,2020-11-12,,,21.6,,,,,,,,12650.0,12900.0,64.19,110.38
S1 Bull Call Spread,2020-11-11,2020-11-12,,,,25,-1411.73,176.37,-1588.1,-112.49,Near Expiry,bull,1,,,2020-11-12,,,22.0,,,,,,,,12750.0,13000.0,56.47,0.0
S1 Bull Call Spread,2020-11-12,2020-11-17,,,,25,1455.35,194.03,1261.32,54.62,Near Expiry,bull,5,,,2020-11-19,,,20.6,,,,,,,,12700.0,12950.0,92.37,150.59
S1 Bull Call Spread,2020-11-17,2020-11-18,,,,25,553.1,183.57,369.53,17.64,Near Expiry,bull,1,,,2020-11-19,,,19.8,,,,,,,,12850.0,13150.0,83.79,105.92
S1 Bull Call Spread,2020-11-18,2020-11-19,,,,25,-1148.26,175.9,-1324.16,-115.32,Near Expiry,bull,1,,,2020-11-19,,,19.1,,,,,,,,12950.0,13200.0,45.93,0.0
S1 Bull Call Spread,2020-11-19,2020-11-24,,,,25,2933.41,201.58,2731.83,97.94,Near Expiry,bull,5,,,2020-11-26,,,19.6,,,,,,,,12750.0,13050.0,111.58,228.91
S1 Bull Call Spread,2020-11-24,2020-11-25,,,,25,-1633.53,178.18,-1811.71,-98.09,Near Expiry,bull,1,,,2020-11-26,,,21.1,,,,,,,,13050.0,13300.0,73.88,8.54
S1 Bull Call Spread,2020-11-25,2020-11-26,,,,25,1845.01,184.2,1660.82,105.12,Near Expiry,bull,1,,,2020-11-26,,,23.1,,,,,,,,12850.0,13100.0,63.2,137.0
S1 Bull Call Spread,2020-11-26,2020-12-01,,,,25,690.74,190.71,500.02,21.89,Near Expiry,bull,5,,,2020-12-03,,,20.0,,,,,,,,13000.0,13250.0,91.35,118.98
S1 Bull Call Spread,2020-12-01,2020-12-02,,,,25,-339.49,181.13,-520.62,-28.16,Near Expiry,bull,1,,,2020-12-03,,,20.2,,,,,,,,13100.0,13350.0,73.94,60.36
S1 Bull Call Spread,2020-12-02,2020-12-03,,,,25,-699.86,178.23,-878.09,-56.75,Near Expiry,bull,1,,,2020-12-03,,,19.9,,,,,,,,13100.0,13400.0,61.89,33.9
S1 Bull Call Spread,2020-12-03,2020-12-07,,,,25,1802.86,196.06,1606.8,71.88,Target 80%,bull,4,,,2020-12-10,,,19.0,,,,,,,,13150.0,13400.0,89.41,161.52
S1 Bull Call Spread,2020-12-07,2020-12-08,,,,25,223.66,183.98,39.68,2.04,Near Expiry,bull,1,,,2020-12-10,,,18.0,,,,,,,,13350.0,13600.0,77.78,86.73
S1 Bull Call Spread,2020-12-08,2020-12-09,,,,25,1598.24,185.27,1412.97,87.02,Near Expiry,bull,1,,,2020-12-10,,,18.6,,,,,,,,13400.0,13650.0,64.95,128.88
S1 Bull Call Spread,2020-12-09,2020-12-10,,,,25,-1088.8,175.83,-1264.63,-116.15,Near Expiry,bull,1,,,2020-12-10,,,18.9,,,,,,,,13550.0,13800.0,43.55,0.0
S1 Bull Call Spread,2020-12-10,2020-12-15,,,,25,279.57,188.33,91.24,4.13,Near Expiry,bull,5,,,2020-12-17,,,18.7,,,,,,,,13500.0,13750.0,88.41,99.6
S1 Bull Call Spread,2020-12-15,2020-12-16,,,,25,1414.26,185.78,1228.48,59.69,Near Expiry,bull,1,,,2020-12-17,,,19.4,,,,,,,,13550.0,13850.0,82.32,138.89
S1 Bull Call Spread,2020-12-16,2020-12-17,,,,25,-139.28,178.17,-317.45,-27.44,Near Expiry,bull,1,,,2020-12-17,,,19.2,,,,,,,,13700.0,13950.0,46.27,40.7
S1 Bull Call Spread,2020-12-17,2020-12-21,,,,25,-2118.18,182.57,-2300.76,-99.03,Stop Loss 50%,bull,4,,,2020-12-24,,,19.2,,,,,,,,13750.0,14000.0,92.93,8.2
S1 Bull Call Spread,2020-12-31,2021-01-05,,,,25,1617.5,197.34,1420.16,60.48,Near Expiry,bull,5,,,2021-01-07,,,21.1,,,,,,,,14000.0,14250.0,93.93,158.63
S1 Bull Call Spread,2021-01-05,2021-01-06,,,,25,-1005.18,179.76,-1184.95,-59.72,Near Expiry,bull,1,,,2021-01-07,,,20.5,,,,,,,,14200.0,14500.0,79.37,39.16
S1 Bull Call Spread,2021-01-06,2021-01-07,,,,25,-1493.97,176.36,-1670.33,-111.81,Near Expiry,bull,1,,,2021-01-07,,,21.0,,,,,,,,14150.0,14450.0,59.76,0.0
S1 Bull Call Spread,2021-01-07,2021-01-11,,,,25,2387.72,207.95,2179.77,91.82,Target 80%,bull,4,,,2021-01-14,,,20.6,,,,,,,,14150.0,14400.0,94.95,190.46
S1 Bull Call Spread,2021-01-11,2021-01-12,,,,25,514.45,188.06,326.39,15.92,Near Expiry,bull,1,,,2021-01-14,,,22.4,,,,,,,,14500.0,14750.0,82.0,102.58
S1 Bull Call Spread,2021-01-12,2021-01-13,,,,25,-407.85,183.07,-590.91,-25.76,Near Expiry,bull,1,,,2021-01-14,,,22.9,,,,,,,,14550.0,14850.0,91.76,75.44
S1 Bull Call Spread,2021-01-13,2021-01-14,,,,25,-746.09,179.57,-925.66,-49.08,Near Expiry,bull,1,,,2021-01-14,,,23.3,,,,,,,,14550.0,14850.0,75.44,45.6
S1 Bull Call Spread,2021-01-14,2021-01-18,,,,25,-2250.28,186.19,-2436.47,-85.23,Stop Loss 50%,bull,4,,,2021-01-21,,,23.0,,,,,,,,14600.0,14900.0,114.35,24.34
S1 Bull Call Spread,2021-02-04,2021-02-09,,,,25,1519.56,200.61,1318.94,45.8,Near Expiry,bull,5,,,2021-02-11,,,23.1,,,,,,,,14900.0,15200.0,115.19,175.98
S1 Bull Call Spread,2021-02-09,2021-02-10,,,,25,-494.11,183.63,-677.75,-28.65,Near Expiry,bull,1,,,2021-02-11,,,24.3,,,,,,,,15100.0,15400.0,94.63,74.87
S1 Bull Call Spread,2021-02-10,2021-02-11,,,,25,-39.17,181.15,-220.32,-11.77,Near Expiry,bull,1,,,2021-02-11,,,24.0,,,,,,,,15100.0,15400.0,74.87,73.3
S1 Bull Call Spread,2021-02-11,2021-02-16,,,,25,872.46,197.49,674.97,19.85,Near Expiry,bull,5,,,2021-02-18,,,23.0,,,,,,,,15150.0,15500.0,135.99,170.89
S1 Bull Call Spread,2021-02-16,2021-02-17,,,,25,-1354.54,180.78,-1535.31,-66.76,Near Expiry,bull,1,,,2021-02-18,,,21.8,,,,,,,,15300.0,15600.0,91.99,37.81
S1 Bull Call Spread,2021-02-17,2021-02-18,,,,25,-1892.58,177.16,-2069.75,-109.36,Near Expiry,bull,1,,,2021-02-18,,,23.7,,,,,,,,15200.0,15500.0,75.7,0.0
S1 Bull Call Spread,2021-02-18,2021-02-19,,,,25,-896.97,192.93,-1089.9,-36.51,Signal Exit,bull,1,,,2021-02-25,,,21.5,,,,,,,,15100.0,15400.0,119.4,83.52
S1 Bull Call Spread,2021-04-09,2021-04-12,,,,25,-2477.14,181.83,-2658.97,-102.56,Stop Loss 50%,bull,3,,,2021-04-15,,,19.8,,,,,,,,14850.0,15150.0,103.71,4.62
S1 Bull Call Spread,2021-05-04,2021-05-05,,,,25,1111.81,186.06,925.75,43.46,Near Expiry,bull,1,,,2021-05-06,,,23.0,,,,,,,,14500.0,14800.0,85.21,129.68
S1 Bull Call Spread,2021-05-07,2021-05-11,,,,25,-320.99,190.17,-511.16,-17.6,Near Expiry,bull,4,,,2021-05-13,,,20.8,,,,,,,,14800.0,15100.0,116.2,103.36
S1 Bull Call Spread,2021-05-11,2021-05-12,,,,25,-1695.38,178.46,-1873.84,-92.11,Near Expiry,bull,1,,,2021-05-13,,,20.1,,,,,,,,14850.0,15150.0,81.37,13.56
S1 Bull Call Spread,2021-05-12,2021-05-14,,,,25,-1489.51,176.35,-1665.86,-111.84,Near Expiry,bull,2,,,2021-05-13,,,20.1,,,,,,,,14700.0,15000.0,59.58,0.0
S1 Bull Call Spread,2021-05-14,2021-05-18,,,,25,3345.07,210.68,3134.39,138.13,Near Expiry,bull,4,,,2021-05-20,,,20.3,,,,,,,,14700.0,14950.0,90.76,224.57
S1 Bull Call Spread,2021-05-18,2021-05-19,,,,25,-1265.95,179.57,-1445.52,-69.49,Near Expiry,bull,1,,,2021-05-20,,,19.2,,,,,,,,15100.0,15400.0,83.21,32.57
S1 Bull Call Spread,2021-05-19,2021-05-20,,,,25,-1284.44,176.06,-1460.5,-113.71,Near Expiry,bull,1,,,2021-05-20,,,19.3,,,,,,,,15050.0,15350.0,51.38,0.0
S1 Bull Call Spread,2021-05-21,2021-05-25,,,,25,-676.87,185.53,-862.4,-34.3,Near Expiry,bull,4,,,2021-05-27,,,19.1,,,,,,,,15200.0,15500.0,100.57,73.5
S1 Bull Call Spread,2021-05-25,2021-05-26,,,,25,1186.59,184.48,1002.12,54.54,Near Expiry,bull,1,,,2021-05-27,,,15.7,,,,,,,,15200.0,15500.0,73.5,120.96
S1 Bull Call Spread,2021-05-26,2021-05-27,,,,25,-705.52,178.72,-884.23,-53.53,Near Expiry,bull,1,,,2021-05-27,,,20.9,,,,,,,,15300.0,15600.0,66.07,37.85
S1 Bull Call Spread,2021-05-27,2021-05-31,,,,25,2282.59,198.17,2084.42,76.02,Target 80%,bull,4,,,2021-06-03,,,19.9,,,,,,,,15350.0,15650.0,109.67,200.98
S1 Bull Call Spread,2021-05-31,2021-06-01,,,,25,2.51,180.74,-178.23,-10.88,Near Expiry,bull,1,,,2021-06-03,,,13.1,,,,,,,,15600.0,15900.0,65.55,65.65
S1 Bull Call Spread,2021-06-01,2021-06-02,,,,25,-500.75,181.53,-682.28,-29.97,Near Expiry,bull,1,,,2021-06-03,,,17.4,,,,,,,,15550.0,15900.0,91.05,71.02
S1 Bull Call Spread,2021-06-02,2021-06-03,,,,25,1119.89,180.78,939.11,82.46,Near Expiry,bull,1,,,2021-06-03,,,17.2,,,,,,,,15600.0,15900.0,45.55,90.35
S1 Bull Call Spread,2021-06-03,2021-06-08,,,,25,-328.4,186.27,-514.68,-20.04,Near Expiry,bull,5,,,2021-06-10,,,15.8,,,,,,,,15700.0,16000.0,102.75,89.61
S1 Bull Call Spread,2021-06-08,2021-06-09,,,,25,-1343.45,177.31,-1520.76,-93.04,Near Expiry,bull,1,,,2021-06-10,,,15.2,,,,,,,,15750.0,16050.0,65.38,11.64
S1 Bull Call Spread,2021-06-09,2021-06-10,,,,25,1136.95,180.51,956.44,90.5,Near Expiry,bull,1,,,2021-06-10,,,14.8,,,,,,,,15650.0,15950.0,42.27,87.75
S1 Bull Call Spread,2021-06-10,2021-06-15,,,,25,849.03,188.88,660.15,26.38,Near Expiry,bull,5,,,2021-06-17,,,15.0,,,,,,,,15750.0,16050.0,100.1,134.06
S1 Bull Call Spread,2021-06-15,2021-06-16,,,,25,-1508.42,178.05,-1686.47,-84.82,Near Expiry,bull,1,,,2021-06-17,,,14.6,,,,,,,,15850.0,16200.0,79.53,19.2
S1 Bull Call Spread,2021-06-16,2021-06-17,,,,25,-1490.67,176.23,-1666.9,-111.82,Near Expiry,bull,1,,,2021-06-17,,,14.9,,,,,,,,15750.0,16100.0,59.63,0.0
S1 Bull Call Spread,2021-08-03,2021-08-04,,,,25,1542.41,183.0,1359.42,95.2,Near Expiry,bull,1,,,2021-08-05,,,13.8,,,,,,,,16150.0,16450.0,57.12,118.82
S1 Bull Call Spread,2021-08-04,2021-08-05,,,,25,-156.89,178.4,-335.29,-26.36,Near Expiry,bull,1,,,2021-08-05,,,13.2,,,,,,,,16250.0,16600.0,50.88,44.6
S1 Bull Call Spread,2021-08-05,2021-08-10,,,,25,-1113.47,182.58,-1296.05,-53.08,Near Expiry,bull,5,,,2021-08-12,,,12.9,,,,,,,,16300.0,16600.0,97.67,53.13
S1 Bull Call Spread,2021-08-10,2021-08-11,,,,25,-424.54,178.11,-602.64,-45.37,Near Expiry,bull,1,,,2021-08-12,,,12.7,,,,,,,,16300.0,16600.0,53.13,36.15
S1 Bull Call Spread,2021-08-11,2021-08-12,,,,25,706.23,179.03,527.2,58.33,Near Expiry,bull,1,,,2021-08-12,,,12.7,,,,,,,,16300.0,16600.0,36.15,64.4
S1 Bull Call Spread,2021-08-12,2021-08-16,,,,25,2297.36,193.27,2104.09,75.82,Target 80%,bull,4,,,2021-08-19,,,12.4,,,,,,,,16350.0,16700.0,111.01,202.9
S1 Bull Call Spread,2021-08-16,2021-08-17,,,,25,407.88,183.4,224.48,10.28,Near Expiry,bull,1,,,2021-08-19,,,13.5,,,,,,,,16550.0,16900.0,87.33,103.64
S1 Bull Call Spread,2021-08-17,2021-08-18,,,,25,-1075.37,178.57,-1253.93,-66.86,Near Expiry,bull,1,,,2021-08-19,,,13.4,,,,,,,,16600.0,16950.0,75.02,32.0
S1 Bull Call Spread,2021-08-18,2021-08-20,,,,25,-1407.97,176.12,-1584.09,-112.51,Near Expiry,bull,2,,,2021-08-19,,,12.9,,,,,,,,16550.0,16900.0,56.32,0.0
S1 Bull Call Spread,2021-08-20,2021-08-24,,,,25,1786.4,190.22,1596.18,59.63,Near Expiry,bull,4,,,2021-08-26,,,14.0,,,,,,,,16450.0,16800.0,107.07,178.52
S1 Bull Call Spread,2021-08-24,2021-08-25,,,,25,-290.74,180.69,-471.43,-23.72,Near Expiry,bull,1,,,2021-08-26,,,13.2,,,,,,,,16600.0,16950.0,79.5,67.87
S1 Bull Call Spread,2021-08-25,2021-08-26,,,,25,-1020.54,175.66,-1196.2,-117.21,Near Expiry,bull,1,,,2021-08-26,,,13.5,,,,,,,,16650.0,16950.0,40.82,0.0
S1 Bull Call Spread,2021-08-26,2021-08-30,,,,25,3047.4,198.54,2848.86,115.97,Target 80%,bull,4,,,2021-09-02,,,13.5,,,,,,,,16650.0,16950.0,98.26,220.15
S1 Bull Call Spread,2021-08-30,2021-08-31,,,,25,2526.34,189.1,2337.23,132.22,Near Expiry,bull,1,,,2021-09-02,,,13.3,,,,,,,,16950.0,17250.0,70.71,171.76
S1 Bull Call Spread,2021-08-31,2021-09-01,,,,25,-1031.55,177.92,-1209.47,-75.36,Near Expiry,bull,1,,,2021-09-02,,,14.5,,,,,,,,17150.0,17450.0,64.19,22.93
S1 Bull Call Spread,2021-09-01,2021-09-02,,,,25,2336.36,183.0,2153.35,211.65,Near Expiry,bull,1,,,2021-09-02,,,14.2,,,,,,,,17100.0,17400.0,40.7,134.15
S1 Bull Call Spread,2021-09-02,2021-09-07,,,,25,718.21,188.68,529.52,19.27,Near Expiry,bull,5,,,2021-09-09,,,14.2,,,,,,,,17250.0,17600.0,109.91,138.64
S1 Bull Call Spread,2021-09-07,2021-09-08,,,,25,-676.57,180.25,-856.82,-41.58,Near Expiry,bull,1,,,2021-09-09,,,14.9,,,,,,,,17350.0,17700.0,82.44,55.37
S1 Bull Call Spread,2021-09-08,2021-09-09,,,,25,-903.08,177.16,-1080.24,-78.03,Near Expiry,bull,1,,,2021-09-09,,,14.4,,,,,,,,17350.0,17700.0,55.37,19.25
S1 Bull Call Spread,2021-09-09,2021-09-14,,,,25,-882.01,185.9,-1067.92,-35.06,Near Expiry,bull,5,,,2021-09-16,,,13.9,,,,,,,,17350.0,17700.0,121.84,86.56
S1 Bull Call Spread,2021-09-14,2021-09-15,,,,25,1746.72,183.75,1562.97,101.22,Near Expiry,bull,1,,,2021-09-16,,,13.6,,,,,,,,17400.0,17750.0,61.77,131.64
S1 Bull Call Spread,2021-09-15,2021-09-16,,,,25,1685.41,183.4,1502.01,96.77,Near Expiry,bull,1,,,2021-09-16,,,13.7,,,,,,,,17500.0,17850.0,62.08,129.5
S1 Bull Call Spread,2021-09-16,2021-09-20,,,,25,-2074.7,182.03,-2256.73,-81.82,Stop Loss 50%,bull,4,,,2021-09-23,,,14.4,,,,,,,,17650.0,18000.0,110.33,27.34
S1 Bull Call Spread,2021-09-24,2021-09-28,,,,25,-1703.44,185.09,-1888.53,-61.99,Near Expiry,bull,4,,,2021-09-30,,,16.9,,,,,,,,17850.0,18200.0,121.85,53.71
S1 Bull Call Spread,2021-10-13,2021-10-14,,,,25,3013.98,186.86,2827.12,166.32,Near Expiry,bull,1,,,2021-10-14,,,16.1,,,,,,,,18150.0,18500.0,67.99,188.55
S1 Bull Call Spread,2021-10-14,2021-10-19,,,,25,48.39,189.87,-141.48,-4.72,Near Expiry,bull,5,,,2021-10-21,,,15.8,,,,,,,,18350.0,18700.0,119.97,121.91
S1 Bull Call Spread,2021-10-19,2021-10-20,,,,25,-1956.75,179.3,-2136.04,-84.08,Near Expiry,bull,1,,,2021-10-21,,,17.4,,,,,,,,18400.0,18800.0,101.62,23.35
S1 Bull Call Spread,2021-10-20,2021-10-21,,,,25,-1979.43,176.9,-2156.33,-108.94,Near Expiry,bull,1,,,2021-10-21,,,18.3,,,,,,,,18250.0,18650.0,79.18,0.0
S1 Bull Call Spread,2021-10-21,2021-10-22,,,,25,-605.59,191.43,-797.02,-26.02,Signal Exit,bull,1,,,2021-10-28,,,18.0,,,,,,,,18200.0,18550.0,122.53,98.3
S1 Bull Call Spread,2021-12-16,2021-12-17,,,,25,-1884.7,184.68,-2069.38,-68.89,Stop Loss 50%,bull,1,,,2021-12-23,,,15.9,,,,,,,,17250.0,17600.0,120.16,44.77
S1 Bull Call Spread,2022-01-03,2022-01-04,,,,25,1978.33,188.94,1789.4,81.98,Near Expiry,bull,1,,,2022-01-06,,,16.5,,,,,,,,17650.0,18000.0,87.31,166.45
S1 Bull Call Spread,2022-01-04,2022-01-05,,,,25,1399.98,185.74,1214.24,56.88,Near Expiry,bull,1,,,2022-01-06,,,16.1,,,,,,,,17800.0,18150.0,85.39,141.39
S1 Bull Call Spread,2022-01-05,2022-01-06,,,,25,-1342.07,176.09,-1518.16,-113.12,Near Expiry,bull,1,,,2022-01-06,,,17.2,,,,,,,,17950.0,18300.0,53.68,0.0
S1 Bull Call Spread,2022-01-06,2022-01-11,,,,25,2973.37,203.27,2770.1,87.82,Near Expiry,bull,5,,,2022-01-13,,,18.0,,,,,,,,17750.0,18100.0,126.18,245.11
S1 Bull Call Spread,2022-01-11,2022-01-12,,,,25,1890.51,188.06,1702.45,73.8,Near Expiry,bull,1,,,2022-01-13,,,17.8,,,,,,,,18050.0,18400.0,92.28,167.9
S1 Bull Call Spread,2022-01-12,2022-01-13,,,,25,-375.77,179.83,-555.6,-30.51,Near Expiry,bull,1,,,2022-01-13,,,17.2,,,,,,,,18200.0,18600.0,72.83,57.8
S1 Bull Call Spread,2022-01-13,2022-01-18,,,,25,-2152.61,185.55,-2338.15,-73.03,Near Expiry,bull,5,,,2022-01-20,,,16.7,,,,,,,,18250.0,18600.0,128.06,41.95
S1 Bull Call Spread,2022-01-18,2022-01-19,,,,25,-2091.35,178.78,-2270.13,-91.5,Near Expiry,bull,1,,,2022-01-20,,,17.8,,,,,,,,18100.0,18500.0,99.24,15.58
S1 Bull Call Spread,2022-01-19,2022-01-20,,,,25,-1540.4,176.37,-1716.76,-111.45,Near Expiry,bull,1,,,2022-01-20,,,17.8,,,,,,,,17950.0,18300.0,61.62,0.0
S1 Bull Call Spread,2022-01-20,2022-01-21,,,,25,-1011.95,190.98,-1202.93,-37.3,Signal Exit,bull,1,,,2022-01-27,,,17.8,,,,,,,,17750.0,18100.0,128.98,88.51
S1 Bull Call Spread,2022-03-17,2022-03-22,,,,25,-519.65,194.02,-713.67,-21.7,Near Expiry,bull,5,,,2022-03-24,,,22.6,,,,,,,,17300.0,17650.0,131.53,110.74
S1 Bull Call Spread,2022-03-22,2022-03-23,,,,25,-1205.46,183.48,-1388.94,-50.17,Near Expiry,bull,1,,,2022-03-24,,,24.1,,,,,,,,17300.0,17650.0,110.74,62.53
S1 Bull Call Spread,2022-03-23,2022-03-24,,,,25,-2067.09,177.42,-2244.5,-108.58,Near Expiry,bull,1,,,2022-03-24,,,24.8,,,,,,,,17250.0,17600.0,82.68,0.0
S1 Bull Call Spread,2022-03-24,2022-03-29,,,,25,293.92,199.2,94.72,2.68,Near Expiry,bull,5,,,2022-03-31,,,23.9,,,,,,,,17200.0,17550.0,141.59,153.34
S1 Bull Call Spread,2022-03-29,2022-03-30,,,,25,1680.16,188.6,1491.56,71.81,Near Expiry,bull,1,,,2022-03-31,,,21.3,,,,,,,,17350.0,17650.0,83.08,150.29
S1 Bull Call Spread,2022-03-30,2022-03-31,,,,25,-1836.4,176.85,-2013.26,-109.63,Near Expiry,bull,1,,,2022-03-31,,,20.6,,,,,,,,17500.0,17850.0,73.46,0.0
S1 Bull Call Spread,2022-03-31,2022-04-04,,,,25,4673.08,227.99,4445.09,131.14,Target 80%,bull,4,,,2022-04-07,,,20.6,,,,,,,,17450.0,17800.0,135.58,322.51
S1 Bull Call Spread,2022-04-04,2022-04-05,,,,25,-1189.18,182.66,-1371.84,-52.4,Near Expiry,bull,1,,,2022-04-07,,,17.9,,,,,,,,18050.0,18400.0,104.73,57.16
S1 Bull Call Spread,2022-04-05,2022-04-06,,,,25,-1827.88,179.37,-2007.24,-84.49,Near Expiry,bull,1,,,2022-04-07,,,18.5,,,,,,,,17950.0,18300.0,95.02,21.91
S1 Bull Call Spread,2022-04-06,2022-04-07,,,,25,-1856.03,176.83,-2032.87,-109.53,Near Expiry,bull,1,,,2022-04-07,,,19.0,,,,,,,,17800.0,18150.0,74.24,0.0
S1 Bull Call Spread,2022-04-07,2022-04-11,,,,25,-525.08,189.11,-714.19,-23.37,Near Expiry,bull,4,,,2022-04-13,,,19.0,,,,,,,,17650.0,18000.0,122.22,101.21
S1 Bull Call Spread,2022-04-11,2022-04-12,,,,25,-2027.35,179.48,-2206.84,-84.04,Near Expiry,bull,1,,,2022-04-13,,,18.3,,,,,,,,17650.0,18050.0,105.04,23.95
S1 Bull Call Spread,2022-04-12,2022-04-13,,,,25,-1441.76,176.23,-1617.99,-112.22,Near Expiry,bull,1,,,2022-04-13,,,18.2,,,,,,,,17550.0,17900.0,57.67,0.0
S1 Bull Call Spread,2022-09-13,2022-09-14,,,,25,-1303.83,180.69,-1484.52,-58.64,Near Expiry,bull,1,,,2022-09-15,,,17.5,,,,,,,,18050.0,18450.0,101.26,49.11
S1 Bull Call Spread,2022-09-14,2022-09-15,,,,25,-1766.34,176.69,-1943.03,-110.0,Near Expiry,bull,1,,,2022-09-15,,,18.3,,,,,,,,18000.0,18350.0,70.65,0.0
S1 Bull Call Spread,2022-10-17,2022-10-18,,,,25,1934.35,192.18,1742.17,65.07,Near Expiry,bull,1,,,2022-10-20,,,18.4,,,,,,,,17300.0,17650.0,107.09,184.47
S1 Bull Call Spread,2022-10-18,2022-10-19,,,,25,-255.51,181.33,-436.84,-21.58,Near Expiry,bull,1,,,2022-10-20,,,17.5,,,,,,,,17500.0,17850.0,80.98,70.76
S1 Bull Call Spread,2022-10-19,2022-10-20,,,,25,-170.3,180.15,-350.45,-19.81,Near Expiry,bull,1,,,2022-10-20,,,17.5,,,,,,,,17500.0,17850.0,70.76,63.95
S1 Bull Call Spread,2022-10-20,2022-10-25,,,,25,243.93,192.12,51.81,1.6,Near Expiry,bull,5,,,2022-10-27,,,17.2,,,,,,,,17550.0,17900.0,129.31,139.07
S1 Bull Call Spread,2022-10-25,2022-10-27,,,,25,-29.4,182.38,-211.78,-9.61,Near Expiry,bull,2,,,2022-10-27,,,16.9,,,,,,,,17650.0,18000.0,88.13,86.95
S1 Bull Call Spread,2022-10-27,2022-10-31,,,,25,2546.21,200.08,2346.13,78.18,Target 80%,bull,4,,,2022-11-03,,,16.6,,,,,,,,17750.0,18100.0,120.04,221.89
S1 Bull Call Spread,2022-10-31,2022-11-01,,,,25,1492.4,189.23,1303.18,51.49,Near Expiry,bull,1,,,2022-11-03,,,15.8,,,,,,,,18000.0,18350.0,101.24,160.94
S1 Bull Call Spread,2022-11-01,2022-11-02,,,,25,-1156.49,179.33,-1335.82,-65.03,Near Expiry,bull,1,,,2022-11-03,,,16.1,,,,,,,,18150.0,18500.0,82.17,35.91
S1 Bull Call Spread,2022-11-02,2022-11-03,,,,25,-1390.09,176.15,-1566.23,-112.67,Near Expiry,bull,1,,,2022-11-03,,,16.7,,,,,,,,18100.0,18450.0,55.6,0.0
S1 Bull Call Spread,2022-11-03,2022-11-09,,,,25,72.17,189.51,-117.35,-3.78,Near Expiry,bull,6,,,2022-11-10,,,15.9,,,,,,,,18050.0,18400.0,124.02,126.91
S1 Bull Call Spread,2022-11-09,2022-11-10,,,,25,-1622.53,176.44,-1798.97,-110.87,Near Expiry,bull,1,,,2022-11-10,,,15.9,,,,,,,,18150.0,18500.0,64.9,0.0
S1 Bull Call Spread,2022-11-10,2022-11-11,,,,25,2850.26,204.16,2646.11,91.88,Target 80%,bull,1,,,2022-11-17,,,15.6,,,,,,,,18050.0,18400.0,115.19,229.21
S1 Bull Call Spread,2022-11-11,2022-11-15,,,,25,-209.22,186.87,-396.09,-13.82,Near Expiry,bull,4,,,2022-11-17,,,14.4,,,,,,,,18350.0,18700.0,114.63,106.27
S1 Bull Call Spread,2022-11-15,2022-11-16,,,,25,-416.53,180.74,-597.28,-29.56,Near Expiry,bull,1,,,2022-11-17,,,14.6,,,,,,,,18400.0,18750.0,80.84,64.17
S1 Bull Call Spread,2022-11-16,2022-11-17,,,,25,-1613.14,176.38,-1789.52,-110.93,Near Expiry,bull,1,,,2022-11-17,,,15.1,,,,,,,,18400.0,18800.0,64.53,0.0
S1 Bull Call Spread,2022-11-17,2022-11-21,,,,25,-2187.6,183.3,-2370.9,-79.7,Stop Loss 50%,bull,4,,,2022-11-24,,,14.9,,,,,,,,18350.0,18700.0,118.99,31.48
S1 Bull Call Spread,2022-11-28,2022-11-29,,,,25,417.78,184.36,233.42,9.54,Near Expiry,bull,1,,,2022-12-01,,,13.6,,,,,,,,18550.0,18950.0,97.89,114.6
S1 Bull Call Spread,2022-11-29,2022-11-30,,,,25,2023.33,186.5,1836.83,85.32,Near Expiry,bull,1,,,2022-12-01,,,13.6,,,,,,,,18600.0,19000.0,86.11,167.05
S1 Bull Call Spread,2022-11-30,2022-12-01,,,,25,61.76,179.66,-117.9,-7.86,Near Expiry,bull,1,,,2022-12-01,,,13.8,,,,,,,,18750.0,19150.0,60.03,62.5
S1 Bull Call Spread,2022-12-01,2022-12-05,,,,25,-1909.01,183.77,-2092.79,-64.38,Stop Loss 50%,bull,4,,,2022-12-08,,,13.4,,,,,,,,18800.0,19200.0,130.02,53.66
S1 Bull Call Spread,2022-12-05,2022-12-06,,,,25,-991.12,180.68,-1171.8,-50.05,Near Expiry,bull,1,,,2022-12-08,,,13.7,,,,,,,,18700.0,19100.0,93.64,54.0
S1 Bull Call Spread,2022-12-06,2022-12-07,,,,25,-1302.64,178.11,-1480.75,-79.88,Near Expiry,bull,1,,,2022-12-08,,,14.0,,,,,,,,18650.0,19000.0,74.15,22.04
S1 Bull Call Spread,2023-02-16,2023-02-20,,,,25,-2165.23,181.0,-2346.23,-86.88,Stop Loss 50%,bull,4,,,2023-02-23,,,12.9,,,,,,,,18050.0,18400.0,108.02,21.42
S1 Bull Call Spread,2023-02-20,2023-02-21,,,,25,-481.08,181.03,-662.11,-31.86,Near Expiry,bull,1,,,2023-02-23,,,13.4,,,,,,,,17850.0,18200.0,83.12,63.88
S1 Bull Call Spread,2023-02-21,2023-02-22,,,,25,-1568.38,176.56,-1744.94,-109.26,Near Expiry,bull,1,,,2023-02-23,,,14.0,,,,,,,,17850.0,18200.0,63.88,1.15
S1 Bull Call Spread,2023-04-03,2023-04-05,,,,25,2063.59,186.18,1877.41,94.66,Near Expiry,sideways,2,,,2023-04-06,,,12.6,,,,,,,,17400.0,17750.0,79.33,161.88
S1 Bull Call Spread,2023-04-05,2023-04-06,,,,25,-38.76,178.64,-217.4,-17.15,Near Expiry,bull,1,,,2023-04-06,,,12.4,,,,,,,,17550.0,17900.0,50.7,49.15
S1 Bull Call Spread,2023-04-06,2023-04-10,,,,25,-385.29,184.64,-569.93,-21.34,Signal Exit,bull,4,,,2023-04-13,,,11.8,,,,,,,,17600.0,17950.0,106.81,91.4
S1 Bull Call Spread,2023-06-01,2023-06-02,,,,25,298.87,187.14,111.73,4.27,Signal Exit,bull,1,,,2023-06-08,,,11.6,,,,,,,,18500.0,18850.0,104.56,116.52
S1 Bull Call Spread,2023-06-07,2023-06-08,,,,25,-883.5,175.48,-1058.98,-119.86,Near Expiry,bull,1,,,2023-06-08,,,11.4,,,,,,,,18750.0,19100.0,35.34,0.0
S1 Bull Call Spread,2023-06-08,2023-06-09,,,,25,-833.14,183.37,-1016.52,-39.79,Signal Exit,bull,1,,,2023-06-15,,,11.3,,,,,,,,18650.0,19000.0,102.18,68.86
S1 Bull Call Spread,2023-06-30,2023-07-04,,,,25,2286.65,190.25,2096.39,85.76,Near Expiry,bull,4,,,2023-07-06,,,10.8,,,,,,,,19200.0,19550.0,97.78,189.25
S1 Bull Call Spread,2023-07-04,2023-07-05,,,,25,-384.94,179.09,-564.04,-34.99,Near Expiry,bull,1,,,2023-07-06,,,11.7,,,,,,,,19400.0,19800.0,64.48,49.09
S1 Bull Call Spread,2023-07-05,2023-07-06,,,,25,1205.37,181.22,1024.15,83.46,Near Expiry,bull,1,,,2023-07-06,,,11.9,,,,,,,,19400.0,19800.0,49.09,97.3
S1 Bull Call Spread,2023-07-06,2023-07-07,,,,25,-1677.77,182.81,-1860.58,-62.37,Stop Loss 50%,bull,1,,,2023-07-13,,,11.8,,,,,,,,19500.0,19900.0,119.33,52.22
S1 Bull Call Spread,2023-07-07,2023-07-11,,,,25,489.01,185.61,303.4,12.23,Near Expiry,bull,4,,,2023-07-13,,,11.5,,,,,,,,19350.0,19700.0,99.19,118.75
S1 Bull Call Spread,2023-07-11,2023-07-12,,,,25,-1027.04,177.38,-1204.43,-78.86,Near Expiry,bull,1,,,2023-07-13,,,11.0,,,,,,,,19450.0,19850.0,61.09,20.01
S1 Bull Call Spread,2023-07-12,2023-07-13,,,,25,-616.87,176.33,-793.19,-82.57,Near Expiry,bull,1,,,2023-07-13,,,10.9,,,,,,,,19400.0,19750.0,38.42,13.75
S1 Bull Call Spread,2023-07-13,2023-07-17,,,,25,3938.39,198.78,3739.61,123.51,Target 80%,bull,4,,,2023-07-20,,,10.9,,,,,,,,19400.0,19800.0,121.11,278.65
S1 Bull Call Spread,2023-07-17,2023-07-18,,,,25,223.33,182.87,40.47,1.81,Near Expiry,bull,1,,,2023-07-20,,,11.3,,,,,,,,19700.0,20100.0,89.55,98.48
S1 Bull Call Spread,2023-07-18,2023-07-19,,,,25,806.09,182.27,623.82,35.25,Near Expiry,bull,1,,,2023-07-20,,,11.7,,,,,,,,19750.0,20150.0,70.79,103.04
S1 Bull Call Spread,2023-07-19,2023-07-20,,,,25,2186.7,182.74,2003.96,192.31,Near Expiry,bull,1,,,2023-07-20,,,11.6,,,,,,,,19850.0,20250.0,41.68,129.15
S1 Bull Call Spread,2023-07-20,2023-07-21,,,,25,-2003.36,181.42,-2184.78,-76.86,Stop Loss 50%,bull,1,,,2023-07-27,,,11.8,,,,,,,,20000.0,20400.0,113.7,33.57
S1 Bull Call Spread,2023-07-21,2023-07-24,,,,25,-1455.44,181.88,-1637.32,-59.0,Stop Loss 50%,bull,3,,,2023-07-27,,,11.5,,,,,,,,19750.0,20150.0,111.01,52.79
S1 Bull Call Spread,2023-07-24,2023-07-25,,,,25,-428.73,182.04,-610.77,-25.22,Near Expiry,bull,1,,,2023-07-27,,,11.6,,,,,,,,19650.0,20050.0,96.88,79.74
S1 Bull Call Spread,2023-09-05,2023-09-06,,,,25,102.3,181.42,-79.12,-4.0,Near Expiry,bull,1,,,2023-09-07,,,10.8,,,,,,,,19550.0,19950.0,79.18,83.27
S1 Bull Call Spread,2023-09-06,2023-09-07,,,,25,1892.09,182.92,1709.17,133.09,Near Expiry,bull,1,,,2023-09-07,,,10.7,,,,,,,,19600.0,20000.0,51.37,127.05
S1 Bull Call Spread,2023-09-07,2023-09-11,,,,25,3048.91,194.99,2853.92,112.9,Target 80%,bull,4,,,2023-09-14,,,10.9,,,,,,,,19750.0,20100.0,101.11,223.07
S1 Bull Call Spread,2023-09-11,2023-09-12,,,,25,-369.13,180.95,-550.08,-26.42,Near Expiry,bull,1,,,2023-09-14,,,11.4,,,,,,,,20000.0,20400.0,83.28,68.51
S1 Bull Call Spread,2023-09-12,2023-09-13,,,,25,650.71,181.73,468.98,27.38,Near Expiry,bull,1,,,2023-09-14,,,11.7,,,,,,,,20000.0,20400.0,68.51,94.54
S1 Bull Call Spread,2023-09-13,2023-09-14,,,,25,-226.92,179.21,-406.12,-26.13,Near Expiry,bull,1,,,2023-09-14,,,11.8,,,,,,,,20050.0,20450.0,62.18,53.1
S1 Bull Call Spread,2023-09-14,2023-09-20,,,,25,-2971.93,179.84,-3151.77,-104.06,Near Expiry,bull,6,,,2023-09-21,,,11.3,,,,,,,,20100.0,20500.0,121.15,2.27
S1 Bull Call Spread,2023-09-20,2023-09-21,,,,25,-1218.76,175.89,-1394.64,-114.43,Near Expiry,bull,1,,,2023-09-21,,,11.1,,,,,,,,19900.0,20300.0,48.75,0.0
S1 Bull Call Spread,2023-09-21,2023-09-22,,,,25,-888.06,183.7,-1071.77,-38.12,Signal Exit,bull,1,,,2023-09-28,,,10.8,,,,,,,,19750.0,20150.0,112.47,76.95
S1 Bull Call Spread,2023-10-17,2023-10-18,,,,25,-1604.64,177.05,-1781.68,-99.17,Near Expiry,bull,1,,,2023-10-19,,,10.7,,,,,,,,19800.0,20200.0,71.86,7.68
S1 Bull Call Spread,2023-11-13,2023-11-15,,,,25,3686.18,189.64,3496.54,177.23,Near Expiry,bull,2,,,2023-11-16,,,11.2,,,,,,,,19450.0,19850.0,78.92,226.36
S1 Bull Call Spread,2023-11-15,2023-11-16,,,,25,729.52,179.07,550.45,61.13,Near Expiry,bull,1,,,2023-11-16,,,11.1,,,,,,,,19700.0,20050.0,36.02,65.2
S1 Bull Call Spread,2023-11-16,2023-11-21,,,,25,-870.99,185.24,-1056.23,-33.35,Near Expiry,bull,5,,,2023-11-23,,,11.6,,,,,,,,19750.0,20150.0,126.67,91.83
S1 Bull Call Spread,2023-11-21,2023-11-22,,,,25,-223.3,179.61,-402.9,-24.4,Near Expiry,bull,1,,,2023-11-23,,,12.2,,,,,,,,19800.0,20200.0,66.06,57.12
S1 Bull Call Spread,2023-11-22,2023-11-23,,,,25,-1378.1,176.25,-1554.35,-108.84,Near Expiry,bull,1,,,2023-11-23,,,11.9,,,,,,,,19800.0,20200.0,57.12,2.0
S1 Bull Call Spread,2023-11-23,2023-11-28,,,,25,171.02,186.79,-15.77,-0.53,Near Expiry,bull,5,,,2023-11-30,,,11.3,,,,,,,,19800.0,20200.0,119.6,126.44
S1 Bull Call Spread,2023-11-28,2023-11-29,,,,25,3270.46,187.87,3082.6,178.37,Near Expiry,bull,1,,,2023-11-30,,,12.2,,,,,,,,19900.0,20300.0,69.13,199.95
S1 Bull Call Spread,2023-11-29,2023-11-30,,,,25,-505.42,177.85,-683.27,-51.21,Near Expiry,bull,1,,,2023-11-30,,,12.7,,,,,,,,20100.0,20500.0,53.37,33.15
S1 Bull Call Spread,2023-11-30,2023-12-04,,,,25,5995.52,215.93,5779.59,191.79,Target 80%,bull,4,,,2023-12-07,,,12.7,,,,,,,,20150.0,20550.0,120.54,360.36
S1 Bull Call Spread,2023-12-04,2023-12-05,,,,25,2095.39,188.31,1907.08,83.96,Near Expiry,bull,1,,,2023-12-07,,,13.0,,,,,,,,20700.0,21100.0,90.85,174.67
S1 Bull Call Spread,2023-12-05,2023-12-06,,,,25,715.23,183.67,531.56,24.54,Near Expiry,bull,1,,,2023-12-07,,,13.5,,,,,,,,20850.0,21250.0,86.63,115.24
S1 Bull Call Spread,2023-12-06,2023-12-07,,,,25,-1393.22,176.11,-1569.34,-112.64,Near Expiry,bull,1,,,2023-12-07,,,13.7,,,,,,,,20950.0,21350.0,55.73,0.0
S1 Bull Call Spread,2023-12-07,2023-12-12,,,,25,-1153.49,185.69,-1339.18,-41.29,Near Expiry,bull,5,,,2023-12-14,,,12.7,,,,,,,,20900.0,21300.0,129.75,83.61
S1 Bull Call Spread,2023-12-12,2023-12-13,,,,25,-365.45,180.9,-546.35,-26.14,Near Expiry,bull,1,,,2023-12-14,,,12.7,,,,,,,,20900.0,21300.0,83.61,68.99
S1 Bull Call Spread,2023-12-13,2023-12-14,,,,25,4733.11,188.46,4544.65,419.1,Near Expiry,bull,1,,,2023-12-14,,,12.1,,,,,,,,20950.0,21350.0,43.37,232.7
S1 Bull Call Spread,2023-12-14,2023-12-15,,,,25,2740.6,200.93,2539.67,83.12,Target 80%,bull,1,,,2023-12-21,,,12.3,,,,,,,,21200.0,21600.0,122.22,231.84
S1 Bull Call Spread,2023-12-15,2023-12-19,,,,25,-1134.55,185.66,-1320.21,-38.64,Near Expiry,bull,4,,,2023-12-21,,,13.1,,,,,,,,21450.0,21900.0,136.68,91.29
S1 Bull Call Spread,2023-12-19,2023-12-20,,,,25,-2230.1,177.47,-2407.57,-105.49,Near Expiry,bull,1,,,2023-12-21,,,13.9,,,,,,,,21450.0,21900.0,91.29,2.09
S1 Bull Call Spread,2023-12-20,2023-12-21,,,,25,990.89,182.17,808.71,49.45,Near Expiry,bull,1,,,2023-12-21,,,14.4,,,,,,,,21150.0,21550.0,65.42,105.05
S1 Bull Call Spread,2023-12-21,2023-12-26,,,,25,1550.1,194.39,1355.71,37.39,Near Expiry,bull,5,,,2023-12-28,,,13.8,,,,,,,,21250.0,21700.0,145.03,207.03
S1 Bull Call Spread,2023-12-26,2023-12-27,,,,25,2945.52,189.8,2755.72,124.98,Near Expiry,bull,1,,,2023-12-28,,,14.7,,,,,,,,21450.0,21850.0,88.2,206.02
S1 Bull Call Spread,2023-12-27,2023-12-28,,,,25,1358.75,183.74,1175.01,63.22,Near Expiry,bull,1,,,2023-12-28,,,15.6,,,,,,,,21650.0,22100.0,74.35,128.7
S1 Bull Call Spread,2023-12-28,2024-01-01,,,,25,-1686.16,186.67,-1872.84,-55.57,Stop Loss 50%,bull,4,,,2024-01-04,,,15.1,,,,,,,,21800.0,22200.0,134.81,67.37
S1 Bull Call Spread,2024-01-01,2024-01-02,,,,25,-782.63,180.68,-963.31,-42.63,Near Expiry,bull,1,,,2024-01-04,,,11.6,,,,,,,,21750.0,22200.0,90.38,59.08
S1 Bull Call Spread,2024-02-16,2024-02-20,,,,25,986.07,193.31,792.76,22.22,Near Expiry,bull,4,,,2024-02-22,,,15.2,,,,,,,,22050.0,22500.0,142.71,182.15
S1 Bull Call Spread,2024-02-20,2024-02-21,,,,25,-1973.5,179.27,-2152.77,-84.0,Near Expiry,bull,1,,,2024-02-22,,,16.1,,,,,,,,22200.0,22650.0,102.51,23.57
S1 Bull Call Spread,2024-02-21,2024-02-22,,,,25,2251.74,185.97,2065.77,106.79,Near Expiry,bull,1,,,2024-02-22,,,15.9,,,,,,,,22050.0,22500.0,77.38,167.45
S1 Bull Call Spread,2024-02-22,2024-02-27,,,,25,-1426.54,189.56,-1616.1,-40.78,Near Expiry,bull,5,,,2024-02-29,,,15.2,,,,,,,,22200.0,22650.0,158.54,101.48
S1 Bull Call Spread,2024-02-27,2024-02-28,,,,25,-2321.4,178.37,-2499.78,-98.54,Near Expiry,bull,1,,,2024-02-29,,,15.7,,,,,,,,22200.0,22650.0,101.48,8.62
S1 Bull Call Spread,2024-03-04,2024-03-05,,,,25,-1066.33,183.29,-1249.63,-42.03,Near Expiry,bull,1,,,2024-03-07,,,14.9,,,,,,,,22400.0,22850.0,118.93,76.28
S1 Bull Call Spread,2024-03-05,2024-03-06,,,,25,1219.33,185.94,1033.39,41.8,Near Expiry,bull,1,,,2024-03-07,,,14.4,,,,,,,,22350.0,22800.0,98.89,147.66
S1 Bull Call Spread,2024-03-06,2024-03-07,,,,25,-952.87,179.3,-1132.17,-55.45,Near Expiry,bull,1,,,2024-03-07,,,14.3,,,,,,,,22450.0,22900.0,81.67,43.55
S1 Bull Call Spread,2024-03-07,2024-03-11,,,,25,-2347.29,184.76,-2532.05,-70.15,Stop Loss 50%,bull,4,,,2024-03-14,,,13.6,,,,,,,,22500.0,22950.0,144.39,50.49
S1 Bull Call Spread,2024-03-11,2024-03-12,,,,25,-466.66,182.95,-649.6,-25.08,Near Expiry,bull,1,,,2024-03-14,,,14.0,,,,,,,,22350.0,22800.0,103.59,84.92
S1 Bull Call Spread,2024-04-04,2024-04-09,,,,25,723.01,190.19,532.82,15.22,Near Expiry,bull,5,,,2024-04-11,,,11.2,,,,,,,,22500.0,22950.0,139.99,168.91
S1 Bull Call Spread,2024-04-09,2024-04-10,,,,25,1182.13,183.51,998.62,52.74,Near Expiry,bull,1,,,2024-04-11,,,11.4,,,,,,,,22650.0,23100.0,75.73,123.02
S1 Bull Call Spread,2024-04-10,2024-04-12,,,,25,-1419.52,176.13,-1595.65,-112.41,Near Expiry,bull,2,,,2024-04-11,,,11.1,,,,,,,,22750.0,23200.0,56.78,0.0
S1 Bull Call Spread,2024-04-12,2024-04-15,,,,25,-2741.33,181.68,-2923.02,-85.33,Stop Loss 50%,bull,3,,,2024-04-18,,,11.5,,,,,,,,22500.0,22950.0,137.02,27.37
S1 Bull Call Spread,2024-04-15,2024-04-16,,,,25,-1733.77,180.73,-1914.5,-67.73,Near Expiry,bull,1,,,2024-04-18,,,12.5,,,,,,,,22250.0,22700.0,113.06,43.71
S1 Bull Call Spread,2024-05-23,2024-05-28,,,,25,-1726.35,197.23,-1923.58,-40.54,Near Expiry,bull,5,,,2024-05-30,,,21.4,,,,,,,,22950.0,23450.0,189.8,120.75
S1 Bull Call Spread,2024-05-28,2024-05-29,,,,25,-2264.73,183.34,-2448.08,-73.59,Near Expiry,bull,1,,,2024-05-30,,,24.2,,,,,,,,22900.0,23350.0,133.07,42.48
S1 Bull Call Spread,2024-05-29,2024-05-30,,,,25,-2773.21,178.47,-2951.68,-106.44,Near Expiry,bull,1,,,2024-05-30,,,24.2,,,,,,,,22700.0,23150.0,110.93,0.0
S1 Bull Call Spread,2024-05-30,2024-06-03,,,,25,5601.84,245.71,5356.13,123.17,Target 80%,bull,4,,,2024-06-06,,,24.2,,,,,,,,22500.0,22950.0,173.95,398.02
S1 Bull Call Spread,2024-06-03,2024-06-04,,,,25,-3909.46,181.99,-4091.45,-104.56,Near Expiry,bull,1,,,2024-06-06,,,20.9,,,,,,,,23250.0,23750.0,156.53,0.15
S1 Bull Call Spread,2024-06-07,2024-06-11,,,,25,-1690.09,188.75,-1878.84,-49.09,Near Expiry,bull,4,,,2024-06-13,,,16.9,,,,,,,,23300.0,23750.0,153.09,85.48
S1 Bull Call Spread,2024-06-11,2024-06-12,,,,25,111.0,184.35,-73.35,-2.66,Near Expiry,bull,1,,,2024-06-13,,,14.8,,,,,,,,23250.0,23750.0,110.22,114.66
S1 Bull Call Spread,2024-06-13,2024-06-18,,,,25,903.59,193.44,710.15,19.1,Near Expiry,bull,5,,,2024-06-20,,,13.5,,,,,,,,23400.0,23850.0,148.69,184.84
S1 Bull Call Spread,2024-06-18,2024-06-19,,,,25,-1092.48,180.41,-1272.9,-52.4,Near Expiry,bull,1,,,2024-06-20,,,13.0,,,,,,,,23550.0,24050.0,97.16,53.46
S1 Bull Call Spread,2024-06-19,2024-06-20,,,,25,-268.6,180.45,-449.04,-23.1,Near Expiry,bull,1,,,2024-06-20,,,13.7,,,,,,,,23500.0,24000.0,77.74,67.0
S1 Bull Call Spread,2024-06-20,2024-06-24,,,,25,-1239.78,189.08,-1428.85,-35.02,Signal Exit,bull,4,,,2024-06-27,,,13.4,,,,,,,,23550.0,24050.0,163.19,113.6
S1 Bull Call Spread,2024-06-25,2024-06-26,,,,25,1827.16,188.45,1638.7,58.22,Near Expiry,bull,1,,,2024-06-27,,,14.3,,,,,,,,23700.0,24200.0,112.58,185.67
S1 Bull Call Spread,2024-06-26,2024-06-27,,,,25,2814.34,187.56,2626.78,128.25,Near Expiry,bull,1,,,2024-06-27,,,14.1,,,,,,,,23850.0,24350.0,81.93,194.5
S1 Bull Call Spread,2024-06-27,2024-07-02,,,,25,-533.62,190.69,-724.31,-18.04,Near Expiry,bull,5,,,2024-07-04,,,14.1,,,,,,,,24050.0,24550.0,160.57,139.23
S1 Bull Call Spread,2024-07-02,2024-07-03,,,,25,2191.7,189.12,2002.58,71.86,Near Expiry,bull,1,,,2024-07-04,,,13.6,,,,,,,,24100.0,24600.0,111.47,199.14
S1 Bull Call Spread,2024-07-03,2024-07-04,,,,25,-1504.85,176.43,-1681.28,-107.87,Near Expiry,bull,1,,,2024-07-04,,,13.2,,,,,,,,24300.0,24750.0,62.34,2.15
S1 Bull Call Spread,2024-07-04,2024-07-09,,,,25,536.36,192.56,343.8,8.74,Near Expiry,bull,5,,,2024-07-11,,,12.9,,,,,,,,24300.0,24800.0,157.36,178.81
S1 Bull Call Spread,2024-07-09,2024-07-10,,,,25,-1668.17,179.19,-1847.36,-77.86,Near Expiry,bull,1,,,2024-07-11,,,14.3,,,,,,,,24450.0,24900.0,94.91,28.18
S1 Bull Call Spread,2024-07-10,2024-07-11,,,,25,-1806.49,177.99,-1984.48,-89.99,Near Expiry,bull,1,,,2024-07-11,,,14.4,,,,,,,,24300.0,24800.0,88.21,15.95
S1 Bull Call Spread,2024-07-11,2024-07-16,,,,25,3201.29,202.71,2998.58,71.17,Near Expiry,bull,5,,,2024-07-18,,,14.0,,,,,,,,24300.0,24800.0,168.54,296.59
S1 Bull Call Spread,2024-07-16,2024-07-18,,,,25,2244.42,189.07,2055.34,74.02,Near Expiry,bull,2,,,2024-07-18,,,14.2,,,,,,,,24600.0,25100.0,111.07,200.85
S1 Bull Call Spread,2024-07-18,2024-07-19,,,,25,-2220.29,188.87,-2409.16,-57.66,Stop Loss 50%,bull,1,,,2024-07-25,,,14.5,,,,,,,,24800.0,25300.0,167.13,78.31
S1 Bull Call Spread,2024-08-26,2024-08-27,,,,25,-415.05,185.44,-600.49,-18.77,Near Expiry,bull,1,,,2024-08-29,,,13.8,,,,,,,,25000.0,25500.0,127.99,111.39
S1 Bull Call Spread,2024-08-27,2024-08-28,,,,25,-177.42,183.81,-361.23,-12.97,Near Expiry,bull,1,,,2024-08-29,,,13.6,,,,,,,,25000.0,25500.0,111.39,104.29
S1 Bull Call Spread,2024-08-28,2024-08-29,,,,25,643.57,182.32,461.25,24.21,Near Expiry,bull,1,,,2024-08-29,,,13.9,,,,,,,,25050.0,25550.0,76.21,101.95
S1 Bull Call Spread,2024-08-29,2024-09-04,,,,25,-1516.44,188.91,-1705.35,-41.3,Near Expiry,bull,6,,,2024-09-05,,,13.8,,,,,,,,25150.0,25650.0,165.16,104.5
S1 Bull Call Spread,2024-09-04,2024-09-05,,,,25,-1924.47,176.77,-2101.24,-109.19,Near Expiry,bull,1,,,2024-09-05,,,14.4,,,,,,,,25200.0,25700.0,76.98,0.0
S1 Bull Call Spread,2024-09-05,2024-09-06,,,,25,-2223.06,188.55,-2411.61,-58.53,Stop Loss 50%,bull,1,,,2024-09-12,,,14.2,,,,,,,,25150.0,25650.0,164.81,75.88
S1 Bull Call Spread,2024-09-16,2024-09-17,,,,25,-36.97,184.14,-221.1,-8.17,Near Expiry,bull,1,,,2024-09-19,,,12.5,,,,,,,,25400.0,25900.0,108.2,106.72
S1 Bull Call Spread,2024-09-17,2024-09-18,,,,25,-1135.68,181.2,-1316.87,-48.93,Near Expiry,bull,1,,,2024-09-19,,,12.6,,,,,,,,25400.0,25950.0,107.66,62.23
S1 Bull Call Spread,2024-09-18,2024-09-19,,,,25,-1159.26,177.17,-1336.43,-85.98,Near Expiry,bull,1,,,2024-09-19,,,13.4,,,,,,,,25400.0,25900.0,62.17,15.8
S1 Bull Call Spread,2024-09-19,2024-09-20,,,,25,3940.81,211.24,3729.57,90.85,Target 80%,bull,1,,,2024-09-26,,,12.5,,,,,,,,25400.0,25900.0,164.21,321.85
S1 Bull Call Spread,2024-09-20,2024-09-24,,,,25,829.68,192.28,637.4,16.96,Near Expiry,bull,4,,,2024-09-26,,,12.8,,,,,,,,25800.0,26300.0,150.3,183.49
S1 Bull Call Spread,2024-09-24,2024-09-25,,,,25,59.51,183.28,-123.77,-4.96,Near Expiry,bull,1,,,2024-09-26,,,13.4,,,,,,,,25950.0,26450.0,99.72,102.1
S1 Bull Call Spread,2024-09-25,2024-09-26,,,,25,3563.38,188.48,3374.91,183.63,Near Expiry,bull,1,,,2024-09-26,,,12.7,,,,,,,,26000.0,26500.0,73.52,216.05
S1 Bull Call Spread,2024-09-26,2024-09-30,,,,25,-3894.61,182.84,-4077.45,-95.32,Stop Loss 50%,bull,4,,,2024-10-03,,,12.0,,,,,,,,26200.0,26750.0,171.11,15.32
S1 Bull Call Spread,2024-09-30,2024-10-01,,,,25,-833.32,183.89,-1017.21,-32.04,Near Expiry,bull,1,,,2024-10-03,,,12.8,,,,,,,,25800.0,26350.0,127.01,93.68
S1 Bull Call Spread,2024-10-01,2024-10-03,,,,25,-2326.34,177.35,-2503.69,-107.62,Near Expiry,bull,2,,,2024-10-03,,,12.0,,,,,,,,25800.0,26300.0,93.05,0.0
S1 Bull Call Spread,2024-12-03,2024-12-04,,,,25,-590.17,182.67,-772.83,-28.49,Near Expiry,bull,1,,,2024-12-05,,,14.4,,,,,,,,24450.0,24950.0,108.5,84.9
S1 Bull Call Spread,2024-12-04,2024-12-05,,,,25,4337.6,191.16,4146.44,195.36,Near Expiry,bull,1,,,2024-12-05,,,14.4,,,,,,,,24450.0,24950.0,84.9,258.4
S1 Bull Call Spread,2024-12-05,2024-12-10,,,,25,-2640.11,187.31,-2827.42,-66.7,Near Expiry,bull,5,,,2024-12-12,,,14.5,,,,,,,,24700.0,25200.0,169.55,63.95
S1 Bull Call Spread,2024-12-10,2024-12-11,,,,25,-335.67,183.04,-518.71,-19.4,Near Expiry,bull,1,,,2024-12-12,,,13.8,,,,,,,,24600.0,25100.0,106.98,93.55
S1 Bull Call Spread,2024-12-11,2024-12-12,,,,25,-1657.74,176.43,-1834.17,-110.64,Near Expiry,bull,1,,,2024-12-12,,,13.3,,,,,,,,24650.0,25150.0,66.31,0.0
S1 Bull Call Spread,2024-12-12,2024-12-17,,,,25,-3165.65,184.01,-3349.66,-84.39,Near Expiry,bull,5,,,2024-12-19,,,13.2,,,,,,,,24550.0,25050.0,158.77,32.14
S1 Bull Call Spread,2024-12-18,2024-12-19,,,,25,-1850.12,176.67,-2026.79,-109.55,Near Expiry,bull,1,,,2024-12-19,,,14.4,,,,,,,,24200.0,24700.0,74.0,0.0
S1 Bull Call Spread,2025-06-26,2025-07-01,,,,75,-4917.19,197.92,-5115.12,-42.92,Near Expiry,bull,5,,,2025-07-03,,,12.6,,,,,,,,25550.0,26050.0,158.91,93.35
S1 Bull Call Spread,2025-07-01,2025-07-02,,,,75,-4737.92,188.3,-4926.23,-70.36,Near Expiry,bull,1,,,2025-07-03,,,12.5,,,,,,,,25550.0,26050.0,93.35,30.18
S1 Bull Call Spread,2025-07-02,2025-07-03,,,,75,-5259.33,180.83,-5440.16,-103.44,Near Expiry,bull,1,,,2025-07-03,,,12.4,,,,,,,,25450.0,25950.0,70.12,0.0
S1 Bull Call Spread,2025-07-03,2025-07-08,,,,75,514.94,226.25,288.68,2.41,Near Expiry,bull,5,,,2025-07-10,,,12.4,,,,,,,,25400.0,25900.0,159.67,166.53
S1 Bull Call Spread,2025-07-08,2025-07-09,,,,75,-3987.54,193.42,-4180.96,-51.86,Near Expiry,bull,1,,,2025-07-10,,,12.2,,,,,,,,25500.0,26050.0,107.49,54.32
S1 Bull Call Spread,2025-08-18,2025-08-19,,,,75,2545.55,208.31,2337.24,31.09,Near Expiry,bull,1,,,2025-08-21,,,12.3,,,,,,,,24900.0,25350.0,100.25,134.19
S1 Bull Call Spread,2025-08-20,2025-08-21,,,,75,-2281.68,185.82,-2467.5,-51.27,Near Expiry,bull,1,,,2025-08-21,,,11.8,,,,,,,,25050.0,25550.0,64.17,33.75
S1 Bull Call Spread,2025-08-21,2025-08-22,,,,75,-5888.35,204.93,-6093.28,-56.64,Stop Loss 50%,bull,1,,,2025-08-28,,,11.4,,,,,,,,25100.0,25600.0,143.44,64.92
S1 Bull Call Spread,2025-08-22,2025-08-26,,,,75,-8507.92,200.18,-8708.1,-76.2,Near Expiry,bull,4,,,2025-08-28,,,11.7,,,,,,,,24850.0,25350.0,152.37,38.93
S1 Bull Call Spread,2025-09-12,2025-09-15,,,,75,-4088.82,204.46,-4293.27,-41.15,Signal Exit,bull,3,,,2025-09-18,,,10.1,,,,,,,,25100.0,25600.0,139.12,84.6
S1 Bull Call Spread,2025-09-16,2025-09-17,,,,75,2353.15,198.89,2154.26,38.14,Near Expiry,bull,1,,,2025-09-18,,,10.3,,,,,,,,25250.0,25750.0,75.3,106.68
S1 Bull Call Spread,2025-09-17,2025-09-18,,,,75,1998.6,190.78,1807.82,51.34,Near Expiry,bull,1,,,2025-09-18,,,10.2,,,,,,,,25350.0,25850.0,46.95,73.6
S1 Bull Call Spread,2025-09-18,2025-09-22,,,,75,-9320.58,197.0,-9517.57,-81.67,Stop Loss 50%,bull,4,,,2025-09-25,,,9.9,,,,,,,,25400.0,25950.0,155.39,31.11
S1 Bull Call Spread,2025-09-22,2025-09-23,,,,75,-2530.05,195.6,-2725.66,-35.56,Near Expiry,bull,1,,,2025-09-25,,,10.6,,,,,,,,25200.0,25700.0,102.19,68.46
S1 Bull Call Spread,2025-09-23,2025-09-24,,,,75,-5370.05,186.67,-5556.72,-79.33,Near Expiry,bull,1,,,2025-09-25,,,10.6,,,,,,,,25150.0,25650.0,93.39,21.79
S1 Bull Call Spread,2025-09-24,2025-09-25,,,,75,-4566.76,179.97,-4746.73,-103.94,Near Expiry,bull,1,,,2025-09-25,,,10.5,,,,,,,,25050.0,25550.0,60.89,0.0
S1 Bull Call Spread,2025-10-15,2025-10-16,,,,75,16087.76,227.71,15860.04,298.69,Near Expiry,bull,1,,,2025-10-16,,,10.5,,,,,,,,25300.0,25850.0,70.8,285.3
S1 Bull Call Spread,2025-10-16,2025-10-21,,,,75,9605.97,241.36,9364.6,87.76,Near Expiry,bull,5,,,2025-10-23,,,10.9,,,,,,,,25600.0,26100.0,142.28,270.36
S1 Bull Call Spread,2025-10-21,2025-10-23,,,,75,-4415.66,190.52,-4606.18,-61.25,Near Expiry,bull,2,,,2025-10-23,,,11.3,,,,,,,,25850.0,26400.0,100.28,41.4
S1 Bull Call Spread,2025-10-23,2025-10-28,,,,75,-2856.18,214.66,-3070.84,-26.96,Near Expiry,bull,5,,,2025-10-30,,,11.7,,,,,,,,25900.0,26400.0,151.86,113.78
S1 Bull Call Spread,2025-10-28,2025-10-29,,,,75,3346.19,204.67,3141.52,47.56,Near Expiry,bull,1,,,2025-10-30,,,11.9,,,,,,,,25950.0,26450.0,88.07,132.68
S1 Bull Call Spread,2025-10-29,2025-10-30,,,,75,-5205.24,180.76,-5386.0,-103.47,Near Expiry,bull,1,,,2025-10-30,,,12.0,,,,,,,,26050.0,26550.0,69.4,0.0
S1 Bull Call Spread,2025-10-30,2025-11-03,,,,75,-6299.32,206.54,-6505.86,-58.27,Stop Loss 50%,bull,4,,,2025-11-06,,,12.1,,,,,,,,25900.0,26400.0,148.87,64.88
S1 Bull Call Spread,2025-11-03,2025-11-04,,,,75,-6488.62,193.99,-6682.61,-70.05,Near Expiry,bull,1,,,2025-11-06,,,12.7,,,,,,,,25750.0,26300.0,127.19,40.67
S1 Bull Call Spread,2025-11-20,2025-11-24,,,,75,-8551.42,204.1,-8755.52,-74.93,Stop Loss 50%,bull,4,,,2025-11-27,,,12.1,,,,,,,,26200.0,26700.0,155.8,41.78
S1 Bull Call Spread,2025-11-24,2025-11-25,,,,75,-4664.79,199.13,-4863.91,-49.84,Near Expiry,bull,1,,,2025-11-27,,,13.2,,,,,,,,25950.0,26500.0,130.13,67.93
S1 Bull Call Spread,2025-11-26,2025-11-27,,,,75,-4126.22,183.41,-4309.63,-81.43,Near Expiry,bull,1,,,2025-11-27,,,12.0,,,,,,,,26200.0,26750.0,70.57,15.55
S1 Bull Call Spread,2025-11-27,2025-12-02,,,,75,-10502.82,201.46,-10704.28,-84.22,Near Expiry,bull,5,,,2025-12-04,,,11.8,,,,,,,,26200.0,26750.0,169.46,29.43
S1 Bull Call Spread,2025-12-23,2025-12-24,,,,75,-2835.26,185.06,-3020.32,-61.18,Near Expiry,bull,1,,,2025-12-25,,,9.4,,,,,,,,26200.0,26700.0,65.83,28.03
S1 Bull Call Spread,2026-01-01,2026-01-02,,,,65,6830.2,223.87,6606.33,85.16,Target 80%,bull,1,,,2026-01-08,,,7.6,,,,,,,,26150.0,26650.0,119.35,224.43
S1 Bull Call Spread,2026-01-02,2026-01-05,,,,65,-4152.84,194.38,-4347.22,-54.9,Stop Loss 50%,bull,3,,,2026-01-08,,,9.4,,,,,,,,26350.0,26850.0,121.82,57.93
S1 Bull Call Spread,2026-01-05,2026-01-06,,,,65,-3308.54,189.86,-3498.4,-53.11,Near Expiry,bull,1,,,2026-01-08,,,10.0,,,,,,,,26250.0,26800.0,101.33,50.43
S1 Bull Call Spread,2026-01-06,2026-01-07,,,,65,-2598.99,184.58,-2783.57,-60.01,Near Expiry,bull,1,,,2026-01-08,,,10.0,,,,,,,,26200.0,26700.0,71.36,31.38
S1 Bull Call Spread,2026-01-07,2026-01-08,,,,65,-3383.12,178.53,-3561.64,-105.28,Near Expiry,bull,1,,,2026-01-08,,,9.9,,,,,,,,26150.0,26650.0,52.05,0.0
S1 Bull Call Spread,2026-02-09,2026-02-10,,,,65,1061.72,205.98,855.75,10.45,Near Expiry,bull,1,,,2026-02-12,,,12.2,,,,,,,,25850.0,26400.0,126.04,142.38
S1 Bull Call Spread,2026-02-10,2026-02-11,,,,65,-1218.1,190.93,-1409.03,-25.32,Near Expiry,bull,1,,,2026-02-12,,,11.7,,,,,,,,25950.0,26450.0,85.61,66.87
S1 Bull Call Spread,2026-02-11,2026-02-12,,,,65,-4346.57,179.71,-4526.28,-104.13,Near Expiry,bull,1,,,2026-02-12,,,11.6,,,,,,,,25950.0,26450.0,66.87,0.0
S1 Bull Call Spread,2026-02-12,2026-02-13,,,,65,-6526.53,202.99,-6729.52,-65.61,Stop Loss 50%,bull,1,,,2026-02-19,,,11.7,,,,,,,,25800.0,26300.0,157.79,57.38
S1 Bull Call Spread,2026-02-13,2026-02-17,,,,65,7207.21,237.81,6969.4,62.85,Near Expiry,bull,4,,,2026-02-19,,,13.3,,,,,,,,25450.0,26000.0,170.61,281.49
S1 Bull Call Spread,2026-02-17,2026-02-18,,,,65,1412.62,197.22,1215.41,21.43,Near Expiry,bull,1,,,2026-02-19,,,12.7,,,,,,,,25750.0,26250.0,87.25,108.98
S1 Bull Call Spread,2026-02-18,2026-02-19,,,,65,-5101.2,180.63,-5281.83,-103.54,Near Expiry,bull,1,,,2026-02-19,,,12.2,,,,,,,,25800.0,26350.0,78.48,0.0
S1 Bull Call Spread,2026-02-20,2026-02-23,,,,65,2538.15,231.97,2306.18,20.02,Signal Exit,bull,3,,,2026-02-26,,,14.4,,,,,,,,25550.0,26100.0,177.18,216.23
S2 Bear Put Spread,2011-03-22,2011-03-23,,,,25,-360.03,180.05,-540.09,-60.44,Signal Exit,bear,1,,,2011-03-31,,,22.3,,,,,,,,5400.0,5300.0,35.74,21.34
S2 Bear Put Spread,2011-04-27,2011-04-28,,,,25,767.81,179.0,588.81,69.61,Near Expiry,sideways,1,,,2011-04-28,,,21.4,,,,,,,,5850.0,5700.0,33.84,64.55
S2 Bear Put Spread,2011-04-28,2011-05-05,,,,25,1490.77,207.05,1283.72,84.66,Target 80%,sideways,7,,,2011-05-26,,,20.9,,,,,,,,5800.0,5650.0,60.66,120.29
S2 Bear Put Spread,2011-05-05,2011-05-24,,,,25,301.62,184.57,117.05,11.8,Near Expiry,bear,19,,,2011-05-26,,,21.6,,,,,,,,5450.0,5350.0,39.67,51.74
S2 Bear Put Spread,2011-05-24,2011-05-25,,,,25,524.71,178.92,345.79,47.35,Near Expiry,bear,1,,,2011-05-26,,,19.9,,,,,,,,5400.0,5300.0,29.21,50.2
S2 Bear Put Spread,2011-05-25,2011-05-26,,,,25,-554.56,175.16,-729.71,-131.59,Near Expiry,bear,1,,,2011-05-26,,,20.7,,,,,,,,5350.0,5250.0,22.18,0.0
S2 Bear Put Spread,2011-05-26,2011-05-30,,,,25,-223.72,186.22,-409.94,-41.9,Signal Exit,bear,4,,,2011-06-30,,,19.2,,,,,,,,5400.0,5300.0,39.13,30.19
S2 Bear Put Spread,2011-06-17,2011-06-24,,,,25,-644.63,178.99,-823.62,-92.21,Stop Loss 50%,bear,7,,,2011-06-30,,,20.3,,,,,,,,5350.0,5250.0,35.73,9.94
S2 Bear Put Spread,2011-06-24,2011-06-27,,,,25,-463.35,177.03,-640.39,-87.84,Stop Loss 50%,bear,3,,,2011-06-30,,,19.3,,,,,,,,5450.0,5350.0,29.16,10.63
S2 Bear Put Spread,2011-07-21,2011-07-22,,,,25,-572.5,178.43,-750.93,-80.25,Stop Loss 50%,bear,1,,,2011-07-28,,,18.8,,,,,,,,5550.0,5450.0,37.43,14.53
S2 Bear Put Spread,2011-07-27,2011-07-28,,,,25,1015.6,178.52,837.08,154.83,Near Expiry,bear,1,,,2011-07-28,,,18.2,,,,,,,,5550.0,5450.0,21.63,62.25
S2 Bear Put Spread,2011-07-28,2011-08-05,,,,25,872.64,204.49,668.15,64.16,Target 80%,bear,8,,,2011-08-25,,,18.5,,,,,,,,5500.0,5400.0,41.65,76.56
S2 Bear Put Spread,2011-08-05,2011-08-18,,,,25,1113.64,200.66,912.98,89.94,Target 80%,bear,13,,,2011-08-25,,,24.9,,,,,,,,5200.0,5100.0,40.6,85.15
S2 Bear Put Spread,2011-08-18,2011-08-23,,,,25,-236.77,180.84,-417.61,-41.57,Near Expiry,bear,5,,,2011-08-25,,,27.5,,,,,,,,4950.0,4850.0,40.19,30.72
S2 Bear Put Spread,2011-08-23,2011-08-24,,,,25,616.53,180.09,436.43,56.84,Near Expiry,bear,1,,,2011-08-25,,,25.9,,,,,,,,4950.0,4850.0,30.72,55.38
S2 Bear Put Spread,2011-08-24,2011-08-25,,,,25,738.43,178.97,559.46,72.51,Near Expiry,bear,1,,,2011-08-25,,,28.6,,,,,,,,4900.0,4800.0,30.86,60.4
S2 Bear Put Spread,2011-08-25,2011-08-30,,,,25,-448.26,190.36,-638.62,-57.02,Signal Exit,bear,5,,,2011-09-29,,,27.9,,,,,,,,4850.0,4750.0,44.8,26.87
S2 Bear Put Spread,2011-09-26,2011-09-27,,,,25,-837.91,178.48,-1016.39,-99.06,Near Expiry,bear,1,,,2011-09-29,,,35.4,,,,,,,,4850.0,4750.0,41.04,7.52
S2 Bear Put Spread,2011-09-27,2011-09-28,,,,25,57.65,178.03,-120.38,-17.45,Near Expiry,bear,1,,,2011-09-29,,,32.0,,,,,,,,4950.0,4850.0,27.59,29.9
S2 Bear Put Spread,2011-09-28,2011-09-29,,,,25,-747.41,175.72,-923.13,-123.51,Near Expiry,bear,1,,,2011-09-29,,,32.0,,,,,,,,4950.0,4850.0,29.9,0.0
S2 Bear Put Spread,2011-10-04,2011-10-10,,,,25,-315.41,189.57,-504.98,-88.42,Stop Loss 50%,bear,6,,,2011-10-27,,,37.2,,,,,,,,4750.0,4700.0,22.84,10.23
S2 Bear Put Spread,2011-11-17,2011-11-21,,,,25,1014.53,191.09,823.44,78.55,Target 80%,bear,4,,,2011-11-24,,,26.9,,,,,,,,4950.0,4850.0,41.93,82.51
S2 Bear Put Spread,2011-11-21,2011-11-22,,,,25,-355.47,179.18,-534.65,-52.38,Near Expiry,bear,1,,,2011-11-24,,,28.6,,,,,,,,4800.0,4700.0,40.83,26.61
S2 Bear Put Spread,2011-11-22,2011-11-23,,,,25,1090.39,181.8,908.6,136.58,Near Expiry,bear,1,,,2011-11-24,,,27.4,,,,,,,,4800.0,4700.0,26.61,70.23
S2 Bear Put Spread,2011-11-23,2011-11-25,,,,25,-602.34,175.35,-777.69,-129.11,Near Expiry,bear,2,,,2011-11-24,,,30.7,,,,,,,,4700.0,4600.0,24.09,0.0
S2 Bear Put Spread,2011-11-25,2011-12-01,,,,25,-617.5,187.59,-805.09,-74.77,Stop Loss 50%,bear,6,,,2011-12-29,,,29.1,,,,,,,,4700.0,4600.0,43.07,18.37
S2 Bear Put Spread,2011-12-01,2011-12-02,,,,25,-334.24,188.76,-523.0,-47.54,Signal Exit,bear,1,,,2011-12-29,,,25.0,,,,,,,,4950.0,4850.0,44.01,30.64
S2 Bear Put Spread,2011-12-12,2011-12-13,,,,25,-137.81,187.16,-324.98,-31.93,Signal Exit,bear,1,,,2011-12-29,,,29.3,,,,,,,,4750.0,4650.0,40.72,35.2
S2 Bear Put Spread,2011-12-19,2011-12-22,,,,25,-614.7,180.64,-795.34,-81.79,Stop Loss 50%,bear,3,,,2011-12-29,,,30.6,,,,,,,,4600.0,4500.0,38.9,14.31
S2 Bear Put Spread,2011-12-22,2011-12-27,,,,25,-301.94,180.69,-482.63,-46.19,Near Expiry,bear,5,,,2011-12-29,,,26.8,,,,,,,,4750.0,4650.0,41.8,29.72
S2 Bear Put Spread,2011-12-30,2012-01-03,,,,25,-215.06,186.9,-401.97,-74.96,Signal Exit,bear,4,,,2012-01-26,,,27.1,,,,,,,,4600.0,4550.0,21.45,12.85
S2 Bear Put Spread,2012-02-27,2012-02-28,,,,25,-240.39,194.12,-434.52,-38.09,Signal Exit,sideways,1,,,2012-03-29,,,27.4,,,,,,,,5300.0,5200.0,45.63,36.01
S2 Bear Put Spread,2012-03-05,2012-03-14,,,,25,-946.79,186.69,-1133.48,-69.68,Stop Loss 50%,sideways,9,,,2012-03-29,,,28.9,,,,,,,,5300.0,5150.0,65.06,27.19
S2 Bear Put Spread,2012-07-20,2012-07-23,,,,25,810.82,181.71,629.12,82.92,Target 80%,sideways,3,,,2012-07-26,,,16.9,,,,,,,,5200.0,5100.0,30.35,62.78
S2 Bear Put Spread,2012-07-23,2012-07-24,,,,25,-229.04,176.08,-405.12,-73.5,Near Expiry,sideways,1,,,2012-07-26,,,18.7,,,,,,,,5100.0,5000.0,22.05,12.88
S2 Bear Put Spread,2012-07-24,2012-07-25,,,,25,216.61,178.18,38.44,4.56,Near Expiry,sideways,1,,,2012-07-26,,,17.0,,,,,,,,5150.0,5050.0,33.73,42.4
S2 Bear Put Spread,2012-07-25,2012-07-26,,,,25,1100.04,177.92,922.12,283.76,Near Expiry,sideways,1,,,2012-07-26,,,16.8,,,,,,,,5100.0,5000.0,13.0,57.0
S2 Bear Put Spread,2012-07-26,2012-07-27,,,,25,-204.18,184.6,-388.78,-39.57,Signal Exit,bear,1,,,2012-08-30,,,16.4,,,,,,,,5050.0,4950.0,39.3,31.13
S2 Bear Put Spread,2013-08-06,2013-08-13,,,,25,-628.15,184.25,-812.4,-75.92,Stop Loss 50%,bear,7,,,2013-08-29,,,22.7,,,,,,,,5550.0,5450.0,42.81,17.68
S2 Bear Put Spread,2013-08-13,2013-08-19,,,,25,1098.05,201.49,896.56,90.86,Target 80%,bear,6,,,2013-08-29,,,19.3,,,,,,,,5700.0,5600.0,39.47,83.39
S2 Bear Put Spread,2013-08-19,2013-08-26,,,,25,-532.1,180.43,-712.53,-74.93,Stop Loss 50%,bear,7,,,2013-08-29,,,25.6,,,,,,,,5400.0,5300.0,38.04,16.75
S2 Bear Put Spread,2013-08-26,2013-08-27,,,,25,1927.52,191.06,1736.46,132.36,Near Expiry,bear,1,,,2013-08-29,,,26.4,,,,,,,,5500.0,5350.0,52.48,129.58
S2 Bear Put Spread,2013-08-27,2013-08-28,,,,25,-49.46,179.35,-228.81,-24.5,Near Expiry,bear,1,,,2013-08-29,,,29.4,,,,,,,,5300.0,5200.0,37.35,35.37
S2 Bear Put Spread,2013-08-28,2013-08-29,,,,25,-884.3,176.15,-1060.45,-119.92,Near Expiry,bear,1,,,2013-08-29,,,32.4,,,,,,,,5300.0,5200.0,35.37,0.0
S2 Bear Put Spread,2013-09-30,2013-10-03,,,,25,-610.92,191.26,-802.17,-49.64,Signal Exit,bear,3,,,2013-10-31,,,26.6,,,,,,,,5750.0,5600.0,64.64,40.21
S2 Bear Put Spread,2015-06-15,2015-06-18,,,,25,-954.53,179.23,-1133.76,-90.25,Stop Loss 50%,bear,3,,,2015-06-25,,,17.5,,,,,,,,8000.0,7850.0,50.25,12.07
S2 Bear Put Spread,2015-07-27,2015-07-28,,,,25,102.36,178.49,-76.13,-8.22,Near Expiry,bear,1,,,2015-07-30,,,16.4,,,,,,,,8350.0,8200.0,37.04,41.14
S2 Bear Put Spread,2015-08-11,2015-08-14,,,,25,-313.26,183.82,-497.08,-37.64,Signal Exit,sideways,3,,,2015-08-27,,,15.9,,,,,,,,8450.0,8300.0,52.83,40.3
S2 Bear Put Spread,2015-08-20,2015-08-24,,,,25,2579.53,218.54,2360.99,211.04,Target 80%,bear,4,,,2015-08-27,,,17.0,,,,,,,,8350.0,8200.0,44.75,147.93
S2 Bear Put Spread,2015-08-24,2015-08-25,,,,25,-641.89,179.59,-821.47,-65.18,Near Expiry,bear,1,,,2015-08-27,,,28.1,,,,,,,,7800.0,7650.0,50.41,24.74
S2 Bear Put Spread,2015-08-25,2015-08-26,,,,25,1065.33,183.68,881.66,56.71,Near Expiry,bear,1,,,2015-08-27,,,26.9,,,,,,,,7900.0,7700.0,62.19,104.8
S2 Bear Put Spread,2015-08-26,2015-08-27,,,,25,-1028.32,175.98,-1204.3,-117.11,Near Expiry,bear,1,,,2015-08-27,,,25.5,,,,,,,,7800.0,7650.0,41.13,0.0
S2 Bear Put Spread,2015-08-27,2015-09-07,,,,25,1260.54,217.92,1042.62,66.64,Target 80%,bear,11,,,2015-09-24,,,22.0,,,,,,,,7950.0,7800.0,62.58,113.0
S2 Bear Put Spread,2015-09-07,2015-09-09,,,,25,-890.48,187.62,-1078.09,-69.83,Stop Loss 50%,bear,2,,,2015-09-24,,,26.4,,,,,,,,7550.0,7400.0,61.75,26.13
S2 Bear Put Spread,2015-09-09,2015-09-11,,,,25,105.52,192.88,-87.36,-5.95,Signal Exit,bear,2,,,2015-09-24,,,24.3,,,,,,,,7800.0,7650.0,58.73,62.95
S2 Bear Put Spread,2015-10-30,2015-11-10,,,,25,1319.95,202.32,1117.64,78.83,Target 80%,bear,11,,,2015-11-26,,,17.9,,,,,,,,8050.0,7900.0,56.71,109.51
S2 Bear Put Spread,2015-11-10,2015-11-23,,,,25,-865.84,181.78,-1047.62,-71.45,Stop Loss 50%,bear,13,,,2015-11-26,,,16.8,,,,,,,,7800.0,7650.0,58.65,24.02
S2 Bear Put Spread,2015-11-23,2015-11-24,,,,25,45.02,178.75,-133.73,-13.05,Near Expiry,bear,1,,,2015-11-26,,,17.1,,,,,,,,7850.0,7700.0,40.99,42.79
S2 Bear Put Spread,2015-11-24,2015-11-26,,,,25,-1127.55,175.85,-1303.39,-115.6,Near Expiry,bear,2,,,2015-11-26,,,16.2,,,,,,,,7850.0,7650.0,45.1,0.0
S2 Bear Put Spread,2015-11-26,2015-11-27,,,,25,-204.93,192.16,-397.09,-26.26,Signal Exit,bear,1,,,2015-12-31,,,16.7,,,,,,,,7900.0,7750.0,60.48,52.28
S2 Bear Put Spread,2015-12-08,2015-12-17,,,,25,-855.63,182.23,-1037.86,-74.88,Stop Loss 50%,bear,9,,,2015-12-31,,,16.0,,,,,,,,7700.0,7550.0,55.44,21.22
S2 Bear Put Spread,2016-01-07,2016-01-18,,,,25,1144.46,196.7,947.76,68.43,Target 80%,bear,11,,,2016-01-28,,,19.0,,,,,,,,7550.0,7400.0,55.4,101.18
S2 Bear Put Spread,2016-01-18,2016-01-25,,,,25,-986.53,180.11,-1166.63,-85.1,Stop Loss 50%,bear,7,,,2016-01-28,,,20.2,,,,,,,,7350.0,7200.0,54.83,15.37
S2 Bear Put Spread,2016-01-25,2016-01-27,,,,25,-301.95,178.43,-480.39,-41.19,Near Expiry,bear,2,,,2016-01-28,,,18.3,,,,,,,,7450.0,7300.0,46.65,34.58
S2 Bear Put Spread,2016-01-27,2016-01-28,,,,25,-230.63,176.91,-407.55,-47.15,Near Expiry,bear,1,,,2016-01-28,,,19.1,,,,,,,,7450.0,7300.0,34.58,25.35
S2 Bear Put Spread,2016-01-28,2016-01-29,,,,25,-358.92,186.83,-545.76,-56.23,Signal Exit,bear,1,,,2016-02-25,,,17.9,,,,,,,,7400.0,7300.0,38.82,24.47
S2 Bear Put Spread,2016-02-11,2016-02-15,,,,25,-960.24,185.74,-1145.98,-70.7,Stop Loss 50%,bear,4,,,2016-02-25,,,26.0,,,,,,,,7000.0,6850.0,64.83,26.42
S2 Bear Put Spread,2016-02-15,2016-02-22,,,,25,-864.39,180.64,-1045.04,-77.56,Stop Loss 50%,bear,7,,,2016-02-25,,,22.4,,,,,,,,7150.0,7000.0,53.89,19.32
S2 Bear Put Spread,2016-02-25,2016-03-01,,,,25,-605.27,189.36,-794.63,-75.84,Stop Loss 50%,bear,5,,,2016-03-31,,,22.8,,,,,,,,6950.0,6850.0,41.91,17.7
S2 Bear Put Spread,2016-05-06,2016-05-09,,,,25,-632.21,184.78,-816.99,-54.96,Signal Exit,bear,3,,,2016-05-26,,,17.0,,,,,,,,7750.0,7600.0,59.47,34.18
S2 Bear Put Spread,2016-05-16,2016-05-18,,,,25,-135.4,182.08,-317.48,-25.43,Signal Exit,sideways,2,,,2016-05-26,,,17.0,,,,,,,,7850.0,7700.0,49.93,44.52
S2 Bear Put Spread,2018-12-10,2018-12-11,,,,25,-365.13,193.13,-558.26,-27.56,Signal Exit,bear,1,,,2018-12-27,,,20.4,,,,,,,,10500.0,10300.0,81.02,66.41
S2 Bear Put Spread,2018-12-24,2018-12-26,,,,25,-950.84,176.71,-1127.56,-96.63,Near Expiry,bear,2,,,2018-12-27,,,15.8,,,,,,,,10650.0,10450.0,46.67,8.64
S2 Bear Put Spread,2019-01-10,2019-01-14,,,,25,417.6,193.04,224.57,12.89,Signal Exit,sideways,4,,,2019-01-31,,,15.4,,,,,,,,10800.0,10600.0,69.67,86.37
S2 Bear Put Spread,2019-01-28,2019-01-29,,,,25,-107.89,180.08,-287.98,-21.18,Near Expiry,bear,1,,,2019-01-31,,,18.9,,,,,,,,10650.0,10450.0,54.4,50.08
S2 Bear Put Spread,2019-01-29,2019-01-30,,,,25,-322.69,178.44,-501.13,-40.02,Near Expiry,bear,1,,,2019-01-31,,,18.4,,,,,,,,10650.0,10450.0,50.08,37.18
S2 Bear Put Spread,2019-01-30,2019-01-31,,,,25,-929.4,175.59,-1104.99,-118.89,Near Expiry,bear,1,,,2019-01-31,,,17.9,,,,,,,,10650.0,10450.0,37.18,0.0
S2 Bear Put Spread,2019-02-14,2019-02-15,,,,25,157.33,184.51,-27.18,-1.66,Signal Exit,bear,1,,,2019-02-21,,,15.8,,,,,,,,10750.0,10550.0,65.61,71.9
S2 Bear Put Spread,2019-02-22,2019-02-25,,,,25,-986.23,179.51,-1165.73,-72.18,Stop Loss 50%,bear,3,,,2019-02-28,,,15.4,,,,,,,,10800.0,10600.0,64.61,25.16
S2 Bear Put Spread,2019-09-19,2019-09-20,,,,25,-1554.62,178.08,-1732.7,-111.06,Stop Loss 50%,bear,1,,,2019-09-26,,,15.6,,,,,,,,10700.0,10500.0,62.41,0.22
S2 Bear Put Spread,2019-10-15,2019-10-16,,,,25,-791.74,178.31,-970.05,-61.38,Near Expiry,sideways,1,,,2019-10-17,,,16.9,,,,,,,,11450.0,11200.0,63.22,31.55
S2 Bear Put Spread,2020-03-19,2020-03-20,,,,25,-921.48,205.56,-1127.04,-63.75,Stop Loss 50%,bear,1,,,2020-03-26,,,72.2,,,,,,,,8250.0,8100.0,70.72,33.86
S2 Bear Put Spread,2020-03-20,2020-03-23,,,,25,2572.52,285.75,2286.77,99.23,Target 80%,bear,3,,,2020-03-26,,,67.1,,,,,,,,8750.0,8550.0,92.18,195.08
S2 Bear Put Spread,2020-03-23,2020-03-24,,,,25,-568.44,194.69,-763.13,-46.15,Near Expiry,bear,1,,,2020-03-26,,,72.0,,,,,,,,7600.0,7450.0,66.15,43.41
S2 Bear Put Spread,2020-03-24,2020-03-25,,,,25,-1537.78,187.47,-1725.25,-102.92,Near Expiry,bear,1,,,2020-03-26,,,83.6,,,,,,,,7800.0,7650.0,67.05,5.54
S2 Bear Put Spread,2020-03-25,2020-03-26,,,,25,-1492.28,181.8,-1674.08,-112.18,Near Expiry,bear,1,,,2020-03-26,,,77.6,,,,,,,,8300.0,8150.0,59.69,0.0
S2 Bear Put Spread,2020-03-26,2020-03-31,,,,25,-56.28,211.59,-267.88,-11.37,Near Expiry,bear,5,,,2020-04-02,,,71.5,,,,,,,,8650.0,8450.0,94.26,92.01
S2 Bear Put Spread,2020-05-18,2020-05-19,,,,25,-396.85,185.65,-582.5,-40.49,Near Expiry,bear,1,,,2020-05-21,,,40.9,,,,,,,,8800.0,8650.0,57.55,41.67
S2 Bear Put Spread,2020-05-19,2020-05-20,,,,25,-1583.17,180.6,-1763.77,-92.1,Near Expiry,bear,1,,,2020-05-21,,,39.5,,,,,,,,8900.0,8700.0,76.6,13.27
S2 Bear Put Spread,2020-05-20,2020-05-21,,,,25,-1124.3,176.97,-1301.27,-115.74,Near Expiry,bear,1,,,2020-05-21,,,35.8,,,,,,,,9050.0,8900.0,44.97,0.0
S2 Bear Put Spread,2020-05-21,2020-05-26,,,,25,239.42,191.16,48.26,2.43,Near Expiry,bear,5,,,2020-05-28,,,33.0,,,,,,,,9100.0,8900.0,79.45,89.02
S2 Bear Put Spread,2020-05-26,2020-05-27,,,,25,-1725.42,178.56,-1903.98,-106.86,Near Expiry,bear,1,,,2020-05-28,,,31.5,,,,,,,,9050.0,8850.0,71.27,2.26
S2 Bear Put Spread,2022-04-19,2022-04-20,,,,25,-1844.65,178.19,-2022.83,-95.92,Near Expiry,bear,1,,,2022-04-21,,,19.8,,,,,,,,16950.0,16600.0,84.35,10.57
S2 Bear Put Spread,2022-04-22,2022-04-26,,,,25,-841.18,185.27,-1026.44,-42.04,Near Expiry,bear,4,,,2022-04-28,,,18.4,,,,,,,,17150.0,16850.0,97.66,64.01
S2 Bear Put Spread,2022-04-26,2022-04-27,,,,25,1952.09,187.87,1764.22,81.54,Near Expiry,bear,1,,,2022-04-28,,,19.2,,,,,,,,17200.0,16850.0,86.54,164.63
S2 Bear Put Spread,2022-04-27,2022-04-28,,,,25,-1889.2,176.89,-2066.08,-109.36,Near Expiry,bear,1,,,2022-04-28,,,20.6,,,,,,,,17050.0,16700.0,75.57,0.0
S2 Bear Put Spread,2022-04-28,2022-05-04,,,,25,5414.18,221.01,5193.17,171.23,Near Expiry,sideways,6,,,2022-05-05,,,19.4,,,,,,,,17250.0,16900.0,121.31,337.88
S2 Bear Put Spread,2022-05-04,2022-05-05,,,,25,-1648.11,178.15,-1826.26,-87.72,Near Expiry,bear,1,,,2022-05-05,,,21.9,,,,,,,,16700.0,16350.0,83.27,17.35
S2 Bear Put Spread,2022-05-05,2022-05-09,,,,25,3303.19,210.26,3092.93,98.5,Target 80%,bear,4,,,2022-05-12,,,20.3,,,,,,,,16700.0,16350.0,125.6,257.72
S2 Bear Put Spread,2022-05-09,2022-05-10,,,,25,374.81,188.02,186.79,7.8,Near Expiry,bear,1,,,2022-05-12,,,22.0,,,,,,,,16300.0,16000.0,95.8,110.79
S2 Bear Put Spread,2022-05-10,2022-05-11,,,,25,493.85,185.36,308.49,12.71,Near Expiry,bear,1,,,2022-05-12,,,22.3,,,,,,,,16250.0,15900.0,97.07,116.82
S2 Bear Put Spread,2022-05-11,2022-05-12,,,,25,5909.14,196.65,5712.49,359.08,Near Expiry,bear,1,,,2022-05-12,,,22.8,,,,,,,,16150.0,15850.0,63.63,300.0
S2 Bear Put Spread,2022-05-12,2022-05-17,,,,25,-2706.08,185.38,-2891.46,-102.59,Near Expiry,bear,5,,,2022-05-19,,,24.3,,,,,,,,15800.0,15500.0,112.74,4.49
S2 Bear Put Spread,2022-05-17,2022-05-18,,,,25,-275.77,182.87,-458.65,-21.5,Near Expiry,bear,1,,,2022-05-19,,,22.7,,,,,,,,16250.0,15950.0,85.33,74.3
S2 Bear Put Spread,2022-05-18,2022-05-19,,,,25,6834.82,203.82,6631.0,346.23,Near Expiry,bear,1,,,2022-05-19,,,22.3,,,,,,,,16250.0,15900.0,76.61,350.0
S2 Bear Put Spread,2022-05-19,2022-05-20,,,,25,-2101.1,187.65,-2288.74,-81.09,Stop Loss 50%,bear,1,,,2022-05-26,,,24.6,,,,,,,,15800.0,15500.0,112.9,28.86
S2 Bear Put Spread,2022-05-20,2022-05-23,,,,25,67.45,193.0,-125.56,-4.67,Signal Exit,bear,3,,,2022-05-26,,,23.1,,,,,,,,16250.0,15950.0,107.44,110.14
S2 Bear Put Spread,2022-06-13,2022-06-14,,,,25,102.64,185.51,-82.88,-3.77,Near Expiry,bear,1,,,2022-06-16,,,22.4,,,,,,,,15750.0,15450.0,87.85,91.95
S2 Bear Put Spread,2022-06-14,2022-06-15,,,,25,56.14,184.05,-127.91,-5.25,Near Expiry,bear,1,,,2022-06-16,,,21.9,,,,,,,,15750.0,15400.0,97.43,99.68
S2 Bear Put Spread,2022-06-15,2022-06-16,,,,25,5717.4,196.68,5520.73,309.7,Near Expiry,bear,1,,,2022-06-16,,,22.1,,,,,,,,15700.0,15400.0,71.3,300.0
S2 Bear Put Spread,2022-06-16,2022-06-21,,,,25,-2402.35,184.47,-2586.82,-95.11,Near Expiry,bear,5,,,2022-06-23,,,22.9,,,,,,,,15350.0,15050.0,108.79,12.7
S2 Bear Put Spread,2022-06-21,2022-06-22,,,,25,2832.68,192.61,2640.08,121.01,Near Expiry,bear,1,,,2022-06-23,,,21.1,,,,,,,,15650.0,15350.0,87.27,200.58
S2 Bear Put Spread,2022-06-22,2022-06-23,,,,25,-1467.53,176.37,-1643.89,-112.02,Near Expiry,bear,1,,,2022-06-23,,,21.3,,,,,,,,15400.0,15100.0,58.7,0.0
S2 Bear Put Spread,2022-06-23,2022-06-27,,,,25,-2065.59,184.29,-2249.88,-84.63,Stop Loss 50%,bear,4,,,2022-06-30,,,20.9,,,,,,,,15550.0,15250.0,106.33,23.71
S2 Bear Put Spread,2022-09-07,2022-09-08,,,,25,-1431.81,176.23,-1608.04,-112.31,Near Expiry,sideways,1,,,2022-09-08,,,19.4,,,,,,,,17600.0,17250.0,57.27,0.0
S2 Bear Put Spread,2025-01-17,2025-01-20,,,,25,-1709.03,185.86,-1894.89,-55.46,Stop Loss 50%,bear,3,,,2025-01-23,,,15.8,,,,,,,,23200.0,22750.0,136.66,68.3
S2 Bear Put Spread,2025-01-20,2025-01-21,,,,25,3908.6,199.68,3708.92,123.34,Near Expiry,bear,1,,,2025-01-23,,,16.4,,,,,,,,23350.0,22900.0,120.28,276.62
S2 Bear Put Spread,2025-01-21,2025-01-22,,,,25,-1746.08,179.12,-1925.21,-81.34,Near Expiry,bear,1,,,2025-01-23,,,17.1,,,,,,,,23000.0,22550.0,94.68,24.84
S2 Bear Put Spread,2025-01-22,2025-01-23,,,,25,-1891.18,176.77,-2067.95,-109.35,Near Expiry,bear,1,,,2025-01-23,,,16.8,,,,,,,,23150.0,22700.0,75.65,0.0
S2 Bear Put Spread,2025-01-23,2025-01-27,,,,25,3502.29,208.09,3294.2,90.9,Target 80%,bear,4,,,2025-01-30,,,16.7,,,,,,,,23200.0,22750.0,144.96,285.06
S2 Bear Put Spread,2025-01-27,2025-01-28,,,,25,-1664.65,184.1,-1848.74,-53.59,Near Expiry,bear,1,,,2025-01-30,,,18.1,,,,,,,,22850.0,22350.0,138.0,71.41
S2 Bear Put Spread,2025-01-28,2025-01-29,,,,25,-2182.41,179.5,-2361.91,-88.12,Near Expiry,bear,1,,,2025-01-30,,,18.2,,,,,,,,22950.0,22500.0,107.21,19.92
S2 Bear Put Spread,2025-02-17,2025-02-18,,,,25,-238.62,184.48,-423.1,-15.47,Near Expiry,bear,1,,,2025-02-20,,,15.7,,,,,,,,22950.0,22500.0,109.4,99.86
S2 Bear Put Spread,2025-02-18,2025-02-19,,,,25,-495.74,182.26,-678.0,-27.16,Near Expiry,bear,1,,,2025-02-20,,,15.7,,,,,,,,22950.0,22500.0,99.86,80.03
S2 Bear Put Spread,2025-02-19,2025-02-20,,,,25,-1087.02,178.88,-1265.9,-63.03,Near Expiry,bear,1,,,2025-02-20,,,15.4,,,,,,,,22950.0,22450.0,80.33,36.85
S2 Bear Put Spread,2025-02-20,2025-02-24,,,,25,3835.09,202.76,3632.33,110.28,Target 80%,bear,4,,,2025-02-27,,,14.7,,,,,,,,22900.0,22450.0,131.75,285.15
S2 Bear Put Spread,2025-02-24,2025-02-25,,,,25,-414.68,183.04,-597.72,-23.15,Near Expiry,bear,1,,,2025-02-27,,,14.4,,,,,,,,22550.0,22100.0,103.29,86.7
S2 Bear Put Spread,2025-02-25,2025-02-27,,,,25,-2043.82,177.47,-2221.3,-102.48,Near Expiry,bear,2,,,2025-02-27,,,13.7,,,,,,,,22550.0,22100.0,86.7,4.95
S2 Bear Put Spread,2025-02-27,2025-02-28,,,,25,4270.61,208.34,4062.26,126.15,Target 80%,bear,1,,,2025-03-06,,,13.3,,,,,,,,22550.0,22100.0,128.81,299.64
S2 Bear Put Spread,2025-02-28,2025-03-04,,,,25,-463.02,185.14,-648.16,-23.6,Near Expiry,bear,4,,,2025-03-06,,,13.9,,,,,,,,22100.0,21700.0,109.85,91.33
S2 Bear Put Spread,2025-03-04,2025-03-05,,,,25,-2212.0,177.65,-2389.65,-102.83,Near Expiry,bear,1,,,2025-03-06,,,13.8,,,,,,,,22100.0,21650.0,92.96,4.48
S2 Bear Put Spread,2025-03-05,2025-03-06,,,,25,-1702.59,176.49,-1879.08,-110.37,Near Expiry,bear,1,,,2025-03-06,,,13.7,,,,,,,,22350.0,21900.0,68.1,0.0
S2 Bear Put Spread,2025-03-06,2025-03-10,,,,25,325.9,189.78,136.12,4.14,Signal Exit,bear,4,,,2025-03-13,,,13.7,,,,,,,,22550.0,22100.0,131.42,144.46
S2 Bear Put Spread,2025-04-07,2025-04-08,,,,25,-2917.92,182.64,-3100.57,-90.89,Near Expiry,bear,1,,,2025-04-10,,,22.8,,,,,,,,22150.0,21700.0,136.46,19.74
S2 Bear Put Spread,2025-04-09,2025-04-11,,,,25,-2382.61,177.59,-2560.2,-107.45,Near Expiry,bear,2,,,2025-04-10,,,21.4,,,,,,,,22400.0,21950.0,95.3,0.0
S2 Bear Put Spread,2025-04-11,2025-04-15,,,,25,-4163.26,185.17,-4348.43,-101.83,Near Expiry,bear,4,,,2025-04-17,,,20.1,,,,,,,,22850.0,22350.0,170.81,4.28
S2 Bear Put Spread,2026-03-17,2026-03-18,,,,65,-6685.36,191.49,-6876.85,-80.49,Near Expiry,bear,1,,,2026-03-19,,,19.8,,,,,,,,23600.0,23100.0,131.44,28.59
S2 Bear Put Spread,2026-03-18,2026-03-19,,,,65,25954.15,319.85,25634.3,391.61,Near Expiry,bear,1,,,2026-03-19,,,18.7,,,,,,,,23800.0,23300.0,100.71,500.0
