strategy,instrument,cagr,total_return,max_dd,sharpe,calmar,win_rate,total_trades,avg_win,avg_loss,profit_factor,avg_duration,total_costs,expectancy,avg_rsi_entry,years,bull_wr,bull_pnl,bear_wr,bear_pnl,sideways_wr,sideways_pnl
GFS Basic,Choice International,12.31,21.63,6.21,3.01,1.98,85.7,7,4.19,-3.86,6.53,10.4,1715.0,3.04,41.3,1.7,85.7,3.04,0.0,0.0,0.0,0.0
GFS Basic,Kalyan Jewellers Ind,9.42,28.59,14.21,1.7,0.66,57.1,7,11.28,-5.22,2.34,10.6,2034.0,4.21,39.1,2.8,57.1,4.21,0.0,0.0,0.0,0.0
GFS Advanced,L&T Technology Servi,3.01,24.14,5.61,1.59,0.54,66.7,9,5.19,-2.3,4.09,9.9,2303.0,2.7,40.8,7.3,66.7,2.7,0.0,0.0,0.0,0.0
GFS Basic,Polycab India Ltd.,3.57,18.03,3.01,1.58,1.19,62.5,8,5.58,-3.04,2.9,10.9,1929.0,2.35,39.9,4.7,62.5,2.35,0.0,0.0,0.0,0.0
GFS Basic,UTI Asset Management,3.98,13.31,4.19,1.55,0.95,66.7,6,4.18,-1.54,5.32,10.8,1431.0,2.27,41.2,3.2,66.7,2.27,0.0,0.0,0.0,0.0
GFS Basic,Aster DM Healthcare ,5.42,36.29,12.35,1.34,0.44,56.2,16,6.86,-3.75,2.33,10.8,4099.0,2.22,41.7,5.9,56.2,2.22,0.0,0.0,0.0,0.0
GFS Basic,Gujarat Fluorochemic,6.02,27.82,9.49,1.26,0.63,66.7,6,10.35,-6.12,2.84,13.5,1627.0,4.86,40.5,4.2,60.0,5.66,100.0,0.87,0.0,0.0
GFS Basic,Max Healthcare Insti,3.81,13.45,8.67,1.24,0.44,83.3,6,4.72,-9.18,2.55,10.3,1366.0,2.41,39.2,3.4,83.3,2.41,0.0,0.0,0.0,0.0
GFS Basic,Prestige Estates Pro,4.72,83.61,10.32,1.24,0.46,63.6,22,7.22,-4.03,2.88,11.9,7008.0,3.13,39.2,13.2,61.9,2.75,100.0,11.03,0.0,0.0
GFS Advanced,Ajanta Pharmaceutica,3.06,82.42,12.45,1.21,0.25,71.4,21,5.94,-3.69,4.27,9.5,6269.0,3.19,41.2,20.0,71.4,3.19,0.0,0.0,0.0,0.0
GFS Basic,Central Depository S,3.82,27.63,12.07,1.21,0.32,60.0,15,5.3,-3.31,2.2,9.9,3874.0,1.86,40.2,6.5,60.0,1.86,0.0,0.0,0.0,0.0
GFS Basic,360 ONE WAM Ltd.,2.88,12.92,5.22,1.13,0.55,66.7,6,5.51,-4.14,2.55,9.5,1403.0,2.29,42.0,4.3,66.7,2.29,0.0,0.0,0.0,0.0
GFS Basic,Castrol India Ltd.,2.11,44.22,6.46,1.12,0.33,76.5,17,4.03,-3.05,3.78,8.4,4724.0,2.37,40.1,17.5,75.0,1.94,0.0,0.0,100.0,9.21
GFS Advanced,Power Finance Corpor,2.21,44.47,5.89,1.09,0.37,70.6,17,4.9,-3.61,3.04,8.1,4663.0,2.4,40.9,16.8,70.6,2.4,0.0,0.0,0.0,0.0
GFS Basic,Ajanta Pharmaceutica,3.58,101.93,17.46,1.05,0.21,59.0,39,6.24,-3.91,2.45,8.4,11524.0,2.07,40.6,20.0,57.9,1.98,100.0,5.71,0.0,0.0
GFS Advanced,Castrol India Ltd.,1.52,30.23,4.12,1.02,0.37,81.8,11,3.98,-3.38,4.53,10.2,2949.0,2.64,39.8,17.5,80.0,1.99,0.0,0.0,100.0,9.21
GFS Basic,L&T Technology Servi,2.03,15.74,7.99,1.01,0.25,54.5,11,5.19,-2.88,2.05,10.4,2652.0,1.52,40.5,7.3,54.5,1.52,0.0,0.0,0.0,0.0
GFS Basic,Metropolis Healthcar,1.91,9.33,3.72,1.01,0.51,80.0,5,3.19,-3.08,3.85,10.2,1212.0,1.94,40.5,4.7,80.0,1.94,0.0,0.0,0.0,0.0
GFS Advanced,Transformers And Rec,4.64,61.17,21.31,1.0,0.22,54.5,11,14.85,-6.31,2.64,9.5,3052.0,5.23,40.9,10.5,54.5,5.23,0.0,0.0,0.0,0.0
GFS Basic,Power Finance Corpor,2.77,58.4,15.72,0.93,0.18,68.0,25,5.4,-4.86,2.18,8.8,7062.0,2.11,41.1,16.8,68.0,2.11,0.0,0.0,0.0,0.0
GFS Basic,Caplin Point Laborat,2.86,30.87,15.53,0.86,0.18,53.3,15,8.08,-4.52,1.95,10.5,3628.0,2.2,39.9,9.5,53.3,2.2,0.0,0.0,0.0,0.0
GFS Basic,HDFC Asset Managemen,2.27,12.81,6.08,0.86,0.37,62.5,8,4.69,-3.12,2.37,7.6,1876.0,1.76,41.1,5.4,62.5,1.76,0.0,0.0,0.0,0.0
GFS Advanced,Mangalore Refinery &,3.12,84.8,5.63,0.84,0.55,70.0,10,12.28,-4.97,5.05,7.5,3261.0,7.11,40.2,20.0,66.7,6.9,0.0,0.0,100.0,8.95
GFS Advanced,National Aluminium C,1.95,47.14,10.11,0.84,0.19,66.7,12,8.32,-5.48,2.87,7.4,3108.0,3.72,40.9,20.0,66.7,3.72,0.0,0.0,0.0,0.0
GFS Advanced,Engineers India Ltd.,2.36,59.17,13.07,0.83,0.18,60.0,15,8.87,-4.14,2.6,9.7,5053.0,3.67,41.8,20.0,60.0,3.67,0.0,0.0,0.0,0.0
GFS Advanced,Persistent Systems L,2.18,34.44,4.03,0.82,0.54,50.0,12,9.18,-3.48,2.54,5.2,3021.0,2.85,40.6,13.7,50.0,2.85,0.0,0.0,0.0,0.0
GFS Advanced,Kalyan Jewellers Ind,2.81,8.04,12.46,0.81,0.23,40.0,5,11.7,-4.57,1.52,7.0,1282.0,1.93,39.6,2.8,40.0,1.93,0.0,0.0,0.0,0.0
GFS Basic,IRCON International ,2.53,14.16,11.47,0.8,0.22,54.5,11,7.28,-5.42,1.48,10.0,2647.0,1.51,40.2,5.3,54.5,1.51,0.0,0.0,0.0,0.0
GFS Basic,Newgen Software Tech,2.34,14.7,11.74,0.8,0.2,62.5,8,6.66,-5.63,1.86,12.1,1896.0,2.05,42.5,5.9,62.5,2.05,0.0,0.0,0.0,0.0
GFS Advanced,Indian Energy Exchan,1.86,12.12,6.83,0.79,0.27,50.0,6,8.07,-3.62,2.03,4.7,1467.0,2.23,40.6,6.2,50.0,2.23,0.0,0.0,0.0,0.0
GFS Basic,KPIT Technologies Lt,4.16,21.22,16.28,0.79,0.26,58.3,12,8.2,-6.49,1.5,10.3,3464.0,2.08,41.4,4.7,54.5,1.82,0.0,0.0,100.0,4.95
GFS Advanced,Oil India Ltd.,1.02,15.55,7.39,0.79,0.14,63.6,11,3.99,-2.95,2.34,11.9,2592.0,1.47,40.7,14.3,63.6,1.47,0.0,0.0,0.0,0.0
GFS Advanced,360 ONE WAM Ltd.,1.54,6.76,4.57,0.75,0.34,60.0,5,4.43,-2.94,2.2,9.6,1131.0,1.48,42.0,4.3,60.0,1.48,0.0,0.0,0.0,0.0
GFS Advanced,Caplin Point Laborat,1.96,20.32,11.21,0.75,0.17,42.9,14,7.26,-2.69,1.91,6.9,3392.0,1.57,40.1,9.5,42.9,1.57,0.0,0.0,0.0,0.0
GFS Basic,JSW Energy Ltd.,1.8,28.14,14.28,0.75,0.13,60.0,10,9.36,-6.59,1.89,9.0,2635.0,2.98,40.6,13.9,60.0,2.98,0.0,0.0,0.0,0.0
GFS Advanced,Astral Ltd.,1.65,31.67,8.03,0.73,0.21,57.1,21,5.27,-3.47,1.9,9.0,5293.0,1.52,41.1,16.8,57.1,1.52,0.0,0.0,0.0,0.0
GFS Basic,Lodha Developers Ltd,2.84,7.89,8.54,0.73,0.33,60.0,5,8.4,-7.62,1.49,11.2,1162.0,1.99,40.7,2.7,60.0,1.99,0.0,0.0,0.0,0.0
GFS Advanced,Motilal Oswal Financ,1.49,27.21,17.21,0.73,0.09,60.0,10,7.88,-4.87,2.22,8.7,2595.0,2.78,38.9,16.3,60.0,2.78,0.0,0.0,0.0,0.0
GFS Basic,Coal India Ltd.,0.96,13.35,6.39,0.71,0.15,85.7,7,3.44,-6.73,3.09,13.1,1616.0,1.98,41.3,13.1,85.7,1.98,0.0,0.0,0.0,0.0
GFS Advanced,Torrent Power Ltd.,1.54,29.92,15.42,0.71,0.1,47.4,19,6.62,-2.92,1.97,8.2,4823.0,1.6,40.4,17.1,47.4,1.6,0.0,0.0,0.0,0.0
GFS Advanced,Balrampur Chini Mill,1.41,32.2,15.0,0.7,0.09,53.3,15,7.11,-3.53,2.28,7.5,3708.0,2.14,40.7,20.0,53.3,2.14,0.0,0.0,0.0,0.0
GFS Basic,K.P.R. Mill Ltd.,2.61,52.39,30.97,0.68,0.08,55.9,34,6.94,-5.25,1.41,9.7,11987.0,1.56,40.7,16.3,55.9,1.56,0.0,0.0,0.0,0.0
GFS Advanced,Vedanta Ltd.,1.69,39.62,11.59,0.67,0.15,46.2,13,10.54,-3.39,2.32,8.2,3785.0,3.04,40.6,20.0,46.2,3.04,0.0,0.0,0.0,0.0
GFS Advanced,K.P.R. Mill Ltd.,1.6,29.56,16.35,0.66,0.1,54.5,22,6.18,-4.33,1.56,8.6,6150.0,1.4,40.9,16.3,54.5,1.4,0.0,0.0,0.0,0.0
GFS Basic,The New India Assura,1.05,6.6,6.52,0.66,0.16,80.0,5,4.13,-9.01,1.66,10.6,1233.0,1.5,40.3,6.1,80.0,1.5,0.0,0.0,0.0,0.0
GFS Advanced,PI Industries Ltd.,1.15,15.47,6.91,0.64,0.17,53.8,13,5.69,-3.86,1.61,5.5,3274.0,1.29,42.0,12.5,53.8,1.29,0.0,0.0,0.0,0.0
GFS Basic,Aditya Birla Capital,0.95,6.09,5.39,0.61,0.18,66.7,9,2.96,-3.67,1.55,7.6,2121.0,0.75,41.0,6.3,62.5,0.74,0.0,0.0,100.0,0.8
GFS Advanced,Godfrey Phillips Ind,1.39,31.81,13.38,0.61,0.1,57.1,14,7.32,-4.33,2.05,9.9,3700.0,2.33,40.0,20.0,53.8,2.31,0.0,0.0,100.0,2.59
GFS Advanced,KEI Industries Ltd.,1.92,40.23,26.25,0.61,0.07,53.3,15,9.57,-4.99,1.91,8.3,4195.0,2.77,39.9,17.8,53.3,2.77,0.0,0.0,0.0,0.0
GFS Basic,Mangalore Refinery &,2.13,52.23,16.05,0.61,0.13,53.3,15,9.91,-4.15,2.37,8.0,4487.0,3.35,39.6,20.0,50.0,2.95,0.0,0.0,100.0,8.95
GFS Advanced,Godrej Industries Lt,1.48,34.06,17.21,0.58,0.09,50.0,16,8.14,-3.51,1.91,8.4,4791.0,2.31,41.0,20.0,50.0,2.31,0.0,0.0,0.0,0.0
GFS Advanced,Solar Industries Ind,1.2,23.53,15.9,0.56,0.08,66.7,24,3.96,-4.79,1.55,9.4,6167.0,1.05,41.8,17.7,66.7,1.05,0.0,0.0,0.0,0.0
GFS Basic,Bharat Heavy Electri,1.33,30.08,17.48,0.55,0.08,52.4,21,6.77,-4.21,1.81,7.3,4434.0,1.54,40.7,20.0,52.4,1.54,0.0,0.0,0.0,0.0
GFS Advanced,Bharat Dynamics Ltd.,1.42,8.47,9.15,0.54,0.16,45.5,11,6.09,-3.38,1.41,7.9,2599.0,0.93,41.3,5.8,45.5,0.93,0.0,0.0,0.0,0.0
GFS Basic,PI Industries Ltd.,1.28,17.32,17.75,0.53,0.07,47.6,21,6.36,-3.99,1.32,6.5,5753.0,0.94,41.4,12.5,50.0,1.18,0.0,-3.8,0.0,0.0
GFS Advanced,Phoenix Mills Ltd.,1.09,19.84,7.93,0.53,0.14,61.5,13,5.09,-3.91,2.03,7.1,3088.0,1.63,41.1,16.7,61.5,1.63,0.0,0.0,0.0,0.0
GFS Basic,Reliance Industries ,1.03,22.82,9.4,0.53,0.11,48.1,27,5.04,-2.93,1.56,8.7,6433.0,0.91,40.6,20.0,48.1,0.91,0.0,0.0,0.0,0.0
GFS Advanced,Sundram Fasteners Lt,1.21,27.16,15.78,0.53,0.08,42.9,14,9.09,-3.24,1.79,7.1,4140.0,2.05,40.6,20.0,42.9,2.05,0.0,0.0,0.0,0.0
GFS Advanced,Zydus Lifesciences L,0.67,14.18,6.59,0.52,0.1,64.3,14,3.17,-2.74,1.97,8.6,3457.0,1.06,41.5,19.9,64.3,1.06,0.0,0.0,0.0,0.0
GFS Advanced,Adani Ports and Spec,1.05,18.23,8.16,0.51,0.13,44.4,9,8.68,-2.98,2.19,9.3,2171.0,2.2,40.5,16.1,50.0,3.06,0.0,0.0,0.0,-4.71
GFS Advanced,Kec International Lt,1.15,25.74,17.38,0.51,0.07,52.9,17,6.54,-3.94,1.83,9.5,3979.0,1.61,40.8,20.0,52.9,1.61,0.0,0.0,0.0,0.0
GFS Basic,Transformers And Rec,2.21,25.81,37.22,0.5,0.06,44.4,18,14.22,-7.72,1.37,8.5,3829.0,2.03,40.6,10.5,44.4,2.03,0.0,0.0,0.0,0.0
GFS Basic,Aditya Birla Sun Lif,1.93,4.27,14.34,0.49,0.13,57.1,7,4.24,-3.96,1.34,9.9,1714.0,0.73,41.3,2.2,57.1,0.73,0.0,0.0,0.0,0.0
GFS Advanced,Hero MotoCorp Ltd.,0.53,11.16,7.21,0.48,0.07,57.1,14,3.28,-2.31,1.82,9.1,3192.0,0.89,40.7,20.0,57.1,0.89,0.0,0.0,0.0,0.0
GFS Advanced,Voltas Ltd.,0.9,19.64,9.6,0.48,0.09,58.8,17,4.76,-3.78,1.67,9.6,4328.0,1.24,40.7,20.0,62.5,1.56,0.0,0.0,0.0,-3.85
GFS Advanced,Blue Dart Express Lt,0.91,19.93,18.61,0.47,0.05,47.8,23,5.72,-3.3,1.53,8.2,5105.0,1.02,40.9,20.0,45.5,0.95,0.0,0.0,100.0,2.54
GFS Advanced,Elgi Equipments Ltd.,1.11,24.72,12.3,0.47,0.09,52.4,21,6.16,-4.03,1.6,9.0,4952.0,1.31,40.9,20.0,52.4,1.31,0.0,0.0,0.0,0.0
GFS Basic,Valor Estate Ltd.,1.57,24.02,21.93,0.47,0.07,46.2,13,13.52,-7.25,1.43,10.3,3253.0,2.34,39.7,13.9,46.2,2.34,0.0,0.0,0.0,0.0
GFS Basic,DCM Shriram Ltd.,1.3,29.31,19.6,0.46,0.07,61.9,21,5.75,-5.36,1.66,10.0,5254.0,1.52,41.5,20.0,60.0,1.23,100.0,7.42,0.0,0.0
GFS Advanced,Manappuram Finance L,0.78,11.16,14.48,0.46,0.05,33.3,9,8.21,-2.07,1.79,8.9,2355.0,1.36,41.3,13.5,33.3,1.36,0.0,0.0,0.0,0.0
GFS Basic,Torrent Power Ltd.,1.02,18.87,13.14,0.46,0.08,53.6,28,4.86,-3.95,1.35,8.8,6804.0,0.77,40.5,17.1,53.6,0.77,0.0,0.0,0.0,0.0
GFS Advanced,Adani Green Energy L,1.13,6.36,12.4,0.44,0.09,60.0,5,7.25,-6.72,1.42,11.2,1231.0,1.66,41.6,5.5,60.0,1.66,0.0,0.0,0.0,0.0
GFS Basic,Triveni Turbine Ltd.,1.35,17.81,18.28,0.44,0.07,43.8,16,7.9,-3.89,1.49,9.8,3893.0,1.27,42.6,12.2,43.8,1.27,0.0,0.0,0.0,0.0
GFS Advanced,Welspun Corp Ltd.,0.82,17.59,13.69,0.44,0.06,46.2,13,8.26,-4.23,1.57,7.5,3171.0,1.53,39.5,19.9,46.2,1.53,0.0,0.0,0.0,0.0
GFS Advanced,Prestige Estates Pro,1.07,15.07,10.46,0.43,0.1,50.0,16,7.11,-4.84,1.34,6.2,4118.0,1.13,38.9,13.2,50.0,1.13,0.0,0.0,0.0,0.0
GFS Advanced,Usha Martin Ltd.,0.99,21.64,18.29,0.43,0.05,46.7,15,8.99,-4.77,1.55,7.1,3600.0,1.65,41.3,20.0,46.7,1.65,0.0,0.0,0.0,0.0
GFS Basic,InterGlobe Aviation ,1.15,9.7,20.07,0.42,0.06,63.6,11,5.85,-7.08,1.37,13.3,2375.0,1.15,39.9,8.1,63.6,1.15,0.0,0.0,0.0,0.0
GFS Advanced,Kotak Mahindra Bank ,0.68,14.39,13.57,0.42,0.05,44.4,18,5.82,-3.01,1.44,7.2,4494.0,0.91,40.5,20.0,44.4,0.91,0.0,0.0,0.0,0.0
GFS Advanced,Central Depository S,0.82,5.49,9.31,0.41,0.09,62.5,8,4.17,-4.77,1.37,8.4,1876.0,0.82,40.8,6.5,62.5,0.82,0.0,0.0,0.0,0.0
GFS Basic,Engineers India Ltd.,1.09,24.24,27.03,0.41,0.04,50.0,20,8.5,-5.46,1.32,10.0,6277.0,1.52,41.2,20.0,50.0,1.52,0.0,0.0,0.0,0.0
GFS Basic,State Bank of India,0.8,17.13,11.84,0.41,0.07,56.7,30,3.84,-3.55,1.34,10.2,7634.0,0.64,40.9,20.0,55.2,0.44,0.0,0.0,100.0,6.46
GFS Advanced,HCL Technologies Ltd,0.61,12.86,14.0,0.4,0.04,50.0,16,5.46,-3.58,1.46,5.4,3680.0,0.94,40.3,20.0,50.0,0.94,0.0,0.0,0.0,0.0
GFS Basic,Oberoi Realty Ltd.,0.83,11.52,11.31,0.4,0.07,53.8,13,6.16,-4.89,1.38,10.9,3067.0,1.06,41.4,13.2,54.5,1.3,0.0,0.0,50.0,-0.24
GFS Basic,Adani Green Energy L,1.15,6.47,21.07,0.39,0.05,50.0,8,8.33,-6.06,1.23,8.8,2072.0,1.14,40.0,5.5,50.0,1.14,0.0,0.0,0.0,0.0
GFS Basic,Persistent Systems L,1.0,14.63,14.8,0.39,0.07,44.4,18,7.53,-4.24,1.31,6.2,4553.0,0.99,39.9,13.7,44.4,0.99,0.0,0.0,0.0,0.0
GFS Basic,JSW Steel Ltd.,0.87,18.94,28.07,0.38,0.03,51.7,29,5.23,-4.05,1.31,11.0,7323.0,0.75,40.6,20.0,51.7,0.75,0.0,0.0,0.0,0.0
GFS Advanced,United Breweries Ltd,0.72,11.75,16.77,0.38,0.04,50.0,12,6.45,-4.14,1.44,7.2,2946.0,1.16,41.2,15.5,50.0,1.16,0.0,0.0,0.0,0.0
GFS Advanced,IRCON International ,0.78,4.2,11.48,0.36,0.07,57.1,7,6.04,-6.07,1.22,8.9,1651.0,0.85,41.6,5.3,57.1,0.85,0.0,0.0,0.0,0.0
GFS Basic,Motilal Oswal Financ,0.84,14.51,18.74,0.36,0.04,58.8,17,6.59,-6.72,1.3,8.3,4058.0,1.11,39.3,16.3,58.8,1.11,0.0,0.0,0.0,0.0
GFS Advanced,Praj Industries Ltd.,0.59,12.57,10.69,0.35,0.06,69.2,13,4.63,-6.71,1.46,10.8,3133.0,1.14,40.2,20.0,69.2,1.14,0.0,0.0,0.0,0.0
GFS Advanced,TVS Motor Company Lt,0.85,18.35,27.82,0.35,0.03,50.0,18,8.65,-5.91,1.28,9.1,4824.0,1.37,40.4,20.0,50.0,1.37,0.0,0.0,0.0,0.0
GFS Basic,Cochin Shipyard Ltd.,0.93,6.07,11.69,0.34,0.08,44.4,9,8.92,-5.35,1.23,6.9,2051.0,0.99,39.4,6.3,44.4,0.99,0.0,0.0,0.0,0.0
GFS Basic,HCL Technologies Ltd,0.64,13.54,15.48,0.34,0.04,45.5,33,4.75,-3.02,1.24,7.1,7969.0,0.51,40.4,20.0,45.5,0.51,0.0,0.0,0.0,0.0
GFS Basic,Mahanagar Gas Ltd.,0.53,4.02,6.12,0.33,0.09,55.6,9,4.02,-3.78,1.27,5.8,2105.0,0.55,40.7,7.4,55.6,0.55,0.0,0.0,0.0,0.0
GFS Advanced,Oracle Financial Ser,0.5,10.44,11.08,0.33,0.04,55.0,20,4.02,-3.54,1.35,8.2,4463.0,0.62,41.1,20.0,52.6,0.46,0.0,0.0,100.0,3.58
GFS Basic,Hero MotoCorp Ltd.,0.5,10.54,12.05,0.32,0.04,50.0,28,3.98,-3.08,1.25,7.4,6437.0,0.45,40.6,20.0,52.0,0.63,33.3,-1.0,0.0,0.0
GFS Advanced,Oberoi Realty Ltd.,0.41,5.6,6.88,0.32,0.06,57.1,7,5.21,-4.72,1.38,7.6,1661.0,0.95,41.9,13.2,66.7,1.49,0.0,0.0,0.0,-2.23
GFS Advanced,UltraTech Cement Ltd,0.49,10.24,10.05,0.32,0.05,46.2,13,6.16,-3.49,1.43,9.0,2975.0,0.97,40.1,20.0,46.2,0.97,0.0,0.0,0.0,0.0
GFS Advanced,Birlasoft Ltd.,0.61,12.97,10.68,0.3,0.06,41.2,17,7.1,-3.4,1.37,6.1,4065.0,0.92,40.5,20.0,41.2,0.92,0.0,0.0,0.0,0.0
GFS Advanced,V-Guard Industries L,0.58,9.53,14.27,0.3,0.04,38.9,18,6.97,-3.28,1.28,7.1,3987.0,0.7,41.5,15.8,38.9,0.7,0.0,0.0,0.0,0.0
GFS Basic,Adani Ports and Spec,0.61,10.23,20.3,0.29,0.03,50.0,16,5.87,-4.21,1.31,9.9,3639.0,0.83,40.1,16.1,53.3,1.2,0.0,0.0,0.0,-4.71
GFS Advanced,PG Electroplast Ltd.,0.72,9.27,34.11,0.29,0.02,50.0,14,9.82,-7.62,1.22,8.9,2560.0,1.1,41.9,12.3,50.0,1.1,0.0,0.0,0.0,0.0
GFS Basic,Vedanta Ltd.,0.73,15.74,23.83,0.29,0.03,38.1,21,10.4,-4.68,1.2,8.0,6061.0,1.06,40.1,20.0,38.1,1.06,0.0,0.0,0.0,0.0
GFS Basic,BEML Ltd.,0.66,14.09,18.35,0.28,0.04,40.0,20,10.52,-5.26,1.22,6.2,4591.0,1.05,40.1,20.0,40.0,1.05,0.0,0.0,0.0,0.0
GFS Advanced,Divi's Laboratories ,0.41,8.61,14.26,0.28,0.03,43.8,16,5.25,-2.88,1.34,8.2,3696.0,0.67,40.5,20.0,43.8,0.67,0.0,0.0,0.0,0.0
GFS Advanced,Graphite India Ltd.,0.5,10.43,17.98,0.28,0.03,45.5,11,8.96,-5.24,1.34,6.7,2524.0,1.22,42.2,20.0,45.5,1.22,0.0,0.0,0.0,0.0
GFS Basic,Kotak Mahindra Bank ,0.59,12.4,21.7,0.28,0.03,42.9,35,6.09,-3.66,1.16,7.5,8542.0,0.52,40.1,20.0,42.4,0.51,0.0,0.0,50.0,0.68
GFS Advanced,Newgen Software Tech,0.53,3.18,11.74,0.28,0.04,50.0,6,6.91,-5.43,1.2,11.3,1341.0,0.74,42.5,5.9,50.0,0.74,0.0,0.0,0.0,0.0
GFS Advanced,Tata Elxsi Ltd.,0.46,9.68,14.26,0.28,0.03,53.3,15,5.47,-4.54,1.32,7.4,3289.0,0.8,40.2,20.0,53.3,0.8,0.0,0.0,0.0,0.0
GFS Advanced,UTI Asset Management,0.41,1.32,5.83,0.28,0.07,60.0,5,2.63,-3.12,1.23,7.2,1101.0,0.33,39.5,3.2,60.0,0.33,0.0,0.0,0.0,0.0
GFS Basic,Trent Ltd.,0.57,12.11,18.43,0.27,0.03,51.6,31,5.29,-4.51,1.17,9.2,7426.0,0.55,41.2,20.0,51.6,0.55,0.0,0.0,0.0,0.0
GFS Basic,Bank of India,0.42,8.71,15.21,0.26,0.03,50.0,10,8.51,-6.2,1.28,9.2,2348.0,1.16,38.9,20.0,50.0,1.16,0.0,0.0,0.0,0.0
GFS Advanced,Hindustan Aeronautic,0.52,3.02,9.51,0.26,0.06,55.6,9,3.88,-3.86,1.21,11.0,1975.0,0.44,41.6,5.7,55.6,0.44,0.0,0.0,0.0,0.0
GFS Basic,Eris Lifesciences Lt,0.44,2.89,7.89,0.25,0.06,60.0,10,3.15,-3.78,1.2,6.9,2281.0,0.38,41.2,6.5,60.0,0.38,0.0,0.0,0.0,0.0
GFS Basic,General Insurance Co,0.61,3.83,12.1,0.25,0.05,42.9,7,9.65,-5.69,1.16,9.9,1651.0,0.89,41.1,6.2,42.9,0.89,0.0,0.0,0.0,0.0
GFS Basic,Navin Fluorine Inter,0.6,10.43,28.34,0.25,0.02,52.9,34,5.18,-4.82,1.13,12.2,8023.0,0.47,40.8,16.5,52.9,0.47,0.0,0.0,0.0,0.0
GFS Advanced,SJVN Ltd.,0.45,6.28,17.25,0.25,0.03,57.1,14,4.11,-4.13,1.26,8.6,3182.0,0.58,40.6,13.6,57.1,0.58,0.0,0.0,0.0,0.0
GFS Basic,GAIL (India) Ltd.,0.43,9.02,22.03,0.24,0.02,46.2,26,5.43,-3.78,1.16,8.8,6469.0,0.47,41.2,20.0,46.2,0.47,0.0,0.0,0.0,0.0
GFS Basic,Hindustan Copper Ltd,0.55,7.87,21.11,0.24,0.03,33.3,9,14.97,-5.35,1.21,9.7,2373.0,1.42,40.0,13.9,33.3,1.42,0.0,0.0,0.0,0.0
GFS Advanced,Polycab India Ltd.,0.35,1.66,4.93,0.24,0.07,42.9,7,4.4,-2.77,1.16,5.7,1556.0,0.3,39.6,4.7,42.9,0.3,0.0,0.0,0.0,0.0
GFS Advanced,Apar Industries Ltd.,0.44,9.0,19.17,0.23,0.02,50.0,26,4.59,-3.56,1.21,6.7,5607.0,0.52,40.2,19.4,50.0,0.52,0.0,0.0,0.0,0.0
GFS Advanced,Bajaj Auto Ltd.,0.27,5.51,11.62,0.23,0.02,53.3,15,3.46,-3.0,1.27,10.7,3384.0,0.44,41.6,20.0,57.1,0.66,0.0,0.0,0.0,-2.66
GFS Basic,Sundram Fasteners Lt,0.46,9.6,18.44,0.23,0.02,42.1,19,7.73,-4.33,1.18,8.5,4940.0,0.75,41.1,20.0,42.1,0.75,0.0,0.0,0.0,0.0
GFS Advanced,DCM Shriram Ltd.,0.44,9.06,12.66,0.22,0.03,43.8,16,6.71,-3.84,1.24,7.6,4014.0,0.78,41.5,20.0,43.8,0.78,0.0,0.0,0.0,0.0
GFS Advanced,GE Vernova T&D India,0.37,6.35,14.32,0.22,0.03,50.0,14,5.7,-4.41,1.21,7.6,3157.0,0.64,39.4,16.5,50.0,0.64,0.0,0.0,0.0,0.0
GFS Basic,Tata Elxsi Ltd.,0.42,8.76,18.83,0.22,0.02,53.8,26,5.17,-5.0,1.14,10.3,6062.0,0.47,39.0,20.0,53.8,0.47,0.0,0.0,0.0,0.0
GFS Basic,United Breweries Ltd,0.4,6.41,19.01,0.22,0.02,42.1,19,6.44,-3.85,1.15,6.4,4353.0,0.49,40.9,15.5,42.1,0.49,0.0,0.0,0.0,0.0
GFS Basic,Divi's Laboratories ,0.41,8.5,23.42,0.21,0.02,48.5,33,4.9,-3.87,1.12,8.5,8000.0,0.39,40.8,20.0,50.0,0.76,0.0,-11.72,0.0,0.0
GFS Basic,Godrej Industries Lt,0.44,9.21,32.78,0.21,0.01,47.8,23,8.28,-6.03,1.11,10.1,5967.0,0.81,40.7,20.0,47.8,0.81,0.0,0.0,0.0,0.0
GFS Basic,Intellect Design Are,0.39,3.59,17.65,0.21,0.02,37.5,8,9.48,-4.57,1.15,5.9,1951.0,0.7,40.9,9.0,37.5,0.7,0.0,0.0,0.0,0.0
GFS Advanced,Triveni Turbine Ltd.,0.34,4.29,14.12,0.21,0.02,44.4,9,6.07,-3.73,1.23,11.3,2129.0,0.63,42.7,12.2,44.4,0.63,0.0,0.0,0.0,0.0
GFS Advanced,BEML Ltd.,0.35,7.33,14.42,0.2,0.02,46.2,13,8.03,-5.23,1.2,4.7,3021.0,0.89,40.8,20.0,46.2,0.89,0.0,0.0,0.0,0.0
GFS Advanced,Gillette India Ltd.,0.34,7.01,14.26,0.2,0.02,35.7,14,7.22,-2.89,1.26,5.5,3414.0,0.72,41.3,20.0,38.5,0.8,0.0,0.0,0.0,-0.26
GFS Advanced,Alembic Pharmaceutic,0.33,4.08,17.49,0.19,0.02,45.5,11,6.9,-4.73,1.13,7.0,2852.0,0.55,41.1,12.3,45.5,0.55,0.0,0.0,0.0,0.0
GFS Basic,Mahindra & Mahindra ,0.28,5.79,22.07,0.19,0.01,52.9,34,3.67,-3.56,1.1,7.6,7647.0,0.27,40.9,20.0,54.5,0.33,0.0,0.0,0.0,-1.82
GFS Basic,Muthoot Finance Ltd.,0.34,4.41,26.23,0.19,0.01,51.7,29,4.95,-4.67,1.07,9.6,6703.0,0.3,41.3,12.6,51.7,0.3,0.0,0.0,0.0,0.0
GFS Basic,NMDC Ltd.,0.22,3.58,12.77,0.19,0.02,50.0,10,4.4,-3.48,1.2,6.7,2457.0,0.46,42.2,15.8,55.6,1.03,0.0,0.0,0.0,-4.63
GFS Basic,TVS Motor Company Lt,0.37,7.62,24.5,0.19,0.02,55.2,29,6.52,-6.71,1.08,11.6,7319.0,0.59,40.8,20.0,55.2,0.59,0.0,0.0,0.0,0.0
GFS Basic,Cholamandalam Invest,0.3,6.13,15.76,0.18,0.02,46.7,30,5.57,-4.19,1.09,7.7,7119.0,0.36,40.9,20.0,46.7,0.36,0.0,0.0,0.0,0.0
GFS Basic,Cummins India Ltd.,0.31,6.34,38.53,0.18,0.01,51.4,35,5.7,-5.25,1.07,9.5,8537.0,0.38,40.1,20.0,51.4,0.38,0.0,0.0,0.0,0.0
GFS Advanced,Fortis Healthcare Lt,0.19,3.18,6.92,0.18,0.03,54.5,11,3.91,-3.85,1.17,6.4,2534.0,0.38,39.3,16.6,54.5,0.38,0.0,0.0,0.0,0.0
GFS Advanced,SBI Life Insurance C,0.13,0.79,3.12,0.18,0.04,66.7,6,1.51,-2.54,1.16,7.7,1347.0,0.16,40.8,6.2,80.0,0.85,0.0,0.0,0.0,-3.29
GFS Advanced,eClerx Services Ltd.,0.3,4.89,8.66,0.18,0.03,40.0,15,6.37,-3.46,1.15,6.8,3650.0,0.47,40.9,15.8,40.0,0.47,0.0,0.0,0.0,0.0
GFS Advanced,India Cements Ltd.,0.25,5.19,12.05,0.17,0.02,47.1,17,4.8,-3.42,1.17,8.4,3909.0,0.44,41.1,20.0,47.1,0.44,0.0,0.0,0.0,0.0
GFS Basic,KEI Industries Ltd.,0.27,4.86,42.82,0.17,0.01,51.9,27,6.52,-5.97,1.05,7.9,6980.0,0.51,40.7,17.8,51.9,0.51,0.0,0.0,0.0,0.0
GFS Basic,Oil India Ltd.,0.2,2.83,12.02,0.17,0.02,43.8,16,3.99,-2.66,1.13,9.7,3426.0,0.25,40.5,14.3,43.8,0.25,0.0,0.0,0.0,0.0
GFS Advanced,Poly Medicure Ltd.,0.24,2.91,9.89,0.17,0.02,46.7,15,4.32,-3.21,1.11,6.7,3535.0,0.3,40.0,12.0,46.7,0.3,0.0,0.0,0.0,0.0
GFS Advanced,Reliance Industries ,0.2,4.06,10.96,0.17,0.02,40.0,15,5.5,-3.02,1.16,8.1,3283.0,0.39,40.7,20.0,40.0,0.39,0.0,0.0,0.0,0.0
GFS Advanced,Bank of India,0.17,3.54,9.5,0.16,0.02,42.9,7,7.39,-4.32,1.2,6.4,1640.0,0.7,40.0,20.0,42.9,0.7,0.0,0.0,0.0,0.0
GFS Advanced,Coforge Ltd.,0.27,5.36,22.1,0.16,0.01,41.7,24,6.9,-4.22,1.09,7.7,5653.0,0.41,41.0,19.4,41.7,0.41,0.0,0.0,0.0,0.0
GFS Advanced,Lupin Ltd.,0.22,4.52,11.77,0.16,0.02,50.0,22,3.85,-3.28,1.12,8.1,5215.0,0.28,41.1,20.0,50.0,0.28,0.0,0.0,0.0,0.0
GFS Basic,Maharashtra Seamless,0.23,4.67,24.55,0.16,0.01,42.9,21,5.45,-3.42,1.12,9.2,4519.0,0.38,40.8,20.0,45.0,0.63,0.0,0.0,0.0,-4.58
GFS Advanced,Shyam Metalics and E,0.25,0.64,5.96,0.16,0.04,33.3,6,4.53,-2.04,1.08,3.8,1387.0,0.15,39.2,2.5,33.3,0.15,0.0,0.0,0.0,0.0
GFS Basic,Tube Investments of ,0.23,1.41,10.09,0.16,0.02,33.3,15,8.47,-3.8,1.04,6.7,3437.0,0.29,40.3,6.1,33.3,0.29,0.0,0.0,0.0,0.0
GFS Basic,HFCL Ltd.,0.21,4.18,30.61,0.15,0.01,46.2,13,10.87,-7.82,1.08,7.8,3012.0,0.81,41.3,20.0,46.2,0.81,0.0,0.0,0.0,0.0
GFS Advanced,Karur Vysya Bank Ltd,0.21,4.26,14.15,0.15,0.01,56.2,16,3.53,-3.71,1.17,12.3,3489.0,0.36,41.4,20.0,56.2,0.36,0.0,0.0,0.0,0.0
GFS Advanced,Pfizer Ltd.,0.18,3.63,11.41,0.15,0.02,47.4,19,4.18,-3.23,1.12,8.9,4129.0,0.28,39.7,20.0,47.4,0.28,0.0,0.0,0.0,0.0
GFS Basic,V-Guard Industries L,0.21,3.33,14.8,0.14,0.01,43.5,23,5.67,-3.82,1.07,7.2,5196.0,0.31,41.4,15.8,43.5,0.31,0.0,0.0,0.0,0.0
GFS Advanced,Granules India Ltd.,0.18,3.47,16.24,0.13,0.01,38.5,13,8.28,-4.36,1.1,9.5,3061.0,0.5,40.1,18.5,38.5,0.5,0.0,0.0,0.0,0.0
GFS Advanced,The Ramco Cements Lt,0.15,3.01,12.4,0.13,0.01,43.8,16,4.02,-2.66,1.13,8.4,3670.0,0.26,41.1,20.0,43.8,0.26,0.0,0.0,0.0,0.0
GFS Advanced,CG Power and Industr,0.13,2.67,23.94,0.12,0.01,38.1,21,7.98,-4.38,1.04,8.1,5112.0,0.33,40.5,20.0,38.1,0.33,0.0,0.0,0.0,0.0
GFS Basic,Cholamandalam Financ,0.12,2.38,19.32,0.12,0.01,52.9,34,4.59,-4.72,1.03,8.5,8577.0,0.21,41.1,20.0,51.5,-0.04,100.0,8.47,0.0,0.0
GFS Advanced,Exide Industries Ltd,0.16,3.22,26.74,0.12,0.01,35.0,20,8.31,-3.89,1.06,4.6,4779.0,0.38,41.5,20.0,31.6,0.36,0.0,0.0,100.0,0.71
GFS Advanced,HFCL Ltd.,0.15,2.95,21.01,0.12,0.01,37.5,8,11.83,-5.87,1.11,6.0,1768.0,0.77,41.7,20.0,37.5,0.77,0.0,0.0,0.0,0.0
GFS Advanced,Kirloskar Brothers L,0.13,2.28,12.41,0.12,0.01,54.5,11,4.43,-4.52,1.11,7.0,2378.0,0.36,41.5,17.7,54.5,0.36,0.0,0.0,0.0,0.0
GFS Advanced,REC Ltd.,0.14,2.2,14.05,0.12,0.01,50.0,12,4.42,-3.78,1.1,6.9,2693.0,0.32,41.0,15.8,50.0,0.32,0.0,0.0,0.0,0.0
GFS Advanced,Sonata Software Ltd.,0.15,3.03,14.26,0.12,0.01,33.3,15,10.42,-4.4,1.07,8.9,3338.0,0.54,40.6,20.0,35.7,0.85,0.0,0.0,0.0,-3.79
GFS Basic,Aditya Birla Real Es,0.08,1.54,24.99,0.11,0.0,50.0,16,6.48,-5.86,1.04,11.3,3469.0,0.31,40.2,20.0,53.3,0.67,0.0,0.0,0.0,-5.05
GFS Basic,IndusInd Bank Ltd.,0.13,2.61,14.22,0.11,0.01,59.3,27,2.81,-3.66,1.07,8.4,5795.0,0.17,41.3,20.0,60.0,-0.02,0.0,0.0,50.0,2.62
GFS Basic,Ipca Laboratories Lt,0.11,2.16,23.15,0.11,0.0,43.8,32,5.89,-4.14,1.03,12.2,6850.0,0.25,39.9,20.0,40.0,0.07,0.0,0.0,100.0,2.84
GFS Basic,Berger Paints India ,0.08,1.67,19.83,0.1,0.0,50.0,30,4.28,-3.93,1.03,7.9,6469.0,0.17,41.6,20.0,48.3,0.12,0.0,0.0,100.0,1.73
GFS Basic,Birlasoft Ltd.,0.04,0.9,29.39,0.1,0.0,46.2,26,5.84,-4.59,1.01,8.0,5755.0,0.22,40.6,20.0,46.2,0.22,0.0,0.0,0.0,0.0
GFS Advanced,Fertilisers and Chem,0.06,1.29,25.86,0.1,0.0,35.7,14,12.43,-5.82,1.03,8.1,2999.0,0.7,40.2,20.0,35.7,0.7,0.0,0.0,0.0,0.0
GFS Basic,NCC Ltd.,-0.04,-0.75,35.48,0.1,-0.0,50.0,28,8.22,-7.49,0.99,9.4,5727.0,0.37,40.7,20.0,46.2,0.18,100.0,2.66,100.0,3.03
GFS Basic,Asian Paints Ltd.,0.05,1.09,17.27,0.09,0.0,44.7,38,4.25,-3.21,1.02,8.6,9332.0,0.12,40.9,20.0,44.7,0.12,0.0,0.0,0.0,0.0
GFS Advanced,Indian Hotels Co. Lt,0.07,1.48,17.69,0.09,0.0,40.0,20,4.7,-2.87,1.04,6.8,4960.0,0.16,40.2,20.0,40.0,0.16,0.0,0.0,0.0,0.0
GFS Advanced,ABB India Ltd.,0.06,1.25,15.8,0.08,0.0,50.0,16,3.98,-3.58,1.05,7.4,3492.0,0.2,41.9,20.0,50.0,0.2,0.0,0.0,0.0,0.0
GFS Basic,Apar Industries Ltd.,-0.08,-1.59,31.96,0.08,-0.0,52.8,36,5.07,-5.34,0.98,8.0,6901.0,0.15,40.7,19.4,54.3,0.34,0.0,-6.28,0.0,0.0
GFS Basic,Bajaj Auto Ltd.,0.05,0.94,15.98,0.08,0.0,54.1,37,3.43,-3.77,1.02,11.1,7878.0,0.12,41.3,20.0,51.4,0.01,100.0,1.17,100.0,2.92
GFS Basic,Elgi Equipments Ltd.,0.0,0.07,28.6,0.08,0.0,46.7,30,5.56,-4.49,1.0,10.7,6650.0,0.2,40.4,20.0,48.3,0.3,0.0,0.0,0.0,-2.77
GFS Basic,Federal Bank Ltd.,0.05,0.93,30.48,0.08,0.0,45.8,24,5.5,-4.28,1.02,10.3,5741.0,0.2,40.9,20.0,45.8,0.2,0.0,0.0,0.0,0.0
GFS Advanced,Glaxosmithkline Phar,0.07,1.37,14.01,0.08,0.0,42.9,21,4.14,-2.85,1.04,8.7,4644.0,0.15,40.4,20.0,45.0,0.28,0.0,0.0,0.0,-2.47
GFS Basic,Tata Power Co. Ltd.,0.04,0.7,22.93,0.08,0.0,50.0,22,5.24,-4.8,1.01,9.3,5606.0,0.22,40.9,20.0,50.0,0.22,0.0,0.0,0.0,0.0
GFS Basic,Torrent Pharmaceutic,0.02,0.35,29.93,0.08,0.0,52.6,38,3.94,-4.23,0.98,10.0,8542.0,0.07,41.4,20.0,51.4,0.02,100.0,1.95,0.0,0.0
GFS Advanced,Trent Ltd.,0.05,0.98,17.22,0.08,0.0,45.0,20,5.75,-4.28,1.02,7.3,4560.0,0.24,40.9,20.0,45.0,0.24,0.0,0.0,0.0,0.0
GFS Basic,CG Power and Industr,-0.33,-6.34,41.8,0.07,-0.01,31.4,35,11.65,-5.01,0.96,8.9,9570.0,0.23,40.3,20.0,32.4,0.3,0.0,0.0,0.0,-2.38
GFS Basic,H.E.G. Ltd.,-0.03,-0.69,25.74,0.07,-0.0,40.0,20,8.59,-5.28,0.99,6.4,5030.0,0.27,40.1,20.0,40.0,0.27,0.0,0.0,0.0,0.0
GFS Advanced,Himadri Speciality C,-0.04,-0.69,22.17,0.07,-0.0,46.2,13,7.69,-6.15,0.98,8.8,3144.0,0.24,41.1,16.8,46.2,0.24,0.0,0.0,0.0,0.0
GFS Advanced,Intellect Design Are,0.03,0.27,9.39,0.07,0.0,40.0,5,8.86,-5.44,1.02,3.0,1156.0,0.28,41.8,9.0,40.0,0.28,0.0,0.0,0.0,0.0
GFS Advanced,Larsen & Toubro Ltd.,0.03,0.5,12.55,0.06,0.0,47.4,19,3.36,-2.87,1.02,7.5,4458.0,0.08,41.2,20.0,47.4,0.08,0.0,0.0,0.0,0.0
GFS Advanced,Siemens Ltd.,0.01,0.2,28.07,0.06,0.0,44.4,18,5.58,-4.19,1.01,6.8,3608.0,0.15,41.5,20.0,44.4,0.15,0.0,0.0,0.0,0.0
GFS Basic,Kec International Lt,-0.06,-1.12,20.39,0.05,-0.0,50.0,24,5.22,-4.99,0.98,9.5,5220.0,0.12,40.0,20.0,52.2,0.25,0.0,0.0,0.0,-2.85
GFS Basic,Kirloskar Oil Eng Lt,-0.01,-0.27,26.82,0.05,-0.0,47.6,21,4.72,-4.09,0.99,11.6,4844.0,0.1,41.8,20.0,50.0,0.35,0.0,-4.85,0.0,0.0
GFS Advanced,Multi Commodity Exch,0.02,0.19,9.55,0.05,0.0,40.0,10,5.04,-3.18,1.01,7.5,2201.0,0.11,40.9,11.8,40.0,0.11,0.0,0.0,0.0,0.0
GFS Basic,Sobha Ltd.,-0.09,-1.58,33.8,0.05,-0.0,40.9,22,7.9,-5.12,0.97,8.0,4075.0,0.2,41.9,17.0,42.9,0.45,0.0,-4.96,0.0,0.0
GFS Advanced,Bajaj Finance Ltd.,-0.04,-0.87,22.15,0.04,-0.0,47.4,19,4.34,-3.78,0.98,6.6,4732.0,0.07,41.5,20.0,50.0,0.23,0.0,0.0,0.0,-2.95
GFS Basic,Chennai Petroleum Co,-0.22,-4.3,28.3,0.04,-0.01,40.9,22,8.8,-5.78,0.93,7.0,4294.0,0.18,41.6,20.0,42.1,0.66,100.0,1.82,0.0,-5.2
GFS Advanced,Maharashtra Seamless,-0.01,-0.23,13.3,0.04,-0.0,42.9,14,5.73,-4.04,0.99,7.9,3167.0,0.15,41.0,20.0,46.2,0.43,0.0,0.0,0.0,-3.6
GFS Advanced,Olectra Greentech Lt,-0.03,-0.58,16.66,0.04,-0.0,50.0,10,7.47,-7.01,0.98,7.1,2167.0,0.23,40.8,20.0,50.0,0.23,0.0,0.0,0.0,0.0
GFS Basic,Siemens Ltd.,-0.1,-1.9,34.4,0.04,-0.0,50.0,30,5.2,-4.99,0.97,8.8,5648.0,0.1,40.7,20.0,50.0,0.1,0.0,0.0,0.0,0.0
GFS Advanced,BASF India Ltd.,-0.12,-2.4,16.66,0.03,-0.01,38.1,21,7.66,-4.54,0.96,5.6,4801.0,0.11,40.0,20.0,42.1,0.57,0.0,0.0,0.0,-4.31
GFS Advanced,Chennai Petroleum Co,-0.04,-0.81,23.33,0.03,-0.0,46.2,13,6.01,-4.9,0.97,8.1,2654.0,0.14,40.5,20.0,50.0,0.65,0.0,0.0,0.0,-6.02
GFS Basic,Himadri Speciality C,-0.21,-3.53,19.47,0.03,-0.01,44.4,18,7.06,-5.58,0.94,8.3,4138.0,0.04,41.1,16.8,44.4,0.04,0.0,0.0,0.0,0.0
GFS Basic,Pfizer Ltd.,-0.03,-0.54,14.9,0.03,-0.0,50.0,28,3.54,-3.43,0.99,8.2,5893.0,0.06,40.0,20.0,50.0,0.06,0.0,0.0,0.0,0.0
GFS Advanced,Aditya Birla Real Es,-0.16,-3.06,19.46,0.02,-0.01,44.4,9,7.06,-5.83,0.88,9.9,1823.0,-0.1,40.8,20.0,44.4,-0.1,0.0,0.0,0.0,0.0
GFS Advanced,Jaiprakash Power Ven,-0.16,-3.0,29.67,0.02,-0.01,42.9,7,12.01,-8.77,0.91,4.1,1473.0,0.13,41.0,18.7,42.9,0.13,0.0,0.0,0.0,0.0
GFS Advanced,NCC Ltd.,-0.11,-2.2,21.52,0.02,-0.01,33.3,12,9.98,-4.86,0.95,8.8,2951.0,0.08,41.1,20.0,33.3,0.08,0.0,0.0,0.0,0.0
GFS Advanced,Punjab National Bank,-0.02,-0.37,12.92,0.02,-0.0,40.0,10,4.84,-3.11,0.98,11.6,2166.0,0.07,41.3,20.0,40.0,0.07,0.0,0.0,0.0,0.0
GFS Advanced,Valor Estate Ltd.,-0.16,-2.15,16.18,0.02,-0.01,42.9,7,13.04,-9.27,0.94,7.7,1559.0,0.29,39.0,13.9,42.9,0.29,0.0,0.0,0.0,0.0
GFS Advanced,Berger Paints India ,-0.06,-1.2,9.59,0.01,-0.01,50.0,18,4.06,-4.0,0.96,8.8,3976.0,0.03,41.0,20.0,50.0,0.03,0.0,0.0,0.0,0.0
GFS Advanced,Bharat Heavy Electri,-0.06,-1.22,14.08,0.01,-0.0,38.5,13,6.24,-3.79,0.96,5.6,2731.0,0.07,40.1,20.0,38.5,0.07,0.0,0.0,0.0,0.0
GFS Advanced,Cholamandalam Financ,-0.12,-2.44,12.25,0.01,-0.01,47.8,23,4.64,-4.27,0.95,7.3,5404.0,-0.01,41.2,20.0,47.8,-0.01,0.0,0.0,0.0,0.0
GFS Advanced,Firstsource Solution,-0.11,-1.77,27.36,0.01,-0.0,40.0,15,7.56,-4.87,0.96,7.3,3197.0,0.1,42.4,16.8,40.0,0.1,0.0,0.0,0.0,0.0
GFS Advanced,JSW Steel Ltd.,-0.1,-2.0,16.44,0.01,-0.01,42.1,19,4.91,-3.58,0.95,9.9,4168.0,-0.01,40.8,20.0,42.1,-0.01,0.0,0.0,0.0,0.0
GFS Basic,NHPC Ltd.,-0.16,-2.24,20.2,0.01,-0.01,47.6,21,4.08,-3.73,0.94,8.0,4310.0,-0.01,40.6,14.3,50.0,0.25,0.0,0.0,0.0,-5.18
GFS Advanced,Hindalco Industries ,-0.07,-1.47,10.97,0.0,-0.01,38.5,13,6.95,-4.25,0.96,7.8,3059.0,0.06,41.4,20.0,38.5,0.06,0.0,0.0,0.0,0.0
GFS Advanced,Mahindra & Mahindra ,-0.05,-1.01,14.52,0.0,-0.0,47.1,17,3.58,-3.14,0.96,6.6,3774.0,0.02,40.8,20.0,47.1,0.02,0.0,0.0,0.0,0.0
GFS Basic,Sammaan Capital Ltd.,-0.15,-1.53,13.99,0.0,-0.01,44.4,9,5.69,-4.59,0.93,10.0,2065.0,-0.02,41.2,10.4,44.4,-0.02,0.0,0.0,0.0,0.0
GFS Advanced,Tata Steel Ltd.,-0.04,-0.72,11.66,0.0,-0.0,40.0,10,5.11,-3.37,0.96,6.9,2184.0,0.02,40.3,20.0,40.0,0.02,0.0,0.0,0.0,0.0
GFS Basic,Firstsource Solution,-0.21,-3.48,27.83,-0.01,-0.01,50.0,22,5.77,-5.69,0.94,8.5,4928.0,0.04,41.8,16.8,50.0,0.04,0.0,0.0,0.0,0.0
GFS Basic,Gillette India Ltd.,-0.2,-3.83,23.06,-0.01,-0.01,34.8,23,6.76,-3.65,0.93,6.3,5388.0,-0.03,41.2,20.0,36.4,-0.02,0.0,0.0,0.0,-0.26
GFS Basic,Indraprastha Gas Ltd,-0.16,-3.19,16.54,-0.01,-0.01,51.7,29,4.33,-4.63,0.95,8.0,6733.0,0.0,40.6,20.0,51.7,0.0,0.0,0.0,0.0,0.0
GFS Basic,Kirloskar Brothers L,-0.2,-3.52,14.16,-0.01,-0.01,46.7,15,5.58,-5.03,0.91,10.4,3261.0,-0.08,40.5,17.7,46.7,-0.08,0.0,0.0,0.0,0.0
GFS Basic,Narayana Hrudayalaya,-0.19,-1.47,13.61,-0.01,-0.01,54.5,11,3.61,-4.45,0.93,10.6,2561.0,-0.05,40.8,8.0,54.5,-0.05,0.0,0.0,0.0,0.0
GFS Basic,Olectra Greentech Lt,-0.24,-4.62,21.34,-0.01,-0.01,36.8,19,8.54,-5.0,0.92,8.2,4055.0,-0.01,40.2,20.0,33.3,-0.62,0.0,0.0,100.0,10.94
GFS Basic,Radico Khaitan Ltd,-0.32,-6.27,21.98,-0.01,-0.01,50.0,32,5.4,-5.45,0.92,10.9,6557.0,-0.02,40.7,20.0,48.4,-0.13,100.0,3.22,0.0,0.0
GFS Basic,DLF Ltd.,-0.24,-3.92,23.93,-0.02,-0.01,46.7,15,6.29,-5.68,0.91,8.7,3274.0,-0.09,39.9,16.4,42.9,-0.47,0.0,0.0,100.0,5.17
GFS Advanced,Muthoot Finance Ltd.,-0.19,-2.38,16.91,-0.02,-0.01,56.2,16,3.96,-5.11,0.93,6.9,3365.0,-0.01,40.8,12.6,56.2,-0.01,0.0,0.0,0.0,0.0
GFS Advanced,Wockhardt Ltd.,-0.18,-3.56,18.04,-0.02,-0.01,33.3,15,8.13,-4.15,0.91,6.1,3356.0,-0.06,40.8,20.0,33.3,-0.06,0.0,0.0,0.0,0.0
GFS Basic,Alkyl Amines Chemica,-0.42,-6.6,29.14,-0.03,-0.01,38.1,21,7.9,-5.01,0.89,7.0,4450.0,-0.09,41.3,16.1,38.1,-0.09,0.0,0.0,0.0,0.0
GFS Basic,Balrampur Chini Mill,-0.38,-7.27,29.7,-0.03,-0.01,48.0,25,6.13,-5.85,0.89,7.7,5245.0,-0.1,40.2,20.0,45.8,-0.14,0.0,0.0,100.0,0.73
GFS Basic,Exide Industries Ltd,-0.35,-6.85,33.05,-0.03,-0.01,39.3,28,6.44,-4.27,0.91,7.6,6828.0,-0.06,40.9,20.0,37.0,-0.09,0.0,0.0,100.0,0.71
GFS Basic,Ramkrishna Forgings ,-0.44,-8.28,34.18,-0.03,-0.01,48.1,27,6.39,-6.1,0.88,8.8,4946.0,-0.09,41.1,19.6,48.1,-0.09,0.0,0.0,0.0,0.0
GFS Advanced,Samvardhana Motherso,-0.24,-4.67,16.96,-0.03,-0.01,36.4,22,6.65,-3.93,0.91,7.5,5035.0,-0.08,41.2,20.0,36.4,-0.08,0.0,0.0,0.0,0.0
GFS Advanced,Federal Bank Ltd.,-0.14,-2.67,19.86,-0.04,-0.01,41.2,17,4.77,-3.45,0.92,7.7,3981.0,-0.07,40.7,20.0,41.2,-0.07,0.0,0.0,0.0,0.0
GFS Advanced,GMR Airports Ltd.,-0.22,-3.68,16.83,-0.04,-0.01,28.6,7,12.5,-5.31,0.86,8.6,1575.0,-0.22,40.8,17.4,28.6,-0.22,0.0,0.0,0.0,0.0
GFS Advanced,Minda Corporation Lt,-0.18,-2.07,13.29,-0.04,-0.01,63.6,11,2.95,-5.46,0.9,9.5,2463.0,-0.11,40.4,11.3,63.6,-0.11,0.0,0.0,0.0,0.0
GFS Basic,National Aluminium C,-0.36,-7.04,20.9,-0.04,-0.02,41.7,24,8.25,-5.91,0.91,8.0,4998.0,-0.01,40.3,20.0,39.1,-0.01,100.0,0.07,0.0,0.0
GFS Advanced,Welspun Living Ltd.,-0.28,-5.38,18.28,-0.04,-0.02,35.3,17,8.6,-4.86,0.9,5.7,3781.0,-0.11,41.6,20.0,35.3,-0.11,0.0,0.0,0.0,0.0
GFS Advanced,Carborundum Universa,-0.22,-4.36,24.76,-0.05,-0.01,50.0,20,4.46,-4.65,0.89,8.0,3930.0,-0.09,40.4,20.0,47.4,-0.43,0.0,0.0,100.0,6.19
GFS Advanced,IFCI Ltd.,-0.38,-7.33,34.05,-0.05,-0.01,28.6,14,11.06,-4.82,0.84,7.2,3082.0,-0.29,42.0,20.0,30.8,-0.12,0.0,0.0,0.0,-2.49
GFS Advanced,Ambuja Cements Ltd.,-0.12,-2.41,8.15,-0.06,-0.01,50.0,14,3.24,-3.48,0.9,6.9,3156.0,-0.12,42.0,20.0,41.7,-0.8,0.0,0.0,100.0,3.96
GFS Advanced,GAIL (India) Ltd.,-0.18,-3.45,16.64,-0.06,-0.01,40.0,15,5.21,-3.7,0.9,5.8,3596.0,-0.13,41.2,20.0,40.0,-0.13,0.0,0.0,0.0,0.0
GFS Basic,Oracle Financial Ser,-0.22,-4.32,12.83,-0.06,-0.02,52.0,25,3.8,-4.28,0.91,7.9,5289.0,-0.08,41.4,20.0,50.0,-0.23,0.0,0.0,100.0,3.58
GFS Advanced,Yes Bank Ltd.,-0.19,-3.43,19.77,-0.06,-0.01,40.0,10,5.97,-4.37,0.87,7.1,2263.0,-0.23,39.9,18.5,40.0,-0.23,0.0,0.0,0.0,0.0
GFS Basic,Blue Dart Express Lt,-0.36,-6.92,34.23,-0.07,-0.01,43.3,30,5.36,-4.23,0.88,9.6,5556.0,-0.07,40.1,20.0,42.9,-0.03,0.0,0.0,50.0,-0.67
GFS Advanced,MphasiS Ltd.,-0.25,-4.84,19.45,-0.07,-0.01,38.5,13,5.64,-3.97,0.85,7.1,3150.0,-0.27,41.0,20.0,38.5,-0.27,0.0,0.0,0.0,0.0
GFS Basic,SJVN Ltd.,-0.34,-4.49,19.56,-0.07,-0.02,50.0,20,3.68,-3.96,0.88,8.6,4417.0,-0.14,40.6,13.6,50.0,-0.14,0.0,0.0,0.0,0.0
GFS Advanced,Sarda Energy and Min,-0.38,-5.25,16.74,-0.07,-0.02,54.5,11,5.64,-7.3,0.85,8.4,2491.0,-0.24,41.1,14.0,54.5,-0.24,0.0,0.0,0.0,0.0
GFS Advanced,Tata Consumer Produc,-0.18,-3.57,15.16,-0.07,-0.01,46.7,15,4.4,-4.1,0.89,8.4,3313.0,-0.14,41.2,20.0,46.7,-0.14,0.0,0.0,0.0,0.0
GFS Basic,REC Ltd.,-0.4,-6.07,26.83,-0.08,-0.01,61.9,21,3.59,-6.19,0.87,8.2,4462.0,-0.14,40.8,15.8,60.0,-0.31,100.0,3.33,0.0,0.0
GFS Advanced,Torrent Pharmaceutic,-0.36,-6.86,31.17,-0.08,-0.01,43.5,23,4.69,-3.96,0.86,8.0,5221.0,-0.2,41.1,20.0,43.5,-0.2,0.0,0.0,0.0,0.0
GFS Basic,eClerx Services Ltd.,-0.39,-6.08,23.18,-0.08,-0.02,43.5,23,5.18,-4.29,0.87,6.8,4620.0,-0.17,40.5,15.8,43.5,-0.17,0.0,0.0,0.0,0.0
GFS Basic,Havells India Ltd.,-0.53,-10.04,36.48,-0.09,-0.01,44.1,34,5.21,-4.44,0.85,8.9,6402.0,-0.18,41.2,20.0,45.5,-0.1,0.0,0.0,0.0,-3.01
GFS Advanced,Navin Fluorine Inter,-0.47,-7.55,19.97,-0.09,-0.02,43.3,30,4.95,-4.04,0.89,10.1,6807.0,-0.14,41.1,16.5,43.3,-0.14,0.0,0.0,0.0,0.0
GFS Basic,Welspun Living Ltd.,-0.65,-12.18,29.08,-0.09,-0.02,50.0,22,6.18,-6.78,0.83,8.5,4764.0,-0.3,41.7,20.0,50.0,-0.3,0.0,0.0,0.0,0.0
GFS Advanced,Alkyl Amines Chemica,-0.55,-8.45,20.89,-0.1,-0.03,33.3,15,8.33,-4.75,0.81,5.9,3264.0,-0.39,41.0,16.1,33.3,-0.39,0.0,0.0,0.0,0.0
GFS Advanced,City Union Bank Ltd.,-0.27,-5.23,21.37,-0.1,-0.01,42.1,19,4.2,-3.4,0.85,7.7,4255.0,-0.2,40.3,20.0,42.1,-0.2,0.0,0.0,0.0,0.0
GFS Basic,NTPC Ltd.,-0.22,-4.08,18.63,-0.1,-0.01,44.4,18,3.84,-3.37,0.88,10.7,4235.0,-0.17,39.9,19.1,44.4,-0.16,0.0,0.0,0.0,0.0
GFS Basic,Sarda Energy and Min,-0.74,-9.86,26.83,-0.1,-0.03,38.9,18,8.76,-6.0,0.84,9.4,3841.0,-0.26,41.6,14.0,38.9,-0.26,0.0,0.0,0.0,0.0
GFS Basic,The Ramco Cements Lt,-0.4,-7.6,29.05,-0.1,-0.01,43.5,23,4.65,-3.99,0.85,10.7,5117.0,-0.23,40.8,20.0,43.5,-0.23,0.0,0.0,0.0,0.0
GFS Advanced,Vardhman Textiles Lt,-0.24,-4.63,17.75,-0.1,-0.01,50.0,18,3.15,-3.58,0.85,8.4,4059.0,-0.22,41.0,20.0,52.9,-0.13,0.0,0.0,0.0,-1.64
GFS Basic,ABB India Ltd.,-0.33,-6.39,21.26,-0.11,-0.02,43.5,23,4.47,-3.77,0.85,7.9,4794.0,-0.19,41.0,20.0,45.5,-0.06,0.0,0.0,0.0,-3.02
GFS Basic,Container Corporatio,-0.36,-6.97,19.95,-0.11,-0.02,36.8,19,5.36,-3.57,0.82,8.1,4031.0,-0.28,40.4,20.0,36.8,-0.28,0.0,0.0,0.0,0.0
GFS Basic,Godawari Power & Isp,-0.96,-15.69,28.24,-0.11,-0.03,38.9,18,9.45,-6.99,0.78,9.2,3786.0,-0.6,41.2,17.7,38.9,-0.6,0.0,0.0,0.0,0.0
GFS Basic,Steel Authority of I,-0.71,-13.27,36.57,-0.11,-0.02,38.1,21,8.33,-5.74,0.78,9.7,3744.0,-0.38,40.7,20.0,38.1,-0.38,0.0,0.0,0.0,0.0
GFS Basic,Anant Raj Ltd.,-0.68,-11.15,39.58,-0.12,-0.02,35.7,14,8.76,-5.77,0.75,11.5,2849.0,-0.58,39.8,17.3,30.8,-1.16,0.0,0.0,100.0,7.01
GFS Advanced,Container Corporatio,-0.21,-4.13,13.16,-0.12,-0.02,42.9,7,4.45,-4.21,0.73,7.3,1479.0,-0.5,40.7,20.0,42.9,-0.5,0.0,0.0,0.0,0.0
GFS Basic,Jindal Steel Ltd.,-0.62,-11.69,26.37,-0.12,-0.02,40.9,22,6.28,-5.15,0.8,9.6,4882.0,-0.48,41.5,20.0,40.9,-0.48,0.0,0.0,0.0,0.0
GFS Advanced,Page Industries Ltd.,-0.71,-11.25,27.37,-0.12,-0.03,31.6,19,7.18,-4.1,0.78,7.5,4109.0,-0.54,40.4,16.8,31.6,-0.54,0.0,0.0,0.0,0.0
GFS Basic,Phoenix Mills Ltd.,-0.71,-11.25,31.46,-0.12,-0.02,42.3,26,5.83,-4.81,0.81,9.2,4962.0,-0.31,41.0,16.7,42.3,-0.31,0.0,0.0,0.0,0.0
GFS Basic,Sonata Software Ltd.,-0.66,-12.36,23.77,-0.12,-0.03,33.3,24,9.5,-5.16,0.83,9.7,4835.0,-0.27,41.4,20.0,34.8,-0.12,0.0,0.0,0.0,-3.79
GFS Advanced,Abbott India Ltd.,-0.37,-5.37,15.43,-0.13,-0.02,27.8,18,6.31,-2.91,0.84,6.9,3843.0,-0.35,39.9,15.0,27.8,-0.35,0.0,0.0,0.0,0.0
GFS Advanced,Action Construction ,-0.59,-9.73,20.98,-0.13,-0.03,33.3,12,8.95,-5.36,0.75,7.2,2492.0,-0.59,40.8,17.3,33.3,-0.59,0.0,0.0,0.0,0.0
GFS Basic,Astral Ltd.,-0.73,-11.52,25.25,-0.13,-0.03,47.2,36,5.04,-4.88,0.86,8.5,7425.0,-0.19,41.3,16.8,47.2,-0.19,0.0,0.0,0.0,0.0
GFS Basic,Bank of Maharashtra,-0.67,-12.39,34.51,-0.13,-0.02,40.0,20,9.01,-6.64,0.8,9.0,3621.0,-0.38,40.9,19.7,40.0,-0.38,0.0,0.0,0.0,0.0
GFS Basic,Canara Bank,-0.42,-8.11,23.71,-0.13,-0.02,45.0,20,4.48,-4.27,0.8,9.4,4029.0,-0.33,40.9,20.0,45.0,-0.33,0.0,0.0,0.0,0.0
GFS Basic,GMR Airports Ltd.,-0.57,-9.44,18.61,-0.13,-0.03,36.4,11,9.6,-6.45,0.78,11.4,2370.0,-0.61,40.8,17.4,36.4,-0.61,0.0,0.0,0.0,0.0
GFS Basic,Granules India Ltd.,-0.78,-13.58,29.45,-0.13,-0.03,42.1,19,8.14,-6.69,0.8,10.7,4080.0,-0.44,39.6,18.5,44.4,-0.04,0.0,-7.77,0.0,0.0
GFS Advanced,LIC Housing Finance ,-0.25,-4.89,17.22,-0.13,-0.01,35.7,14,6.17,-3.82,0.86,8.6,3381.0,-0.25,40.9,20.0,35.7,-0.25,0.0,0.0,0.0,0.0
GFS Advanced,Varun Beverages Ltd.,-0.32,-2.25,10.56,-0.13,-0.03,33.3,6,4.9,-2.92,0.8,10.7,1346.0,-0.31,40.1,7.1,33.3,-0.31,0.0,0.0,0.0,0.0
GFS Advanced,Asian Paints Ltd.,-0.29,-5.63,17.82,-0.14,-0.02,40.0,20,3.47,-2.73,0.82,7.3,4542.0,-0.25,40.5,20.0,40.0,-0.25,0.0,0.0,0.0,0.0
GFS Advanced,Canara Bank,-0.36,-7.02,20.17,-0.14,-0.02,38.5,13,5.48,-4.18,0.76,8.6,2696.0,-0.47,41.0,20.0,38.5,-0.47,0.0,0.0,0.0,0.0
GFS Basic,Coforge Ltd.,-0.97,-17.17,32.17,-0.14,-0.03,35.3,34,7.15,-4.5,0.8,7.4,6944.0,-0.39,40.2,19.4,36.4,-0.36,0.0,-1.3,0.0,0.0
GFS Advanced,ITI Ltd.,-0.44,-8.43,22.27,-0.14,-0.02,37.5,8,7.83,-6.1,0.73,6.6,1900.0,-0.87,42.2,20.0,37.5,-0.87,0.0,0.0,0.0,0.0
GFS Advanced,MRF Ltd.,-0.22,-4.37,8.55,-0.14,-0.03,35.3,17,4.65,-2.73,0.83,7.6,3274.0,-0.13,40.1,20.0,35.3,-0.13,0.0,0.0,0.0,0.0
GFS Advanced,Great Eastern Shippi,-0.45,-8.59,21.23,-0.15,-0.02,33.3,12,7.74,-4.76,0.78,8.5,2826.0,-0.59,40.6,20.0,33.3,-0.59,0.0,0.0,0.0,0.0
GFS Advanced,Honeywell Automation,-0.42,-8.1,29.4,-0.15,-0.01,37.0,27,4.49,-3.28,0.83,9.4,5937.0,-0.4,41.0,20.0,37.0,-0.4,0.0,0.0,0.0,0.0
GFS Basic,MphasiS Ltd.,-0.52,-9.9,20.53,-0.15,-0.03,43.5,23,4.5,-4.12,0.81,8.7,5214.0,-0.37,40.8,20.0,45.5,-0.26,0.0,-2.85,0.0,0.0
GFS Basic,Welspun Corp Ltd.,-0.63,-11.89,27.42,-0.15,-0.02,33.3,18,9.52,-5.48,0.8,9.7,3768.0,-0.48,39.7,19.9,35.3,-0.16,0.0,-5.84,0.0,0.0
GFS Advanced,Asahi India Glass Lt,-0.52,-9.91,20.25,-0.16,-0.03,35.3,17,7.13,-4.6,0.78,7.1,3524.0,-0.46,40.5,20.0,37.5,-0.18,0.0,0.0,0.0,-4.87
GFS Advanced,Cummins India Ltd.,-0.46,-8.84,27.9,-0.16,-0.02,45.5,22,4.82,-4.56,0.84,7.0,5125.0,-0.29,40.5,20.0,45.5,-0.29,0.0,0.0,0.0,0.0
GFS Basic,Sumitomo Chemical In,-0.96,-3.76,13.64,-0.16,-0.07,20.0,5,15.25,-4.46,0.79,4.0,1155.0,-0.52,42.6,4.0,20.0,-0.52,0.0,0.0,0.0,0.0
GFS Advanced,Aurobindo Pharma Ltd,-0.4,-7.69,12.6,-0.17,-0.03,33.3,12,5.98,-3.81,0.72,6.3,2549.0,-0.55,42.1,20.0,33.3,-0.55,0.0,0.0,0.0,0.0
GFS Advanced,Hindustan Zinc Ltd.,-0.34,-6.07,24.57,-0.17,-0.01,35.7,14,5.73,-3.72,0.83,4.8,3468.0,-0.35,40.5,18.2,35.7,-0.35,0.0,0.0,0.0,0.0
GFS Basic,Housing & Urban Deve,-0.58,-3.75,14.42,-0.17,-0.04,33.3,6,6.42,-3.97,0.75,9.5,1287.0,-0.51,41.8,6.6,33.3,-0.51,0.0,0.0,0.0,0.0
GFS Advanced,ITC Ltd.,-0.33,-6.36,19.3,-0.17,-0.02,42.1,19,3.45,-3.02,0.78,9.2,3932.0,-0.3,41.4,20.0,42.1,-0.3,0.0,0.0,0.0,0.0
GFS Basic,Neuland Laboratories,-1.35,-18.71,38.63,-0.17,-0.04,43.3,30,7.3,-6.41,0.81,9.0,6208.0,-0.47,41.1,15.2,43.3,-0.47,0.0,0.0,0.0,0.0
GFS Advanced,3M India Ltd.,-0.5,-9.58,18.79,-0.18,-0.03,29.4,17,6.92,-3.78,0.76,9.2,3543.0,-0.63,40.9,20.0,29.4,-0.63,0.0,0.0,0.0,0.0
GFS Basic,Alkem Laboratories L,-0.74,-5.77,18.81,-0.18,-0.04,33.3,9,6.79,-4.26,0.76,8.7,1974.0,-0.57,39.9,8.0,33.3,-0.57,0.0,0.0,0.0,0.0
GFS Advanced,ICICI Bank Ltd.,-0.29,-5.68,13.67,-0.18,-0.02,33.3,15,4.86,-2.92,0.8,5.5,3305.0,-0.33,40.5,20.0,33.3,-0.33,0.0,0.0,0.0,0.0
GFS Basic,Titan Company Ltd.,-0.45,-8.67,20.56,-0.18,-0.02,46.4,28,3.9,-3.71,0.87,7.8,6302.0,-0.18,40.4,20.0,46.4,-0.18,0.0,0.0,0.0,0.0
GFS Basic,UltraTech Cement Ltd,-0.51,-9.74,15.25,-0.18,-0.03,37.5,24,4.95,-3.56,0.79,10.3,4877.0,-0.37,39.3,20.0,37.5,-0.37,0.0,0.0,0.0,0.0
GFS Basic,Glaxosmithkline Phar,-0.53,-10.09,22.73,-0.19,-0.02,43.3,30,3.63,-3.28,0.79,10.2,6120.0,-0.29,40.8,20.0,44.8,-0.21,0.0,0.0,0.0,-2.47
GFS Basic,IFCI Ltd.,-1.0,-18.12,40.16,-0.19,-0.02,31.6,19,8.83,-5.28,0.72,11.1,4093.0,-0.82,41.5,20.0,33.3,-0.73,0.0,0.0,0.0,-2.49
GFS Advanced,J.K. Cement Ltd.,-0.51,-8.62,22.25,-0.19,-0.02,42.1,19,4.61,-4.0,0.78,6.9,3974.0,-0.37,39.6,17.8,42.1,-0.37,0.0,0.0,0.0,0.0
GFS Basic,KSB Ltd.,-0.68,-12.72,28.88,-0.19,-0.02,44.4,27,5.13,-4.77,0.78,10.3,4984.0,-0.37,40.7,20.0,46.2,-0.15,0.0,-5.94,0.0,0.0
GFS Basic,Balkrishna Industrie,-0.77,-13.0,22.68,-0.2,-0.03,41.4,29,5.1,-4.24,0.79,6.7,5820.0,-0.37,40.8,18.0,42.9,-0.27,0.0,-3.25,0.0,0.0
GFS Basic,MRF Ltd.,-0.46,-8.78,19.99,-0.2,-0.02,38.5,26,4.77,-3.46,0.8,8.0,4759.0,-0.29,39.7,20.0,38.5,-0.29,0.0,0.0,0.0,0.0
GFS Advanced,Oil & Natural Gas Co,-0.5,-9.46,19.68,-0.2,-0.03,46.2,13,4.19,-4.76,0.69,12.8,2707.0,-0.63,40.3,20.0,46.2,-0.63,0.0,0.0,0.0,0.0
GFS Basic,Bajaj Finance Ltd.,-0.86,-15.88,32.02,-0.21,-0.03,43.2,37,4.27,-3.91,0.8,7.1,8290.0,-0.37,41.2,20.0,48.5,-0.0,0.0,-4.42,0.0,-2.44
GFS Basic,India Cements Ltd.,-1.04,-18.87,26.95,-0.21,-0.04,48.0,25,6.0,-6.67,0.75,9.8,4896.0,-0.59,41.4,20.0,48.0,-0.59,0.0,0.0,0.0,0.0
GFS Advanced,NHPC Ltd.,-0.53,-7.27,17.03,-0.21,-0.03,33.3,12,5.74,-3.67,0.72,5.3,2467.0,-0.53,41.6,14.3,36.4,-0.11,0.0,0.0,0.0,-5.18
GFS Basic,Petronet LNG Ltd.,-0.7,-13.01,29.22,-0.21,-0.02,44.8,29,4.2,-4.12,0.78,7.7,6239.0,-0.39,41.1,19.8,46.4,-0.2,0.0,0.0,0.0,-5.89
GFS Basic,SBI Life Insurance C,-0.25,-1.55,5.52,-0.21,-0.05,57.1,7,1.98,-3.13,0.82,8.9,1544.0,-0.21,41.3,6.2,66.7,0.3,0.0,0.0,0.0,-3.29
GFS Advanced,Apollo Tyres Ltd.,-0.54,-10.28,22.62,-0.22,-0.02,35.7,14,6.17,-4.47,0.7,6.3,2761.0,-0.67,42.3,20.0,35.7,-0.67,0.0,0.0,0.0,0.0
GFS Basic,Blue Star Ltd.,-0.72,-13.35,34.78,-0.22,-0.02,51.5,33,3.64,-4.58,0.78,9.3,6028.0,-0.35,40.8,20.0,51.5,-0.35,0.0,0.0,0.0,0.0
GFS Basic,Lupin Ltd.,-0.67,-12.53,20.35,-0.22,-0.03,50.0,30,3.33,-4.11,0.78,10.3,6382.0,-0.39,41.2,20.0,50.0,-0.39,0.0,0.0,0.0,0.0
GFS Basic,Solar Industries Ind,-0.92,-15.04,27.54,-0.22,-0.03,55.0,40,3.26,-4.67,0.8,11.4,8294.0,-0.31,41.4,17.7,57.9,0.14,0.0,-9.61,0.0,-7.82
GFS Basic,BLS International Se,-1.31,-9.44,21.53,-0.23,-0.06,45.5,11,6.46,-6.65,0.77,5.2,2582.0,-0.69,38.6,7.5,45.5,-0.69,0.0,0.0,0.0,0.0
GFS Advanced,Balkrishna Industrie,-0.76,-12.86,23.99,-0.23,-0.03,31.6,19,7.2,-4.2,0.73,5.4,3897.0,-0.6,40.4,18.0,31.6,-0.6,0.0,0.0,0.0,0.0
GFS Advanced,Petronet LNG Ltd.,-0.39,-7.37,10.71,-0.23,-0.04,50.0,16,2.88,-3.74,0.74,5.5,3539.0,-0.43,41.2,19.8,50.0,-0.43,0.0,0.0,0.0,0.0
GFS Advanced,Tata Power Co. Ltd.,-0.64,-12.05,24.61,-0.23,-0.03,40.0,10,6.02,-5.86,0.66,7.7,2277.0,-1.11,40.6,20.0,40.0,-1.11,0.0,0.0,0.0,0.0
GFS Basic,Bharat Electronics L,-0.93,-16.96,30.86,-0.24,-0.03,40.6,32,4.21,-3.73,0.75,10.1,7178.0,-0.5,39.8,20.0,36.7,-0.67,100.0,2.65,100.0,1.4
GFS Basic,Chambal Fertilizers ,-1.28,-22.62,34.32,-0.24,-0.04,46.7,30,5.2,-5.82,0.71,8.1,5735.0,-0.67,41.1,20.0,42.9,-1.12,0.0,0.0,100.0,5.53
GFS Advanced,Garden Reach Shipbui,-1.33,-6.74,21.29,-0.24,-0.06,28.6,7,11.74,-5.64,0.77,5.7,1694.0,-0.68,42.3,5.2,28.6,-0.68,0.0,0.0,0.0,0.0
GFS Basic,Info Edge (India) Lt,-0.99,-15.67,35.25,-0.24,-0.03,45.5,33,4.86,-4.79,0.79,10.2,6714.0,-0.4,41.3,17.1,45.5,-0.4,0.0,0.0,0.0,0.0
GFS Advanced,Shree Cement Ltd.,-0.62,-11.75,17.41,-0.24,-0.04,48.4,31,3.94,-4.34,0.8,7.3,6173.0,-0.33,40.7,20.0,50.0,-0.28,0.0,0.0,0.0,-2.02
GFS Basic,Shriram Finance Ltd.,-1.09,-19.73,26.54,-0.24,-0.04,42.9,28,6.21,-5.71,0.77,7.4,5998.0,-0.6,41.5,20.0,40.7,-0.67,0.0,0.0,100.0,1.26
GFS Basic,Great Eastern Shippi,-0.83,-15.33,27.48,-0.25,-0.03,34.8,23,6.62,-4.44,0.77,7.9,5381.0,-0.59,40.4,20.0,34.8,-0.59,0.0,0.0,0.0,0.0
GFS Basic,Honeywell Automation,-0.66,-12.34,22.81,-0.25,-0.03,39.4,33,4.77,-3.93,0.81,11.2,6796.0,-0.51,40.6,20.0,39.4,-0.51,0.0,0.0,0.0,0.0
GFS Advanced,Indraprastha Gas Ltd,-0.56,-10.62,21.5,-0.25,-0.03,42.1,19,4.77,-4.35,0.76,6.6,4129.0,-0.51,40.6,20.0,42.1,-0.51,0.0,0.0,0.0,0.0
GFS Advanced,Infosys Ltd.,-0.26,-5.0,10.9,-0.25,-0.02,50.0,16,1.71,-2.34,0.71,8.1,3487.0,-0.31,41.2,20.0,50.0,-0.31,0.0,0.0,0.0,0.0
GFS Advanced,Maharashtra Scooters,-0.63,-11.88,24.18,-0.25,-0.03,31.2,16,5.97,-3.72,0.66,9.9,3133.0,-0.69,41.8,20.0,31.2,-0.69,0.0,0.0,0.0,0.0
GFS Advanced,State Bank of India,-0.4,-7.65,10.09,-0.25,-0.04,45.5,22,2.7,-2.86,0.76,6.9,4751.0,-0.33,41.4,20.0,42.9,-0.44,0.0,0.0,100.0,1.98
GFS Basic,Carborundum Universa,-0.86,-15.89,30.0,-0.26,-0.03,48.1,27,4.34,-5.06,0.72,8.3,5041.0,-0.53,39.9,20.0,46.2,-0.79,0.0,0.0,100.0,6.19
GFS Advanced,Nippon Life India As,-0.9,-5.36,16.81,-0.26,-0.05,50.0,6,5.13,-6.68,0.73,9.7,1365.0,-0.77,38.0,6.1,50.0,-0.77,0.0,0.0,0.0,0.0
GFS Basic,PG Electroplast Ltd.,-1.55,-17.46,41.9,-0.26,-0.04,47.6,21,7.53,-7.94,0.74,9.4,3480.0,-0.57,41.1,12.3,47.6,-0.57,0.0,0.0,0.0,0.0
GFS Advanced,Chambal Fertilizers ,-0.91,-16.63,28.36,-0.27,-0.03,47.4,19,3.92,-5.06,0.62,7.5,3559.0,-0.81,41.8,20.0,47.4,-0.81,0.0,0.0,0.0,0.0
GFS Advanced,Deepak Fertilisers &,-0.83,-15.37,21.92,-0.27,-0.04,33.3,15,5.12,-4.1,0.57,7.3,3013.0,-1.03,40.1,20.0,33.3,-1.03,0.0,0.0,0.0,0.0
GFS Advanced,Ramkrishna Forgings ,-0.9,-16.33,21.08,-0.27,-0.04,35.0,20,5.74,-4.32,0.68,6.7,4212.0,-0.8,41.2,19.6,35.0,-0.8,0.0,0.0,0.0,0.0
GFS Advanced,Hindustan Copper Ltd,-0.53,-7.18,14.98,-0.28,-0.04,20.0,5,15.32,-5.39,0.66,6.0,1134.0,-1.24,38.9,13.9,20.0,-1.24,0.0,0.0,0.0,0.0
GFS Basic,ITC Ltd.,-0.61,-11.44,18.17,-0.28,-0.03,39.4,33,3.56,-2.85,0.78,8.5,7102.0,-0.33,41.1,20.0,40.6,-0.27,0.0,-2.31,0.0,0.0
GFS Advanced,Marico Ltd.,-0.55,-10.37,18.84,-0.28,-0.03,40.7,27,3.09,-2.76,0.74,8.6,5710.0,-0.38,41.4,20.0,40.7,-0.38,0.0,0.0,0.0,0.0
GFS Basic,Page Industries Ltd.,-1.36,-20.48,35.47,-0.28,-0.04,30.0,30,7.24,-4.21,0.71,8.3,5717.0,-0.78,40.3,16.8,30.0,-0.78,0.0,0.0,0.0,0.0
GFS Basic,Union Bank of India,-0.86,-15.83,32.93,-0.29,-0.03,43.8,16,5.65,-5.99,0.64,11.1,2929.0,-0.9,41.8,20.0,43.8,-0.9,0.0,0.0,0.0,0.0
GFS Basic,Ambuja Cements Ltd.,-0.98,-17.82,21.03,-0.3,-0.05,45.2,31,4.04,-4.33,0.74,10.0,6647.0,-0.55,40.8,20.0,42.9,-0.83,0.0,-1.74,100.0,3.96
GFS Advanced,Info Edge (India) Lt,-0.82,-13.15,26.68,-0.3,-0.03,44.4,18,4.22,-4.66,0.67,7.9,3647.0,-0.71,40.8,17.1,44.4,-0.71,0.0,0.0,0.0,0.0
GFS Advanced,Sammaan Capital Ltd.,-0.66,-6.67,17.68,-0.3,-0.04,50.0,6,5.54,-7.45,0.71,10.7,1442.0,-0.96,42.1,10.4,50.0,-0.96,0.0,0.0,0.0,0.0
GFS Basic,Wockhardt Ltd.,-0.96,-17.54,31.1,-0.3,-0.03,30.0,20,8.12,-4.66,0.71,8.0,4410.0,-0.83,41.0,20.0,30.0,-0.83,0.0,0.0,0.0,0.0
GFS Basic,Multi Commodity Exch,-0.72,-8.18,17.53,-0.31,-0.04,42.9,14,4.34,-4.2,0.72,8.4,2832.0,-0.54,41.0,11.8,42.9,-0.54,0.0,0.0,0.0,0.0
GFS Basic,Whirlpool of India L,-0.85,-11.5,16.77,-0.31,-0.05,38.5,13,5.32,-4.71,0.66,9.9,2650.0,-0.85,41.1,14.3,41.7,-0.64,0.0,-3.44,0.0,0.0
GFS Basic,Bharat Forge Ltd.,-0.75,-14.04,22.2,-0.32,-0.03,40.9,22,3.88,-3.75,0.68,8.4,4500.0,-0.63,41.2,20.0,40.9,-0.63,0.0,0.0,0.0,0.0
GFS Basic,Karur Vysya Bank Ltd,-1.26,-22.34,29.87,-0.32,-0.04,45.2,31,3.43,-4.19,0.62,11.4,5876.0,-0.75,41.5,20.0,45.2,-0.75,0.0,0.0,0.0,0.0
GFS Advanced,UCO Bank,-1.02,-18.51,22.53,-0.32,-0.05,30.0,10,8.54,-6.35,0.55,8.8,2144.0,-1.88,41.2,20.0,30.0,-1.88,0.0,0.0,0.0,0.0
GFS Basic,Usha Martin Ltd.,-1.21,-21.53,37.41,-0.32,-0.03,31.8,22,8.98,-5.52,0.68,6.7,4140.0,-0.91,41.7,20.0,31.8,-0.91,0.0,0.0,0.0,0.0
GFS Basic,Voltas Ltd.,-1.2,-21.42,34.28,-0.32,-0.04,43.3,30,5.34,-5.26,0.74,9.5,6337.0,-0.67,40.4,20.0,44.8,-0.56,0.0,0.0,0.0,-3.85
GFS Basic,Abbott India Ltd.,-1.04,-14.47,29.68,-0.33,-0.03,33.3,24,5.58,-3.85,0.74,6.6,5239.0,-0.71,40.7,15.0,33.3,-0.71,0.0,0.0,0.0,0.0
GFS Advanced,Blue Star Ltd.,-0.77,-14.35,29.33,-0.33,-0.03,47.6,21,3.58,-4.54,0.66,9.6,4078.0,-0.68,41.1,20.0,47.6,-0.68,0.0,0.0,0.0,0.0
GFS Basic,Bosch Ltd.,-0.52,-9.82,13.64,-0.33,-0.04,39.1,23,2.9,-2.59,0.68,6.0,4574.0,-0.44,40.3,20.0,39.1,-0.44,0.0,0.0,0.0,0.0
GFS Advanced,Cholamandalam Invest,-0.52,-9.82,19.08,-0.33,-0.03,46.7,15,3.74,-4.44,0.7,7.1,3244.0,-0.63,40.7,20.0,46.7,-0.63,0.0,0.0,0.0,0.0
GFS Advanced,DLF Ltd.,-0.56,-8.8,20.23,-0.33,-0.03,44.4,9,4.54,-5.32,0.63,5.9,1875.0,-0.94,40.3,16.4,37.5,-1.7,0.0,0.0,100.0,5.17
GFS Basic,Graphite India Ltd.,-1.36,-23.91,37.95,-0.33,-0.04,43.8,16,7.4,-8.21,0.63,5.9,3138.0,-1.38,41.5,20.0,40.0,-1.47,100.0,0.05,0.0,0.0
GFS Advanced,Jubilant Pharmova Lt,-0.89,-16.32,20.26,-0.33,-0.04,35.7,14,5.96,-5.13,0.59,9.4,2784.0,-1.17,40.1,20.0,30.8,-1.53,0.0,0.0,100.0,3.55
GFS Basic,Tata Consumer Produc,-0.83,-15.29,24.61,-0.33,-0.03,52.4,21,3.58,-5.4,0.66,9.8,3991.0,-0.7,41.4,20.0,52.4,-0.7,0.0,0.0,0.0,0.0
GFS Advanced,Tube Investments of ,-1.06,-6.32,18.36,-0.33,-0.06,22.2,9,8.79,-3.34,0.73,7.2,2096.0,-0.64,41.4,6.1,22.2,-0.64,0.0,0.0,0.0,0.0
GFS Advanced,Kirloskar Oil Eng Lt,-0.53,-10.06,15.15,-0.34,-0.03,46.7,15,3.06,-3.94,0.65,6.7,3175.0,-0.67,42.4,20.0,46.7,-0.67,0.0,0.0,0.0,0.0
GFS Basic,Timken India Ltd.,-1.32,-21.26,33.89,-0.34,-0.04,32.0,25,6.7,-4.33,0.67,8.2,5146.0,-0.8,40.3,18.0,33.3,-0.49,0.0,0.0,0.0,-8.35
GFS Advanced,Apollo Hospitals Ent,-0.61,-11.44,19.45,-0.35,-0.03,37.5,16,3.18,-3.1,0.57,9.6,3250.0,-0.75,42.1,20.0,37.5,-0.75,0.0,0.0,0.0,0.0
GFS Basic,ITI Ltd.,-1.55,-26.86,42.04,-0.35,-0.04,29.4,17,9.96,-6.42,0.62,7.5,3727.0,-1.6,40.6,20.0,29.4,-1.6,0.0,0.0,0.0,0.0
GFS Advanced,Titagarh Rail System,-1.02,-14.89,22.42,-0.35,-0.05,27.3,11,7.23,-4.59,0.54,7.0,2313.0,-1.36,40.8,15.7,27.3,-1.36,0.0,0.0,0.0,0.0
GFS Basic,Action Construction ,-1.71,-25.77,36.46,-0.36,-0.05,47.6,21,5.19,-7.01,0.57,6.4,3792.0,-1.2,40.5,17.3,47.6,-1.2,0.0,0.0,0.0,0.0
GFS Basic,BASF India Ltd.,-1.49,-25.83,29.27,-0.36,-0.05,37.9,29,6.41,-5.36,0.68,5.9,5886.0,-0.9,39.6,20.0,38.5,-0.72,100.0,1.48,0.0,-4.31
GFS Advanced,Bharat Petroleum Cor,-0.71,-13.24,21.95,-0.36,-0.03,33.3,12,4.92,-4.15,0.55,4.8,2493.0,-1.12,41.3,20.0,33.3,-1.12,0.0,0.0,0.0,0.0
GFS Basic,Deepak Fertilisers &,-1.45,-25.32,34.39,-0.36,-0.04,35.0,20,6.91,-5.72,0.58,7.9,3696.0,-1.3,40.8,20.0,35.0,-1.3,0.0,0.0,0.0,0.0
GFS Advanced,Godrej Consumer Prod,-0.7,-13.07,26.83,-0.36,-0.03,36.8,19,3.92,-3.38,0.67,6.0,4285.0,-0.69,42.0,20.0,33.3,-1.05,0.0,0.0,100.0,5.81
GFS Basic,Shree Cement Ltd.,-0.98,-17.77,23.39,-0.36,-0.04,51.4,35,3.54,-4.75,0.72,8.3,6316.0,-0.49,40.8,20.0,52.9,-0.44,0.0,0.0,0.0,-2.02
GFS Advanced,Akzo Nobel India Ltd,-0.63,-11.78,20.16,-0.37,-0.03,36.8,19,3.52,-3.02,0.63,7.2,3860.0,-0.61,41.1,20.0,33.3,-0.67,0.0,0.0,100.0,0.44
GFS Basic,Jubilant Foodworks L,-1.18,-15.11,26.75,-0.37,-0.04,47.1,17,4.69,-5.75,0.65,10.9,3220.0,-0.84,40.2,13.9,47.1,-0.84,0.0,0.0,0.0,0.0
GFS Basic,Larsen & Toubro Ltd.,-0.78,-14.41,21.99,-0.37,-0.04,40.9,22,3.76,-3.75,0.69,7.0,4814.0,-0.68,40.9,20.0,40.9,-0.68,0.0,0.0,0.0,0.0
GFS Basic,Poly Medicure Ltd.,-1.52,-16.84,33.8,-0.37,-0.04,43.5,23,4.26,-4.52,0.7,8.8,5228.0,-0.7,40.6,12.0,43.5,-0.7,0.0,0.0,0.0,0.0
GFS Advanced,Wipro Ltd.,-0.52,-9.85,11.92,-0.37,-0.04,33.3,12,4.19,-3.33,0.6,6.9,2632.0,-0.82,40.5,20.0,33.3,-0.82,0.0,0.0,0.0,0.0
GFS Advanced,Bank of Maharashtra,-0.83,-15.21,26.05,-0.38,-0.03,36.4,11,5.77,-5.49,0.53,5.6,2142.0,-1.4,41.5,19.7,36.4,-1.4,0.0,0.0,0.0,0.0
GFS Advanced,Bombay Burmah Tradin,-1.29,-22.79,29.91,-0.38,-0.04,25.0,20,8.42,-4.36,0.61,6.4,4154.0,-1.16,40.7,20.0,26.3,-1.2,0.0,0.0,0.0,-0.43
GFS Advanced,CCL Products (I) Ltd,-1.16,-20.41,33.36,-0.38,-0.03,29.4,17,7.32,-4.76,0.61,4.9,3597.0,-1.21,41.0,19.5,25.0,-1.56,0.0,0.0,100.0,4.39
GFS Basic,Godfrey Phillips Ind,-1.75,-29.69,39.62,-0.38,-0.04,39.3,28,8.28,-6.94,0.7,9.6,5286.0,-0.96,40.6,20.0,37.5,-1.09,0.0,0.0,50.0,-0.17
GFS Advanced,Jubilant Foodworks L,-0.68,-8.99,15.0,-0.38,-0.05,40.0,10,3.52,-3.86,0.59,8.6,2235.0,-0.91,40.4,13.9,40.0,-0.91,0.0,0.0,0.0,0.0
GFS Advanced,NMDC Ltd.,-0.34,-5.17,11.38,-0.38,-0.03,40.0,5,2.88,-3.69,0.52,7.6,1149.0,-1.06,42.6,15.8,50.0,-0.16,0.0,0.0,0.0,-4.64
GFS Advanced,Suzlon Energy Ltd.,-0.73,-12.44,25.09,-0.38,-0.03,28.6,7,8.55,-5.91,0.5,6.0,1359.0,-1.78,39.2,18.2,28.6,-1.78,0.0,0.0,0.0,0.0
GFS Advanced,Titan Company Ltd.,-0.49,-9.29,12.28,-0.38,-0.04,50.0,16,2.64,-3.82,0.66,6.6,3391.0,-0.59,40.4,20.0,50.0,-0.59,0.0,0.0,0.0,0.0
GFS Advanced,Capri Global Capital,-1.3,-15.87,31.46,-0.39,-0.04,25.0,12,8.81,-4.7,0.61,9.0,2730.0,-1.32,41.2,13.2,25.0,-1.32,0.0,0.0,0.0,0.0
GFS Basic,Tata Teleservices (M,-1.15,-20.58,27.41,-0.39,-0.04,42.9,7,3.16,-8.06,0.3,12.7,1530.0,-3.25,40.5,20.0,50.0,-2.39,0.0,0.0,0.0,-8.41
GFS Advanced,PCBL Chemical Ltd.,-1.31,-23.14,28.06,-0.4,-0.05,40.0,15,5.82,-6.56,0.53,11.5,2852.0,-1.61,39.7,20.0,40.0,-1.61,0.0,0.0,0.0,0.0
GFS Basic,Schaeffler India Ltd,-1.01,-18.31,25.3,-0.4,-0.04,44.8,29,3.61,-4.12,0.68,9.3,6006.0,-0.65,40.3,20.0,48.1,-0.45,0.0,0.0,0.0,-3.34
GFS Basic,Fortis Healthcare Lt,-0.88,-13.6,16.57,-0.41,-0.05,44.4,18,4.2,-4.71,0.68,6.2,3746.0,-0.75,40.9,16.6,47.1,-0.39,0.0,0.0,0.0,-6.81
GFS Advanced,Havells India Ltd.,-1.04,-18.87,28.8,-0.41,-0.04,42.9,21,4.4,-4.85,0.61,6.8,3954.0,-0.89,41.2,20.0,42.9,-0.89,0.0,0.0,0.0,0.0
GFS Basic,Jindal Stainless Ltd,-1.44,-25.13,37.86,-0.41,-0.04,42.1,19,6.43,-6.95,0.58,6.8,3462.0,-1.32,40.7,20.0,42.1,-1.32,0.0,0.0,0.0,0.0
GFS Advanced,Maruti Suzuki India ,-0.58,-10.97,13.39,-0.41,-0.04,31.6,19,3.93,-2.67,0.65,5.5,4039.0,-0.59,41.2,20.0,31.6,-0.59,0.0,0.0,0.0,0.0
GFS Advanced,Neuland Laboratories,-2.02,-26.67,35.86,-0.41,-0.06,26.3,19,11.41,-6.01,0.61,6.4,3597.0,-1.43,41.2,15.2,26.3,-1.43,0.0,0.0,0.0,0.0
GFS Basic,Schneider Electric I,-1.1,-12.24,23.46,-0.41,-0.05,38.5,13,4.49,-4.3,0.59,6.5,2521.0,-0.92,40.9,11.8,38.5,-0.92,0.0,0.0,0.0,0.0
GFS Basic,Alembic Pharmaceutic,-1.3,-14.84,24.22,-0.42,-0.05,33.3,12,6.45,-5.1,0.62,8.8,2688.0,-1.25,40.3,12.3,33.3,-1.25,0.0,0.0,0.0,0.0
GFS Basic,Asahi India Glass Lt,-1.62,-27.9,42.97,-0.42,-0.04,33.3,24,6.69,-5.2,0.58,9.7,4583.0,-1.24,40.5,20.0,34.8,-1.08,0.0,0.0,0.0,-4.88
GFS Advanced,IndusInd Bank Ltd.,-0.55,-10.5,18.34,-0.42,-0.03,56.2,16,1.74,-3.8,0.54,8.2,3178.0,-0.68,42.1,20.0,56.2,-0.68,0.0,0.0,0.0,0.0
GFS Basic,Infosys Ltd.,-1.04,-18.91,36.29,-0.42,-0.03,53.3,30,2.68,-4.38,0.66,9.0,6256.0,-0.62,41.6,20.0,53.3,-0.62,0.0,0.0,0.0,0.0
GFS Basic,Marico Ltd.,-1.12,-20.16,27.04,-0.42,-0.04,39.5,38,3.98,-3.49,0.71,9.4,7634.0,-0.54,40.5,20.0,39.5,-0.54,0.0,0.0,0.0,0.0
GFS Basic,IRB Infrastructure D,-1.26,-18.19,25.31,-0.43,-0.05,53.8,13,3.24,-6.97,0.51,8.8,2645.0,-1.47,40.5,15.9,53.8,-1.47,0.0,0.0,0.0,0.0
GFS Basic,Jindal Saw Ltd.,-1.34,-23.67,31.96,-0.43,-0.04,47.1,17,5.63,-7.61,0.63,7.4,3586.0,-1.38,41.0,20.0,47.1,-1.38,0.0,0.0,0.0,0.0
GFS Basic,AstraZenca Pharma In,-1.72,-29.34,40.67,-0.44,-0.04,35.7,28,6.08,-5.01,0.57,8.1,4673.0,-1.05,40.9,20.0,35.7,-1.05,0.0,0.0,0.0,0.0
GFS Basic,Indian Railway Finan,-1.46,-4.24,12.72,-0.44,-0.11,50.0,6,2.13,-3.54,0.59,13.7,1362.0,-0.7,40.1,3.0,50.0,-0.7,0.0,0.0,0.0,0.0
GFS Advanced,Jindal Stainless Ltd,-1.16,-20.84,31.89,-0.44,-0.04,30.8,13,6.64,-5.33,0.47,6.2,2472.0,-1.65,40.9,20.0,30.8,-1.65,0.0,0.0,0.0,0.0
GFS Basic,PNB Housing Finance ,-1.32,-9.02,17.35,-0.44,-0.08,58.3,12,2.52,-5.32,0.64,9.8,2677.0,-0.75,42.4,7.1,58.3,-0.75,0.0,0.0,0.0,0.0
GFS Basic,Praj Industries Ltd.,-1.31,-23.19,31.26,-0.44,-0.04,47.6,21,4.5,-6.25,0.62,8.5,4284.0,-1.13,40.3,20.0,50.0,-1.01,0.0,0.0,0.0,-3.59
GFS Advanced,Radico Khaitan Ltd,-0.95,-17.28,26.05,-0.44,-0.04,41.2,17,4.43,-4.89,0.57,8.9,3284.0,-1.05,40.4,20.0,41.2,-1.05,0.0,0.0,0.0,0.0
GFS Basic,Vardhman Textiles Lt,-1.11,-19.9,27.68,-0.44,-0.04,50.0,26,3.16,-4.75,0.65,9.9,5633.0,-0.79,40.6,20.0,52.0,-0.76,0.0,0.0,0.0,-1.64
GFS Advanced,Bharat Forge Ltd.,-0.65,-12.16,14.51,-0.45,-0.04,35.7,14,2.9,-3.01,0.51,5.7,2906.0,-0.9,41.4,20.0,35.7,-0.9,0.0,0.0,0.0,0.0
GFS Advanced,KPIT Technologies Lt,-1.63,-7.48,19.01,-0.45,-0.09,33.3,6,7.32,-5.4,0.66,8.7,1407.0,-1.16,42.7,4.7,33.3,-1.16,0.0,0.0,0.0,0.0
GFS Advanced,Sundaram Finance Ltd,-1.04,-18.83,26.02,-0.45,-0.04,38.5,26,3.81,-3.61,0.62,7.3,5213.0,-0.76,40.7,20.0,40.0,-0.67,0.0,0.0,0.0,-2.97
GFS Basic,Tata Investment Corp,-1.24,-22.02,32.27,-0.45,-0.04,47.8,23,3.51,-5.1,0.62,8.1,5301.0,-0.98,40.2,20.0,50.0,-1.02,50.0,0.84,0.0,-3.91
GFS Advanced,Bharti Airtel Ltd.,-0.59,-11.07,21.65,-0.46,-0.03,45.0,20,2.46,-3.04,0.62,7.6,4031.0,-0.57,41.1,20.0,45.0,-0.57,0.0,0.0,0.0,0.0
GFS Advanced,Bosch Ltd.,-0.59,-11.09,16.74,-0.46,-0.04,31.2,16,3.43,-2.61,0.53,6.6,3083.0,-0.73,40.7,20.0,31.2,-0.72,0.0,0.0,0.0,0.0
GFS Basic,Hindalco Industries ,-1.28,-22.67,28.61,-0.46,-0.04,36.0,25,5.8,-4.71,0.65,8.8,4957.0,-0.93,40.9,20.0,36.0,-0.93,0.0,0.0,0.0,0.0
GFS Advanced,KSB Ltd.,-0.85,-15.65,21.46,-0.46,-0.04,31.2,16,5.78,-4.07,0.59,11.4,3152.0,-0.99,40.9,20.0,31.2,-0.99,0.0,0.0,0.0,0.0
GFS Advanced,Power Grid Corporati,-0.62,-9.56,18.84,-0.46,-0.03,42.9,14,2.5,-3.12,0.56,5.1,2835.0,-0.71,42.0,16.2,42.9,-0.71,0.0,0.0,0.0,0.0
GFS Basic,SRF Ltd.,-2.12,-34.86,45.76,-0.46,-0.05,42.9,35,5.54,-6.02,0.66,9.1,6853.0,-1.07,40.7,20.0,42.4,-1.27,0.0,0.0,50.0,2.28
GFS Advanced,Schneider Electric I,-1.03,-11.47,19.62,-0.46,-0.05,37.5,8,5.46,-5.54,0.53,5.0,1594.0,-1.42,41.8,11.8,37.5,-1.42,0.0,0.0,0.0,0.0
GFS Basic,UCO Bank,-1.62,-27.89,32.42,-0.46,-0.05,33.3,12,7.98,-7.81,0.49,9.2,2485.0,-2.54,41.1,20.0,33.3,-2.54,0.0,0.0,0.0,0.0
GFS Basic,City Union Bank Ltd.,-1.36,-23.85,33.64,-0.47,-0.04,37.8,37,3.82,-3.43,0.65,7.3,7578.0,-0.69,41.8,20.0,37.8,-0.69,0.0,0.0,0.0,0.0
GFS Advanced,Reliance Infrastruct,-0.96,-17.56,27.48,-0.47,-0.04,27.3,11,5.48,-4.43,0.4,5.8,2125.0,-1.73,40.7,20.0,20.0,-2.72,0.0,0.0,100.0,8.23
GFS Advanced,Tech Mahindra Ltd.,-0.95,-15.2,17.54,-0.47,-0.05,21.4,14,6.57,-3.26,0.53,6.8,2992.0,-1.16,41.0,17.4,23.1,-1.08,0.0,0.0,0.0,-2.1
GFS Basic,Dr. Reddy's Laborato,-1.32,-23.37,36.51,-0.48,-0.04,29.4,17,5.87,-4.56,0.55,9.2,3940.0,-1.49,40.2,20.0,29.4,-1.49,0.0,0.0,0.0,0.0
GFS Basic,Indian Energy Exchan,-1.05,-6.34,13.86,-0.48,-0.08,42.9,7,4.35,-4.76,0.66,5.0,1606.0,-0.85,40.2,6.2,42.9,-0.85,0.0,0.0,0.0,0.0
GFS Basic,Samvardhana Motherso,-1.64,-28.14,29.64,-0.48,-0.06,31.2,32,6.78,-4.42,0.66,7.4,6473.0,-0.92,41.3,20.0,31.2,-0.92,0.0,0.0,0.0,0.0
GFS Advanced,Biocon Ltd.,-0.71,-13.15,16.44,-0.49,-0.04,25.0,12,4.02,-2.92,0.46,6.6,2631.0,-1.18,41.6,19.7,25.0,-1.18,0.0,0.0,0.0,0.0
GFS Basic,Can Fin Homes Ltd.,-1.75,-29.76,31.76,-0.49,-0.06,41.4,29,5.04,-5.44,0.61,6.6,5538.0,-1.1,40.4,20.0,41.4,-1.1,0.0,0.0,0.0,0.0
GFS Advanced,NLC India Ltd.,-0.8,-14.86,23.73,-0.49,-0.03,33.3,12,4.64,-4.25,0.49,7.9,2314.0,-1.29,40.7,20.0,33.3,-1.29,0.0,0.0,0.0,0.0
GFS Advanced,Timken India Ltd.,-1.39,-22.2,26.65,-0.49,-0.05,23.5,17,8.14,-4.25,0.54,5.4,3509.0,-1.34,39.9,18.0,25.0,-0.9,0.0,0.0,0.0,-8.35
GFS Basic,Wipro Ltd.,-1.02,-18.48,23.58,-0.49,-0.04,36.8,19,3.36,-3.63,0.53,6.7,4158.0,-1.05,40.5,20.0,36.8,-1.05,0.0,0.0,0.0,0.0
GFS Basic,Aurobindo Pharma Ltd,-1.66,-28.46,32.46,-0.5,-0.05,40.0,25,4.18,-4.9,0.55,11.5,5162.0,-1.27,41.3,20.0,41.7,-1.09,0.0,0.0,0.0,-5.59
GFS Basic,CCL Products (I) Ltd,-1.83,-30.31,41.26,-0.5,-0.04,36.0,25,5.59,-5.2,0.57,8.0,4766.0,-1.32,40.6,19.5,33.3,-1.55,0.0,0.0,100.0,4.39
GFS Advanced,Eicher Motors Ltd.,-1.19,-21.29,21.29,-0.51,-0.06,40.0,25,3.73,-4.05,0.58,7.8,4939.0,-0.94,41.2,20.0,41.7,-0.88,0.0,0.0,0.0,-2.26
GFS Basic,Finolex Cables Ltd.,-1.5,-26.06,32.09,-0.51,-0.05,37.5,24,5.61,-5.22,0.63,8.1,5031.0,-1.16,40.8,20.0,37.5,-1.16,0.0,0.0,0.0,0.0
GFS Basic,Oil & Natural Gas Co,-1.23,-21.95,25.4,-0.51,-0.05,31.6,19,4.31,-3.8,0.48,13.6,3787.0,-1.24,40.9,20.0,27.8,-1.4,0.0,0.0,100.0,1.58
GFS Advanced,Shipping Corporation,-1.38,-24.27,36.18,-0.51,-0.04,23.1,13,8.2,-5.09,0.39,4.8,2438.0,-2.02,41.1,20.0,23.1,-2.02,0.0,0.0,0.0,0.0
GFS Basic,CRISIL Ltd.,-1.42,-24.89,26.55,-0.52,-0.05,34.4,32,4.11,-3.47,0.6,6.2,6549.0,-0.86,41.0,20.0,34.5,-1.13,50.0,4.53,0.0,-3.93
GFS Basic,Nava Ltd.,-2.19,-35.69,43.9,-0.52,-0.05,34.6,26,7.33,-6.21,0.58,7.6,4757.0,-1.53,41.6,20.0,34.6,-1.53,0.0,0.0,0.0,0.0
GFS Advanced,SRF Ltd.,-1.3,-23.05,28.31,-0.52,-0.05,33.3,21,4.75,-4.18,0.54,7.7,4287.0,-1.21,40.4,20.0,30.0,-1.71,0.0,0.0,100.0,8.76
GFS Advanced,Schaeffler India Ltd,-0.81,-15.07,20.75,-0.52,-0.04,45.0,20,2.83,-3.76,0.58,8.3,4072.0,-0.8,40.6,20.0,45.0,-0.8,0.0,0.0,0.0,0.0
GFS Basic,Dabur India Ltd.,-1.47,-25.58,29.56,-0.53,-0.05,43.8,32,2.79,-3.77,0.54,9.1,6148.0,-0.9,41.4,20.0,45.2,-0.88,0.0,-1.61,0.0,0.0
GFS Advanced,Dr. Reddy's Laborato,-1.01,-18.37,28.39,-0.53,-0.04,11.1,9,14.72,-4.3,0.43,5.2,1977.0,-2.19,40.8,20.0,11.1,-2.19,0.0,0.0,0.0,0.0
GFS Advanced,Eris Lifesciences Lt,-0.93,-5.89,9.37,-0.53,-0.1,37.5,8,3.12,-3.07,0.59,5.8,1767.0,-0.75,41.2,6.5,37.5,-0.75,0.0,0.0,0.0,0.0
GFS Advanced,L&T Finance Ltd.,-1.11,-12.87,17.22,-0.53,-0.06,44.4,9,3.89,-5.78,0.5,9.9,1857.0,-1.48,40.1,12.4,44.4,-1.48,0.0,0.0,0.0,0.0
GFS Basic,Indian Hotels Co. Lt,-1.66,-28.42,37.61,-0.54,-0.04,37.9,29,4.63,-4.57,0.61,10.2,5935.0,-1.08,39.9,20.0,37.9,-1.08,0.0,0.0,0.0,0.0
GFS Advanced,Ipca Laboratories Lt,-0.94,-17.26,19.32,-0.54,-0.05,33.3,21,4.03,-3.32,0.56,7.8,4177.0,-0.87,40.4,20.0,30.0,-1.04,0.0,0.0,100.0,2.58
GFS Advanced,Nava Ltd.,-1.84,-30.92,37.43,-0.54,-0.05,29.4,17,8.15,-6.23,0.52,6.1,3335.0,-2.0,41.5,20.0,29.4,-2.0,0.0,0.0,0.0,0.0
GFS Advanced,Tata Consultancy Ser,-0.78,-14.42,20.48,-0.54,-0.04,25.0,16,4.74,-2.86,0.55,9.0,3484.0,-0.96,40.8,20.0,25.0,-0.96,0.0,0.0,0.0,0.0
GFS Basic,Adani Enterprises Lt,-1.75,-29.77,34.22,-0.55,-0.05,35.7,28,5.47,-4.85,0.55,6.9,5008.0,-1.16,40.8,20.0,37.0,-0.8,0.0,0.0,0.0,-10.79
GFS Basic,Bombay Burmah Tradin,-1.98,-32.99,38.42,-0.55,-0.05,26.1,23,8.0,-5.04,0.55,7.7,4651.0,-1.64,41.0,20.0,23.8,-2.05,0.0,0.0,50.0,2.72
GFS Advanced,RHI MAGNESITA INDIA ,-1.75,-18.79,27.99,-0.55,-0.06,28.6,14,6.13,-4.42,0.49,5.6,2665.0,-1.4,40.7,11.8,28.6,-1.4,0.0,0.0,0.0,0.0
GFS Basic,Reliance Infrastruct,-2.13,-34.97,53.3,-0.55,-0.04,33.3,18,6.76,-6.59,0.48,8.1,3236.0,-2.14,41.6,20.0,29.4,-2.75,0.0,0.0,100.0,8.22
GFS Basic,Power Grid Corporati,-1.06,-15.86,25.95,-0.56,-0.04,34.8,23,3.85,-3.16,0.59,7.4,4408.0,-0.72,42.0,16.2,34.8,-0.72,0.0,0.0,0.0,0.0
GFS Basic,Bharat Dynamics Ltd.,-2.66,-14.39,20.91,-0.57,-0.13,30.8,13,8.14,-5.1,0.66,10.4,2791.0,-1.03,41.7,5.8,33.3,-0.43,0.0,-8.16,0.0,0.0
GFS Advanced,Sobha Ltd.,-1.39,-21.21,31.45,-0.57,-0.04,38.5,13,5.78,-6.36,0.49,7.4,2437.0,-1.69,42.6,17.0,38.5,-1.69,0.0,0.0,0.0,0.0
GFS Basic,Tata Consultancy Ser,-1.56,-26.88,32.33,-0.57,-0.05,32.3,31,4.36,-3.53,0.59,8.2,6468.0,-0.98,40.9,20.0,30.0,-1.26,100.0,7.49,0.0,0.0
GFS Basic,BSE Ltd.,-2.85,-18.02,28.65,-0.58,-0.1,29.4,17,7.45,-4.6,0.63,7.2,3512.0,-1.06,40.6,6.9,29.4,-1.06,0.0,0.0,0.0,0.0
GFS Basic,Hindustan Zinc Ltd.,-1.67,-26.43,30.26,-0.58,-0.06,25.0,20,7.81,-4.51,0.56,5.4,4190.0,-1.43,41.2,18.2,25.0,-1.43,0.0,0.0,0.0,0.0
GFS Basic,Jammu & Kashmir Bank,-1.3,-22.98,31.85,-0.58,-0.04,33.3,18,4.96,-4.54,0.47,7.4,3207.0,-1.37,40.8,20.0,35.3,-1.12,0.0,0.0,0.0,-5.64
GFS Advanced,Atul Ltd.,-0.94,-17.25,17.25,-0.59,-0.05,23.1,13,5.54,-3.54,0.44,7.5,2609.0,-1.45,40.8,20.0,23.1,-1.45,0.0,0.0,0.0,0.0
GFS Advanced,Supreme Industries L,-1.27,-22.51,29.72,-0.59,-0.04,34.6,26,4.47,-3.83,0.63,7.6,5759.0,-0.96,41.1,20.0,34.6,-0.96,0.0,0.0,0.0,0.0
GFS Basic,Tata Communications ,-1.45,-25.24,29.88,-0.59,-0.05,33.3,21,4.88,-4.45,0.5,7.7,3921.0,-1.34,39.8,20.0,35.0,-1.28,0.0,0.0,0.0,-2.6
GFS Basic,Titagarh Rail System,-2.27,-30.24,41.21,-0.59,-0.06,31.8,22,7.63,-5.74,0.54,9.5,3873.0,-1.49,41.2,15.7,33.3,-1.44,0.0,0.0,0.0,-2.39
GFS Basic,Bharat Petroleum Cor,-1.43,-25.03,28.21,-0.6,-0.05,34.8,23,4.79,-4.39,0.57,8.8,4797.0,-1.2,40.7,20.0,34.8,-1.2,0.0,0.0,0.0,0.0
GFS Advanced,Can Fin Homes Ltd.,-1.89,-31.73,31.73,-0.6,-0.06,33.3,21,6.06,-5.58,0.5,5.8,3972.0,-1.7,39.9,20.0,33.3,-1.7,0.0,0.0,0.0,0.0
GFS Basic,IIFL Finance Ltd.,-1.7,-27.29,36.53,-0.6,-0.05,31.6,19,5.26,-4.81,0.48,7.2,3727.0,-1.63,41.5,18.6,31.6,-1.63,0.0,0.0,0.0,0.0
GFS Basic,NLC India Ltd.,-2.35,-37.82,44.29,-0.6,-0.05,38.9,18,4.55,-6.76,0.34,9.3,2886.0,-2.36,40.4,20.0,38.9,-2.36,0.0,0.0,0.0,0.0
GFS Advanced,PNB Housing Finance ,-1.28,-8.77,12.11,-0.6,-0.11,62.5,8,2.1,-6.5,0.52,11.1,1740.0,-1.12,43.8,7.1,62.5,-1.12,0.0,0.0,0.0,0.0
GFS Basic,Bharti Airtel Ltd.,-1.16,-20.86,31.56,-0.61,-0.04,43.3,30,2.45,-3.23,0.57,8.0,6161.0,-0.77,40.4,20.0,43.3,-0.77,0.0,0.0,0.0,0.0
GFS Basic,Central Bank of Indi,-2.04,-28.63,38.06,-0.61,-0.05,41.7,12,5.11,-8.18,0.47,9.6,2708.0,-2.64,40.7,16.3,41.7,-2.65,0.0,0.0,0.0,0.0
GFS Advanced,Finolex Cables Ltd.,-0.92,-16.81,21.73,-0.61,-0.04,20.0,10,9.36,-4.55,0.49,6.5,2128.0,-1.77,41.3,20.0,20.0,-1.77,0.0,0.0,0.0,0.0
GFS Advanced,Jammu & Kashmir Bank,-1.12,-20.08,25.81,-0.61,-0.04,25.0,12,5.56,-4.26,0.37,4.8,2274.0,-1.8,41.2,20.0,25.0,-1.8,0.0,0.0,0.0,0.0
GFS Advanced,Rashtriya Chemicals ,-0.9,-16.44,21.05,-0.61,-0.04,25.0,8,4.97,-4.62,0.31,5.1,1593.0,-2.22,42.0,20.0,25.0,-2.23,0.0,0.0,0.0,0.0
GFS Advanced,Vodafone Idea Ltd.,-0.95,-14.72,14.81,-0.61,-0.06,42.9,7,2.61,-5.94,0.32,7.4,1493.0,-2.28,42.7,16.8,42.9,-2.28,0.0,0.0,0.0,0.0
GFS Basic,Yes Bank Ltd.,-1.72,-27.45,37.06,-0.61,-0.05,36.8,19,4.87,-5.42,0.51,9.0,3785.0,-1.63,40.2,18.5,41.2,-1.32,0.0,-4.19,0.0,-4.25
GFS Basic,3M India Ltd.,-2.07,-34.09,39.77,-0.62,-0.05,28.6,28,6.58,-4.76,0.55,10.2,5166.0,-1.52,41.5,20.0,28.6,-1.52,0.0,0.0,0.0,0.0
GFS Basic,Godrej Consumer Prod,-2.08,-34.29,43.9,-0.63,-0.05,41.2,34,4.17,-4.86,0.52,9.4,5622.0,-1.14,41.4,20.0,40.6,-1.29,0.0,-3.25,100.0,5.8
GFS Advanced,Jindal Saw Ltd.,-1.67,-28.52,34.33,-0.63,-0.05,36.4,11,5.3,-7.6,0.41,6.5,2333.0,-2.91,41.1,20.0,36.4,-2.91,0.0,0.0,0.0,0.0
GFS Basic,ICICI Bank Ltd.,-1.48,-25.79,34.22,-0.64,-0.04,41.4,29,3.45,-4.12,0.58,7.9,5679.0,-0.99,41.0,20.0,42.9,-0.83,0.0,-5.5,0.0,0.0
GFS Basic,Inox Wind Ltd.,-1.79,-14.57,20.59,-0.64,-0.09,33.3,6,6.8,-7.18,0.46,6.0,1332.0,-2.52,39.2,8.7,33.3,-2.52,0.0,0.0,0.0,0.0
GFS Basic,Maruti Suzuki India ,-1.42,-24.76,26.94,-0.64,-0.05,39.4,33,3.14,-3.49,0.56,7.8,6233.0,-0.88,40.4,20.0,41.9,-0.77,0.0,0.0,0.0,-2.57
GFS Basic,Redington Ltd.,-1.99,-28.73,33.89,-0.64,-0.06,29.6,27,5.8,-4.11,0.57,8.3,5486.0,-1.17,40.8,16.8,26.9,-1.3,0.0,0.0,100.0,2.25
GFS Advanced,Redington Ltd.,-1.16,-17.87,19.0,-0.64,-0.06,22.2,18,4.66,-2.73,0.46,8.4,3660.0,-1.08,41.2,16.8,17.6,-1.28,0.0,0.0,100.0,2.25
GFS Basic,Sundaram Finance Ltd,-2.25,-36.46,36.46,-0.64,-0.06,37.8,37,4.2,-4.45,0.53,7.9,6481.0,-1.17,40.7,20.0,38.9,-1.1,0.0,0.0,0.0,-3.94
GFS Basic,Bayer Cropscience Lt,-1.61,-20.28,27.66,-0.65,-0.06,33.3,18,3.84,-3.83,0.47,10.0,3503.0,-1.27,40.8,13.9,33.3,-1.27,0.0,0.0,0.0,0.0
GFS Advanced,Britannia Industries,-0.97,-17.67,18.7,-0.65,-0.05,36.8,19,3.12,-3.43,0.5,7.5,3831.0,-1.02,40.7,20.0,36.8,-1.02,0.0,0.0,0.0,0.0
GFS Basic,Hindustan Petroleum ,-2.08,-34.3,43.17,-0.65,-0.05,33.3,24,4.72,-4.91,0.45,8.0,4544.0,-1.7,40.2,20.0,33.3,-1.7,0.0,0.0,0.0,0.0
GFS Advanced,Shriram Finance Ltd.,-1.64,-28.12,32.3,-0.65,-0.05,31.2,16,4.4,-5.61,0.35,6.2,3025.0,-2.48,40.7,20.0,31.2,-2.48,0.0,0.0,0.0,0.0
GFS Basic,Biocon Ltd.,-1.41,-24.45,28.95,-0.67,-0.05,36.8,19,3.96,-4.6,0.5,9.4,4010.0,-1.45,39.8,19.7,36.8,-1.45,0.0,0.0,0.0,0.0
GFS Basic,Dr. Lal Path Labs Lt,-1.64,-12.48,16.51,-0.67,-0.1,35.7,14,4.09,-3.73,0.58,11.0,2919.0,-0.93,40.8,8.0,35.7,-0.93,0.0,0.0,0.0,0.0
GFS Basic,J.B. Chemicals & Pha,-2.78,-43.07,46.27,-0.67,-0.06,37.5,24,5.23,-6.66,0.44,11.0,4327.0,-2.2,41.2,20.0,37.5,-2.2,0.0,0.0,0.0,0.0
GFS Basic,Nippon Life India As,-2.21,-12.75,19.58,-0.67,-0.11,44.4,9,5.17,-6.66,0.6,7.3,1984.0,-1.4,38.4,6.1,44.4,-1.4,0.0,0.0,0.0,0.0
GFS Advanced,Bharat Electronics L,-1.75,-29.71,36.86,-0.68,-0.05,28.6,21,4.82,-4.21,0.44,7.2,4102.0,-1.63,40.1,20.0,25.0,-1.82,0.0,0.0,100.0,2.09
GFS Advanced,IRB Infrastructure D,-1.05,-15.36,20.11,-0.68,-0.05,20.0,5,4.07,-5.2,0.2,5.6,1084.0,-3.35,41.5,15.9,20.0,-3.35,0.0,0.0,0.0,0.0
GFS Basic,Zee Entertainment En,-1.7,-28.97,30.24,-0.68,-0.06,36.4,22,3.92,-4.58,0.48,11.1,4376.0,-1.49,40.5,20.0,36.4,-1.49,0.0,0.0,0.0,0.0
GFS Basic,Apollo Hospitals Ent,-1.34,-23.65,27.4,-0.69,-0.05,33.3,24,2.97,-3.17,0.43,7.8,4649.0,-1.12,41.4,20.0,34.8,-1.05,0.0,-2.94,0.0,0.0
GFS Basic,Coromandel Internati,-2.87,-44.05,47.85,-0.69,-0.06,40.0,35,4.94,-5.76,0.53,8.5,6025.0,-1.48,41.3,20.0,38.2,-1.62,100.0,3.59,0.0,0.0
GFS Basic,IDFC First Bank Ltd.,-1.63,-12.49,15.01,-0.69,-0.11,20.0,5,10.14,-5.73,0.4,8.2,1035.0,-2.56,38.8,8.1,0.0,-5.04,100.0,10.14,0.0,-7.81
GFS Basic,Punjab National Bank,-1.5,-26.06,33.49,-0.69,-0.04,41.2,17,3.63,-5.43,0.41,11.5,3108.0,-1.7,40.8,20.0,41.2,-1.7,0.0,0.0,0.0,0.0
GFS Basic,Hindustan Aeronautic,-2.8,-14.93,16.89,-0.7,-0.17,50.0,12,3.9,-6.47,0.56,12.8,2402.0,-1.29,41.4,5.7,50.0,-1.29,0.0,0.0,0.0,0.0
GFS Basic,Tech Mahindra Ltd.,-1.82,-27.28,27.77,-0.7,-0.07,33.3,24,4.14,-4.02,0.48,8.1,4589.0,-1.3,40.4,17.4,34.8,-1.27,0.0,0.0,0.0,-2.1
GFS Basic,UNO Minda Ltd.,-2.53,-35.04,40.54,-0.7,-0.06,36.4,33,5.03,-4.81,0.6,7.7,6768.0,-1.23,40.2,16.8,36.4,-1.23,0.0,0.0,0.0,0.0
GFS Advanced,BSE Ltd.,-2.22,-14.26,25.76,-0.71,-0.09,27.3,11,5.18,-3.87,0.52,6.8,2504.0,-1.4,40.6,6.9,27.3,-1.4,0.0,0.0,0.0,0.0
GFS Basic,Garden Reach Shipbui,-3.3,-16.05,21.21,-0.71,-0.16,22.2,9,11.73,-5.59,0.56,5.8,1964.0,-1.74,41.9,5.2,25.0,-1.35,0.0,0.0,0.0,-4.89
GFS Advanced,JM Financial Ltd.,-2.4,-34.14,35.32,-0.71,-0.07,23.5,17,9.04,-5.86,0.46,5.7,3282.0,-2.35,40.7,17.2,23.5,-2.35,0.0,0.0,0.0,0.0
GFS Advanced,Steel Authority of I,-1.45,-25.31,32.25,-0.71,-0.05,23.1,13,6.01,-4.69,0.33,5.2,2373.0,-2.22,41.6,20.0,23.1,-2.22,0.0,0.0,0.0,0.0
GFS Advanced,Zee Entertainment En,-1.15,-20.54,20.54,-0.71,-0.06,20.0,10,4.08,-3.95,0.26,8.1,2049.0,-2.34,41.7,20.0,20.0,-2.34,0.0,0.0,0.0,0.0
GFS Advanced,ACC Ltd.,-1.1,-19.88,19.88,-0.72,-0.06,23.1,13,2.9,-3.16,0.26,7.6,2558.0,-1.76,40.5,20.0,23.1,-1.76,0.0,0.0,0.0,0.0
GFS Advanced,Bata India Ltd.,-1.29,-22.76,27.73,-0.72,-0.05,31.2,16,4.2,-4.23,0.4,6.2,3030.0,-1.6,40.4,20.0,26.7,-1.75,0.0,0.0,100.0,0.7
GFS Basic,Century Plyboards (I,-2.08,-31.15,31.15,-0.72,-0.07,38.1,21,3.23,-4.83,0.4,10.4,4080.0,-1.76,40.5,17.8,36.8,-1.87,0.0,-3.25,100.0,1.83
GFS Basic,Escorts Kubota Ltd.,-2.04,-33.8,45.03,-0.72,-0.05,23.8,21,6.5,-4.56,0.4,6.9,3708.0,-1.92,39.8,20.0,23.8,-1.92,0.0,0.0,0.0,0.0
GFS Basic,Glenmark Pharmaceuti,-2.76,-42.8,45.26,-0.73,-0.06,38.7,31,3.46,-5.05,0.39,7.9,5239.0,-1.76,41.3,20.0,38.7,-1.76,0.0,0.0,0.0,0.0
GFS Basic,Fertilisers and Chem,-2.48,-39.4,47.89,-0.74,-0.05,23.5,17,9.08,-6.44,0.33,8.2,2656.0,-2.79,40.8,20.0,23.5,-2.79,0.0,0.0,0.0,0.0
GFS Advanced,Sun Pharmaceutical I,-1.11,-20.02,22.98,-0.74,-0.05,31.8,22,2.37,-2.63,0.43,8.1,4599.0,-1.04,39.9,20.0,31.8,-1.03,0.0,0.0,0.0,0.0
GFS Basic,Zydus Lifesciences L,-1.56,-26.98,36.12,-0.74,-0.04,39.3,28,2.86,-3.67,0.52,6.8,5993.0,-1.11,41.8,19.9,39.3,-1.11,0.0,0.0,0.0,0.0
GFS Advanced,EIH Ltd.,-1.2,-21.42,21.42,-0.75,-0.06,36.4,11,2.45,-4.87,0.27,5.3,2208.0,-2.21,40.4,20.0,36.4,-2.21,0.0,0.0,0.0,0.0
GFS Basic,AIA Engineering Ltd.,-1.62,-25.55,29.51,-0.76,-0.05,38.1,21,3.09,-4.19,0.44,10.4,4124.0,-1.42,41.1,18.1,38.1,-1.42,0.0,0.0,0.0,0.0
GFS Advanced,Indian Overseas Bank,-1.42,-24.87,24.87,-0.76,-0.06,25.0,8,3.98,-6.1,0.2,8.5,1563.0,-3.58,39.7,20.0,25.0,-3.58,0.0,0.0,0.0,0.0
GFS Basic,GE Vernova T&D India,-2.04,-28.8,32.01,-0.77,-0.06,38.9,18,4.38,-5.77,0.44,8.3,3372.0,-1.82,40.4,16.5,38.9,-1.82,0.0,0.0,0.0,0.0
GFS Advanced,NTPC Ltd.,-0.73,-13.14,13.14,-0.77,-0.06,22.2,9,2.47,-2.77,0.24,7.0,1894.0,-1.61,40.0,19.1,22.2,-1.61,0.0,0.0,0.0,0.0
GFS Advanced,Reliance Power Ltd.,-1.96,-26.91,35.79,-0.77,-0.05,22.2,9,7.14,-6.4,0.33,7.8,1950.0,-3.39,39.6,15.9,22.2,-3.39,0.0,0.0,0.0,0.0
GFS Basic,Suzlon Energy Ltd.,-1.76,-27.57,29.29,-0.77,-0.06,27.3,11,6.55,-6.41,0.34,4.5,2104.0,-2.87,39.4,18.2,27.3,-2.87,0.0,0.0,0.0,0.0
GFS Advanced,Trident Ltd.,-1.53,-26.51,26.51,-0.78,-0.06,21.4,14,5.54,-4.29,0.33,6.3,2668.0,-2.18,40.3,20.0,21.4,-2.19,0.0,0.0,0.0,0.0
GFS Basic,Apollo Tyres Ltd.,-2.5,-39.71,41.48,-0.79,-0.06,32.0,25,5.64,-5.53,0.42,9.6,4181.0,-1.95,41.5,20.0,32.0,-1.95,0.0,0.0,0.0,0.0
GFS Basic,Zen Technologies Ltd,-3.73,-28.37,38.49,-0.79,-0.1,28.6,14,10.28,-7.13,0.49,8.0,2472.0,-2.15,40.5,8.8,28.6,-2.15,0.0,0.0,0.0,0.0
GFS Advanced,AstraZenca Pharma In,-1.75,-29.72,29.72,-0.8,-0.06,25.0,20,4.37,-3.77,0.36,7.4,3798.0,-1.74,40.5,20.0,25.0,-1.74,0.0,0.0,0.0,0.0
GFS Basic,Gravita India Ltd.,-2.98,-32.76,35.72,-0.8,-0.08,28.6,21,7.91,-5.65,0.55,7.2,4414.0,-1.77,40.1,13.1,30.0,-1.64,0.0,0.0,0.0,-4.33
GFS Basic,Jubilant Pharmova Lt,-2.56,-40.42,40.42,-0.8,-0.06,30.4,23,4.76,-5.25,0.36,7.7,3967.0,-2.2,40.8,20.0,23.8,-2.57,0.0,0.0,100.0,1.71
GFS Basic,PCBL Chemical Ltd.,-2.94,-44.84,48.29,-0.8,-0.06,36.4,22,4.87,-6.83,0.34,9.4,3592.0,-2.58,40.1,20.0,36.4,-2.57,0.0,0.0,0.0,0.0
GFS Advanced,Anant Raj Ltd.,-1.82,-27.24,33.3,-0.81,-0.05,20.0,10,7.86,-5.86,0.32,8.5,2052.0,-3.12,40.7,17.3,11.1,-4.24,0.0,0.0,100.0,7.01
GFS Advanced,Glenmark Pharmaceuti,-2.21,-36.05,36.05,-0.81,-0.06,21.1,19,4.83,-4.25,0.27,6.1,3378.0,-2.34,41.3,20.0,21.1,-2.34,0.0,0.0,0.0,0.0
GFS Advanced,Hindustan Unilever L,-1.2,-21.37,21.76,-0.81,-0.06,26.7,15,3.35,-3.43,0.32,5.2,2860.0,-1.62,39.1,20.0,26.7,-1.62,0.0,0.0,0.0,0.0
GFS Advanced,Jyothy Labs Ltd.,-1.77,-24.82,24.82,-0.81,-0.07,15.4,13,7.12,-3.9,0.32,6.6,2624.0,-2.2,40.2,16.0,15.4,-2.2,0.0,0.0,0.0,0.0
GFS Basic,L&T Finance Ltd.,-2.09,-22.96,27.51,-0.81,-0.08,38.5,13,3.82,-5.62,0.38,8.6,2471.0,-1.99,40.2,12.4,38.5,-1.99,0.0,0.0,0.0,0.0
GFS Advanced,NBCC (India) Ltd.,-2.01,-21.15,21.15,-0.81,-0.1,10.0,10,12.77,-4.02,0.33,6.1,2091.0,-2.34,37.8,11.7,10.0,-2.34,0.0,0.0,0.0,0.0
GFS Basic,Thermax Ltd.,-2.19,-35.73,43.48,-0.81,-0.05,29.6,27,6.03,-4.73,0.45,7.7,4482.0,-1.54,40.5,20.0,29.6,-1.54,0.0,0.0,0.0,0.0
GFS Advanced,Coromandel Internati,-1.75,-29.67,32.17,-0.82,-0.05,29.4,17,3.9,-4.57,0.35,8.9,3288.0,-2.07,40.7,20.0,29.4,-2.07,0.0,0.0,0.0,0.0
GFS Advanced,H.E.G. Ltd.,-1.53,-26.48,30.43,-0.82,-0.05,16.7,12,8.48,-4.75,0.37,4.5,2509.0,-2.54,39.7,20.0,16.7,-2.54,0.0,0.0,0.0,0.0
GFS Basic,Supreme Industries L,-2.49,-39.51,42.94,-0.82,-0.06,38.5,39,4.38,-4.75,0.56,8.6,7143.0,-1.24,40.9,20.0,38.5,-1.24,0.0,0.0,0.0,0.0
GFS Advanced,Ashok Leyland Ltd.,-1.59,-27.42,28.49,-0.83,-0.06,27.8,18,4.56,-4.2,0.39,7.9,3420.0,-1.77,40.8,20.0,27.8,-1.77,0.0,0.0,0.0,0.0
GFS Basic,ICICI Lombard Genera,-1.36,-8.23,8.23,-0.83,-0.17,37.5,8,1.28,-2.55,0.29,11.4,1730.0,-1.11,40.8,6.3,42.9,-0.83,0.0,0.0,0.0,-3.08
GFS Basic,LIC Housing Finance ,-2.56,-40.39,43.38,-0.83,-0.06,38.5,26,4.68,-5.96,0.44,9.5,4325.0,-1.86,40.9,20.0,36.0,-2.07,100.0,3.29,0.0,0.0
GFS Basic,Poonawalla Fincorp L,-3.33,-48.71,51.18,-0.83,-0.07,35.7,28,5.27,-6.46,0.39,9.7,4513.0,-2.27,41.7,19.7,38.5,-2.25,0.0,0.0,0.0,-2.6
GFS Advanced,Triveni Engineering ,-1.86,-28.8,28.8,-0.83,-0.06,25.0,12,5.52,-5.58,0.31,4.2,2330.0,-2.8,42.1,18.1,25.0,-2.8,0.0,0.0,0.0,0.0
GFS Basic,ZF Commercial Vehicl,-2.62,-41.17,41.34,-0.83,-0.06,31.0,29,3.91,-4.46,0.36,10.8,4674.0,-1.86,41.3,20.0,32.1,-1.81,0.0,-3.25,0.0,0.0
GFS Advanced,Axis Bank Ltd.,-1.43,-24.97,26.35,-0.84,-0.05,37.5,16,2.28,-4.25,0.29,6.2,2997.0,-1.8,40.9,20.0,37.5,-1.8,0.0,0.0,0.0,0.0
GFS Advanced,NATCO Pharma Ltd.,-2.37,-38.11,40.51,-0.84,-0.06,36.0,25,3.11,-4.71,0.34,7.6,4373.0,-1.9,41.6,20.0,33.3,-2.06,0.0,0.0,100.0,2.16
GFS Basic,Cera Sanitaryware Lt,-2.49,-33.34,33.34,-0.85,-0.07,34.3,35,3.71,-3.72,0.5,8.9,6530.0,-1.18,40.2,16.1,35.3,-1.13,0.0,-2.87,0.0,0.0
GFS Advanced,Escorts Kubota Ltd.,-1.47,-25.6,33.02,-0.85,-0.04,21.4,14,5.2,-4.12,0.34,6.6,2736.0,-2.12,40.3,20.0,21.4,-2.12,0.0,0.0,0.0,0.0
GFS Advanced,Hindustan Petroleum ,-1.73,-29.4,33.63,-0.85,-0.05,20.0,15,4.61,-4.08,0.25,5.9,2875.0,-2.34,39.7,20.0,20.0,-2.34,0.0,0.0,0.0,0.0
GFS Basic,RHI MAGNESITA INDIA ,-2.88,-29.16,35.7,-0.85,-0.08,29.4,17,5.69,-5.14,0.4,6.6,3076.0,-1.95,41.2,11.8,29.4,-1.95,0.0,0.0,0.0,0.0
GFS Basic,UPL Ltd.,-1.8,-30.45,36.55,-0.85,-0.05,31.8,22,3.88,-4.21,0.41,6.3,4183.0,-1.64,39.9,20.0,31.8,-1.64,0.0,0.0,0.0,0.0
GFS Advanced,Godawari Power & Isp,-1.94,-29.32,29.32,-0.86,-0.07,25.0,12,5.36,-5.6,0.28,6.1,2277.0,-2.86,41.1,17.7,25.0,-2.86,0.0,0.0,0.0,0.0
GFS Basic,IDBI Bank Ltd.,-2.21,-36.02,43.83,-0.86,-0.05,23.1,13,5.88,-6.16,0.23,8.5,2209.0,-3.38,39.8,20.0,23.1,-3.38,0.0,0.0,0.0,0.0
GFS Basic,Tejas Networks Ltd.,-3.49,-20.68,34.21,-0.86,-0.1,27.3,11,7.69,-5.62,0.43,5.3,2027.0,-1.99,40.8,6.5,27.3,-1.99,0.0,0.0,0.0,0.0
GFS Basic,Jaiprakash Power Ven,-2.96,-42.96,45.42,-0.87,-0.07,23.1,13,7.46,-7.67,0.22,5.6,2100.0,-4.18,41.0,18.7,23.1,-4.18,0.0,0.0,0.0,0.0
GFS Basic,ACC Ltd.,-1.97,-32.83,32.83,-0.88,-0.06,35.0,20,3.62,-5.02,0.37,11.2,3613.0,-2.0,40.8,20.0,35.0,-2.0,0.0,0.0,0.0,0.0
GFS Basic,Britannia Industries,-1.84,-30.91,31.78,-0.88,-0.06,37.5,32,3.28,-3.83,0.48,8.9,5692.0,-1.16,40.7,20.0,38.7,-0.93,0.0,-8.48,0.0,0.0
GFS Basic,Capri Global Capital,-2.35,-26.91,30.21,-0.88,-0.08,31.2,16,4.17,-4.73,0.38,8.2,3097.0,-1.94,40.6,13.2,31.2,-1.94,0.0,0.0,0.0,0.0
GFS Basic,Akzo Nobel India Ltd,-1.91,-32.01,38.49,-0.89,-0.05,32.0,25,3.42,-3.86,0.36,7.5,4477.0,-1.53,41.7,20.0,29.2,-1.61,0.0,0.0,100.0,0.44
GFS Advanced,Gujarat Mineral Deve,-1.45,-25.35,31.5,-0.89,-0.05,26.7,15,5.15,-4.51,0.35,7.9,2717.0,-1.93,42.2,20.0,28.6,-1.77,0.0,0.0,0.0,-4.18
GFS Advanced,Gujarat State Petron,-1.18,-19.12,19.12,-0.89,-0.06,22.2,9,3.7,-4.12,0.24,7.6,1836.0,-2.38,40.3,17.9,22.2,-2.38,0.0,0.0,0.0,0.0
GFS Advanced,J.B. Chemicals & Pha,-2.22,-36.08,39.33,-0.89,-0.06,25.0,16,5.24,-5.41,0.28,8.6,2837.0,-2.75,41.1,20.0,25.0,-2.75,0.0,0.0,0.0,0.0
GFS Basic,Godrej Properties Lt,-1.59,-20.07,27.65,-0.9,-0.06,18.2,11,8.15,-4.29,0.36,6.5,2114.0,-2.03,38.7,13.9,18.2,-2.03,0.0,0.0,0.0,0.0
GFS Basic,HDFC Bank Ltd.,-1.89,-31.7,35.39,-0.9,-0.05,31.7,41,2.89,-2.71,0.5,7.7,8241.0,-0.93,41.5,20.0,32.5,-0.73,0.0,0.0,0.0,-9.01
GFS Basic,Hindustan Unilever L,-2.43,-38.81,38.81,-0.9,-0.06,23.1,26,4.03,-3.68,0.29,8.3,4392.0,-1.91,40.1,20.0,23.1,-1.91,0.0,0.0,0.0,0.0
GFS Basic,Zensar Technolgies L,-3.2,-47.75,50.13,-0.9,-0.06,30.0,30,5.14,-5.17,0.33,9.2,4492.0,-2.08,41.0,20.0,30.0,-2.08,0.0,0.0,0.0,0.0
GFS Basic,Axis Bank Ltd.,-2.1,-34.51,34.51,-0.91,-0.06,39.3,28,2.85,-4.33,0.42,7.6,5260.0,-1.51,41.2,20.0,37.0,-1.68,0.0,0.0,100.0,3.23
GFS Advanced,Swan Corp Ltd.,-2.14,-22.2,26.45,-0.91,-0.08,37.5,8,4.57,-7.61,0.33,10.9,1628.0,-3.05,39.0,11.6,37.5,-3.04,0.0,0.0,0.0,0.0
GFS Advanced,Affle 3i Ltd.,-1.84,-7.8,12.1,-0.92,-0.15,40.0,5,3.06,-4.77,0.43,5.2,1113.0,-1.64,38.8,4.4,40.0,-1.64,0.0,0.0,0.0,0.0
GFS Advanced,Bank of Baroda,-2.0,-33.21,35.74,-0.92,-0.06,26.7,15,4.7,-5.36,0.29,7.5,2672.0,-2.68,41.6,20.0,26.7,-2.68,0.0,0.0,0.0,0.0
GFS Basic,Eicher Motors Ltd.,-2.58,-40.63,40.63,-0.92,-0.06,38.9,36,3.23,-4.44,0.41,7.9,5766.0,-1.45,41.4,20.0,38.2,-1.54,0.0,0.0,50.0,0.05
GFS Advanced,Tata Investment Corp,-1.47,-25.57,28.85,-0.92,-0.05,35.7,14,2.94,-4.92,0.35,8.4,3043.0,-2.11,41.3,20.0,38.5,-1.97,0.0,0.0,0.0,-3.91
GFS Basic,Hitachi Energy India,-3.6,-12.99,12.99,-0.93,-0.28,42.9,7,4.19,-6.63,0.45,5.6,1419.0,-1.99,41.8,3.8,42.9,-1.99,0.0,0.0,0.0,0.0
GFS Advanced,Kajaria Ceramics Ltd,-2.08,-34.33,34.33,-0.93,-0.06,29.2,24,3.89,-4.07,0.38,7.0,4448.0,-1.75,41.6,20.0,29.2,-1.75,0.0,0.0,0.0,0.0
GFS Basic,Sun TV Network Ltd.,-1.44,-22.67,22.67,-0.93,-0.06,27.3,11,2.7,-4.23,0.23,8.4,2269.0,-2.34,40.3,17.7,30.0,-2.35,0.0,-2.23,0.0,0.0
GFS Basic,APL Apollo Tubes Ltd,-2.96,-30.38,36.04,-0.94,-0.08,42.3,26,4.27,-5.38,0.5,9.1,4399.0,-1.3,40.6,12.0,42.3,-1.3,0.0,0.0,0.0,0.0
GFS Basic,Colgate Palmolive (I,-1.94,-32.43,36.38,-0.94,-0.05,33.3,36,2.57,-2.94,0.42,8.0,6807.0,-1.1,40.5,20.0,34.3,-0.97,0.0,0.0,0.0,-5.63
GFS Advanced,Colgate Palmolive (I,-1.34,-23.55,30.5,-0.94,-0.04,25.0,20,3.35,-2.94,0.36,5.4,3964.0,-1.37,40.6,20.0,25.0,-1.37,0.0,0.0,0.0,0.0
GFS Advanced,Dabur India Ltd.,-1.46,-25.47,28.3,-0.94,-0.05,29.4,17,1.63,-3.2,0.19,6.2,3187.0,-1.78,41.4,20.0,29.4,-1.78,0.0,0.0,0.0,0.0
GFS Advanced,Thermax Ltd.,-2.25,-36.51,43.97,-0.94,-0.05,20.0,20,7.55,-4.62,0.31,7.2,3184.0,-2.19,40.5,20.0,20.0,-2.19,0.0,0.0,0.0,0.0
GFS Advanced,APL Apollo Tubes Ltd,-1.86,-20.2,22.5,-0.95,-0.08,40.0,15,3.33,-4.69,0.44,6.8,2960.0,-1.48,41.1,12.0,40.0,-1.48,0.0,0.0,0.0,0.0
GFS Advanced,CESC Ltd.,-1.47,-25.65,25.65,-0.95,-0.06,16.7,12,6.04,-4.19,0.28,5.3,2344.0,-2.49,40.6,20.0,18.2,-2.45,0.0,0.0,0.0,-2.83
GFS Basic,EIH Ltd.,-1.68,-28.71,28.71,-0.95,-0.06,33.3,15,2.6,-4.72,0.27,5.1,2954.0,-2.28,40.6,20.0,33.3,-2.28,0.0,0.0,0.0,0.0
GFS Advanced,Adani Power Ltd.,-1.93,-24.42,31.39,-0.96,-0.06,22.2,9,5.72,-5.6,0.24,5.3,1668.0,-3.09,41.2,14.4,25.0,-2.7,0.0,0.0,0.0,-6.16
GFS Basic,CreditAccess Grameen,-1.62,-8.39,11.57,-0.96,-0.14,40.0,5,2.28,-4.47,0.31,8.2,1038.0,-1.77,40.6,5.4,50.0,-0.67,0.0,0.0,0.0,-6.17
GFS Advanced,Indus Towers Ltd.,-2.18,-21.54,27.63,-0.96,-0.08,30.0,10,4.17,-5.23,0.33,6.0,2051.0,-2.41,41.8,11.0,33.3,-2.34,0.0,0.0,0.0,-3.06
GFS Advanced,Jindal Steel Ltd.,-2.2,-35.88,39.25,-0.96,-0.06,14.3,14,4.3,-4.78,0.17,5.9,2680.0,-3.48,41.3,20.0,14.3,-3.48,0.0,0.0,0.0,0.0
GFS Basic,Jupiter Wagons Ltd.,-4.05,-42.01,42.77,-0.96,-0.09,23.1,13,8.14,-7.72,0.32,10.3,2428.0,-4.06,40.8,13.2,23.1,-4.06,0.0,0.0,0.0,0.0
GFS Basic,Laurus Labs Ltd.,-3.05,-19.59,25.33,-0.96,-0.12,40.0,10,3.95,-6.19,0.38,8.7,1934.0,-2.13,41.0,7.0,44.4,-1.53,0.0,0.0,0.0,-7.57
GFS Advanced,UNO Minda Ltd.,-2.15,-30.7,33.29,-0.96,-0.06,36.4,22,3.23,-4.46,0.4,6.5,4265.0,-1.66,39.5,16.8,36.4,-1.66,0.0,0.0,0.0,0.0
GFS Advanced,ZF Commercial Vehicl,-2.02,-33.47,38.04,-0.96,-0.05,19.0,21,3.65,-3.38,0.29,9.8,4089.0,-2.04,40.7,20.0,19.0,-2.04,0.0,0.0,0.0,0.0
GFS Basic,Ashok Leyland Ltd.,-2.29,-37.06,37.06,-0.97,-0.06,34.6,26,3.9,-4.75,0.4,8.3,4586.0,-1.76,40.0,20.0,34.6,-1.76,0.0,0.0,0.0,0.0
GFS Basic,Nestle India Ltd.,-2.06,-27.01,34.4,-0.97,-0.06,33.3,30,3.4,-3.26,0.51,7.3,5828.0,-1.04,41.3,15.1,34.5,-1.02,0.0,-1.48,0.0,0.0
GFS Basic,Affle 3i Ltd.,-2.34,-9.84,14.04,-0.98,-0.17,37.5,8,3.65,-4.25,0.51,4.8,1766.0,-1.29,40.2,4.4,37.5,-1.29,0.0,0.0,0.0,0.0
GFS Advanced,Cera Sanitaryware Lt,-2.41,-32.47,32.47,-0.98,-0.07,28.6,28,3.61,-3.46,0.41,8.0,5332.0,-1.44,40.3,16.1,28.6,-1.44,0.0,0.0,0.0,0.0
GFS Advanced,Dixon Technologies (,-2.69,-15.7,15.7,-0.98,-0.17,25.0,8,4.76,-4.71,0.32,4.2,1548.0,-2.35,41.1,6.3,25.0,-2.35,0.0,0.0,0.0,0.0
GFS Basic,Endurance Technologi,-1.48,-10.18,13.41,-0.98,-0.11,28.6,7,3.82,-3.71,0.41,4.1,1510.0,-1.56,41.9,7.2,28.6,-1.56,0.0,0.0,0.0,0.0
GFS Advanced,Adani Enterprises Lt,-1.77,-30.01,32.14,-0.99,-0.06,23.5,17,4.5,-4.16,0.33,6.6,3348.0,-2.12,41.0,20.0,23.5,-2.12,0.0,0.0,0.0,0.0
GFS Advanced,Emami Ltd.,-1.89,-28.15,29.72,-0.99,-0.06,26.7,15,4.2,-4.54,0.32,7.5,2916.0,-2.21,40.9,17.4,26.7,-2.21,0.0,0.0,0.0,0.0
GFS Advanced,Grasim Industries Lt,-1.05,-18.98,21.77,-0.99,-0.05,20.0,10,3.08,-3.47,0.2,4.0,1946.0,-2.16,41.6,20.0,20.0,-2.16,0.0,0.0,0.0,0.0
GFS Advanced,Procter & Gamble Hyg,-1.4,-24.55,26.31,-0.99,-0.05,20.8,24,3.9,-2.6,0.39,6.2,4638.0,-1.24,40.8,20.0,20.8,-1.24,0.0,0.0,0.0,0.0
GFS Basic,Tata Steel Ltd.,-2.63,-41.26,41.26,-0.99,-0.06,25.0,20,5.9,-5.45,0.3,7.5,3226.0,-2.61,41.0,20.0,26.3,-2.22,0.0,0.0,0.0,-10.02
GFS Advanced,Bayer Cropscience Lt,-1.43,-18.14,19.38,-1.0,-0.07,27.3,11,2.86,-3.65,0.27,8.9,2192.0,-1.87,40.7,13.9,27.3,-1.87,0.0,0.0,0.0,0.0
GFS Basic,Maharashtra Scooters,-2.56,-40.45,43.57,-1.0,-0.06,25.0,24,5.19,-4.54,0.3,10.7,3949.0,-2.11,41.0,20.0,25.0,-2.11,0.0,0.0,0.0,0.0
GFS Basic,Reliance Power Ltd.,-3.4,-42.24,44.24,-1.0,-0.08,18.2,11,7.14,-7.58,0.22,9.7,2168.0,-4.9,39.5,15.9,18.2,-4.9,0.0,0.0,0.0,0.0
GFS Advanced,Aditya Birla Fashion,-1.73,-16.63,19.25,-1.01,-0.09,25.0,8,3.07,-4.09,0.24,4.5,1689.0,-2.3,41.4,10.4,25.0,-2.3,0.0,0.0,0.0,0.0
GFS Basic,Gujarat State Petron,-2.13,-31.98,33.75,-1.01,-0.06,29.4,17,3.81,-4.8,0.33,9.5,3292.0,-2.27,41.0,17.9,29.4,-2.27,0.0,0.0,0.0,0.0
GFS Basic,JM Financial Ltd.,-4.24,-52.52,54.29,-1.01,-0.08,21.7,23,8.81,-6.45,0.35,7.3,3715.0,-3.13,40.1,17.2,22.7,-2.69,0.0,0.0,0.0,-13.0
GFS Basic,Jyothy Labs Ltd.,-3.23,-40.86,40.86,-1.01,-0.08,21.1,19,7.25,-5.33,0.33,8.6,3472.0,-2.68,40.7,16.0,21.1,-2.68,0.0,0.0,0.0,0.0
GFS Advanced,Pidilite Industries ,-2.47,-39.27,43.34,-1.01,-0.06,16.7,30,6.69,-3.32,0.38,6.3,5321.0,-1.65,41.1,20.0,16.7,-1.65,0.0,0.0,0.0,0.0
GFS Advanced,Tata Communications ,-1.88,-31.56,35.01,-1.01,-0.05,14.3,14,6.23,-4.24,0.2,7.4,2506.0,-2.74,41.3,20.0,15.4,-2.76,0.0,0.0,0.0,-2.6
GFS Basic,Grasim Industries Lt,-1.69,-28.79,35.77,-1.02,-0.05,26.3,19,4.03,-3.89,0.35,6.9,3597.0,-1.8,41.3,20.0,26.3,-1.8,0.0,0.0,0.0,0.0
GFS Advanced,Linde India Ltd.,-2.17,-35.46,36.78,-1.02,-0.06,26.1,23,3.78,-3.98,0.31,6.8,4098.0,-1.96,40.7,20.0,27.3,-1.79,0.0,0.0,0.0,-5.58
GFS Advanced,Patanjali Foods Ltd.,-1.71,-29.15,32.37,-1.02,-0.05,22.2,9,2.5,-5.73,0.1,5.6,1611.0,-3.9,41.0,20.0,22.2,-3.9,0.0,0.0,0.0,0.0
GFS Basic,Godrej Agrovet Ltd.,-2.56,-14.84,14.84,-1.04,-0.17,28.6,7,2.53,-4.29,0.23,9.9,1471.0,-2.34,38.6,6.2,28.6,-2.34,0.0,0.0,0.0,0.0
GFS Basic,J.K. Cement Ltd.,-3.02,-42.07,42.25,-1.04,-0.07,31.0,29,4.62,-4.78,0.38,8.2,4788.0,-1.86,39.8,17.8,31.0,-1.86,0.0,0.0,0.0,0.0
GFS Basic,Syngene Internationa,-2.09,-16.18,19.01,-1.04,-0.11,16.7,6,7.84,-5.1,0.27,9.0,1210.0,-2.94,39.1,8.4,16.7,-2.94,0.0,0.0,0.0,0.0
GFS Advanced,Indian Bank,-1.62,-23.97,24.52,-1.06,-0.07,16.7,12,4.8,-3.74,0.26,7.9,2415.0,-2.32,40.1,16.8,16.7,-2.32,0.0,0.0,0.0,0.0
GFS Advanced,Indian Oil Corporati,-1.75,-29.65,31.67,-1.06,-0.06,20.0,10,3.4,-5.29,0.13,5.9,1878.0,-3.55,41.1,20.0,20.0,-3.55,0.0,0.0,0.0,0.0
GFS Basic,Aarti Industries Ltd,-3.47,-50.63,53.47,-1.07,-0.06,30.6,36,3.45,-4.31,0.34,8.1,5794.0,-1.94,40.8,20.0,31.4,-1.97,0.0,-0.81,0.0,0.0
GFS Advanced,Aster DM Healthcare ,-2.27,-12.58,15.73,-1.07,-0.14,30.0,10,3.71,-3.52,0.42,9.6,2083.0,-1.35,41.3,5.9,30.0,-1.35,0.0,0.0,0.0,0.0
GFS Advanced,Poonawalla Fincorp L,-3.32,-48.58,51.01,-1.07,-0.07,31.6,19,3.8,-6.8,0.23,8.6,3119.0,-3.45,41.5,19.7,33.3,-3.51,0.0,0.0,0.0,-2.45
GFS Basic,Dixon Technologies (,-4.13,-23.24,23.24,-1.08,-0.18,30.0,10,5.92,-6.37,0.35,7.0,1809.0,-2.68,41.3,6.3,30.0,-2.68,0.0,0.0,0.0,0.0
GFS Advanced,Jupiter Wagons Ltd.,-3.26,-35.39,36.25,-1.08,-0.09,11.1,9,5.28,-6.2,0.11,6.0,1717.0,-4.92,42.0,13.2,11.1,-4.92,0.0,0.0,0.0,0.0
GFS Advanced,Nestle India Ltd.,-1.49,-20.33,23.74,-1.08,-0.06,23.1,13,3.57,-3.38,0.31,4.3,2653.0,-1.78,40.6,15.1,23.1,-1.78,0.0,0.0,0.0,0.0
GFS Basic,Sun Pharmaceutical I,-2.8,-43.31,45.41,-1.08,-0.06,36.8,38,2.54,-3.87,0.4,9.4,6950.0,-1.51,40.3,20.0,36.8,-1.51,0.0,0.0,0.0,0.0
GFS Advanced,Aarti Industries Ltd,-2.66,-41.67,44.1,-1.09,-0.06,30.8,26,3.69,-4.64,0.36,5.9,4705.0,-2.07,41.4,20.0,30.8,-2.08,0.0,0.0,0.0,0.0
GFS Advanced,Century Plyboards (I,-1.94,-29.37,29.37,-1.09,-0.07,20.0,15,3.21,-3.76,0.22,7.5,2912.0,-2.37,40.2,17.8,14.3,-2.67,0.0,0.0,100.0,1.83
GFS Advanced,Elecon Engineering C,-2.72,-37.92,37.92,-1.09,-0.07,20.0,10,2.36,-6.61,0.08,8.3,1751.0,-4.82,41.0,17.3,20.0,-4.82,0.0,0.0,0.0,0.0
GFS Basic,Techno Electric & En,-2.67,-36.29,41.24,-1.09,-0.06,23.8,21,4.41,-4.21,0.32,11.3,3983.0,-2.16,40.3,16.7,20.0,-2.35,0.0,0.0,100.0,1.66
GFS Advanced,Avenue Supermarts Lt,-1.69,-10.92,12.08,-1.1,-0.14,42.9,7,1.55,-4.17,0.26,5.9,1440.0,-1.72,40.2,6.8,42.9,-1.72,0.0,0.0,0.0,0.0
GFS Basic,Minda Corporation Lt,-3.43,-32.68,34.04,-1.12,-0.1,33.3,18,3.18,-4.89,0.31,7.7,3446.0,-2.2,40.9,11.3,33.3,-2.2,0.0,0.0,0.0,0.0
GFS Advanced,Sun TV Network Ltd.,-0.85,-14.07,14.07,-1.12,-0.06,0.0,5,0.0,-3.14,0.0,6.0,1053.0,-3.14,38.6,17.7,0.0,-3.14,0.0,0.0,0.0,0.0
GFS Basic,Adani Total Gas Ltd.,-3.89,-18.4,21.58,-1.13,-0.18,40.0,5,5.21,-10.22,0.33,10.2,1048.0,-4.05,40.6,5.1,40.0,-4.05,0.0,0.0,0.0,0.0
GFS Basic,Gujarat Mineral Deve,-2.97,-45.2,51.25,-1.13,-0.06,30.8,26,5.04,-5.51,0.35,9.0,4239.0,-2.26,41.4,20.0,32.0,-2.19,0.0,0.0,0.0,-4.18
GFS Basic,RBL Bank Ltd.,-1.67,-11.67,11.67,-1.13,-0.14,16.7,6,4.36,-3.4,0.25,1.8,1300.0,-2.11,38.8,7.4,20.0,-2.4,0.0,0.0,0.0,-0.68
GFS Basic,Indian Overseas Bank,-2.61,-40.98,42.84,-1.14,-0.06,25.0,12,3.8,-7.07,0.19,10.0,2170.0,-4.36,39.8,20.0,25.0,-4.36,0.0,0.0,0.0,0.0
GFS Advanced,Techno Electric & En,-1.95,-28.06,30.61,-1.15,-0.06,20.0,15,2.25,-3.39,0.18,7.2,3016.0,-2.26,41.1,16.7,14.3,-2.54,0.0,0.0,100.0,1.66
GFS Advanced,UPL Ltd.,-2.02,-33.4,33.4,-1.15,-0.06,23.5,17,3.31,-4.19,0.22,6.5,3113.0,-2.43,39.7,20.0,23.5,-2.43,0.0,0.0,0.0,0.0
GFS Advanced,Central Bank of Indi,-2.22,-30.74,30.74,-1.16,-0.07,33.3,9,3.35,-7.7,0.22,8.6,1818.0,-4.02,40.9,16.3,33.3,-4.02,0.0,0.0,0.0,0.0
GFS Basic,NATCO Pharma Ltd.,-3.49,-50.77,51.88,-1.16,-0.07,31.4,35,2.99,-4.33,0.3,7.9,5674.0,-2.03,41.1,20.0,30.3,-2.12,0.0,-3.15,100.0,2.16
GFS Advanced,Rail Vikas Nigam Ltd,-3.52,-15.57,23.15,-1.16,-0.15,22.2,9,7.41,-4.48,0.47,5.8,2017.0,-1.84,38.9,4.7,22.2,-1.84,0.0,0.0,0.0,0.0
GFS Basic,JK Tyre & Industries,-3.43,-49.39,52.55,-1.17,-0.07,34.6,26,2.89,-5.49,0.28,9.3,4317.0,-2.59,41.5,19.5,33.3,-2.39,100.0,0.9,0.0,-10.95
GFS Basic,Linde India Ltd.,-3.98,-55.51,58.0,-1.17,-0.07,30.0,30,3.42,-5.35,0.25,9.4,4659.0,-2.72,41.0,20.0,32.1,-2.47,0.0,-6.8,0.0,-5.59
GFS Basic,Pidilite Industries ,-4.14,-57.02,62.64,-1.17,-0.07,24.4,45,4.85,-4.03,0.42,7.4,7795.0,-1.86,40.6,20.0,24.4,-1.86,0.0,0.0,0.0,0.0
GFS Basic,Elecon Engineering C,-3.61,-46.97,47.59,-1.18,-0.08,33.3,15,2.36,-7.52,0.13,10.1,2467.0,-4.23,40.8,17.3,33.3,-4.23,0.0,0.0,0.0,0.0
GFS Basic,Trident Ltd.,-3.58,-51.73,51.73,-1.18,-0.07,27.3,22,4.04,-6.04,0.22,8.6,3398.0,-3.29,40.2,20.0,28.6,-3.12,0.0,-6.72,0.0,0.0
GFS Basic,Triveni Engineering ,-3.65,-48.91,55.15,-1.18,-0.07,25.0,20,5.68,-6.31,0.31,7.4,3489.0,-3.31,41.3,18.1,25.0,-3.31,0.0,0.0,0.0,0.0
GFS Advanced,JK Tyre & Industries,-2.58,-39.97,39.97,-1.19,-0.06,23.5,17,3.7,-5.08,0.22,7.6,2956.0,-3.01,41.7,19.5,23.5,-3.01,0.0,0.0,0.0,0.0
GFS Basic,Shipping Corporation,-3.45,-50.41,57.81,-1.19,-0.06,17.4,23,6.83,-5.08,0.19,5.7,3393.0,-3.01,40.8,20.0,18.2,-2.89,0.0,-5.57,0.0,0.0
GFS Basic,Vodafone Idea Ltd.,-2.99,-39.86,39.92,-1.19,-0.07,28.6,14,3.08,-6.34,0.19,7.5,2555.0,-3.65,40.7,16.8,28.6,-3.65,0.0,0.0,0.0,0.0
GFS Advanced,HDFC Bank Ltd.,-1.94,-32.42,35.09,-1.2,-0.06,21.7,23,2.73,-2.98,0.25,6.3,4438.0,-1.74,41.7,20.0,22.7,-1.41,0.0,0.0,0.0,-9.01
GFS Basic,Patanjali Foods Ltd.,-2.42,-38.64,40.07,-1.2,-0.06,23.1,13,2.82,-5.84,0.13,6.0,2213.0,-3.84,40.9,20.0,23.1,-3.84,0.0,0.0,0.0,0.0
GFS Basic,Indian Oil Corporati,-2.71,-42.2,42.2,-1.21,-0.06,31.8,22,2.79,-4.97,0.23,6.3,3762.0,-2.5,41.2,20.0,31.8,-2.5,0.0,0.0,0.0,0.0
GFS Advanced,Saregama India Ltd,-3.05,-46.16,46.16,-1.21,-0.07,22.2,18,4.2,-5.63,0.19,7.1,2981.0,-3.45,40.4,20.0,23.5,-3.27,0.0,0.0,0.0,-6.53
GFS Basic,NBCC (India) Ltd.,-4.15,-39.11,41.21,-1.22,-0.1,16.7,18,5.79,-4.46,0.24,6.9,3414.0,-2.75,40.8,11.7,16.7,-2.75,0.0,0.0,0.0,0.0
GFS Advanced,Ceat Ltd.,-1.97,-27.03,27.03,-1.23,-0.07,10.0,10,8.73,-4.54,0.21,7.5,1981.0,-3.22,39.3,15.9,10.0,-3.22,0.0,0.0,0.0,0.0
GFS Advanced,Cyient Ltd.,-1.89,-28.33,28.33,-1.24,-0.07,35.7,14,1.81,-4.78,0.21,7.1,2733.0,-2.43,41.7,17.5,35.7,-2.43,0.0,0.0,0.0,0.0
GFS Advanced,Zensar Technolgies L,-3.22,-47.93,50.84,-1.24,-0.06,19.0,21,4.77,-4.95,0.17,5.8,3250.0,-3.09,41.2,20.0,19.0,-3.09,0.0,0.0,0.0,0.0
GFS Basic,Aditya Birla Fashion,-3.08,-27.87,29.65,-1.25,-0.1,23.1,13,4.44,-4.61,0.26,5.8,2497.0,-2.52,41.2,10.4,23.1,-2.52,0.0,0.0,0.0,0.0
GFS Basic,Avenue Supermarts Lt,-2.35,-14.88,15.98,-1.25,-0.15,40.0,10,1.86,-4.01,0.29,6.7,2032.0,-1.66,39.6,6.8,40.0,-1.66,0.0,0.0,0.0,0.0
GFS Advanced,Deepak Nitrite Ltd.,-2.73,-30.79,30.79,-1.25,-0.09,12.5,16,7.46,-3.73,0.29,4.5,3149.0,-2.33,40.6,13.3,12.5,-2.33,0.0,0.0,0.0,0.0
GFS Advanced,Alok Industries Ltd.,-2.06,-34.01,34.01,-1.26,-0.06,0.0,7,0.0,-6.04,0.0,3.3,1320.0,-6.04,38.7,20.0,0.0,-6.04,0.0,0.0,0.0,0.0
GFS Basic,Manappuram Finance L,-5.13,-50.95,52.79,-1.28,-0.1,20.0,20,5.3,-5.63,0.25,9.4,3099.0,-3.45,41.1,13.5,20.0,-3.45,0.0,0.0,0.0,0.0
GFS Advanced,Dr. Lal Path Labs Lt,-2.4,-17.73,23.92,-1.29,-0.1,27.3,11,4.4,-4.1,0.35,7.5,2101.0,-1.78,41.4,8.0,27.3,-1.78,0.0,0.0,0.0,0.0
GFS Basic,Max Financial Servic,-4.0,-55.7,60.99,-1.29,-0.07,31.0,29,3.48,-5.61,0.21,11.0,3986.0,-2.79,41.0,20.0,31.0,-2.79,0.0,0.0,0.0,0.0
GFS Advanced,Union Bank of India,-2.42,-38.73,39.48,-1.29,-0.06,9.1,11,6.16,-5.54,0.1,6.1,1926.0,-4.48,42.0,20.0,9.1,-4.48,0.0,0.0,0.0,0.0
GFS Basic,Indus Towers Ltd.,-3.48,-32.3,39.07,-1.3,-0.09,30.8,13,3.59,-5.92,0.25,5.7,2396.0,-3.0,41.6,11.0,33.3,-2.99,0.0,0.0,0.0,-3.07
GFS Basic,Alok Industries Ltd.,-2.41,-38.49,38.49,-1.31,-0.06,0.0,7,0.0,-7.04,0.0,4.4,1277.0,-7.04,38.7,20.0,0.0,-7.04,0.0,0.0,0.0,0.0
GFS Basic,Brigade Enterprises ,-2.95,-38.08,38.08,-1.31,-0.08,26.3,19,5.01,-5.2,0.31,5.8,3378.0,-2.51,40.9,16.0,26.3,-2.51,0.0,0.0,0.0,0.0
GFS Basic,Deepak Nitrite Ltd.,-4.36,-44.66,44.66,-1.32,-0.1,20.0,20,4.88,-4.96,0.25,6.7,3609.0,-2.99,40.6,13.3,20.0,-2.99,0.0,0.0,0.0,0.0
GFS Advanced,Laurus Labs Ltd.,-2.33,-15.28,15.28,-1.32,-0.15,20.0,5,1.12,-4.55,0.06,8.6,1046.0,-3.41,41.3,7.0,20.0,-3.41,0.0,0.0,0.0,0.0
GFS Advanced,Max Financial Servic,-2.26,-36.59,37.34,-1.32,-0.06,18.8,16,2.03,-4.07,0.11,6.2,2897.0,-2.93,41.1,20.0,18.8,-2.93,0.0,0.0,0.0,0.0
GFS Basic,Amber Enterprises In,-4.7,-24.86,31.21,-1.33,-0.15,33.3,12,4.45,-5.84,0.33,8.8,2224.0,-2.41,41.2,5.9,33.3,-2.41,0.0,0.0,0.0,0.0
GFS Basic,Atul Ltd.,-2.79,-43.14,43.52,-1.33,-0.06,21.7,23,3.57,-4.18,0.23,7.2,3858.0,-2.49,42.1,20.0,21.7,-2.49,0.0,0.0,0.0,0.0
GFS Advanced,Endurance Technologi,-1.68,-11.51,11.51,-1.33,-0.15,16.7,6,3.68,-3.24,0.21,4.7,1249.0,-2.09,40.9,7.2,16.7,-2.09,0.0,0.0,0.0,0.0
GFS Advanced,Gravita India Ltd.,-3.4,-36.42,36.42,-1.33,-0.09,14.3,14,7.6,-5.08,0.24,6.3,2679.0,-3.27,39.7,13.1,15.4,-3.18,0.0,0.0,0.0,-4.33
GFS Basic,Vijaya Diagnostic Ce,-3.73,-8.32,8.94,-1.33,-0.42,40.0,5,3.36,-5.13,0.42,8.0,1091.0,-1.74,40.5,2.3,40.0,-1.74,0.0,0.0,0.0,0.0
GFS Advanced,AIA Engineering Ltd.,-1.84,-28.56,29.14,-1.34,-0.06,15.4,13,3.96,-3.88,0.17,9.2,2428.0,-2.67,41.7,18.1,15.4,-2.67,0.0,0.0,0.0,0.0
GFS Advanced,BLS International Se,-3.02,-20.66,22.91,-1.34,-0.13,28.6,7,3.54,-6.07,0.24,2.3,1479.0,-3.33,38.0,7.5,28.6,-3.33,0.0,0.0,0.0,0.0
GFS Basic,Emami Ltd.,-3.86,-49.54,50.96,-1.34,-0.08,25.0,20,3.51,-5.73,0.2,10.6,3428.0,-3.42,41.5,17.4,26.3,-3.47,0.0,-2.39,0.0,0.0
GFS Advanced,Bajaj Holdings & Inv,-2.23,-36.2,36.8,-1.35,-0.06,21.7,23,2.45,-3.34,0.22,7.6,4305.0,-2.08,40.4,20.0,22.7,-2.07,0.0,0.0,0.0,-2.2
GFS Basic,Cyient Ltd.,-2.72,-38.26,38.56,-1.35,-0.07,28.6,21,2.69,-4.35,0.27,7.8,4079.0,-2.34,42.1,17.5,30.0,-2.36,0.0,-1.91,0.0,0.0
GFS Basic,Rashtriya Chemicals ,-3.19,-47.66,47.66,-1.35,-0.07,17.6,17,5.34,-5.78,0.17,5.8,2830.0,-3.82,41.8,20.0,17.6,-3.82,0.0,0.0,0.0,0.0
GFS Basic,Tata Chemicals Ltd.,-3.4,-49.83,56.11,-1.35,-0.06,17.9,28,4.55,-4.0,0.17,8.2,4008.0,-2.48,40.7,20.0,18.5,-2.42,0.0,-3.88,0.0,0.0
GFS Basic,Bata India Ltd.,-4.18,-57.34,57.96,-1.36,-0.07,29.2,24,4.31,-6.53,0.21,8.6,3154.0,-3.36,40.6,20.0,22.7,-3.97,0.0,0.0,100.0,3.34
GFS Basic,Rail Vikas Nigam Ltd,-6.16,-25.92,27.17,-1.36,-0.23,33.3,12,5.06,-6.16,0.4,7.8,2464.0,-2.42,39.1,4.7,33.3,-2.42,0.0,0.0,0.0,0.0
GFS Basic,Swan Corp Ltd.,-4.94,-44.51,47.75,-1.38,-0.1,23.1,13,6.34,-7.62,0.2,9.0,2232.0,-4.4,39.7,11.6,25.0,-4.25,0.0,0.0,0.0,-6.24
GFS Advanced,Alkem Laboratories L,-1.96,-14.7,14.7,-1.4,-0.13,16.7,6,1.68,-3.73,0.08,5.8,1197.0,-2.83,40.9,8.0,16.7,-2.83,0.0,0.0,0.0,0.0
GFS Basic,Bajaj Finserv Ltd.,-4.46,-59.77,59.77,-1.4,-0.07,28.2,39,4.1,-4.87,0.29,8.7,5469.0,-2.34,40.8,20.0,28.9,-2.27,0.0,0.0,0.0,-4.77
GFS Basic,Adani Power Ltd.,-4.25,-46.42,46.42,-1.42,-0.09,26.3,19,4.69,-6.08,0.23,5.8,3086.0,-3.25,41.0,14.4,27.8,-3.08,0.0,0.0,0.0,-6.17
GFS Basic,Bank of Baroda,-3.72,-53.08,53.08,-1.42,-0.07,24.0,25,4.6,-5.42,0.26,8.6,3890.0,-3.01,40.9,20.0,24.0,-3.01,0.0,0.0,0.0,0.0
GFS Advanced,Whirlpool of India L,-1.66,-21.23,22.62,-1.42,-0.07,14.3,7,3.04,-4.59,0.1,8.6,1368.0,-3.5,40.7,14.3,14.3,-3.5,0.0,0.0,0.0,0.0
GFS Basic,Kajaria Ceramics Ltd,-3.69,-52.75,53.8,-1.44,-0.07,29.6,27,3.22,-5.32,0.27,9.1,4532.0,-2.79,40.6,20.0,30.8,-2.8,0.0,-2.7,0.0,0.0
GFS Basic,RITES Ltd.,-4.5,-22.24,29.58,-1.44,-0.15,27.3,11,2.3,-4.07,0.21,9.3,2245.0,-2.33,40.5,5.5,27.3,-2.33,0.0,0.0,0.0,0.0
GFS Basic,Shyam Metalics and E,-4.71,-11.49,14.23,-1.45,-0.33,25.0,8,6.06,-4.03,0.49,6.9,1758.0,-1.51,40.0,2.5,25.0,-1.51,0.0,0.0,0.0,0.0
GFS Advanced,Finolex Industries L,-2.23,-36.26,36.26,-1.46,-0.06,8.3,12,2.67,-4.44,0.05,7.5,2216.0,-3.85,39.8,20.0,8.3,-3.85,0.0,0.0,0.0,0.0
GFS Basic,Chalet Hotels Ltd.,-6.16,-26.69,31.67,-1.47,-0.19,36.4,11,5.36,-7.29,0.36,8.6,2006.0,-2.69,40.8,4.9,36.4,-2.69,0.0,0.0,0.0,0.0
GFS Basic,CESC Ltd.,-2.88,-44.16,44.16,-1.48,-0.07,16.7,18,4.27,-4.78,0.17,6.5,3007.0,-3.27,40.3,20.0,17.6,-3.3,0.0,0.0,0.0,-2.84
GFS Advanced,Cipla Ltd.,-2.33,-37.57,37.57,-1.48,-0.06,15.0,20,2.67,-3.33,0.14,5.8,3687.0,-2.43,42.6,20.0,15.0,-2.43,0.0,0.0,0.0,0.0
GFS Basic,Cipla Ltd.,-2.87,-44.14,44.14,-1.49,-0.07,23.3,30,2.74,-3.44,0.22,7.0,5156.0,-2.0,41.7,20.0,20.7,-2.25,0.0,0.0,100.0,5.36
GFS Advanced,IIFL Finance Ltd.,-2.5,-37.56,38.37,-1.5,-0.07,8.3,12,1.38,-4.53,0.02,6.2,2204.0,-4.04,41.5,18.6,8.3,-4.04,0.0,0.0,0.0,0.0
GFS Advanced,Bajaj Finserv Ltd.,-3.12,-46.86,46.86,-1.52,-0.07,15.0,20,3.4,-4.4,0.1,5.8,3140.0,-3.23,40.4,20.0,15.0,-3.23,0.0,0.0,0.0,0.0
GFS Advanced,InterGlobe Aviation ,-2.84,-20.86,20.96,-1.53,-0.14,20.0,5,0.13,-5.96,0.0,8.0,947.0,-4.74,40.3,8.1,20.0,-4.74,0.0,0.0,0.0,0.0
GFS Basic,Saregama India Ltd,-4.51,-60.17,60.17,-1.55,-0.07,20.8,24,4.42,-6.02,0.16,7.7,3448.0,-3.85,40.3,20.0,23.8,-3.65,0.0,-4.59,0.0,-6.53
GFS Advanced,Tata Chemicals Ltd.,-2.24,-36.36,36.36,-1.56,-0.06,17.6,17,1.91,-3.72,0.09,6.4,2996.0,-2.73,40.5,20.0,17.6,-2.73,0.0,0.0,0.0,0.0
GFS Advanced,CRISIL Ltd.,-2.43,-38.76,38.76,-1.58,-0.06,20.0,20,2.2,-3.75,0.15,4.6,3701.0,-2.56,41.2,20.0,21.1,-2.48,0.0,0.0,0.0,-3.93
GFS Basic,Finolex Industries L,-3.4,-49.83,49.83,-1.6,-0.07,19.0,21,3.68,-4.96,0.16,10.0,3479.0,-3.32,39.8,20.0,19.0,-3.32,0.0,0.0,0.0,0.0
GFS Advanced,MMTC Ltd.,-2.46,-29.35,29.35,-1.61,-0.08,0.0,5,0.0,-7.06,0.0,12.4,967.0,-7.06,40.0,13.9,0.0,-7.06,0.0,0.0,0.0,0.0
GFS Basic,Indian Bank,-3.44,-44.35,45.16,-1.63,-0.08,10.0,20,5.22,-3.9,0.16,8.6,3602.0,-2.99,39.9,16.8,10.0,-2.99,0.0,0.0,0.0,0.0
GFS Advanced,Tejas Networks Ltd.,-3.54,-20.93,22.3,-1.64,-0.16,20.0,5,1.85,-6.44,0.06,3.6,978.0,-4.78,41.4,6.5,20.0,-4.78,0.0,0.0,0.0,0.0
GFS Basic,Procter & Gamble Hyg,-2.51,-39.83,40.57,-1.69,-0.06,17.6,34,3.06,-2.61,0.25,6.2,5923.0,-1.6,41.2,20.0,17.6,-1.6,0.0,0.0,0.0,0.0
GFS Basic,E.I.D. Parry (India),-5.39,-66.89,69.85,-1.7,-0.08,20.7,29,4.38,-5.96,0.11,7.6,3269.0,-3.82,41.6,20.0,20.7,-3.82,0.0,0.0,0.0,0.0
GFS Advanced,Zen Technologies Ltd,-4.83,-35.23,35.23,-1.71,-0.14,11.1,9,5.28,-6.17,0.09,6.1,1649.0,-4.9,40.5,8.8,11.1,-4.9,0.0,0.0,0.0,0.0
GFS Advanced,Brigade Enterprises ,-2.72,-35.66,35.66,-1.73,-0.08,14.3,14,3.04,-4.26,0.1,4.1,2465.0,-3.22,41.5,16.0,14.3,-3.22,0.0,0.0,0.0,0.0
GFS Basic,Bajaj Holdings & Inv,-4.08,-56.47,56.47,-1.74,-0.07,28.9,38,2.02,-4.07,0.2,11.2,5688.0,-2.31,40.1,20.0,29.7,-2.31,0.0,0.0,0.0,-2.2
GFS Advanced,Narayana Hrudayalaya,-2.27,-16.71,18.27,-1.77,-0.12,16.7,6,1.47,-4.07,0.06,5.3,1226.0,-3.14,41.4,8.0,16.7,-3.14,0.0,0.0,0.0,0.0
GFS Basic,MMTC Ltd.,-3.23,-36.77,37.63,-1.8,-0.09,0.0,8,0.0,-5.84,0.0,10.2,1525.0,-5.84,39.2,13.9,0.0,-5.84,0.0,0.0,0.0,0.0
GFS Basic,JBM Auto Ltd.,-7.32,-76.5,78.25,-1.91,-0.09,12.9,31,8.64,-6.61,0.22,5.5,3894.0,-4.64,40.3,19.0,12.9,-4.64,0.0,0.0,0.0,0.0
GFS Advanced,JBM Auto Ltd.,-4.92,-61.76,61.76,-2.03,-0.08,5.3,19,8.28,-5.86,0.05,3.8,2638.0,-5.12,40.0,19.0,5.3,-5.12,0.0,0.0,0.0,0.0
GFS Basic,Gujarat Gas Ltd.,-4.03,-28.95,28.95,-2.07,-0.14,11.1,9,4.94,-4.97,0.11,7.4,1711.0,-3.87,40.1,8.3,11.1,-3.87,0.0,0.0,0.0,0.0
GFS Advanced,E.I.D. Parry (India),-3.8,-53.87,53.87,-2.11,-0.07,4.8,21,1.8,-4.07,0.02,4.3,3166.0,-3.79,41.9,20.0,4.8,-3.79,0.0,0.0,0.0,0.0
GFS Basic,Lemon Tree Hotels Lt,-6.49,-31.71,32.19,-2.11,-0.2,20.0,10,4.77,-5.96,0.17,9.4,1774.0,-3.82,39.7,5.7,20.0,-3.82,0.0,0.0,0.0,0.0
GFS Advanced,Amber Enterprises In,-6.2,-31.57,31.57,-2.14,-0.2,10.0,10,3.67,-4.8,0.07,6.5,1845.0,-3.95,40.2,5.9,10.0,-3.95,0.0,0.0,0.0,0.0
GFS Basic,Ceat Ltd.,-4.36,-50.71,50.71,-2.14,-0.09,5.6,18,8.73,-4.78,0.11,7.1,2985.0,-4.03,38.9,15.9,5.9,-3.84,0.0,0.0,0.0,-7.21
GFS Basic,Varun Beverages Ltd.,-6.33,-37.18,41.06,-2.17,-0.15,28.6,14,1.9,-5.48,0.11,9.8,2486.0,-3.37,41.1,7.1,28.6,-3.37,0.0,0.0,0.0,0.0
GFS Advanced,Lemon Tree Hotels Lt,-3.98,-20.61,20.61,-2.42,-0.19,0.0,7,0.0,-3.41,0.0,6.6,1408.0,-3.41,41.6,5.7,0.0,-3.41,0.0,0.0,0.0,0.0
GFS Advanced,Chalet Hotels Ltd.,-3.55,-16.19,16.19,-2.49,-0.22,0.0,5,0.0,-3.65,0.0,6.8,1039.0,-3.65,38.9,4.9,0.0,-3.65,0.0,0.0,0.0,0.0
GFS Basic,Craftsman Automation,-6.13,-16.2,17.22,-2.76,-0.36,20.0,5,1.33,-4.92,0.07,7.2,1049.0,-3.67,43.5,2.8,20.0,-3.67,0.0,0.0,0.0,0.0
GFS Basic,Mazagoan Dock Shipbu,-10.93,-30.96,30.96,-3.65,-0.35,0.0,6,0.0,-6.36,0.0,6.3,1147.0,-6.36,42.6,3.2,0.0,-6.36,0.0,0.0,0.0,0.0
