strategy,entry_date,exit_date,entry_price,exit_price,shares,gross_pnl,costs,net_pnl,pnl_pct,reason,regime,duration,rsi_entry_d,rsi_exit_d,rsi_weekly,rsi_monthly,instrument
GFS Basic,2006-05-22,2006-05-26,104.36,94.27,910,-9179.17,216.85,-9396.02,-9.89,RSI Stop <30,bull,4,40.0,29.2,74.3,94.5,Reliance
GFS Basic,2006-06-02,2006-06-06,96.1,90.18,895,-5294.57,200.97,-5495.53,-6.39,RSI Stop <30,bull,4,42.8,25.9,74.3,88.7,Reliance
GFS Basic,2006-06-12,2006-06-23,92.53,100.67,873,7101.52,202.2,6899.33,8.54,RSI Target 60,bull,11,42.2,60.0,70.6,88.7,Reliance
GFS Basic,2006-07-20,2006-08-01,102.56,97.65,852,-4181.17,205.17,-4386.35,-5.02,RSI Stop <30,bull,12,38.9,22.5,51.2,83.5,Reliance
GFS Basic,2006-11-24,2006-11-30,128.44,123.8,648,-3006.63,197.17,-3203.79,-3.85,RSI Stop <30,bull,6,36.2,26.1,86.7,85.1,Reliance
GFS Basic,2006-12-01,2006-12-07,125.57,129.43,638,2458.7,195.91,2262.79,2.82,RSI Target 60,bull,6,38.1,68.6,83.0,85.1,Reliance
GFS Basic,2006-12-11,2007-01-03,129.95,127.79,633,-1369.98,196.71,-1566.69,-1.9,RSI Target 60,bull,23,39.2,68.2,75.1,87.0,Reliance
GFS Basic,2007-02-12,2007-02-15,140.09,139.97,577,-72.17,194.88,-267.05,-0.33,RSI Target 60,bull,3,41.1,62.4,73.3,87.6,Reliance
GFS Basic,2007-02-28,2007-03-22,140.92,138.06,571,-1633.95,192.44,-1826.39,-2.27,RSI Target 60,bull,22,38.4,60.8,54.8,86.1,Reliance
GFS Basic,2007-06-07,2007-06-08,176.65,166.34,446,-4598.48,185.65,-4784.13,-6.07,RSI Stop <30,bull,1,44.7,27.1,78.6,88.4,Reliance
GFS Basic,2007-06-12,2007-07-06,180.88,171.65,410,-3782.46,176.21,-3958.67,-5.34,RSI Target 60,bull,24,37.4,60.6,80.1,81.7,Reliance
GFS Basic,2007-07-09,2007-07-13,173.9,177.99,405,1657.48,173.55,1483.93,2.11,RSI Target 60,bull,4,43.8,69.5,83.6,81.7,Reliance
GFS Basic,2007-08-06,2007-08-31,184.75,196.85,389,4703.99,179.91,4524.07,6.29,RSI Target 60,bull,25,44.1,65.6,66.1,87.5,Reliance
GFS Basic,2007-12-17,2008-01-04,291.41,300.45,261,2360.65,186.79,2173.86,2.86,RSI Target 60,bull,18,44.9,62.7,74.8,96.0,Reliance
GFS Basic,2013-02-06,2013-02-08,185.57,180.71,422,-2052.01,187.23,-2239.24,-2.86,RSI Stop <30,bull,2,44.5,24.9,59.5,60.2,Reliance
GFS Basic,2013-02-18,2013-02-19,179.6,177.54,424,-874.67,183.65,-1058.33,-1.39,RSI Stop <30,bull,1,35.2,25.4,60.0,60.2,Reliance
GFS Basic,2013-02-20,2013-03-04,179.1,170.05,419,-3792.75,178.16,-3970.92,-5.29,RSI Stop <30,bull,12,44.9,29.7,55.3,61.4,Reliance
GFS Basic,2013-08-01,2013-08-06,186.5,178.13,383,-3206.53,170.74,-3377.27,-4.73,RSI Stop <30,bull,5,35.5,24.5,59.4,68.0,Reliance
GFS Basic,2013-09-26,2013-09-30,185.48,174.18,367,-4148.74,162.3,-4311.04,-6.33,RSI Stop <30,bull,4,41.6,25.1,56.6,58.8,Reliance
GFS Basic,2014-05-05,2014-05-09,200.85,211.28,319,3327.55,161.16,3166.39,4.94,RSI Target 60,bull,4,40.1,65.5,77.1,60.5,Reliance
GFS Basic,2014-06-12,2014-06-26,239.79,216.43,279,-6517.49,157.25,-6674.74,-9.98,RSI Stop <30,bull,14,41.1,23.3,65.3,71.5,Reliance
GFS Basic,2014-07-04,2014-07-14,219.45,205.7,277,-3807.99,146.47,-3954.46,-6.51,RSI Stop <30,bull,10,41.9,24.0,52.8,66.2,Reliance
GFS Basic,2017-03-29,2017-04-03,277.11,301.07,205,4911.17,146.66,4764.51,8.39,RSI Target 60,bull,5,39.4,66.1,79.7,67.1,Reliance
GFS Basic,2017-04-27,2017-05-15,315.71,294.38,195,-4159.34,147.83,-4307.17,-7.0,RSI Stop <30,bull,18,43.8,29.7,77.1,75.1,Reliance
GFS Basic,2017-05-22,2017-06-14,292.83,297.31,196,878.45,143.79,734.66,1.28,RSI Target 60,bull,23,35.3,62.8,59.1,67.6,Reliance
GFS Basic,2017-08-11,2017-08-24,355.03,346.15,163,-1446.8,142.43,-1589.23,-2.75,RSI Stop <30,bull,13,35.9,29.3,70.1,82.2,Reliance
GFS Basic,2017-08-30,2017-09-04,346.38,356.16,163,1593.39,142.45,1450.94,2.57,RSI Target 60,bull,5,41.2,65.9,74.2,80.4,Reliance
GFS Basic,2017-09-27,2017-10-13,365.52,386.96,158,3388.34,147.18,3241.16,5.61,RSI Target 60,bull,16,41.8,68.5,70.0,77.0,Reliance
GFS Basic,2017-11-08,2017-11-27,413.22,420.03,147,1000.45,151.36,849.09,1.4,RSI Target 60,bull,19,41.7,65.7,69.7,81.8,Reliance
GFS Basic,2017-12-11,2017-12-22,414.09,406.37,149,-1150.41,151.25,-1301.66,-2.11,RSI Target 60,bull,11,43.3,61.4,59.6,79.1,Reliance
GFS Basic,2018-05-17,2018-05-25,430.46,406.54,140,-3348.61,145.78,-3494.39,-5.8,RSI Stop <30,bull,8,41.1,27.5,49.9,76.7,Reliance
GFS Basic,2018-06-28,2018-07-12,438.41,481.06,130,5544.81,147.73,5397.08,9.47,RSI Target 60,bull,14,40.3,64.0,62.2,71.2,Reliance
GFS Basic,2018-09-17,2018-10-04,567.52,498.8,110,-7559.79,146.23,-7706.02,-12.34,RSI Stop <30,bull,17,38.3,26.3,74.5,78.9,Reliance
GFS Basic,2019-02-25,2019-02-27,554.04,543.8,99,-1014.05,136.17,-1150.22,-2.1,RSI Stop <30,bull,2,35.8,28.5,62.1,65.0,Reliance
GFS Basic,2019-03-01,2019-03-07,551.62,564.58,98,1270.1,136.78,1133.33,2.1,RSI Target 60,bull,6,35.8,63.9,64.8,65.2,Reliance
GFS Basic,2019-04-10,2019-04-18,596.49,616.0,92,1795.45,139.14,1656.31,3.02,RSI Target 60,bull,8,40.1,60.0,81.9,67.9,Reliance
GFS Basic,2019-04-23,2019-05-02,608.19,624.49,93,1516.26,142.6,1373.66,2.43,RSI Target 60,bull,9,43.0,68.0,80.2,69.2,Reliance
GFS Basic,2019-05-08,2019-05-13,620.64,547.6,93,-6793.21,136.56,-6929.77,-12.01,RSI Stop <30,bull,5,42.6,25.6,50.1,69.2,Reliance
GFS Basic,2019-12-26,2020-01-30,703.61,645.54,73,-4239.11,125.08,-4364.19,-8.5,RSI Stop <30,bull,35,41.8,28.1,64.2,71.3,Reliance
GFS Basic,2020-08-17,2020-08-21,978.54,943.5,48,-1681.74,117.97,-1799.71,-3.83,RSI Target 60,bull,4,40.7,60.2,81.2,69.6,Reliance
GFS Basic,2020-08-24,2020-09-10,962.66,1048.72,47,4044.49,120.07,3924.42,8.67,RSI Target 60,bull,17,38.1,73.9,80.4,72.6,Reliance
GFS Basic,2020-09-30,2020-10-13,1027.08,1033.62,48,314.02,125.21,188.81,0.38,RSI Target 60,bull,13,37.4,62.1,71.3,77.9,Reliance
GFS Basic,2020-10-19,2020-10-26,1012.79,919.6,48,-4473.31,118.73,-4592.04,-9.45,RSI Stop <30,bull,7,43.3,27.2,59.6,77.9,Reliance
GFS Basic,2021-07-27,2021-08-13,965.56,975.81,46,471.28,114.52,356.76,0.8,RSI Target 60,bull,17,35.5,61.0,65.1,65.4,Reliance
GFS Basic,2021-11-01,2021-11-03,1181.87,1129.5,38,-1989.96,113.07,-2103.04,-4.68,RSI Stop <30,bull,2,35.8,24.6,72.2,63.1,Reliance
GFS Basic,2021-11-11,2021-11-17,1164.5,1120.59,37,-1624.81,109.4,-1734.21,-4.02,RSI Stop <30,bull,6,40.0,28.8,75.8,63.1,Reliance
GFS Basic,2021-11-26,2022-01-07,1139.01,1107.86,36,-1121.55,105.29,-1226.84,-2.99,RSI Target 60,bull,42,43.1,72.1,45.3,60.0,Reliance
GFS Basic,2022-05-10,2022-05-11,1182.3,1113.9,34,-2325.56,102.25,-2427.81,-6.04,RSI Stop <30,bull,1,38.1,29.2,62.7,73.4,Reliance
GFS Basic,2024-03-13,2024-04-08,1477.81,1474.32,25,-87.16,97.35,-184.5,-0.5,RSI Target 60,bull,26,41.7,67.6,70.7,79.5,Reliance
GFS Basic,2024-04-19,2024-05-07,1475.82,1390.48,25,-2133.43,95.11,-2228.54,-6.04,RSI Stop <30,bull,18,40.8,28.1,61.4,78.9,Reliance
GFS Basic,2024-05-08,2024-05-13,1411.02,1391.7,25,-482.97,93.22,-576.19,-1.63,RSI Stop <30,bull,5,35.3,29.3,41.0,78.9,Reliance
GFS Basic,2026-01-06,2026-01-12,1612.61,1482.46,22,-2863.25,91.21,-2954.45,-8.33,RSI Stop <30,bull,6,41.7,29.5,63.1,63.8,Reliance
GFS Advanced,2006-12-13,2007-01-03,125.37,127.79,757,1829.24,228.13,1601.11,1.69,RSI Target 60,bull,21,42.2,68.2,75.1,87.0,Reliance
GFS Advanced,2007-02-28,2007-03-02,140.92,130.94,684,-6826.03,222.45,-7048.48,-7.31,Price < 50 EMA,bull,2,38.4,34.4,58.7,86.1,Reliance
GFS Advanced,2007-06-12,2007-07-06,180.88,171.65,496,-4575.85,209.95,-4785.8,-5.33,RSI Target 60,bull,24,37.4,60.6,80.1,81.7,Reliance
GFS Advanced,2007-12-19,2008-01-04,281.37,300.45,303,5782.21,210.78,5571.44,6.53,RSI Target 60,bull,16,41.9,62.7,74.8,96.0,Reliance
GFS Advanced,2013-02-20,2013-02-21,179.1,179.8,505,353.45,216.69,136.77,0.15,Price < 50 EMA,bull,1,44.9,36.1,60.0,60.2,Reliance
GFS Advanced,2017-12-18,2017-12-22,412.32,406.37,219,-1303.73,214.64,-1518.37,-1.68,RSI Target 60,bull,4,39.2,61.4,59.6,79.1,Reliance
GFS Advanced,2020-01-03,2020-01-06,689.69,671.36,129,-2364.4,210.59,-2574.99,-2.89,Price < 50 EMA,bull,3,41.0,38.0,80.3,71.3,Reliance
GFS Advanced,2021-11-01,2021-11-03,1181.87,1129.5,73,-3822.82,203.09,-4025.91,-4.67,RSI Stop <30,bull,2,35.8,24.6,72.2,63.1,Reliance
GFS Advanced,2024-03-22,2024-04-08,1447.91,1474.32,57,1505.23,200.29,1304.94,1.58,RSI Target 60,bull,17,40.4,67.6,70.7,79.5,Reliance
GFS Basic,2006-04-13,2006-04-18,156.99,165.87,605,5373.26,231.95,5141.31,5.41,RSI Target 60,bull,5,38.1,60.2,58.0,69.6,TCS
GFS Basic,2006-05-19,2006-05-22,165.24,146.96,604,-11037.96,225.68,-11263.64,-11.29,RSI Stop <30,bull,3,38.3,23.6,63.6,69.2,TCS
GFS Basic,2006-05-25,2006-06-01,155.33,141.09,574,-8173.8,205.0,-8378.8,-9.4,RSI Stop <30,bull,7,38.2,29.2,65.1,60.5,TCS
GFS Basic,2006-09-11,2006-09-14,166.99,168.05,486,515.32,196.21,319.11,0.39,RSI Target 60,bull,3,42.7,60.4,64.3,71.9,TCS
GFS Basic,2006-11-13,2006-11-14,182.21,183.95,447,777.07,197.13,579.94,0.71,RSI Target 60,bull,1,42.5,63.6,70.7,76.8,TCS
GFS Basic,2006-12-12,2007-01-02,197.91,207.6,414,4014.16,201.56,3812.59,4.65,RSI Target 60,bull,21,42.3,63.1,72.4,83.4,TCS
GFS Basic,2007-02-06,2007-02-28,219.2,198.9,390,-7918.02,197.1,-8115.12,-9.49,RSI Stop <30,bull,22,42.4,28.7,73.5,72.5,TCS
GFS Basic,2007-03-01,2007-03-22,207.7,217.18,375,3553.42,192.1,3361.33,4.32,RSI Target 60,bull,21,42.3,63.8,58.3,72.5,TCS
GFS Basic,2009-08-31,2009-09-04,191.78,185.28,423,-2748.03,192.75,-2940.78,-3.63,RSI Target 60,bull,4,44.3,61.5,83.7,60.4,TCS
GFS Basic,2010-02-03,2010-02-05,267.46,253.48,293,-4097.11,185.23,-4282.34,-5.46,RSI Stop <30,bull,2,36.8,25.9,62.5,88.9,TCS
GFS Basic,2010-02-11,2010-02-23,260.81,267.0,284,1756.75,181.75,1574.99,2.13,RSI Target 60,bull,12,39.1,61.3,61.4,88.9,TCS
GFS Basic,2010-04-16,2010-05-04,292.8,266.62,258,-6755.34,176.2,-6931.55,-9.18,RSI Stop <30,bull,18,44.6,17.4,52.0,95.3,TCS
GFS Basic,2010-08-27,2010-09-15,314.63,327.11,220,2747.12,172.0,2575.12,3.72,RSI Target 60,bull,19,35.9,63.6,70.8,91.4,TCS
GFS Basic,2010-10-11,2010-10-13,341.72,355.02,209,2779.74,176.92,2602.81,3.64,RSI Target 60,bull,2,44.4,71.0,81.1,90.5,TCS
GFS Basic,2010-11-19,2010-12-09,384.44,384.27,192,-32.51,179.32,-211.84,-0.29,RSI Target 60,bull,20,38.0,65.5,78.5,91.5,TCS
GFS Basic,2011-01-07,2011-01-24,423.89,433.21,174,1621.88,180.91,1440.97,1.95,RSI Target 60,bull,17,41.3,62.0,76.0,92.5,TCS
GFS Basic,2011-02-25,2011-03-03,409.07,412.77,184,680.83,183.3,497.53,0.66,RSI Target 60,bull,6,44.4,65.7,60.2,82.5,TCS
GFS Basic,2011-11-18,2011-11-21,408.54,387.68,185,-3859.17,179.29,-4038.46,-5.34,RSI Stop <30,bear,3,45.0,26.7,62.6,69.5,TCS
GFS Basic,2011-11-22,2011-12-05,395.75,429.01,181,6020.33,180.75,5839.59,8.15,RSI Target 60,bear,13,36.5,60.6,67.5,65.7,TCS
GFS Basic,2011-12-23,2012-01-09,423.22,425.52,183,421.2,187.87,233.32,0.3,RSI Target 60,bull,17,40.7,61.6,62.4,60.9,TCS
GFS Basic,2012-07-20,2012-08-06,446.93,454.57,173,1322.16,188.52,1133.64,1.47,RSI Target 60,bull,17,40.7,65.2,56.9,59.7,TCS
GFS Basic,2012-09-18,2012-10-05,526.36,482.35,149,-6557.19,182.82,-6740.01,-8.59,RSI Stop <30,bull,17,42.3,28.8,53.9,63.2,TCS
GFS Basic,2012-11-15,2012-12-17,500.27,446.94,144,-7679.8,167.46,-7847.26,-10.89,RSI Stop <30,bull,32,40.7,26.5,30.1,74.4,TCS
GFS Basic,2013-04-01,2013-04-08,588.97,550.24,110,-4260.65,154.89,-4415.53,-6.82,RSI Stop <30,bull,7,41.6,28.1,74.1,77.5,TCS
GFS Basic,2013-04-12,2013-04-18,576.59,539.84,105,-3858.89,145.87,-4004.76,-6.61,RSI Stop <30,bull,6,40.3,27.9,73.1,77.5,TCS
GFS Basic,2013-08-20,2013-08-29,679.69,731.65,83,4313.08,145.17,4167.92,7.39,RSI Target 60,bull,9,43.1,64.6,76.4,73.9,TCS
GFS Basic,2013-09-20,2013-10-04,748.52,764.15,81,1266.44,151.38,1115.07,1.84,RSI Target 60,bull,14,39.8,62.5,81.7,73.2,TCS
GFS Basic,2013-11-06,2013-11-28,793.35,747.23,78,-3597.78,149.12,-3746.9,-6.05,RSI Stop <30,bull,22,38.0,20.6,66.3,74.7,TCS
GFS Basic,2013-12-03,2013-12-10,761.7,784.18,76,1709.11,145.75,1563.37,2.7,RSI Target 60,bull,7,35.4,61.5,46.7,72.0,TCS
GFS Basic,2014-01-30,2014-02-07,845.74,808.84,70,-2583.28,144.22,-2727.49,-4.61,RSI Stop <30,bull,8,44.7,22.0,54.3,75.3,TCS
GFS Basic,2014-03-13,2014-04-09,826.77,807.33,69,-1341.37,140.71,-1482.08,-2.6,RSI Target 60,bull,27,44.7,65.7,48.7,71.2,TCS
GFS Basic,2014-08-13,2014-08-19,965.79,944.91,57,-1190.32,136.43,-1326.76,-2.41,RSI Stop <30,bull,6,41.7,21.3,77.2,79.7,TCS
GFS Basic,2014-08-22,2014-09-01,954.19,983.14,57,1649.7,137.91,1511.79,2.78,RSI Target 60,bull,10,37.9,60.8,78.5,77.0,TCS
GFS Basic,2015-03-20,2015-03-24,1014.84,1008.16,55,-367.14,138.99,-506.13,-0.91,RSI Stop <30,bull,4,44.3,24.9,61.3,67.5,TCS
GFS Basic,2018-02-12,2018-02-15,1230.02,1200.82,45,-1313.98,136.97,-1450.95,-2.62,RSI Stop <30,bull,3,36.9,27.5,66.7,72.7,TCS
GFS Basic,2018-02-21,2018-02-28,1226.34,1245.63,44,848.98,136.12,712.85,1.32,RSI Target 60,bull,7,42.6,62.3,66.1,68.6,TCS
GFS Basic,2018-03-13,2018-03-16,1266.95,1159.71,43,-4611.13,131.62,-4742.75,-8.71,RSI Stop <30,bull,3,45.0,25.5,58.8,68.6,TCS
GFS Basic,2018-07-31,2018-08-16,1622.72,1665.71,31,1332.88,128.5,1204.38,2.39,RSI Target 60,bull,16,38.5,62.5,74.5,79.4,TCS
GFS Basic,2018-10-11,2018-10-19,1748.28,1586.68,29,-4686.43,123.14,-4809.57,-9.49,RSI Stop <30,bull,8,42.8,27.5,44.8,86.9,TCS
GFS Basic,2019-03-01,2019-03-12,1726.87,1676.09,27,-1371.09,117.53,-1488.62,-3.19,RSI Target 60,bull,11,41.9,68.4,54.6,70.1,TCS
GFS Basic,2019-07-08,2019-07-09,1890.99,1791.16,24,-2395.91,113.7,-2509.61,-5.53,RSI Stop <30,bull,1,35.8,28.8,61.0,68.8,TCS
GFS Basic,2020-01-13,2020-02-18,1924.24,1910.94,22,-292.54,109.11,-401.65,-0.95,RSI Target 60,bull,36,41.7,60.9,54.1,56.3,TCS
GFS Basic,2020-11-04,2020-11-23,2339.46,2389.08,18,893.2,109.84,783.36,1.86,RSI Target 60,bull,19,39.2,61.5,74.4,62.5,TCS
GFS Basic,2020-11-27,2020-12-01,2397.35,2391.32,18,-108.63,111.12,-219.75,-0.51,RSI Target 60,bull,4,43.9,60.9,74.8,68.0,TCS
GFS Basic,2021-02-04,2021-02-22,2846.12,2599.4,15,-3700.66,106.37,-3807.03,-8.92,RSI Stop <30,bull,18,43.5,23.3,70.2,79.7,TCS
GFS Basic,2021-03-05,2021-03-15,2710.19,2694.03,14,-226.12,99.42,-325.54,-0.86,RSI Target 60,bull,10,39.5,60.7,62.8,69.8,TCS
GFS Basic,2021-07-07,2021-07-14,2941.35,2838.24,13,-1340.41,98.92,-1439.33,-3.76,RSI Stop <30,bull,7,44.4,20.6,52.6,80.9,TCS
GFS Basic,2021-10-01,2021-10-08,3370.27,3482.51,11,1234.63,99.0,1135.63,3.06,RSI Target 60,bull,7,37.4,62.0,73.1,78.8,TCS
GFS Basic,2021-10-11,2021-10-26,3534.04,3087.53,11,-4911.61,96.63,-5008.24,-12.88,RSI Stop <30,bull,15,36.9,24.3,59.4,78.8,TCS
GFS Basic,2022-02-04,2022-02-16,3451.57,3386.48,9,-585.76,83.76,-669.52,-2.16,RSI Target 60,bull,12,39.2,64.9,57.7,68.8,TCS
GFS Basic,2022-02-21,2022-02-22,3392.4,3185.15,9,-1865.32,81.25,-1946.57,-6.38,RSI Stop <30,bull,1,42.1,27.1,60.3,68.8,TCS
GFS Basic,2023-10-04,2023-10-26,3284.63,3106.04,9,-1607.31,79.36,-1686.67,-5.71,RSI Stop <30,bull,22,41.2,24.4,49.9,60.6,TCS
GFS Basic,2024-02-26,2024-03-12,3875.09,3929.57,7,381.33,76.01,305.32,1.13,RSI Target 60,bull,15,37.5,62.9,74.0,78.6,TCS
GFS Basic,2024-03-19,2024-04-26,3992.15,3581.91,7,-2871.64,74.46,-2946.1,-10.54,RSI Stop <30,bull,38,40.3,28.9,45.5,66.7,TCS
GFS Basic,2024-08-07,2024-08-20,4033.82,4280.61,6,1480.78,70.66,1410.13,5.83,RSI Target 60,bull,13,38.6,60.3,69.1,74.8,TCS
GFS Basic,2024-09-09,2024-09-19,4280.78,4065.65,6,-1290.75,71.08,-1361.82,-5.3,RSI Stop <30,bull,10,38.5,22.0,74.2,76.1,TCS
GFS Basic,2024-10-10,2024-10-11,4068.63,3926.58,6,-852.27,68.7,-920.97,-3.77,RSI Stop <30,bull,1,37.2,29.8,55.0,66.9,TCS
GFS Advanced,2007-02-26,2007-02-28,216.8,198.9,438,-7840.32,218.23,-8058.54,-8.49,RSI Stop <30,bull,2,44.8,28.7,73.5,72.5,TCS
GFS Advanced,2007-03-01,2007-03-02,207.7,201.43,420,-2635.22,206.45,-2841.67,-3.26,Price < 50 EMA,bull,1,42.3,38.8,57.5,72.5,TCS
GFS Advanced,2010-11-25,2010-12-09,370.99,384.27,228,3027.6,206.43,2821.17,3.34,RSI Target 60,bull,14,42.7,65.5,78.5,91.5,TCS
GFS Advanced,2012-09-20,2012-09-21,498.02,482.37,175,-2737.96,206.17,-2944.12,-3.38,Price < 50 EMA,bull,1,41.9,42.8,53.9,63.6,TCS
GFS Advanced,2013-04-12,2013-04-15,576.59,547.16,146,-4296.9,197.95,-4494.85,-5.34,Price < 50 EMA,bull,3,40.3,37.1,73.1,77.5,TCS
GFS Advanced,2013-08-22,2013-08-29,655.88,731.65,122,9244.52,202.72,9041.79,11.3,RSI Target 60,bull,7,44.8,64.6,76.4,73.9,TCS
GFS Advanced,2014-08-13,2014-08-19,965.79,944.91,91,-1900.34,208.66,-2109.01,-2.4,RSI Stop <30,bull,6,41.7,21.3,77.2,79.7,TCS
GFS Advanced,2014-08-22,2014-09-01,954.19,983.14,91,2633.73,211.02,2422.71,2.79,RSI Target 60,bull,10,37.9,60.8,78.5,77.0,TCS
GFS Advanced,2018-02-23,2018-02-28,1264.94,1245.63,70,-1351.15,210.7,-1561.85,-1.76,RSI Target 60,bull,5,41.6,62.3,66.1,68.6,TCS
GFS Advanced,2019-03-01,2019-03-12,1726.87,1676.09,50,-2539.06,204.57,-2743.64,-3.18,RSI Target 60,bull,11,41.9,68.4,54.6,70.1,TCS
GFS Advanced,2021-02-19,2021-02-22,2724.65,2599.4,31,-3882.72,199.0,-4081.73,-4.83,RSI Stop <30,bull,3,41.8,23.3,70.2,79.7,TCS
GFS Basic,2006-04-28,2006-05-03,36.61,36.97,2594,927.11,227.32,699.79,0.74,RSI Target 60,bull,5,42.6,60.8,62.3,67.7,HDFC Bank
GFS Basic,2006-11-07,2006-11-09,43.6,43.86,2194,575.7,228.51,347.19,0.36,RSI Target 60,bull,2,37.5,61.1,82.3,75.9,HDFC Bank
GFS Basic,2006-12-06,2006-12-20,48.32,43.99,1986,-8595.08,219.66,-8814.75,-9.19,RSI Stop <30,bull,14,37.4,27.3,73.4,78.2,HDFC Bank
GFS Basic,2006-12-26,2007-01-12,43.96,45.75,1993,3571.46,213.72,3357.74,3.83,RSI Target 60,bull,17,37.7,60.7,63.3,80.6,HDFC Bank
GFS Basic,2007-06-18,2007-06-22,48.56,47.86,1870,-1307.86,215.76,-1523.63,-1.68,RSI Stop <30,bull,4,38.9,29.8,69.5,71.1,HDFC Bank
GFS Basic,2007-06-26,2007-06-29,48.2,49.76,1853,2881.6,216.8,2664.8,2.98,RSI Target 60,bull,3,38.6,66.8,65.3,71.1,HDFC Bank
GFS Basic,2007-08-01,2007-08-13,52.55,49.28,1748,-5723.42,213.53,-5936.95,-6.46,RSI Stop <30,bull,12,42.6,29.1,63.1,76.9,HDFC Bank
GFS Basic,2007-10-18,2007-10-24,64.49,65.69,1337,1604.9,208.6,1396.3,1.62,RSI Target 60,bull,6,43.6,61.2,60.7,79.4,HDFC Bank
GFS Basic,2007-11-22,2007-11-30,70.06,74.46,1250,5507.14,215.64,5291.5,6.04,RSI Target 60,bull,8,44.1,66.7,70.7,81.9,HDFC Bank
GFS Basic,2007-12-04,2007-12-11,75.36,77.26,1228,2334.56,223.39,2111.17,2.28,RSI Target 60,bull,7,44.5,69.8,69.2,81.9,HDFC Bank
GFS Basic,2007-12-20,2008-01-09,73.84,75.7,1281,2384.47,227.99,2156.48,2.28,RSI Target 60,bull,20,40.4,63.5,59.5,80.9,HDFC Bank
GFS Basic,2008-01-16,2008-01-21,79.06,65.39,1222,-16703.42,212.72,-16916.14,-17.51,RSI Stop <30,bull,5,40.8,29.4,54.4,80.9,HDFC Bank
GFS Basic,2009-10-28,2009-11-03,74.73,70.29,1078,-4790.98,189.39,-4980.37,-6.18,RSI Stop <30,bull,6,37.6,26.9,64.0,62.7,HDFC Bank
GFS Basic,2009-12-16,2009-12-21,77.68,72.58,976,-4972.73,178.65,-5151.38,-6.79,RSI Stop <30,bull,5,37.4,23.6,63.7,68.3,HDFC Bank
GFS Basic,2009-12-24,2009-12-30,74.73,74.33,949,-383.46,172.53,-555.99,-0.78,RSI Stop <30,bull,6,36.6,23.8,64.5,68.3,HDFC Bank
GFS Basic,2010-05-05,2010-06-10,87.25,84.69,807,-2067.3,169.66,-2236.96,-3.18,RSI Target 60,bull,36,41.9,65.9,61.2,80.1,HDFC Bank
GFS Basic,2010-09-08,2010-09-13,98.04,100.88,696,1975.91,169.01,1806.89,2.65,RSI Target 60,bull,5,38.6,64.8,73.4,75.9,HDFC Bank
GFS Basic,2010-10-08,2010-10-20,109.28,103.23,640,-3873.02,166.74,-4039.76,-5.78,RSI Stop <30,bull,12,43.9,27.4,71.9,81.1,HDFC Bank
GFS Basic,2010-10-29,2010-12-22,102.46,96.3,646,-3979.18,158.29,-4137.47,-6.25,RSI Stop <30,bull,54,35.1,28.5,47.7,70.0,HDFC Bank
GFS Basic,2011-04-27,2011-05-12,106.09,99.01,586,-4145.25,149.18,-4294.43,-6.91,RSI Stop <30,bull,15,43.9,29.0,62.8,65.5,HDFC Bank
GFS Basic,2011-05-16,2011-05-30,101.31,101.99,574,388.37,144.97,243.41,0.42,RSI Target 60,bull,14,35.4,63.5,57.2,65.5,HDFC Bank
GFS Basic,2011-06-21,2011-06-28,105.2,107.84,555,1463.14,146.59,1316.55,2.25,RSI Target 60,bull,7,37.6,63.4,70.1,63.2,HDFC Bank
GFS Basic,2011-07-26,2011-08-04,112.82,106.02,528,-3590.13,143.99,-3734.11,-6.27,RSI Stop <30,bull,9,42.7,27.6,53.0,65.5,HDFC Bank
GFS Basic,2012-05-08,2012-05-10,119.07,115.15,471,-1843.01,138.05,-1981.05,-3.53,RSI Stop <30,bull,2,42.5,28.0,70.5,69.2,HDFC Bank
GFS Basic,2012-07-25,2012-08-06,129.64,134.62,418,2083.29,137.91,1945.38,3.59,RSI Target 60,bull,12,43.6,60.5,65.3,65.0,HDFC Bank
GFS Basic,2012-08-28,2012-09-04,134.45,132.35,417,-879.04,139.02,-1018.05,-1.82,RSI Stop <30,bull,7,36.2,27.6,83.2,63.2,HDFC Bank
GFS Basic,2012-09-07,2012-09-14,133.24,137.43,413,1728.04,139.41,1588.63,2.89,RSI Target 60,bull,7,42.9,68.6,82.7,63.2,HDFC Bank
GFS Basic,2012-12-19,2013-01-22,153.15,146.62,369,-2410.96,138.42,-2549.38,-4.51,RSI Stop <30,bull,34,41.5,24.9,61.3,71.8,HDFC Bank
GFS Basic,2013-01-24,2013-02-18,148.84,151.61,364,1007.13,136.77,870.36,1.61,RSI Target 60,bull,25,35.4,65.7,60.6,73.8,HDFC Bank
GFS Basic,2014-04-03,2014-04-21,168.88,162.02,325,-2226.74,134.99,-2361.74,-4.3,RSI Stop <30,bull,18,41.1,29.8,62.0,62.0,HDFC Bank
GFS Basic,2014-04-22,2014-05-09,164.46,171.15,320,2140.13,134.5,2005.63,3.81,RSI Target 60,bull,17,39.7,70.0,77.1,60.7,HDFC Bank
GFS Basic,2014-07-24,2014-08-22,192.91,193.11,283,58.39,136.71,-78.32,-0.14,RSI Target 60,bull,29,43.0,63.3,58.5,64.1,HDFC Bank
GFS Basic,2014-12-12,2014-12-23,213.62,218.88,255,1341.29,137.78,1203.52,2.21,RSI Target 60,bull,11,41.6,62.1,75.1,84.4,HDFC Bank
GFS Basic,2015-02-19,2015-03-02,247.23,246.89,225,-76.11,138.87,-214.98,-0.39,RSI Target 60,bull,11,44.9,64.5,73.5,83.9,HDFC Bank
GFS Basic,2015-03-11,2015-03-26,242.5,229.65,229,-2943.62,135.69,-3079.31,-5.55,RSI Stop <30,bull,15,44.5,21.1,71.1,83.9,HDFC Bank
GFS Basic,2015-03-30,2015-04-29,233.67,226.5,225,-1612.5,130.5,-1742.99,-3.32,RSI Stop <30,bull,30,44.1,29.7,50.8,84.8,HDFC Bank
GFS Basic,2015-08-05,2015-08-12,253.47,245.96,201,-1508.05,126.99,-1635.04,-3.21,RSI Stop <30,bull,7,39.6,29.7,72.2,82.0,HDFC Bank
GFS Basic,2015-08-17,2015-08-24,253.85,234.15,194,-3820.4,120.81,-3941.21,-8.0,RSI Stop <30,bull,7,42.2,28.0,63.8,82.0,HDFC Bank
GFS Basic,2015-12-11,2015-12-29,244.54,247.69,186,584.93,117.02,467.91,1.03,RSI Target 60,bull,18,37.5,65.4,56.0,67.3,HDFC Bank
GFS Basic,2016-06-15,2016-07-01,266.12,272.09,173,1032.83,118.71,914.12,1.99,RSI Target 60,bull,16,40.2,62.7,78.4,66.1,HDFC Bank
GFS Basic,2016-08-12,2016-08-24,286.39,292.31,164,971.25,120.71,850.54,1.81,RSI Target 60,bull,12,36.0,63.3,75.9,66.5,HDFC Bank
GFS Basic,2016-08-29,2016-08-31,292.63,299.12,163,1058.72,122.43,936.29,1.96,RSI Target 60,bull,2,43.9,75.7,76.9,68.0,HDFC Bank
GFS Basic,2016-09-30,2016-10-14,302.85,292.31,160,-1686.75,121.27,-1808.02,-3.73,RSI Stop <30,bull,14,43.1,27.8,67.7,63.4,HDFC Bank
GFS Basic,2016-10-27,2016-11-24,293.35,270.0,160,-3734.98,115.77,-3850.74,-8.2,RSI Stop <30,bull,28,37.8,22.9,46.9,71.2,HDFC Bank
GFS Basic,2017-05-18,2017-05-19,363.01,361.68,119,-157.59,111.17,-268.76,-0.62,RSI Target 60,bull,1,43.2,61.1,88.9,88.0,HDFC Bank
GFS Basic,2017-07-04,2017-07-17,389.25,392.33,110,338.14,110.84,227.31,0.53,RSI Target 60,bull,13,44.9,66.7,90.4,87.3,HDFC Bank
GFS Basic,2017-08-17,2017-09-08,417.8,416.88,103,-94.65,110.87,-205.52,-0.48,RSI Target 60,bull,22,41.7,61.3,79.6,87.7,HDFC Bank
GFS Basic,2017-09-29,2017-10-09,419.95,418.71,102,-126.07,110.39,-236.47,-0.55,RSI Stop <30,bull,10,44.3,26.1,72.6,87.1,HDFC Bank
GFS Basic,2017-10-12,2017-10-16,423.74,433.09,101,944.11,111.42,832.69,1.95,RSI Target 60,bull,4,43.8,67.7,75.2,87.1,HDFC Bank
GFS Basic,2017-12-07,2017-12-22,425.17,437.64,102,1272.05,113.02,1159.03,2.67,RSI Target 60,bull,15,44.7,61.2,54.9,89.2,HDFC Bank
GFS Basic,2018-01-08,2018-01-16,436.07,443.12,102,719.09,114.92,604.17,1.36,RSI Target 60,bull,8,43.7,64.4,63.0,91.1,HDFC Bank
GFS Basic,2018-02-08,2018-02-19,445.16,438.0,101,-723.28,114.5,-837.78,-1.86,RSI Stop <30,bull,11,39.1,23.1,58.0,99.0,HDFC Bank
GFS Basic,2018-06-21,2018-06-22,483.48,488.94,92,502.89,114.7,388.19,0.87,RSI Target 60,bull,1,36.0,62.3,74.3,86.8,HDFC Bank
GFS Basic,2018-08-02,2018-08-16,510.96,487.15,87,-2071.95,111.97,-2183.92,-4.91,RSI Stop <30,bull,14,37.5,20.7,64.3,81.9,HDFC Bank
GFS Basic,2019-01-08,2019-01-30,501.65,477.53,85,-2050.46,107.97,-2158.43,-5.06,RSI Stop <30,bull,22,43.5,29.6,69.5,63.8,HDFC Bank
GFS Basic,2019-01-31,2019-02-20,483.3,494.81,84,966.81,106.55,860.26,2.12,RSI Target 60,bull,20,42.8,68.8,71.2,60.1,HDFC Bank
GFS Basic,2019-02-27,2019-03-12,499.22,509.51,83,854.64,108.3,746.34,1.8,RSI Target 60,bull,13,42.6,68.3,49.9,59.4,HDFC Bank
GFS Basic,2019-04-10,2019-05-02,541.03,552.89,78,924.37,110.07,814.3,1.93,RSI Target 60,bull,22,43.4,60.3,68.2,69.4,HDFC Bank
GFS Basic,2019-05-23,2019-05-27,569.93,565.22,75,-353.4,109.96,-463.35,-1.08,RSI Target 60,bull,4,44.8,61.5,74.5,69.4,HDFC Bank
GFS Basic,2019-06-24,2019-06-26,574.35,582.79,74,625.07,110.43,514.64,1.21,RSI Target 60,bull,2,43.3,65.2,69.1,72.0,HDFC Bank
GFS Basic,2019-07-09,2019-07-19,584.96,561.01,73,-1748.48,108.42,-1856.9,-4.35,RSI Stop <30,bull,10,43.7,25.9,61.9,71.5,HDFC Bank
GFS Basic,2019-12-04,2019-12-18,601.28,611.74,68,710.73,106.93,603.8,1.48,RSI Target 60,bull,14,40.7,62.7,71.1,72.1,HDFC Bank
GFS Basic,2020-01-20,2020-01-30,608.82,580.35,68,-1935.63,105.33,-2040.96,-4.93,RSI Stop <30,bull,10,44.5,28.3,53.3,77.4,HDFC Bank
GFS Basic,2021-07-19,2021-07-27,728.07,684.46,54,-2354.88,100.26,-2455.14,-6.24,RSI Stop <30,bull,8,43.1,26.5,52.7,72.6,HDFC Bank
GFS Basic,2021-09-21,2021-09-27,752.69,772.57,50,994.0,100.0,894.0,2.38,RSI Target 60,bull,6,39.6,63.8,65.5,72.2,HDFC Bank
GFS Basic,2021-11-01,2021-11-04,762.35,757.76,50,-229.45,99.8,-329.25,-0.86,RSI Stop <30,bull,3,44.1,28.5,65.3,71.9,HDFC Bank
GFS Basic,2024-01-11,2024-01-17,808.28,747.91,47,-2837.52,96.82,-2934.34,-7.72,RSI Stop <30,sideways,6,38.5,22.1,64.2,63.5,HDFC Bank
GFS Basic,2025-05-13,2025-06-06,967.36,975.67,36,298.91,93.03,205.87,0.59,RSI Target 60,bull,24,43.1,61.4,77.9,80.5,HDFC Bank
GFS Basic,2025-06-13,2025-06-26,967.91,996.92,36,1044.44,93.85,950.59,2.73,RSI Target 60,bull,13,43.5,60.3,76.3,80.5,HDFC Bank
GFS Basic,2025-07-17,2025-07-23,1009.34,1009.13,36,-7.6,96.07,-103.68,-0.29,RSI Target 60,bull,6,39.2,60.6,68.0,80.7,HDFC Bank
GFS Basic,2025-08-19,2025-08-29,1013.81,951.12,35,-2193.89,91.91,-2285.8,-6.44,RSI Stop <30,bull,10,41.8,27.9,49.5,80.4,HDFC Bank
GFS Basic,2025-12-10,2026-01-09,1003.3,938.53,34,-2202.21,88.86,-2291.07,-6.72,RSI Stop <30,bull,30,39.9,24.6,42.9,67.8,HDFC Bank
GFS Advanced,2006-04-28,2006-05-03,36.61,36.97,2594,927.11,227.32,699.79,0.74,RSI Target 60,bull,5,42.6,60.8,62.3,67.7,HDFC Bank
GFS Advanced,2012-12-19,2013-01-16,153.15,148.13,624,-3132.41,224.46,-3356.86,-3.51,Price < 50 EMA,bull,28,41.5,33.6,66.5,71.8,HDFC Bank
GFS Advanced,2014-04-23,2014-05-09,165.16,171.15,559,3346.27,223.96,3122.3,3.38,RSI Target 60,bull,16,40.8,70.0,77.1,60.7,HDFC Bank
GFS Advanced,2014-08-14,2014-08-22,186.23,193.11,512,3524.5,230.87,3293.63,3.45,RSI Target 60,bull,8,43.5,63.3,58.5,64.1,HDFC Bank
GFS Advanced,2021-09-23,2021-09-27,737.68,772.57,133,4640.88,238.16,4402.72,4.49,RSI Target 60,bull,4,44.8,63.8,65.5,72.2,HDFC Bank
GFS Basic,2006-05-09,2006-05-22,130.17,113.35,729,-12262.61,213.5,-12476.11,-13.15,RSI Stop <30,bull,13,40.6,23.4,53.5,71.1,Infosys
GFS Basic,2006-09-11,2006-09-14,148.18,149.03,561,478.44,200.55,277.89,0.33,RSI Target 60,bull,3,39.1,60.7,80.2,79.7,Infosys
GFS Basic,2006-12-08,2006-12-18,184.04,181.46,453,-1166.08,199.39,-1365.47,-1.64,RSI Target 60,bull,10,39.3,60.2,87.1,86.4,Infosys
GFS Basic,2006-12-22,2007-01-02,177.6,185.39,462,3598.24,201.4,3396.84,4.14,RSI Target 60,bull,11,44.9,60.9,80.1,87.0,Infosys
GFS Basic,2007-01-17,2007-01-31,183.73,183.32,464,-187.39,204.58,-391.97,-0.46,RSI Target 60,bull,14,43.1,60.7,65.9,86.2,Infosys
GFS Basic,2009-10-08,2009-11-12,197.21,197.74,430,230.3,204.01,26.3,0.03,RSI Target 60,bull,35,44.4,62.1,59.1,62.0,Infosys
GFS Basic,2010-01-25,2010-02-03,222.07,210.22,382,-4526.62,199.15,-4725.77,-5.57,RSI Stop <30,bull,9,43.4,20.3,59.0,80.0,Infosys
GFS Basic,2010-02-15,2010-02-22,214.25,218.31,375,1519.78,195.45,1324.33,1.65,RSI Target 60,bull,7,41.4,63.2,56.7,80.0,Infosys
GFS Basic,2010-03-31,2010-04-22,231.0,231.06,353,20.53,196.56,-176.03,-0.22,RSI Target 60,bull,22,45.0,64.7,63.8,84.8,Infosys
GFS Basic,2010-05-14,2010-06-04,231.68,233.34,352,582.85,197.16,385.68,0.47,RSI Target 60,bull,21,39.8,63.9,58.3,85.5,Infosys
GFS Basic,2010-07-14,2010-08-04,246.08,245.78,333,-97.54,197.33,-294.87,-0.36,RSI Target 60,bull,21,41.8,69.2,54.0,84.2,Infosys
GFS Basic,2010-10-28,2010-11-09,261.09,265.14,312,1264.99,197.66,1067.33,1.31,RSI Target 60,bull,12,43.7,61.7,69.3,76.7,Infosys
GFS Basic,2010-11-12,2010-12-03,267.51,270.79,309,1015.2,200.07,815.14,0.99,RSI Target 60,bull,21,43.2,62.9,75.3,75.3,Infosys
GFS Basic,2011-01-13,2011-02-02,294.05,267.69,283,-7458.44,192.53,-7650.97,-9.19,RSI Stop <30,bull,20,35.9,29.4,55.1,69.3,Infosys
GFS Basic,2013-09-03,2013-09-10,283.58,286.13,268,683.88,184.93,498.95,0.66,RSI Target 60,bull,7,44.6,61.4,79.4,60.5,Infosys
GFS Basic,2013-09-18,2013-09-30,274.73,272.92,279,-504.99,185.14,-690.13,-0.9,RSI Stop <30,bull,12,42.1,23.4,79.9,64.3,Infosys
GFS Basic,2013-10-03,2013-10-09,275.49,281.69,275,1706.54,185.45,1521.09,2.01,RSI Target 60,bull,6,43.0,71.8,78.4,64.3,Infosys
GFS Basic,2013-11-05,2013-11-07,302.38,305.96,256,916.41,188.3,728.12,0.94,RSI Target 60,bull,2,43.9,64.3,73.8,66.5,Infosys
GFS Basic,2013-12-06,2013-12-16,310.04,314.58,252,1144.69,190.14,954.56,1.22,RSI Target 60,bull,10,38.4,71.7,79.2,65.0,Infosys
GFS Basic,2014-01-09,2014-01-13,316.97,333.97,249,4232.17,195.11,4037.07,5.12,RSI Target 60,bull,4,44.6,65.0,85.8,70.1,Infosys
GFS Basic,2014-02-03,2014-02-07,341.12,325.0,243,-3918.04,195.48,-4113.51,-4.96,RSI Stop <30,bull,4,41.9,27.2,68.5,71.5,Infosys
GFS Basic,2014-02-14,2014-02-21,330.01,341.78,239,2812.27,193.52,2618.76,3.32,RSI Target 60,bull,7,39.1,65.0,72.6,71.5,Infosys
GFS Basic,2014-03-12,2014-03-13,338.31,305.96,240,-7763.96,187.72,-7951.68,-9.79,RSI Stop <30,bull,1,39.4,23.1,68.8,75.3,Infosys
GFS Basic,2014-09-23,2014-10-01,340.54,355.4,217,3224.64,182.89,3041.75,4.12,RSI Target 60,bull,8,37.7,64.8,69.9,65.6,Infosys
GFS Basic,2014-12-05,2014-12-10,399.73,365.6,192,-6552.06,179.09,-6731.16,-8.77,RSI Stop <30,bull,5,43.8,29.9,70.5,73.2,Infosys
GFS Basic,2015-03-23,2015-04-24,422.84,371.46,166,-8528.91,162.47,-8691.39,-12.38,RSI Stop <30,bull,32,40.6,25.6,42.5,61.7,Infosys
GFS Basic,2015-08-10,2015-08-12,416.59,432.58,149,2382.31,155.74,2226.58,3.59,RSI Target 60,sideways,2,42.0,61.0,69.0,69.8,Infosys
GFS Basic,2015-09-01,2015-09-08,429.4,400.23,149,-4347.22,153.01,-4500.23,-7.03,RSI Stop <30,bull,7,39.9,27.7,58.9,67.7,Infosys
GFS Basic,2015-10-16,2015-11-03,417.86,436.98,143,2734.04,150.95,2583.08,4.32,RSI Target 60,bull,18,43.5,75.6,57.3,65.8,Infosys
GFS Basic,2018-02-07,2018-02-14,453.56,440.82,137,-1745.56,151.61,-1897.16,-3.05,RSI Stop <30,bull,7,35.3,25.9,69.1,62.1,Infosys
GFS Basic,2018-02-16,2018-02-27,454.1,461.88,133,1034.52,150.62,883.9,1.46,RSI Target 60,bull,11,36.5,63.3,69.3,62.1,Infosys
GFS Basic,2018-03-28,2018-04-04,466.8,451.44,131,-2012.76,149.14,-2161.89,-3.54,RSI Stop <30,bull,7,41.2,27.8,62.7,64.6,Infosys
GFS Basic,2018-04-05,2018-04-26,460.07,472.42,129,1593.14,148.87,1444.27,2.43,RSI Target 60,bull,21,39.3,60.3,65.5,64.6,Infosys
GFS Basic,2018-05-21,2018-05-24,476.95,490.31,127,1696.37,151.7,1544.67,2.55,RSI Target 60,bull,3,40.4,67.5,69.7,64.0,Infosys
GFS Basic,2018-09-26,2018-10-23,606.2,541.08,102,-6641.68,145.86,-6787.53,-10.98,RSI Stop <30,bull,27,40.1,27.9,55.1,81.2,Infosys
GFS Basic,2019-02-21,2019-03-18,622.03,593.97,89,-2496.8,135.77,-2632.57,-4.76,RSI Stop <30,bull,25,41.0,23.2,57.3,77.2,Infosys
GFS Basic,2019-04-18,2019-05-21,609.39,593.22,87,-1406.37,131.69,-1538.06,-2.9,RSI Stop <30,bull,33,44.8,29.4,41.2,74.5,Infosys
GFS Basic,2019-08-06,2019-08-23,667.24,680.4,77,1013.17,130.55,882.62,1.72,RSI Target 60,bull,17,37.1,67.4,68.8,76.9,Infosys
GFS Basic,2019-09-24,2019-10-22,685.07,545.83,76,-10581.63,120.07,-10701.7,-20.55,RSI Stop <30,bull,28,43.9,24.4,56.8,70.9,Infosys
GFS Basic,2020-02-03,2020-02-04,674.82,676.64,63,114.42,109.93,4.49,0.01,RSI Target 60,sideways,1,44.7,61.2,83.7,64.7,Infosys
GFS Basic,2020-08-26,2020-09-01,826.65,795.79,51,-1573.83,107.39,-1681.23,-3.99,RSI Stop <30,bull,6,39.1,29.4,86.9,63.1,Infosys
GFS Basic,2020-09-02,2020-09-14,814.76,851.73,50,1848.33,107.78,1740.55,4.27,RSI Target 60,bull,12,37.0,61.9,83.2,63.1,Infosys
GFS Basic,2020-10-30,2020-11-17,952.98,988.72,44,1572.49,110.14,1462.35,3.49,RSI Target 60,bull,18,35.4,60.8,74.4,65.7,Infosys
GFS Basic,2020-11-27,2020-12-01,986.41,1001.17,44,649.61,112.46,537.15,1.24,RSI Target 60,bull,4,41.6,61.2,70.6,67.9,Infosys
GFS Basic,2021-01-29,2021-02-01,1141.86,1109.44,38,-1231.99,110.48,-1342.48,-3.09,RSI Stop <30,bull,3,37.4,26.7,61.6,79.2,Infosys
GFS Basic,2021-02-10,2021-02-18,1173.17,1137.2,36,-1294.99,107.85,-1402.83,-3.32,RSI Target 60,bull,8,39.5,66.6,71.5,79.2,Infosys
GFS Basic,2021-02-23,2021-03-03,1152.52,1182.16,36,1067.17,108.64,958.53,2.31,RSI Target 60,bull,8,43.7,62.4,65.6,78.7,Infosys
GFS Basic,2021-05-10,2021-05-25,1209.33,1198.04,35,-394.93,108.98,-503.91,-1.19,RSI Target 60,bull,15,41.3,61.4,54.3,82.6,Infosys
GFS Basic,2021-07-19,2021-07-27,1401.86,1425.27,30,702.36,109.52,592.84,1.41,RSI Target 60,bull,8,43.9,62.2,80.5,92.3,Infosys
GFS Basic,2021-09-07,2021-09-22,1541.94,1526.97,27,-404.21,107.43,-511.64,-1.23,RSI Target 60,bull,15,41.2,61.0,83.5,94.0,Infosys
GFS Basic,2021-10-01,2021-10-18,1516.12,1593.89,27,2099.86,108.48,1991.38,4.86,RSI Target 60,bull,17,44.5,61.5,66.4,89.4,Infosys
GFS Basic,2021-11-08,2021-11-12,1542.13,1597.3,28,1544.63,112.89,1431.74,3.32,RSI Target 60,bull,4,43.8,65.4,64.1,93.2,Infosys
GFS Basic,2022-01-20,2022-02-04,1720.86,1562.21,26,-4124.9,110.49,-4235.39,-9.47,RSI Stop <30,bull,15,40.5,28.1,54.2,80.4,Infosys
GFS Basic,2024-03-01,2024-03-07,1584.6,1521.1,26,-1651.06,105.18,-1756.24,-4.26,RSI Stop <30,bull,6,43.1,27.1,74.1,62.0,Infosys
GFS Basic,2024-03-13,2024-03-19,1530.68,1469.35,26,-1594.62,102.12,-1696.74,-4.26,RSI Stop <30,bull,6,37.0,29.8,65.8,62.0,Infosys
GFS Basic,2024-08-08,2024-08-26,1727.43,1800.81,22,1614.38,101.46,1512.92,3.98,RSI Target 60,bull,18,42.7,74.0,77.5,75.4,Infosys
GFS Basic,2024-09-18,2024-10-09,1881.68,1874.33,21,-154.39,102.99,-257.38,-0.65,RSI Target 60,bull,21,42.0,67.8,74.1,71.8,Infosys
GFS Basic,2024-10-22,2024-10-31,1824.37,1705.89,21,-2488.17,97.89,-2586.07,-6.75,RSI Stop <30,bull,9,42.4,27.6,55.8,64.8,Infosys
GFS Advanced,2014-01-09,2014-01-13,316.97,333.97,299,5082.01,231.2,4850.8,5.12,RSI Target 60,bull,4,44.6,65.0,85.8,70.1,Infosys
GFS Advanced,2015-04-08,2015-04-16,406.79,408.59,244,439.1,236.35,202.74,0.2,Price < 50 EMA,bull,8,44.5,47.7,66.1,61.7,Infosys
GFS Advanced,2015-09-02,2015-09-04,421.74,405.95,236,-3725.75,232.65,-3958.39,-3.98,Price < 50 EMA,bull,2,39.2,37.8,58.9,67.7,Infosys
GFS Advanced,2019-09-24,2019-09-25,685.07,672.3,140,-1787.94,226.61,-2014.54,-2.1,Price < 50 EMA,bull,1,43.9,41.0,62.8,75.0,Infosys
GFS Advanced,2020-09-03,2020-09-14,807.26,851.73,116,5157.44,228.77,4928.67,5.26,RSI Target 60,bull,11,42.1,61.9,83.2,63.1,Infosys
GFS Advanced,2024-03-14,2024-03-18,1530.21,1508.12,64,-1413.78,231.49,-1645.28,-1.68,Price < 50 EMA,bull,4,42.5,36.7,65.8,62.0,Infosys
GFS Advanced,2024-09-20,2024-10-09,1849.45,1874.33,52,1293.92,230.38,1063.54,1.11,RSI Target 60,bull,19,37.8,67.8,74.1,71.8,Infosys
GFS Basic,2006-12-05,2006-12-12,128.46,116.6,739,-8760.67,217.21,-8977.88,-9.46,RSI Stop <30,bull,7,43.6,27.5,95.2,69.1,ICICI Bank
GFS Basic,2006-12-13,2007-01-02,120.79,130.16,715,6701.04,214.2,6486.84,7.51,RSI Target 60,bull,20,38.3,69.2,88.7,80.8,ICICI Bank
GFS Basic,2007-02-05,2007-02-28,139.88,120.31,662,-12958.66,207.69,-13166.35,-14.22,RSI Stop <30,bull,23,43.4,25.9,54.3,67.5,ICICI Bank
GFS Basic,2007-07-24,2007-07-27,144.29,134.09,555,-5663.19,187.43,-5850.61,-7.31,RSI Stop <30,bull,3,43.6,28.6,50.8,75.0,ICICI Bank
GFS Basic,2007-11-19,2007-12-10,182.64,186.45,408,1555.89,182.53,1373.35,1.84,RSI Target 60,bull,21,44.8,64.8,68.1,74.5,ICICI Bank
GFS Basic,2008-01-01,2008-01-07,183.36,199.81,413,6795.25,190.65,6604.6,8.72,RSI Target 60,bull,6,44.4,67.6,61.1,74.1,ICICI Bank
GFS Basic,2009-10-23,2009-10-27,139.68,126.43,588,-7792.83,189.78,-7982.6,-9.72,RSI Stop <30,bull,4,44.9,29.4,68.9,61.9,ICICI Bank
GFS Basic,2010-04-26,2010-05-19,148.6,124.92,501,-11866.78,168.48,-12035.26,-16.17,RSI Stop <30,bull,23,44.4,25.3,62.7,81.9,ICICI Bank
GFS Basic,2010-08-27,2010-09-03,153.14,153.9,412,317.01,155.86,161.15,0.26,RSI Target 60,bull,7,44.7,61.2,73.9,67.3,ICICI Bank
GFS Basic,2010-10-22,2010-11-01,174.2,189.42,363,5526.36,161.58,5364.78,8.48,RSI Target 60,bull,10,41.0,65.8,84.7,73.2,ICICI Bank
GFS Basic,2010-11-23,2010-11-26,183.63,172.84,372,-4014.76,162.97,-4177.73,-6.12,RSI Stop <30,bull,3,36.6,25.8,62.8,73.2,ICICI Bank
GFS Basic,2010-12-01,2010-12-30,178.02,174.79,361,-1166.0,156.94,-1322.94,-2.06,RSI Target 60,bull,29,36.4,66.3,50.4,65.9,ICICI Bank
GFS Basic,2011-05-11,2011-06-10,166.99,161.35,378,-2129.47,153.39,-2282.86,-3.62,RSI Target 60,bear,30,40.9,63.5,56.4,59.7,ICICI Bank
GFS Basic,2013-01-24,2013-02-18,189.68,178.37,321,-3632.94,146.88,-3779.82,-6.21,RSI Stop <30,bull,25,44.2,25.8,60.4,77.6,ICICI Bank
GFS Basic,2014-06-25,2014-06-27,241.47,231.01,237,-2478.99,139.94,-2618.92,-4.58,RSI Stop <30,bull,2,41.7,29.6,68.3,63.7,ICICI Bank
GFS Basic,2014-06-30,2014-07-17,235.5,242.01,233,1515.59,138.84,1376.74,2.51,RSI Target 60,bull,17,39.0,60.2,61.6,61.8,ICICI Bank
GFS Basic,2014-08-08,2014-08-18,245.12,255.37,229,2346.98,142.5,2204.47,3.93,RSI Target 60,bull,10,39.7,60.2,59.8,63.0,ICICI Bank
GFS Basic,2014-09-19,2014-09-30,261.69,239.16,222,-5000.66,139.25,-5139.91,-8.85,RSI Stop <30,bull,11,43.8,24.5,56.6,70.9,ICICI Bank
GFS Basic,2014-12-12,2015-01-02,294.88,302.22,181,1328.16,135.32,1192.84,2.23,RSI Target 60,bull,21,41.9,61.6,77.0,77.3,ICICI Bank
GFS Basic,2015-01-09,2015-01-27,291.0,319.9,187,5405.22,141.86,5263.37,9.67,RSI Target 60,bull,18,39.7,71.1,73.6,77.3,ICICI Bank
GFS Basic,2015-02-05,2015-02-09,289.95,266.97,205,-4710.72,142.54,-4853.26,-8.16,RSI Stop <30,bull,4,39.2,26.6,51.2,81.1,ICICI Bank
GFS Basic,2017-04-20,2017-05-04,247.05,257.89,222,2405.94,139.7,2266.24,4.13,RSI Target 60,bull,14,40.1,63.2,59.2,79.4,ICICI Bank
GFS Basic,2017-08-04,2017-08-31,289.75,286.15,197,-709.55,141.44,-850.99,-1.49,RSI Target 60,bull,27,41.3,63.6,64.4,75.8,ICICI Bank
GFS Basic,2018-01-10,2018-01-15,303.49,316.15,185,2341.63,142.53,2199.1,3.92,RSI Target 60,bull,5,43.0,62.0,66.8,69.6,ICICI Bank
GFS Basic,2018-02-07,2018-02-14,324.78,306.21,179,-3323.27,141.08,-3464.35,-5.96,RSI Stop <30,bull,7,42.8,18.0,53.8,79.5,ICICI Bank
GFS Basic,2019-01-25,2019-01-28,355.72,331.3,154,-3760.07,133.17,-3893.24,-7.11,RSI Stop <30,bull,3,38.3,10.1,67.1,60.1,ICICI Bank
GFS Basic,2019-01-30,2019-02-20,337.96,332.89,152,-769.59,128.69,-898.28,-1.75,RSI Stop <30,bull,21,39.3,27.9,42.4,59.7,ICICI Bank
GFS Basic,2019-05-08,2019-05-24,393.22,416.36,128,2961.54,130.25,2831.29,5.63,RSI Target 60,bull,16,43.2,63.9,77.9,66.6,ICICI Bank
GFS Basic,2019-06-14,2019-06-17,407.65,399.43,130,-1068.42,131.99,-1200.41,-2.27,RSI Stop <30,bull,3,36.3,29.1,65.9,77.1,ICICI Bank
GFS Basic,2019-06-18,2019-06-25,405.14,418.19,128,1670.1,132.3,1537.79,2.97,RSI Target 60,bull,7,39.5,62.0,63.0,77.1,ICICI Bank
GFS Basic,2019-07-11,2019-07-17,417.69,409.56,128,-1040.93,133.06,-1173.99,-2.2,RSI Stop <30,bull,6,44.9,27.8,63.9,77.8,ICICI Bank
GFS Basic,2019-08-20,2019-09-23,414.07,431.44,126,2189.06,133.54,2055.52,3.94,RSI Target 60,bull,34,42.0,62.7,50.3,73.4,ICICI Bank
GFS Basic,2020-01-06,2020-01-27,523.32,519.36,103,-407.35,134.69,-542.04,-1.01,RSI Target 60,bull,21,38.4,60.3,81.3,84.7,ICICI Bank
GFS Basic,2020-01-30,2020-02-12,517.51,531.01,104,1403.99,136.39,1267.6,2.36,RSI Target 60,bull,13,42.9,61.8,77.6,80.7,ICICI Bank
GFS Basic,2020-02-26,2020-02-28,521.38,480.69,105,-4272.2,132.56,-4404.76,-8.05,RSI Stop <30,bull,2,39.7,29.0,50.1,80.7,ICICI Bank
GFS Basic,2021-06-30,2021-07-07,627.78,632.22,81,360.26,128.71,231.56,0.46,RSI Target 60,bull,7,44.3,63.4,67.1,73.6,ICICI Bank
GFS Basic,2021-08-25,2021-08-31,676.68,697.14,75,1534.46,129.7,1404.76,2.77,RSI Target 60,bull,6,36.0,60.3,69.3,83.4,ICICI Bank
GFS Basic,2021-09-21,2021-10-19,699.15,724.68,75,1914.53,133.84,1780.69,3.4,RSI Target 60,bull,28,44.9,63.7,71.7,81.4,ICICI Bank
GFS Basic,2022-09-26,2022-09-28,883.48,828.56,61,-3349.97,131.62,-3481.6,-6.46,RSI Stop <30,bull,2,42.0,30.0,84.5,69.3,ICICI Bank
GFS Basic,2022-10-06,2022-10-18,851.99,874.79,59,1345.24,128.43,1216.81,2.42,RSI Target 60,bull,12,41.0,64.5,73.4,64.1,ICICI Bank
GFS Basic,2022-11-14,2022-11-22,906.03,900.93,57,-290.68,129.8,-420.47,-0.81,RSI Target 60,bull,8,42.8,60.1,62.9,64.6,ICICI Bank
GFS Basic,2022-12-14,2022-12-19,913.75,884.11,56,-1659.7,127.32,-1787.02,-3.49,RSI Stop <30,bull,5,40.9,28.4,50.2,68.6,ICICI Bank
GFS Basic,2023-06-01,2023-07-05,929.46,934.39,53,260.92,125.07,135.85,0.28,RSI Target 60,bull,34,44.7,61.6,73.5,66.1,ICICI Bank
GFS Basic,2023-08-09,2023-08-18,963.25,934.85,51,-1448.12,123.0,-1571.12,-3.2,RSI Stop <30,bull,9,40.0,28.3,54.8,68.9,ICICI Bank
GFS Basic,2024-03-26,2024-04-09,1076.6,1088.65,45,542.35,123.56,418.8,0.86,RSI Target 60,bull,14,43.5,64.5,76.7,80.0,ICICI Bank
GFS Basic,2024-04-16,2024-04-25,1088.86,1095.24,44,280.95,122.09,158.86,0.33,RSI Target 60,bull,9,40.3,62.7,65.3,80.0,ICICI Bank
GFS Basic,2024-05-27,2024-06-03,1117.25,1140.72,43,1009.12,123.14,885.98,1.84,RSI Target 60,bull,7,42.4,60.5,62.4,75.7,ICICI Bank
GFS Basic,2024-06-04,2024-06-25,1154.66,1178.04,43,1005.4,126.71,878.69,1.77,RSI Target 60,bull,21,39.5,88.2,64.2,75.7,ICICI Bank
GFS Basic,2024-07-26,2024-08-05,1199.2,1153.11,42,-1935.78,125.25,-2061.03,-4.09,RSI Stop <30,bull,10,38.6,29.3,64.9,76.8,ICICI Bank
GFS Basic,2024-08-19,2024-08-26,1184.46,1203.41,41,776.98,124.06,652.92,1.34,RSI Target 60,bull,7,40.3,69.2,64.3,76.8,ICICI Bank
GFS Basic,2024-11-18,2024-11-19,1258.62,1238.92,39,-768.54,123.62,-892.16,-1.82,RSI Stop <30,bull,1,40.0,24.6,60.5,85.2,ICICI Bank
GFS Basic,2024-11-28,2024-12-02,1301.46,1294.01,37,-275.66,122.06,-397.72,-0.83,RSI Target 60,bull,4,44.9,67.3,60.6,86.6,ICICI Bank
GFS Basic,2025-05-09,2025-05-12,1438.52,1436.69,33,-60.54,120.76,-181.31,-0.38,RSI Target 60,bull,3,42.9,60.6,66.7,80.3,ICICI Bank
GFS Basic,2025-06-04,2025-06-27,1444.58,1450.28,33,188.01,121.46,66.55,0.14,RSI Target 60,bull,23,40.6,60.9,65.6,79.6,ICICI Bank
GFS Basic,2025-07-16,2025-07-17,1423.53,1407.13,33,-541.19,119.17,-660.36,-1.41,RSI Stop <30,bull,1,44.8,29.8,60.7,77.5,ICICI Bank
GFS Basic,2025-07-18,2025-07-21,1413.01,1453.85,33,1347.73,120.35,1227.38,2.63,RSI Target 60,bull,3,39.8,63.6,64.8,77.5,ICICI Bank
GFS Advanced,2019-01-30,2019-02-01,337.96,342.01,281,1138.05,227.54,910.5,0.96,Price < 50 EMA,bull,2,39.3,36.4,65.7,59.7,ICICI Bank
GFS Advanced,2020-01-08,2020-01-27,518.28,519.36,184,198.17,227.45,-29.28,-0.03,RSI Target 60,bull,19,37.6,60.3,81.3,84.7,ICICI Bank
GFS Advanced,2022-10-12,2022-10-13,862.34,832.56,111,-3305.71,224.61,-3530.32,-3.69,Price < 50 EMA,bull,1,35.1,34.5,81.1,64.1,ICICI Bank
GFS Advanced,2023-06-22,2023-06-23,906.42,900.74,102,-579.89,220.18,-800.07,-0.87,Price < 50 EMA,bull,1,40.8,30.9,74.2,68.4,ICICI Bank
GFS Advanced,2024-07-26,2024-08-05,1199.2,1153.11,76,-3502.84,214.23,-3717.07,-4.08,RSI Stop <30,bull,10,38.6,29.3,64.9,76.8,ICICI Bank
GFS Advanced,2025-06-20,2025-06-27,1404.57,1450.28,62,2833.95,211.78,2622.16,3.01,RSI Target 60,bull,7,42.2,60.9,65.6,79.6,ICICI Bank
GFS Basic,2006-05-12,2006-05-19,187.84,161.48,505,-13314.05,212.34,-13526.38,-14.26,RSI Stop <30,bull,7,41.3,20.9,62.2,84.9,HUL
GFS Basic,2008-05-16,2008-05-21,175.65,168.33,467,-3417.14,194.07,-3611.21,-4.4,RSI Stop <30,bull,5,41.7,29.3,73.5,77.3,HUL
GFS Basic,2008-06-03,2008-06-25,170.14,154.33,462,-7304.38,182.44,-7486.82,-9.52,RSI Stop <30,bull,22,36.4,28.8,51.6,65.6,HUL
GFS Basic,2008-10-13,2008-11-19,170.54,169.82,419,-299.24,173.81,-473.05,-0.66,RSI Target 60,bull,37,39.3,63.4,47.5,55.5,HUL
GFS Basic,2009-08-12,2009-09-04,196.79,201.05,361,1537.1,174.79,1362.31,1.92,RSI Target 60,bull,23,42.6,72.1,67.8,62.1,HUL
GFS Basic,2010-11-02,2010-11-08,228.04,233.64,317,1775.38,177.81,1597.57,2.21,RSI Target 60,bull,6,44.8,60.6,72.7,60.4,HUL
GFS Basic,2010-11-26,2010-11-30,230.32,227.24,321,-991.05,178.6,-1169.66,-1.58,RSI Stop <30,bull,4,44.4,23.8,62.8,61.2,HUL
GFS Basic,2010-12-06,2010-12-30,232.99,235.66,312,830.66,177.73,652.93,0.9,RSI Target 60,bull,24,43.3,71.5,58.5,61.2,HUL
GFS Basic,2011-06-22,2011-06-27,249.39,246.44,294,-868.48,177.37,-1045.84,-1.43,RSI Target 60,bull,5,38.0,66.7,71.4,66.3,HUL
GFS Basic,2011-07-20,2011-08-05,256.49,245.49,282,-3101.1,172.85,-3273.95,-4.53,RSI Stop <30,bull,16,38.3,20.3,64.9,67.8,HUL
GFS Basic,2011-08-18,2011-09-06,245.85,246.38,282,147.83,169.55,-21.72,-0.03,RSI Target 60,bull,19,37.6,60.4,63.3,62.9,HUL
GFS Basic,2011-12-12,2011-12-16,304.09,305.22,228,258.45,169.67,88.78,0.13,RSI Target 60,bull,4,44.7,63.1,68.4,69.5,HUL
GFS Basic,2012-01-11,2012-01-13,310.35,304.33,223,-1342.77,167.74,-1510.51,-2.18,RSI Stop <30,bull,2,37.7,26.2,68.8,74.7,HUL
GFS Basic,2012-01-17,2012-03-19,304.13,306.04,223,426.1,166.48,259.61,0.38,RSI Target 60,bull,62,39.5,72.5,52.6,64.4,HUL
GFS Basic,2012-05-23,2012-05-29,334.0,323.44,204,-2152.57,164.51,-2317.08,-3.4,RSI Stop <30,bull,6,38.3,27.5,65.9,79.3,HUL
GFS Basic,2012-05-30,2012-06-13,326.33,347.76,202,4329.03,166.3,4162.73,6.31,RSI Target 60,bull,14,37.1,62.9,69.4,79.8,HUL
GFS Basic,2012-07-03,2012-07-24,355.15,373.41,197,3597.09,174.54,3422.56,4.89,RSI Target 60,bull,21,44.9,80.1,61.8,82.3,HUL
GFS Basic,2012-10-29,2012-11-05,448.16,427.73,163,-3329.23,174.21,-3503.45,-4.8,RSI Stop <30,bull,7,37.7,27.3,72.2,90.2,HUL
GFS Basic,2012-11-20,2012-11-29,418.52,439.89,167,3568.7,174.35,3394.35,4.86,RSI Target 60,bull,9,36.3,62.6,61.9,90.2,HUL
GFS Basic,2013-06-25,2013-07-05,475.35,489.0,153,2088.28,179.11,1909.17,2.63,RSI Target 60,bull,10,44.6,65.0,85.9,73.4,HUL
GFS Basic,2014-04-23,2014-04-28,494.49,475.18,151,-2915.11,178.24,-3093.34,-4.14,RSI Stop <30,sideways,5,42.7,29.3,58.1,69.1,HUL
GFS Basic,2014-06-26,2014-07-11,519.32,531.17,138,1635.71,176.28,1459.43,2.04,RSI Target 60,bull,15,41.2,70.4,59.8,59.2,HUL
GFS Basic,2014-10-01,2014-10-17,622.78,601.06,117,-2541.86,174.62,-2716.48,-3.73,RSI Stop <30,bull,16,37.7,22.3,66.0,69.6,HUL
GFS Basic,2014-10-27,2014-11-03,629.58,617.34,112,-1371.1,170.61,-1541.71,-2.19,RSI Target 60,bull,7,39.2,61.0,66.3,67.7,HUL
GFS Basic,2014-12-17,2014-12-19,661.84,630.1,104,-3301.29,164.87,-3466.16,-5.04,RSI Stop <30,bull,2,39.2,21.7,50.7,72.3,HUL
GFS Basic,2015-02-04,2015-02-13,777.48,744.96,84,-2732.21,157.63,-2889.84,-4.42,RSI Stop <30,bull,9,44.7,25.4,65.1,80.7,HUL
GFS Basic,2015-02-16,2015-03-03,750.71,775.75,84,2102.76,157.64,1945.11,3.08,RSI Target 60,bull,15,37.3,61.2,65.0,77.8,HUL
GFS Basic,2015-03-23,2015-03-26,770.09,722.51,84,-3996.71,154.94,-4151.65,-6.42,RSI Stop <30,bull,3,41.3,30.0,60.7,77.8,HUL
GFS Basic,2015-04-06,2015-04-13,739.86,791.98,82,4273.86,154.58,4119.28,6.79,RSI Target 60,bull,7,39.6,67.0,66.8,76.1,HUL
GFS Basic,2016-01-05,2016-01-07,739.35,697.41,88,-3690.13,156.09,-3846.22,-5.91,RSI Stop <30,bear,2,42.7,25.1,73.6,62.0,HUL
GFS Basic,2017-04-21,2017-05-04,796.25,829.35,77,2548.64,154.22,2394.42,3.91,RSI Target 60,bull,13,41.7,63.3,73.3,66.4,HUL
GFS Basic,2017-10-06,2017-10-17,1054.59,1121.46,60,4011.81,160.1,3851.71,6.09,RSI Target 60,bull,11,40.8,66.7,66.9,73.7,HUL
GFS Basic,2017-11-06,2017-11-10,1097.14,1136.24,61,2384.58,166.53,2218.06,3.31,RSI Target 60,bull,4,39.0,63.8,62.8,77.1,HUL
GFS Basic,2017-11-30,2017-12-08,1128.96,1167.93,61,2377.29,170.83,2206.46,3.2,RSI Target 60,bull,8,40.0,67.1,65.4,84.7,HUL
GFS Basic,2018-02-08,2018-02-20,1172.05,1172.46,61,25.19,174.23,-149.04,-0.21,RSI Stop <30,bull,12,42.1,29.3,61.3,90.5,HUL
GFS Basic,2018-02-21,2018-03-07,1183.81,1139.05,60,-2685.65,170.39,-2856.04,-4.02,RSI Stop <30,bull,14,35.7,29.2,60.5,86.1,HUL
GFS Basic,2018-07-25,2018-08-07,1518.02,1534.56,45,744.01,167.9,576.1,0.84,RSI Target 60,bull,13,43.8,67.4,77.0,89.1,HUL
GFS Basic,2018-09-03,2018-09-07,1589.28,1453.57,43,-5835.23,161.15,-5996.38,-8.77,RSI Stop <30,bull,4,41.3,28.2,55.6,89.4,HUL
GFS Basic,2018-12-26,2019-01-03,1619.82,1595.37,39,-953.78,154.73,-1108.51,-1.75,RSI Stop <30,bull,8,38.9,30.0,71.0,78.9,HUL
GFS Basic,2019-01-10,2019-01-17,1604.64,1562.45,38,-1603.32,149.17,-1752.5,-2.87,RSI Stop <30,bull,7,35.7,28.9,72.4,78.9,HUL
GFS Basic,2019-01-22,2019-02-05,1569.82,1624.85,38,2091.23,150.06,1941.17,3.25,RSI Target 60,bull,14,38.0,62.2,72.4,73.9,HUL
GFS Basic,2019-06-25,2019-06-26,1598.79,1582.28,39,-644.03,153.23,-797.26,-1.28,RSI Stop <30,bull,1,36.0,28.4,60.3,71.8,HUL
GFS Basic,2019-06-27,2019-07-10,1587.46,1544.18,39,-1687.82,151.16,-1838.99,-2.97,RSI Stop <30,bull,13,35.9,26.6,65.3,66.8,HUL
GFS Basic,2019-07-11,2019-07-22,1578.38,1510.13,38,-2593.4,145.93,-2739.33,-4.57,RSI Stop <30,bull,11,38.7,27.9,51.4,66.8,HUL
GFS Basic,2019-11-11,2019-11-19,1939.4,1840.46,29,-2869.25,137.34,-3006.6,-5.35,RSI Stop <30,bull,8,41.8,22.5,64.5,68.5,HUL
GFS Basic,2019-11-27,2019-12-17,1881.18,1771.46,29,-3181.88,133.27,-3315.15,-6.08,RSI Stop <30,bull,20,35.0,20.2,63.7,70.2,HUL
GFS Basic,2020-03-04,2020-03-12,1979.59,1856.9,26,-3189.91,126.4,-3316.32,-6.44,RSI Stop <30,bull,8,38.2,26.4,62.3,64.8,HUL
GFS Basic,2020-04-29,2020-05-06,2114.34,1815.58,22,-6572.79,111.89,-6684.68,-14.37,RSI Stop <30,bull,7,35.6,15.4,55.8,67.1,HUL
GFS Basic,2020-08-26,2020-08-31,2009.2,1933.64,20,-1511.38,103.07,-1614.44,-4.02,RSI Stop <30,bull,5,39.2,28.9,65.3,60.9,HUL
GFS Basic,2020-09-01,2020-09-21,1981.41,1860.99,20,-2408.54,100.9,-2509.44,-6.33,RSI Stop <30,bull,20,43.3,28.9,51.2,60.9,HUL
GFS Basic,2021-07-08,2021-07-19,2308.28,2229.92,16,-1253.79,96.11,-1349.9,-3.66,RSI Stop <30,bull,11,43.7,26.1,47.0,60.4,HUL
GFS Basic,2021-09-27,2021-10-08,2576.29,2444.15,14,-1849.96,93.57,-1943.53,-5.39,RSI Stop <30,bull,11,39.6,22.9,59.0,64.3,HUL
GFS Basic,2021-10-18,2021-10-19,2480.6,2357.82,14,-1719.01,90.73,-1809.74,-5.21,RSI Stop <30,bull,1,39.0,24.4,62.0,64.3,HUL
GFS Basic,2023-06-22,2023-06-30,2584.22,2554.26,12,-359.47,83.88,-443.34,-1.43,RSI Target 60,bull,8,42.4,66.8,65.6,64.9,HUL
GFS Basic,2023-07-10,2023-07-25,2644.17,2449.35,12,-2337.86,83.42,-2421.28,-7.63,RSI Stop <30,bull,15,44.9,24.3,56.3,64.9,HUL
GFS Basic,2024-10-03,2024-10-11,2876.98,2699.97,10,-1770.08,77.44,-1847.52,-6.42,RSI Stop <30,bull,8,43.2,27.3,65.4,64.8,HUL
GFS Advanced,2012-01-17,2012-01-30,304.13,297.1,312,-2191.92,223.92,-2415.84,-2.55,Price < 50 EMA,bull,13,39.5,39.0,69.8,74.7,HUL
GFS Advanced,2012-06-06,2012-06-13,323.53,347.76,286,6930.06,228.13,6701.93,7.24,RSI Target 60,bull,7,42.9,62.9,69.4,79.8,HUL
GFS Advanced,2013-06-25,2013-07-05,475.35,489.0,208,2838.97,237.99,2600.99,2.63,RSI Target 60,bull,10,44.6,65.0,85.9,73.4,HUL
GFS Advanced,2014-10-16,2014-10-17,605.76,601.06,167,-785.23,239.32,-1024.55,-1.01,RSI Stop <30,bull,1,43.3,22.3,66.0,69.6,HUL
GFS Advanced,2014-12-17,2014-12-19,661.84,630.1,151,-4793.21,232.45,-5025.66,-5.03,RSI Stop <30,bull,2,39.2,21.7,50.7,72.3,HUL
GFS Advanced,2019-01-23,2019-01-25,1567.14,1567.18,61,2.39,227.76,-225.37,-0.24,Price < 50 EMA,bull,2,43.2,41.0,68.5,78.9,HUL
GFS Advanced,2019-06-27,2019-07-08,1587.46,1575.58,60,-712.46,226.25,-938.71,-0.99,Price < 50 EMA,bull,11,35.9,36.4,65.3,66.8,HUL
GFS Advanced,2020-03-06,2020-03-09,2042.01,1916.1,46,-5791.97,218.07,-6010.03,-6.4,Price < 50 EMA,bull,3,41.3,35.2,62.3,64.8,HUL
GFS Advanced,2020-03-11,2020-03-12,1961.5,1856.9,45,-4707.32,206.6,-4913.92,-5.57,RSI Stop <30,bull,1,41.3,26.4,62.3,64.8,HUL
GFS Basic,2006-04-28,2006-05-03,37.51,37.82,2532,775.92,227.18,548.74,0.58,RSI Target 60,bull,5,44.4,60.4,80.3,88.9,ITC
GFS Basic,2006-05-18,2006-05-22,37.15,31.05,2571,-15663.15,211.33,-15874.48,-16.62,RSI Stop <30,bull,4,39.5,22.9,58.2,88.9,ITC
GFS Basic,2006-05-26,2006-06-01,33.51,28.99,2400,-10854.69,182.82,-11037.51,-13.72,RSI Stop <30,bull,6,35.1,29.1,60.2,71.3,ITC
GFS Basic,2006-09-19,2006-10-03,34.61,34.55,2021,-125.65,170.64,-296.29,-0.42,RSI Target 60,bull,14,44.9,60.2,63.5,68.3,ITC
GFS Basic,2006-11-07,2006-11-20,35.3,32.78,1973,-4968.15,164.96,-5133.1,-7.37,RSI Stop <30,bull,13,40.1,28.8,57.3,68.1,ITC
GFS Basic,2007-10-11,2007-11-16,35.14,38.52,1844,6238.06,165.77,6072.29,9.37,RSI Target 60,bull,36,44.6,69.6,66.8,46.2,ITC
GFS Basic,2009-08-17,2009-08-28,47.22,46.31,1494,-1357.14,170.69,-1527.83,-2.17,RSI Target 60,bull,11,37.1,60.4,72.5,61.4,ITC
GFS Basic,2009-09-02,2009-09-04,45.99,45.65,1502,-510.01,168.32,-678.32,-0.98,RSI Target 60,bull,2,39.3,62.3,70.6,65.2,ITC
GFS Basic,2009-09-15,2009-10-05,44.84,46.69,1527,2830.66,170.41,2660.25,3.89,RSI Target 60,bull,20,37.3,62.3,65.8,65.0,ITC
GFS Basic,2009-11-03,2009-11-11,51.58,50.27,1376,-1794.6,171.18,-1965.78,-2.77,RSI Target 60,bull,8,41.1,60.6,49.8,68.7,ITC
GFS Basic,2009-11-13,2009-11-23,50.87,52.61,1358,2362.98,171.3,2191.68,3.17,RSI Target 60,bull,10,44.4,70.2,64.9,68.7,ITC
GFS Basic,2009-12-10,2009-12-11,50.71,49.47,1404,-1747.45,171.75,-1919.2,-2.7,RSI Stop <30,bull,1,44.0,29.9,63.0,69.4,ITC
GFS Basic,2009-12-30,2010-01-08,50.44,50.2,1375,-324.99,169.12,-494.11,-0.71,RSI Target 60,bull,9,37.7,62.3,64.4,80.5,ITC
GFS Basic,2010-05-03,2010-05-06,52.64,50.7,1309,-2541.26,165.83,-2707.1,-3.93,RSI Stop <30,bull,3,40.6,29.9,63.3,73.6,ITC
GFS Basic,2010-05-17,2010-05-27,53.49,54.0,1240,637.53,163.38,474.15,0.71,RSI Target 60,bull,10,43.7,62.7,65.6,73.6,ITC
GFS Basic,2010-07-13,2010-07-20,61.37,59.17,1088,-2396.89,161.22,-2558.12,-3.83,RSI Stop <30,bull,7,44.1,17.0,79.1,78.9,ITC
GFS Basic,2010-07-22,2010-07-29,60.15,62.95,1070,2998.4,161.46,2836.94,4.41,RSI Target 60,bull,7,40.1,65.8,80.2,78.9,ITC
GFS Basic,2010-10-08,2010-10-20,70.88,68.21,946,-2525.14,161.72,-2686.86,-4.01,RSI Stop <30,bull,12,42.7,25.9,71.9,79.2,ITC
GFS Basic,2010-10-21,2010-11-09,69.62,72.19,926,2379.33,161.06,2218.27,3.44,RSI Target 60,bull,19,42.2,60.5,72.6,80.5,ITC
GFS Basic,2010-11-25,2010-12-29,70.82,70.73,940,-85.6,163.17,-248.77,-0.37,RSI Target 60,bull,34,40.8,68.6,51.8,80.5,ITC
GFS Basic,2011-05-09,2011-05-25,74.78,76.78,887,1770.36,164.57,1605.8,2.42,RSI Target 60,bull,16,37.9,61.4,74.0,83.9,ITC
GFS Basic,2011-06-20,2011-06-24,81.51,81.13,833,-310.35,165.89,-476.24,-0.7,RSI Target 60,bull,4,44.0,62.7,78.0,81.7,ITC
GFS Basic,2011-07-27,2011-07-28,86.02,85.77,784,-197.81,165.0,-362.81,-0.54,RSI Target 60,bull,1,44.5,61.3,71.8,83.8,ITC
GFS Basic,2011-08-12,2011-09-22,83.26,79.41,806,-3100.5,161.24,-3261.74,-4.86,RSI Stop <30,bull,41,40.8,25.6,56.5,74.2,ITC
GFS Basic,2012-05-07,2012-05-08,101.97,94.36,627,-4770.37,152.46,-4922.84,-7.7,RSI Stop <30,bull,1,42.3,22.3,79.2,81.9,ITC
GFS Basic,2012-05-10,2012-06-11,100.32,101.69,591,807.69,147.93,659.77,1.11,RSI Target 60,bull,32,44.2,62.8,73.4,69.9,ITC
GFS Basic,2012-07-19,2012-08-01,108.99,109.88,550,488.3,149.05,339.26,0.57,RSI Target 60,bull,13,44.3,61.2,61.0,74.2,ITC
GFS Basic,2012-09-21,2012-10-09,109.24,118.78,551,5256.65,154.54,5102.11,8.48,RSI Target 60,bull,18,43.0,80.1,62.9,73.3,ITC
GFS Basic,2012-12-19,2012-12-27,125.67,122.32,518,-1734.84,158.2,-1893.04,-2.91,RSI Stop <30,bull,8,37.7,28.8,58.1,82.2,ITC
GFS Basic,2013-06-18,2013-06-19,143.51,142.11,441,-614.2,155.33,-769.53,-1.22,RSI Stop <30,bull,1,42.8,25.9,64.2,79.9,ITC
GFS Basic,2013-07-31,2013-08-06,154.63,142.26,404,-4996.33,148.98,-5145.31,-8.24,RSI Stop <30,bull,6,42.8,25.2,55.5,79.9,ITC
GFS Basic,2014-04-07,2014-04-15,150.41,146.87,383,-1352.76,141.94,-1494.7,-2.59,RSI Stop <30,bull,8,36.3,22.0,69.2,61.8,ITC
GFS Basic,2014-04-17,2014-05-13,149.91,155.45,375,2076.17,142.41,1933.76,3.44,RSI Target 60,bull,26,43.0,60.4,61.2,61.9,ITC
GFS Basic,2016-07-22,2016-07-25,174.83,173.45,332,-458.32,143.84,-602.16,-1.04,RSI Target 60,bull,3,44.6,69.6,72.4,67.0,ITC
GFS Basic,2016-08-23,2016-08-30,175.69,177.27,327,517.08,143.54,373.54,0.65,RSI Target 60,bull,7,36.1,66.1,77.8,68.1,ITC
GFS Basic,2016-09-21,2016-09-27,178.79,169.38,323,-3039.72,140.52,-3180.24,-5.51,RSI Stop <30,bull,6,45.0,29.8,60.7,71.8,ITC
GFS Basic,2017-02-21,2017-02-28,184.45,180.65,297,-1129.02,135.9,-1264.92,-2.31,RSI Stop <30,bull,7,41.4,28.2,74.6,65.9,ITC
GFS Basic,2017-03-01,2017-03-17,182.48,193.77,294,3318.97,137.99,3180.97,5.93,RSI Target 60,bull,16,41.8,69.7,74.6,65.9,ITC
GFS Basic,2017-04-07,2017-04-26,192.52,200.42,294,2323.47,143.52,2179.95,3.85,RSI Target 60,bull,19,38.6,64.4,66.4,71.6,ITC
GFS Basic,2017-05-03,2017-05-22,194.0,209.17,303,4596.54,150.72,4445.82,7.56,RSI Target 60,bull,19,44.3,69.6,59.3,78.0,ITC
GFS Basic,2017-06-23,2017-06-30,220.09,226.49,286,1828.39,157.11,1671.29,2.66,RSI Target 60,bull,7,41.5,69.8,74.6,82.5,ITC
GFS Basic,2017-07-18,2017-07-21,234.66,202.17,275,-8936.01,149.48,-9085.49,-14.08,RSI Stop <30,bull,3,40.4,23.0,54.9,82.5,ITC
GFS Basic,2019-05-08,2019-06-07,221.1,200.35,253,-5250.58,134.2,-5384.78,-9.63,RSI Stop <30,bull,30,41.9,24.0,51.7,59.0,ITC
GFS Basic,2021-10-11,2021-10-14,190.01,207.4,267,4644.09,132.88,4511.21,8.89,RSI Target 60,bull,3,43.7,73.4,69.2,65.8,ITC
GFS Basic,2022-05-02,2022-05-19,217.94,228.2,252,2584.14,140.06,2444.08,4.45,RSI Target 60,bull,17,44.2,61.9,65.6,72.5,ITC
GFS Basic,2022-06-15,2022-07-01,227.04,241.14,253,3568.56,146.67,3421.88,5.96,RSI Target 60,bull,16,44.3,74.9,68.6,81.7,ITC
GFS Basic,2022-10-03,2022-10-19,285.01,293.72,212,1845.32,151.52,1693.8,2.8,RSI Target 60,bull,16,42.0,67.2,75.7,89.9,ITC
GFS Basic,2022-11-18,2022-11-23,294.95,288.16,211,-1431.07,152.15,-1583.21,-2.54,RSI Stop <30,bull,5,43.7,29.4,67.0,90.5,ITC
GFS Basic,2022-12-07,2022-12-09,287.09,289.52,211,512.05,150.48,361.57,0.6,RSI Target 60,bull,2,42.1,60.0,60.2,84.4,ITC
GFS Basic,2023-03-16,2023-04-06,331.57,333.87,184,422.74,151.35,271.39,0.44,RSI Target 60,bull,21,43.7,60.6,76.3,92.0,ITC
GFS Basic,2023-05-19,2023-05-25,373.12,380.24,164,1168.65,152.52,1016.13,1.66,RSI Target 60,bull,6,44.3,60.1,77.9,93.3,ITC
GFS Basic,2023-07-25,2023-08-09,440.82,404.21,141,-5163.12,148.11,-5311.23,-8.54,RSI Stop <30,bull,15,40.7,27.0,62.6,93.1,ITC
GFS Basic,2023-08-25,2023-09-18,400.07,398.39,143,-239.92,142.22,-382.13,-0.67,RSI Target 60,bull,24,39.4,63.2,53.8,83.7,ITC
GFS Basic,2024-01-23,2024-01-30,417.27,386.05,136,-4245.7,137.04,-4382.74,-7.72,RSI Stop <30,bull,7,40.2,29.6,60.3,76.0,ITC
GFS Basic,2024-02-01,2024-02-05,390.36,386.05,135,-582.12,131.84,-713.96,-1.35,RSI Stop <30,sideways,4,35.4,29.6,53.3,72.4,ITC
GFS Basic,2024-05-28,2024-06-28,393.1,387.19,132,-780.34,129.83,-910.18,-1.75,RSI Stop <30,bear,31,40.4,24.5,52.3,61.1,ITC
GFS Basic,2024-10-03,2024-10-11,474.09,444.87,108,-3156.13,125.85,-3281.97,-6.41,RSI Stop <30,bull,8,41.8,28.3,67.3,62.9,ITC
GFS Basic,2024-10-15,2024-10-17,455.16,445.5,105,-1014.14,120.49,-1134.63,-2.37,RSI Stop <30,bull,2,37.4,25.3,67.3,62.9,ITC
GFS Advanced,2010-07-22,2010-07-29,60.15,62.95,1579,4424.74,230.97,4193.77,4.42,RSI Target 60,bull,7,40.1,65.8,80.2,78.9,ITC
GFS Advanced,2012-05-17,2012-05-29,96.16,96.02,1029,-141.71,235.07,-376.78,-0.38,Price < 50 EMA,bull,12,37.2,39.7,68.0,81.9,ITC
GFS Advanced,2012-09-21,2012-09-24,109.24,108.52,902,-653.24,233.62,-886.86,-0.9,Price < 50 EMA,bull,3,43.0,38.0,61.0,73.4,ITC
GFS Advanced,2017-03-01,2017-03-17,182.48,193.77,535,6039.62,238.54,5801.08,5.94,RSI Target 60,bull,16,41.8,69.7,74.6,65.9,ITC
GFS Advanced,2022-06-17,2022-07-01,227.42,241.14,454,6230.23,251.22,5979.01,5.79,RSI Target 60,bull,14,40.9,74.9,68.6,81.7,ITC
GFS Advanced,2023-03-16,2023-04-06,331.57,333.87,328,753.58,257.79,495.79,0.46,RSI Target 60,bull,21,43.7,60.6,76.3,92.0,ITC
GFS Advanced,2024-01-24,2024-01-25,417.93,401.56,261,-4272.36,253.3,-4525.66,-4.15,Price < 50 EMA,bull,1,37.3,32.9,64.8,76.0,ITC
GFS Basic,2006-04-12,2006-04-27,72.49,65.21,1310,-9539.47,216.47,-9755.94,-10.27,RSI Stop <30,bull,15,42.2,22.7,49.7,69.6,SBI
GFS Basic,2006-12-12,2006-12-21,98.83,90.29,867,-7408.76,198.07,-7606.83,-8.88,RSI Stop <30,bull,9,39.9,29.2,79.3,68.1,SBI
GFS Basic,2006-12-26,2007-01-03,91.37,94.25,859,2472.36,192.32,2280.04,2.9,RSI Target 60,bull,8,37.8,67.8,72.9,69.7,SBI
GFS Basic,2007-01-08,2007-01-09,93.83,87.55,859,-5390.2,188.85,-5579.05,-6.92,RSI Stop <30,bull,1,37.3,29.8,70.1,69.7,SBI
GFS Basic,2007-01-11,2007-02-01,87.72,89.64,859,1652.97,184.49,1468.48,1.95,RSI Target 60,bull,21,35.0,61.4,61.9,61.6,SBI
GFS Basic,2007-07-27,2007-07-31,118.73,122.29,646,2299.85,188.16,2111.69,2.75,RSI Target 60,bull,4,35.9,61.8,79.3,75.0,SBI
GFS Basic,2007-08-21,2007-09-06,119.86,123.05,657,2093.38,192.49,1900.88,2.41,RSI Target 60,bull,16,35.6,63.2,67.4,78.1,SBI
GFS Basic,2007-10-18,2007-10-26,141.22,156.63,570,8783.73,203.31,8580.42,10.66,RSI Target 60,bull,8,38.2,64.4,65.7,81.3,SBI
GFS Basic,2007-12-20,2008-01-08,175.92,185.6,504,4877.86,217.42,4660.44,5.26,RSI Target 60,bull,19,44.3,69.3,63.4,82.6,SBI
GFS Basic,2008-01-23,2008-03-05,171.87,147.57,542,-13174.1,208.69,-13382.8,-14.37,RSI Stop <30,bull,42,44.9,25.4,49.5,77.7,SBI
GFS Basic,2009-11-05,2009-11-17,180.04,193.51,446,6005.01,199.99,5805.02,7.23,RSI Target 60,bull,12,41.1,62.3,69.1,66.9,SBI
GFS Basic,2009-11-27,2009-12-21,191.94,176.63,447,-6843.31,198.9,-7042.22,-8.21,RSI Stop <30,bull,24,41.6,26.2,57.1,66.8,SBI
GFS Basic,2010-05-19,2010-06-11,190.33,195.32,416,2074.64,193.43,1881.21,2.38,RSI Target 60,bull,23,44.4,62.6,74.2,78.0,SBI
GFS Basic,2010-06-30,2010-07-13,194.59,202.76,416,3398.52,198.74,3199.78,3.95,RSI Target 60,bull,13,44.3,62.6,67.1,76.4,SBI
GFS Basic,2010-09-02,2010-09-09,232.81,249.09,361,5874.95,208.18,5666.76,6.74,RSI Target 60,bull,7,36.0,68.6,79.5,78.8,SBI
GFS Basic,2010-10-19,2010-11-04,268.17,286.6,333,6138.57,220.13,5918.44,6.63,RSI Target 60,bull,16,41.6,72.1,78.5,81.9,SBI
GFS Basic,2010-11-12,2010-11-26,271.89,238.96,349,-11492.76,214.29,-11707.05,-12.34,RSI Stop <30,bull,14,39.1,22.1,52.4,81.9,SBI
GFS Basic,2013-01-29,2013-02-07,218.4,200.34,384,-6934.92,194.51,-7129.43,-8.5,RSI Stop <30,bull,9,42.2,27.2,66.6,65.5,SBI
GFS Basic,2014-06-13,2014-07-03,241.67,240.2,319,-469.24,186.16,-655.4,-0.85,RSI Target 60,bull,20,43.0,60.7,77.4,60.1,SBI
GFS Basic,2014-07-08,2014-07-14,242.01,214.8,316,-8598.12,176.37,-8774.49,-11.47,RSI Stop <30,bull,6,42.2,23.0,64.4,60.1,SBI
GFS Basic,2014-07-16,2014-08-06,225.16,216.15,303,-2729.8,164.11,-2893.91,-4.24,RSI Stop <30,bull,21,43.0,28.7,59.4,58.3,SBI
GFS Basic,2014-12-16,2015-01-15,281.8,285.35,232,823.41,161.47,661.94,1.01,RSI Target 60,bull,30,41.8,62.2,75.5,75.5,SBI
GFS Basic,2015-02-04,2015-02-09,278.24,249.0,237,-6928.01,154.69,-7082.7,-10.74,RSI Stop <30,bull,5,43.4,28.9,56.5,74.4,SBI
GFS Basic,2017-04-21,2017-05-04,262.49,273.33,226,2450.44,149.7,2300.74,3.88,RSI Target 60,bull,13,38.2,60.7,70.9,89.2,SBI
GFS Basic,2017-05-24,2017-06-22,270.72,271.6,227,200.69,152.1,48.58,0.08,RSI Target 60,bull,29,36.7,67.5,59.7,86.6,SBI
GFS Basic,2017-06-27,2017-06-29,272.85,251.27,225,-4854.77,146.72,-5001.5,-8.15,RSI Stop <30,bull,2,39.3,28.7,60.1,86.6,SBI
GFS Basic,2017-11-30,2017-12-15,309.13,287.97,184,-3891.95,137.7,-4029.65,-7.08,RSI Stop <30,bull,15,37.8,29.2,63.0,64.8,SBI
GFS Basic,2017-12-18,2018-01-09,294.82,280.64,179,-2537.26,129.98,-2667.23,-5.05,RSI Stop <30,bull,22,38.9,28.5,66.5,61.1,SBI
GFS Basic,2018-01-18,2018-01-23,284.71,293.37,177,1533.05,128.91,1404.15,2.79,RSI Target 60,bull,5,42.2,63.6,67.6,61.1,SBI
GFS Basic,2019-06-14,2019-06-26,320.76,330.31,161,1537.14,131.69,1405.46,2.72,RSI Target 60,bull,12,41.2,72.5,74.6,67.7,SBI
GFS Basic,2019-07-22,2019-07-31,337.93,306.37,157,-4954.31,128.1,-5082.41,-9.58,RSI Stop <30,bull,9,41.2,29.1,62.9,60.4,SBI
GFS Basic,2019-12-09,2019-12-27,311.71,311.03,155,-105.46,122.59,-228.06,-0.47,RSI Target 60,sideways,18,40.4,64.2,59.7,61.6,SBI
GFS Basic,2021-06-30,2021-07-07,399.65,402.88,120,387.66,122.31,265.35,0.55,RSI Target 60,bull,7,37.4,60.9,68.7,77.7,SBI
GFS Basic,2021-07-26,2021-07-29,400.58,410.98,120,1247.58,123.45,1124.13,2.34,RSI Target 60,bull,3,40.1,64.2,80.2,77.7,SBI
GFS Basic,2021-08-18,2021-08-25,396.76,387.43,124,-1157.16,123.47,-1280.63,-2.6,RSI Stop <30,bull,7,36.9,22.4,65.4,84.0,SBI
GFS Basic,2021-11-16,2021-11-25,480.66,456.59,100,-2407.55,119.65,-2527.2,-5.26,RSI Stop <30,bull,9,41.6,29.1,67.9,83.8,SBI
GFS Basic,2021-12-07,2021-12-30,444.42,420.43,103,-2471.25,114.5,-2585.75,-5.65,RSI Stop <30,bull,23,41.2,24.6,50.6,81.0,SBI
GFS Basic,2022-08-19,2022-09-09,506.05,523.08,85,1447.5,112.42,1335.08,3.1,RSI Target 60,bull,21,42.8,69.1,75.2,66.2,SBI
GFS Basic,2022-09-28,2022-10-10,521.28,501.72,85,-1663.35,112.08,-1775.42,-4.01,RSI Stop <30,bull,12,40.0,29.0,69.0,64.9,SBI
GFS Basic,2022-10-14,2022-10-18,505.1,531.68,85,2259.12,113.08,2146.03,5.0,RSI Target 60,bull,4,38.5,60.6,63.0,64.9,SBI
GFS Basic,2022-11-29,2022-12-02,578.06,574.31,77,-288.33,113.95,-402.28,-0.9,RSI Target 60,bull,3,43.7,66.6,77.4,69.9,SBI
GFS Basic,2022-12-21,2022-12-23,573.9,542.6,77,-2409.76,111.04,-2520.8,-5.7,RSI Stop <30,bull,2,40.8,25.8,53.7,69.9,SBI
GFS Basic,2023-01-03,2023-01-12,585.91,562.36,72,-1696.05,107.32,-1803.37,-4.27,RSI Target 60,bull,9,43.2,63.4,68.6,66.7,SBI
GFS Basic,2023-01-17,2023-01-19,573.52,557.58,70,-1115.4,103.39,-1218.79,-3.04,RSI Stop <30,bull,2,44.0,29.3,68.6,66.7,SBI
GFS Basic,2023-01-23,2023-01-27,564.53,510.41,69,-3733.95,98.03,-3831.98,-9.84,RSI Stop <30,bull,4,41.0,23.7,45.1,66.7,SBI
GFS Basic,2023-06-16,2023-06-22,556.3,542.5,64,-883.61,93.54,-977.15,-2.74,RSI Stop <30,bull,6,36.1,21.0,60.9,65.8,SBI
GFS Basic,2023-06-30,2023-07-05,553.7,569.14,62,957.49,92.61,864.88,2.52,RSI Target 60,bull,5,44.4,60.4,75.4,64.1,SBI
GFS Basic,2024-03-13,2024-03-27,750.24,706.66,47,-2048.49,91.57,-2140.06,-6.07,RSI Stop <30,bull,14,39.5,25.8,66.8,63.9,SBI
GFS Basic,2024-03-28,2024-04-05,719.47,736.96,46,804.73,89.72,715.02,2.16,RSI Target 60,bull,8,37.3,60.9,70.9,72.2,SBI
GFS Basic,2024-06-04,2024-06-25,894.49,825.26,38,-2631.0,88.14,-2719.15,-8.0,RSI Target 60,bull,21,44.7,78.8,82.0,81.0,SBI
GFS Basic,2024-07-02,2024-07-12,834.18,842.36,37,302.68,84.24,218.45,0.71,RSI Target 60,bull,10,44.7,62.5,81.1,79.7,SBI
GFS Basic,2025-12-04,2025-12-23,973.04,971.41,32,-51.91,84.48,-136.39,-0.44,RSI Target 60,bull,19,39.1,62.1,89.3,68.8,SBI
GFS Basic,2026-03-05,2026-03-09,1183.29,1097.95,26,-2218.85,81.41,-2300.26,-7.48,RSI Stop <30,bull,4,41.8,21.8,69.7,81.1,SBI
GFS Advanced,2009-11-10,2009-11-17,191.58,193.51,495,954.45,227.05,727.4,0.77,RSI Target 60,bull,7,43.4,62.3,69.1,66.9,SBI
GFS Advanced,2013-01-31,2013-02-04,214.36,202.58,446,-5257.02,222.34,-5479.36,-5.73,Price < 50 EMA,bull,4,42.4,33.5,66.6,65.5,SBI
GFS Advanced,2017-12-18,2017-12-28,294.82,284.42,306,-3180.38,212.51,-3392.89,-3.76,Price < 50 EMA,bull,10,38.9,40.3,64.8,64.8,SBI
GFS Advanced,2019-12-11,2019-12-27,297.86,311.03,292,3844.84,212.59,3632.25,4.18,RSI Target 60,sideways,16,36.9,64.2,59.7,61.6,SBI
GFS Basic,2006-04-25,2006-05-03,171.58,175.83,553,2354.94,228.61,2126.33,2.24,RSI Target 60,bull,8,40.8,61.4,68.1,79.4,Bharti Airtel
GFS Basic,2006-05-15,2006-05-22,172.78,149.46,561,-13080.44,217.17,-13297.61,-13.72,RSI Stop <30,bull,7,45.0,28.9,57.0,79.4,Bharti Airtel
GFS Basic,2006-12-11,2006-12-12,266.85,238.45,316,-8974.18,193.42,-9167.6,-10.87,RSI Stop <30,bull,1,43.4,28.7,95.0,81.4,Bharti Airtel
GFS Basic,2006-12-13,2007-01-02,254.05,262.63,297,2549.86,185.64,2364.22,3.13,RSI Target 60,bull,20,42.1,61.4,85.8,86.2,Bharti Airtel
GFS Basic,2007-02-26,2007-03-22,334.86,323.1,232,-2728.69,185.14,-2913.84,-3.75,RSI Target 60,bull,24,39.5,65.8,60.4,90.0,Bharti Airtel
GFS Basic,2007-04-02,2007-04-09,318.7,315.09,235,-848.35,180.88,-1029.23,-1.37,RSI Target 60,bull,7,39.2,62.9,62.4,90.6,Bharti Airtel
GFS Basic,2007-06-05,2007-06-11,350.2,335.89,211,-3017.83,176.41,-3194.24,-4.32,RSI Stop <30,bull,6,44.8,29.8,63.5,91.2,Bharti Airtel
GFS Basic,2007-06-14,2007-06-26,335.28,353.07,212,3773.37,177.19,3596.18,5.06,RSI Target 60,bull,12,43.5,62.3,65.9,91.2,Bharti Airtel
GFS Basic,2011-05-05,2011-05-25,313.75,307.81,237,-1406.45,179.11,-1585.57,-2.13,RSI Target 60,bull,20,43.5,61.2,69.8,63.9,Bharti Airtel
GFS Basic,2011-07-18,2011-07-21,332.17,329.0,219,-692.76,176.27,-869.02,-1.19,RSI Target 60,bull,3,44.2,61.2,62.2,64.1,Bharti Airtel
GFS Basic,2011-08-11,2011-08-12,344.63,324.01,209,-4309.78,170.93,-4480.71,-6.22,RSI Stop <30,bull,1,42.2,21.7,61.0,75.0,Bharti Airtel
GFS Basic,2015-04-27,2015-05-05,342.46,328.41,198,-2781.01,163.13,-2944.15,-4.34,RSI Stop <30,bull,8,44.7,28.7,49.2,67.4,Bharti Airtel
GFS Basic,2017-03-31,2017-04-12,302.17,300.5,215,-359.61,159.33,-518.94,-0.8,RSI Target 60,bull,12,36.4,65.6,65.6,62.0,Bharti Airtel
GFS Basic,2017-08-11,2017-08-23,361.48,370.9,178,1678.31,160.05,1518.26,2.36,RSI Target 60,bull,12,44.5,64.9,82.7,64.5,Bharti Airtel
GFS Basic,2017-09-08,2017-09-13,350.26,344.93,188,-1002.22,160.62,-1162.84,-1.77,RSI Stop <30,bull,5,35.9,22.0,63.0,63.5,Bharti Airtel
GFS Basic,2017-09-27,2017-09-28,337.32,328.09,192,-1771.29,157.42,-1928.71,-2.98,RSI Stop <30,bull,1,35.9,21.7,63.2,63.5,Bharti Airtel
GFS Basic,2017-11-14,2017-11-22,435.62,428.61,145,-1015.72,154.65,-1170.37,-1.85,RSI Stop <30,bull,8,44.2,27.3,64.3,74.0,Bharti Airtel
GFS Basic,2017-11-27,2017-12-07,430.89,442.01,144,1601.25,154.88,1446.38,2.33,RSI Target 60,bull,10,38.7,62.1,59.4,77.8,Bharti Airtel
GFS Basic,2018-01-09,2018-01-24,459.17,394.61,138,-8910.16,146.91,-9057.07,-14.29,RSI Stop <30,bull,15,38.0,25.2,61.7,79.6,Bharti Airtel
GFS Basic,2019-12-13,2020-01-03,424.5,434.82,129,1331.85,138.4,1193.44,2.18,RSI Target 60,bull,21,36.3,67.9,78.2,92.1,Bharti Airtel
GFS Basic,2020-02-27,2020-03-06,515.88,496.02,108,-2145.23,136.92,-2282.15,-4.1,RSI Stop <30,bull,8,41.9,23.8,64.9,93.8,Bharti Airtel
GFS Basic,2020-06-24,2020-07-03,559.11,555.54,96,-342.58,134.25,-476.83,-0.89,RSI Target 60,bull,9,44.4,63.6,68.8,78.0,Bharti Airtel
GFS Basic,2020-07-23,2020-08-03,550.4,522.96,96,-2634.8,130.02,-2764.82,-5.23,RSI Stop <30,bull,11,42.8,26.3,61.3,75.5,Bharti Airtel
GFS Basic,2020-08-04,2020-08-17,532.23,499.95,95,-3066.5,124.52,-3191.01,-6.31,RSI Stop <30,bull,13,38.7,25.1,50.1,75.5,Bharti Airtel
GFS Basic,2021-02-05,2021-02-18,597.97,564.82,79,-2618.95,117.6,-2736.54,-5.79,RSI Target 60,bull,13,43.2,62.5,74.4,60.2,Bharti Airtel
GFS Basic,2021-02-22,2021-03-01,572.06,510.31,78,-4816.31,109.5,-4925.81,-11.04,RSI Stop <30,bull,7,37.4,23.3,63.2,59.4,Bharti Airtel
GFS Basic,2021-10-05,2021-10-18,671.0,664.86,60,-368.47,104.42,-472.89,-1.17,RSI Stop <30,bull,13,44.0,29.8,72.1,64.5,Bharti Airtel
GFS Basic,2021-10-19,2021-11-02,686.4,697.44,58,640.11,104.47,535.64,1.35,RSI Target 60,bull,14,40.4,62.0,70.1,69.5,Bharti Airtel
GFS Basic,2021-12-03,2021-12-13,719.4,686.84,56,-1823.65,102.97,-1926.62,-4.78,RSI Stop <30,bull,10,41.5,27.7,60.2,87.6,Bharti Airtel
GFS Basic,2022-10-13,2022-10-20,767.44,778.0,50,528.3,101.15,427.15,1.11,RSI Target 60,bull,7,44.2,61.5,64.8,71.5,Bharti Airtel
GFS Basic,2022-12-07,2023-01-30,829.95,755.73,47,-3488.54,98.4,-3586.95,-9.2,RSI Stop <30,bull,54,42.1,30.0,42.2,61.5,Bharti Airtel
GFS Basic,2023-06-20,2023-06-23,825.04,838.74,43,588.98,94.78,494.2,1.39,RSI Target 60,bull,3,40.4,61.5,80.8,60.6,Bharti Airtel
GFS Basic,2023-08-03,2023-08-17,874.79,844.47,41,-1243.34,93.75,-1337.09,-3.73,RSI Stop <30,bull,14,40.3,27.7,78.7,71.4,Bharti Airtel
GFS Basic,2023-08-21,2023-09-06,850.54,867.73,40,687.54,91.65,595.89,1.75,RSI Target 60,bull,16,42.1,64.0,66.2,69.2,Bharti Airtel
GFS Basic,2023-10-09,2023-10-10,916.85,934.81,38,682.48,93.47,589.02,1.69,RSI Target 60,bull,1,41.4,68.7,62.6,74.2,Bharti Airtel
GFS Basic,2023-10-26,2023-11-15,927.16,936.43,38,352.47,93.99,258.47,0.73,RSI Target 60,bull,20,39.6,63.4,59.9,69.7,Bharti Airtel
GFS Basic,2023-12-26,2023-12-28,985.67,1021.9,36,1304.12,95.54,1208.58,3.41,RSI Target 60,bull,2,35.7,65.9,61.5,71.3,Bharti Airtel
GFS Basic,2024-02-13,2024-02-14,1113.99,1099.92,33,-464.5,96.55,-561.05,-1.53,RSI Stop <30,bull,1,39.4,26.6,79.6,76.2,Bharti Airtel
GFS Basic,2024-02-15,2024-03-05,1106.25,1152.21,33,1516.76,98.03,1418.73,3.89,RSI Target 60,bull,19,35.1,69.9,77.1,75.6,Bharti Airtel
GFS Basic,2024-04-09,2024-04-18,1194.46,1247.68,31,1649.76,99.33,1550.43,4.19,RSI Target 60,bull,9,43.4,63.9,75.5,83.2,Bharti Airtel
GFS Basic,2024-05-15,2024-05-23,1282.62,1354.43,30,2154.27,103.07,2051.2,5.33,RSI Target 60,bull,8,42.2,68.9,77.2,88.3,Bharti Airtel
GFS Basic,2024-08-07,2024-08-26,1473.05,1500.25,28,761.52,107.78,653.74,1.58,RSI Target 60,bull,19,43.4,65.6,75.3,89.2,Bharti Airtel
GFS Basic,2024-10-14,2024-10-24,1677.07,1663.7,25,-334.31,108.16,-442.47,-1.06,RSI Target 60,bull,10,37.2,61.0,71.6,91.2,Bharti Airtel
GFS Basic,2024-10-29,2024-10-31,1664.77,1598.43,25,-1658.51,106.1,-1764.62,-4.24,RSI Stop <30,bull,2,37.7,29.4,65.9,85.5,Bharti Airtel
GFS Basic,2025-05-09,2025-06-05,1890.94,1862.29,21,-601.71,102.96,-704.66,-1.77,RSI Target 60,bull,27,43.2,73.9,69.1,80.6,Bharti Airtel
GFS Basic,2025-07-15,2025-07-17,1912.48,1912.94,20,9.35,100.34,-90.99,-0.24,RSI Stop <30,bull,2,44.0,26.8,63.5,81.7,Bharti Airtel
GFS Basic,2025-07-23,2025-07-28,1912.26,1889.35,20,-458.02,99.85,-557.87,-1.46,RSI Stop <30,bull,5,36.2,25.2,55.8,81.7,Bharti Airtel
GFS Basic,2025-08-26,2025-09-01,1941.07,1899.65,20,-828.41,100.75,-929.15,-2.39,RSI Target 60,bull,6,43.0,62.9,56.0,71.7,Bharti Airtel
GFS Basic,2025-12-12,2026-01-01,2070.23,2109.34,18,703.98,98.87,605.11,1.62,RSI Target 60,bull,20,35.0,61.4,62.9,76.9,Bharti Airtel
GFS Basic,2026-01-07,2026-01-12,2122.86,2042.98,18,-1437.89,98.76,-1536.65,-4.02,RSI Stop <30,bull,5,43.9,23.7,61.5,76.9,Bharti Airtel
GFS Advanced,2006-04-28,2006-05-03,175.26,175.83,542,308.97,226.74,82.23,0.09,RSI Target 60,bull,5,42.3,61.4,68.1,79.4,Bharti Airtel
GFS Advanced,2007-02-28,2007-03-05,310.0,284.31,306,-7860.91,217.98,-8078.89,-8.52,Price < 50 EMA,bull,5,38.4,41.8,63.3,90.0,Bharti Airtel
GFS Advanced,2017-03-31,2017-04-03,302.17,292.79,289,-2711.42,206.58,-2918.0,-3.34,Price < 50 EMA,bull,3,36.4,33.7,71.0,62.0,Bharti Airtel
GFS Advanced,2025-05-14,2025-06-05,1869.02,1862.29,45,-302.62,201.92,-504.54,-0.6,RSI Target 60,bull,22,42.6,73.9,69.1,80.6,Bharti Airtel
GFS Basic,2006-05-22,2006-05-24,17.16,14.33,5535,-15652.6,210.2,-15862.8,-16.7,RSI Stop <30,bull,2,44.9,15.6,67.9,83.0,Kotak Bank
GFS Basic,2006-09-15,2006-09-21,15.4,16.16,5189,3938.72,197.03,3741.69,4.68,RSI Target 60,bull,6,36.2,66.4,65.5,71.6,Kotak Bank
GFS Basic,2006-12-05,2007-01-02,18.8,19.69,4441,3956.41,204.94,3751.47,4.49,RSI Target 60,bull,28,35.9,63.7,72.6,80.2,Kotak Bank
GFS Basic,2007-02-22,2007-02-26,23.87,21.47,3646,-8764.1,199.67,-8963.77,-10.3,RSI Stop <30,bull,4,44.3,20.3,60.3,81.5,Kotak Bank
GFS Basic,2007-03-08,2007-03-23,21.85,22.69,3593,2995.63,192.93,2802.71,3.57,RSI Target 60,bull,15,37.0,73.9,63.1,73.2,Kotak Bank
GFS Basic,2007-06-11,2007-06-21,28.74,30.98,2824,6306.44,202.25,6104.19,7.52,RSI Target 60,bull,10,36.1,63.0,79.6,78.4,Kotak Bank
GFS Basic,2007-08-16,2007-08-23,36.49,30.79,2384,-13576.93,194.57,-13771.5,-15.83,RSI Stop <30,bull,7,38.8,28.1,61.5,85.4,Kotak Bank
GFS Basic,2007-08-27,2007-09-06,32.15,36.06,2298,8975.89,188.82,8787.07,11.89,RSI Target 60,bull,10,39.1,67.3,63.5,87.7,Kotak Bank
GFS Basic,2007-10-19,2007-10-26,48.39,50.56,1699,3685.6,201.84,3483.76,4.24,RSI Target 60,bull,7,40.2,61.7,67.5,90.4,Kotak Bank
GFS Basic,2007-12-20,2008-01-07,58.63,68.3,1459,14102.72,220.03,13882.69,16.23,RSI Target 60,bull,18,39.9,61.4,70.6,93.1,Kotak Bank
GFS Basic,2008-01-31,2008-02-01,54.15,47.88,1823,-11428.24,222.85,-11651.09,-11.8,RSI Stop <30,bull,1,35.2,28.0,47.6,74.3,Kotak Bank
GFS Basic,2010-09-02,2010-09-13,41.34,44.94,2121,7643.16,218.1,7425.05,8.47,RSI Target 60,bull,11,44.0,61.9,72.2,70.9,Kotak Bank
GFS Basic,2010-10-22,2010-10-29,50.07,45.89,1892,-7902.51,217.64,-8120.15,-8.57,RSI Stop <30,bull,7,43.3,25.1,69.6,75.9,Kotak Bank
GFS Basic,2010-11-04,2011-01-10,48.43,40.81,1796,-13685.35,194.45,-13879.8,-15.96,RSI Stop <30,bull,67,39.8,23.9,34.1,70.3,Kotak Bank
GFS Basic,2011-04-28,2011-05-12,46.44,40.76,1589,-9026.4,169.98,-9196.38,-12.46,RSI Stop <30,bear,14,42.3,27.2,64.1,58.8,Kotak Bank
GFS Basic,2011-07-27,2011-08-08,48.53,43.36,1341,-6931.64,152.78,-7084.42,-10.89,RSI Stop <30,bull,12,39.5,21.9,53.5,58.4,Kotak Bank
GFS Basic,2012-05-04,2012-05-29,58.61,55.36,996,-3241.56,141.7,-3383.26,-5.8,RSI Target 60,bull,25,40.9,61.4,42.4,68.8,Kotak Bank
GFS Basic,2012-07-19,2012-07-20,59.25,55.77,931,-3241.05,134.55,-3375.6,-6.12,RSI Stop <30,bull,1,41.6,28.0,45.0,68.4,Kotak Bank
GFS Basic,2012-10-29,2012-11-21,62.24,62.33,834,72.02,130.77,-58.75,-0.11,RSI Target 60,bull,23,36.6,69.3,64.2,64.2,Kotak Bank
GFS Basic,2012-12-20,2013-01-16,66.33,61.86,782,-3490.8,126.98,-3617.78,-6.97,RSI Stop <30,bull,27,44.7,29.6,46.7,61.8,Kotak Bank
GFS Basic,2013-02-18,2013-02-26,66.82,65.5,725,-956.79,122.0,-1078.79,-2.23,RSI Stop <30,bull,8,44.1,26.8,63.7,68.7,Kotak Bank
GFS Basic,2013-02-28,2013-04-23,65.88,68.53,720,1906.57,122.72,1783.85,3.76,RSI Target 60,bull,54,36.6,63.3,60.1,65.6,Kotak Bank
GFS Basic,2013-06-06,2013-06-20,76.53,73.16,642,-2166.56,122.27,-2288.83,-4.66,RSI Stop <30,bull,14,42.8,29.0,65.3,70.7,Kotak Bank
GFS Basic,2013-06-28,2013-07-12,70.4,75.16,667,3177.65,122.97,3054.68,6.51,RSI Target 60,bull,14,41.9,66.6,69.8,61.7,Kotak Bank
GFS Basic,2013-11-21,2013-11-29,73.92,75.03,674,752.09,126.82,625.26,1.26,RSI Target 60,bull,8,39.2,62.0,68.1,64.3,Kotak Bank
GFS Basic,2014-06-05,2014-06-12,86.64,92.57,582,3452.14,130.97,3321.18,6.59,RSI Target 60,bull,7,37.5,66.4,78.5,66.0,Kotak Bank
GFS Basic,2014-06-26,2014-07-08,88.79,86.56,603,-1348.83,132.92,-1481.75,-2.77,RSI Stop <30,bull,12,41.4,24.1,64.0,63.9,Kotak Bank
GFS Basic,2014-07-14,2014-07-17,87.71,90.79,595,1831.35,133.2,1698.14,3.25,RSI Target 60,bull,3,37.8,69.0,63.8,63.9,Kotak Bank
GFS Basic,2014-09-16,2014-09-29,105.89,99.57,508,-3212.02,131.54,-3343.57,-6.22,RSI Stop <30,bull,13,38.9,28.4,61.3,74.2,Kotak Bank
GFS Basic,2014-10-10,2014-10-22,101.96,105.49,496,1750.92,129.53,1621.4,3.21,RSI Target 60,bull,12,44.3,67.6,71.0,79.6,Kotak Bank
GFS Basic,2015-01-05,2015-01-08,127.05,133.04,410,2456.23,133.63,2322.59,4.46,RSI Target 60,bull,3,38.5,70.4,82.8,83.7,Kotak Bank
GFS Basic,2015-01-30,2015-02-03,134.58,129.63,404,-2000.72,134.09,-2134.8,-3.93,RSI Stop <30,bull,4,36.1,26.4,76.7,84.8,Kotak Bank
GFS Basic,2015-02-18,2015-02-24,131.42,134.0,398,1025.94,132.63,893.31,1.71,RSI Target 60,bull,6,40.4,62.1,70.2,84.8,Kotak Bank
GFS Basic,2015-08-18,2015-08-26,144.08,124.58,369,-7198.51,126.02,-7324.54,-13.78,RSI Stop <30,bull,8,41.7,26.0,53.2,90.5,Kotak Bank
GFS Basic,2015-12-11,2015-12-23,135.3,139.53,341,1443.84,119.36,1324.48,2.87,RSI Target 60,sideways,12,42.5,64.4,65.1,79.3,Kotak Bank
GFS Basic,2016-01-07,2016-01-20,141.35,131.61,336,-3273.96,117.48,-3391.44,-7.14,RSI Stop <30,bull,13,43.4,20.6,53.2,77.5,Kotak Bank
GFS Basic,2016-06-23,2016-07-13,149.29,153.92,296,1369.68,114.95,1254.72,2.84,RSI Target 60,bull,20,37.8,65.8,62.4,62.7,Kotak Bank
GFS Basic,2016-09-22,2016-09-29,158.3,153.54,287,-1365.81,114.88,-1480.69,-3.26,RSI Stop <30,bull,7,43.0,15.3,61.8,64.7,Kotak Bank
GFS Basic,2016-11-16,2016-11-21,162.83,151.58,270,-3038.09,109.88,-3147.98,-7.16,RSI Stop <30,bull,5,44.3,27.0,53.8,70.3,Kotak Bank
GFS Basic,2017-06-29,2017-07-19,195.7,197.71,209,419.02,106.66,312.36,0.76,RSI Target 60,bull,20,37.6,75.7,75.8,73.0,Kotak Bank
GFS Basic,2018-02-16,2018-02-26,208.51,219.77,198,2228.66,109.39,2119.27,5.13,RSI Target 60,bull,10,40.7,63.3,60.2,80.2,Kotak Bank
GFS Basic,2018-07-25,2018-07-27,268.66,260.86,161,-1255.66,110.15,-1365.82,-3.16,RSI Stop <30,bull,2,36.0,27.1,70.8,80.4,Kotak Bank
GFS Basic,2019-01-10,2019-01-22,247.76,257.01,169,1563.71,110.0,1453.71,3.47,RSI Target 60,bear,12,43.8,64.1,60.2,63.6,Kotak Bank
GFS Basic,2019-06-14,2019-07-05,300.53,301.86,144,191.68,111.7,79.97,0.18,RSI Target 60,bull,21,40.1,64.3,75.4,65.0,Kotak Bank
GFS Basic,2019-07-09,2019-07-17,301.41,305.49,144,587.72,112.39,475.32,1.1,RSI Target 60,bull,8,41.9,63.1,69.8,65.0,Kotak Bank
GFS Basic,2019-07-25,2019-08-09,300.89,304.99,146,598.41,113.58,484.84,1.1,RSI Target 60,bull,15,44.5,63.5,66.4,61.5,Kotak Bank
GFS Basic,2019-08-22,2019-09-03,302.45,281.54,147,-3073.17,110.95,-3184.12,-7.16,RSI Stop <30,bull,12,42.1,25.1,37.5,55.1,Kotak Bank
GFS Basic,2019-10-23,2019-11-05,327.4,309.33,126,-2276.1,104.65,-2380.74,-5.77,RSI Stop <30,bull,13,44.2,27.4,56.7,62.9,Kotak Bank
GFS Basic,2020-01-02,2020-01-08,338.11,329.43,115,-998.08,100.71,-1098.78,-2.83,RSI Stop <30,bull,6,36.6,28.8,51.6,76.7,Kotak Bank
GFS Basic,2020-01-14,2020-02-11,339.65,333.93,112,-641.12,99.21,-740.32,-1.95,RSI Target 60,bull,28,38.7,66.0,58.3,74.1,Kotak Bank
GFS Basic,2021-01-13,2021-01-15,384.61,371.04,97,-1315.58,96.88,-1412.46,-3.79,RSI Stop <30,bull,2,43.4,26.2,79.4,62.1,Kotak Bank
GFS Basic,2021-10-07,2021-10-21,399.73,426.96,90,2451.14,97.82,2353.32,6.54,RSI Target 60,bull,14,38.4,71.0,67.8,67.4,Kotak Bank
GFS Basic,2021-11-11,2021-12-06,416.95,375.47,91,-3774.23,95.74,-3869.97,-10.2,RSI Stop <30,bull,25,41.2,28.9,60.2,69.7,Kotak Bank
GFS Basic,2021-12-07,2021-12-17,384.08,357.27,90,-2413.2,89.65,-2502.85,-7.24,RSI Stop <30,bull,10,36.5,22.2,48.8,69.7,Kotak Bank
GFS Basic,2023-06-02,2023-06-20,394.81,367.49,81,-2213.59,84.11,-2297.7,-7.18,RSI Stop <30,bull,18,44.7,27.3,69.6,60.4,Kotak Bank
GFS Basic,2023-06-21,2023-06-26,368.45,363.29,81,-418.05,81.22,-499.28,-1.67,RSI Stop <30,sideways,5,35.5,23.6,65.9,60.4,Kotak Bank
GFS Basic,2023-06-28,2023-07-06,368.45,374.12,80,453.61,81.31,372.3,1.26,RSI Target 60,bull,8,39.1,63.0,67.4,52.0,Kotak Bank
GFS Basic,2025-04-16,2025-04-21,429.12,447.54,69,1270.98,82.45,1188.53,4.01,RSI Target 60,bull,5,42.0,61.5,83.1,64.0,Kotak Bank
GFS Basic,2025-05-09,2025-05-13,427.46,422.42,72,-362.85,83.35,-446.21,-1.45,RSI Stop <30,bull,4,38.6,28.9,66.2,72.8,Kotak Bank
GFS Basic,2025-05-16,2025-05-21,422.12,413.58,72,-615.49,82.24,-697.73,-2.3,RSI Stop <30,bull,5,35.7,29.6,64.9,72.8,Kotak Bank
GFS Basic,2025-05-28,2025-06-05,419.53,407.31,71,-867.6,80.63,-948.23,-3.18,RSI Stop <30,bull,8,41.7,29.0,59.9,62.3,Kotak Bank
GFS Basic,2025-06-06,2025-06-09,411.01,426.93,70,1114.55,80.43,1034.13,3.59,RSI Target 60,bull,3,40.2,60.2,65.1,62.3,Kotak Bank
GFS Basic,2025-11-17,2025-11-18,417.31,418.41,72,79.35,82.19,-2.83,-0.01,RSI Stop <30,bull,1,36.3,29.4,61.9,63.1,Kotak Bank
GFS Basic,2025-11-19,2025-11-28,421.61,424.67,71,217.04,82.08,134.96,0.45,RSI Target 60,bull,9,36.7,60.0,62.7,63.1,Kotak Bank
GFS Basic,2026-01-06,2026-01-21,441.56,421.39,68,-1371.66,80.64,-1452.3,-4.84,RSI Stop <30,bull,15,40.8,23.8,43.2,70.7,Kotak Bank
GFS Advanced,2007-12-20,2008-01-07,58.63,68.3,1620,15658.95,242.62,15416.33,16.23,RSI Target 60,bull,18,39.9,61.4,70.6,93.1,Kotak Bank
GFS Advanced,2013-02-28,2013-03-01,65.88,64.86,1664,-1700.01,257.18,-1957.19,-1.79,Price < 50 EMA,bull,1,36.6,37.6,59.4,70.6,Kotak Bank
GFS Advanced,2013-06-11,2013-06-20,76.17,73.16,1415,-4270.17,250.42,-4520.6,-4.19,RSI Stop <30,bull,9,42.8,29.0,65.3,70.7,Kotak Bank
GFS Advanced,2016-09-23,2016-09-28,159.53,155.47,648,-2627.39,242.32,-2869.71,-2.78,Price < 50 EMA,bull,5,41.1,35.3,61.8,64.7,Kotak Bank
GFS Advanced,2017-06-30,2017-07-19,194.35,197.71,518,1739.28,240.85,1498.43,1.49,RSI Target 60,bull,19,38.1,75.7,75.8,73.0,Kotak Bank
GFS Advanced,2018-02-21,2018-02-26,212.08,219.77,481,3700.18,245.85,3454.33,3.39,RSI Target 60,bull,5,35.2,63.3,60.2,80.2,Kotak Bank
GFS Advanced,2019-01-18,2019-01-22,243.98,257.01,432,5627.58,255.38,5372.21,5.1,RSI Target 60,sideways,4,44.4,64.1,60.2,63.6,Kotak Bank
GFS Advanced,2021-01-14,2021-01-15,380.8,371.04,290,-2829.46,257.8,-3087.26,-2.8,RSI Stop <30,bull,1,37.0,26.2,79.4,62.1,Kotak Bank
GFS Advanced,2021-11-29,2021-11-30,400.13,390.75,269,-2523.86,251.9,-2775.76,-2.58,Price < 50 EMA,bull,1,39.1,36.2,63.8,69.7,Kotak Bank
GFS Advanced,2025-11-17,2025-11-18,417.31,418.41,251,276.63,248.38,28.26,0.03,RSI Stop <30,bull,1,36.3,29.4,61.9,63.1,Kotak Bank
GFS Basic,2006-03-31,2006-04-05,216.66,228.26,438,5080.22,231.47,4848.75,5.11,RSI Target 60,bull,5,40.3,61.7,84.9,87.5,L&T
GFS Basic,2006-05-18,2006-05-25,235.85,197.96,422,-15987.33,219.93,-16207.27,-16.28,RSI Stop <30,bull,7,40.2,26.6,56.0,88.6,L&T
GFS Basic,2006-12-28,2007-01-03,257.4,257.56,327,49.94,202.43,-152.49,-0.18,RSI Target 60,bull,6,44.2,66.5,67.1,80.5,L&T
GFS Basic,2007-01-09,2007-01-12,256.88,255.79,327,-357.78,201.62,-559.4,-0.67,RSI Target 60,bull,3,41.9,62.0,82.4,80.5,L&T
GFS Basic,2007-02-23,2007-02-28,296.0,259.91,282,-10176.02,190.28,-10366.3,-12.42,RSI Stop <30,bull,5,41.0,21.5,73.6,72.9,L&T
GFS Basic,2007-08-10,2007-08-21,446.1,406.15,165,-6592.44,172.07,-6764.51,-9.19,RSI Stop <30,bull,11,38.0,23.1,72.4,91.4,L&T
GFS Basic,2007-08-22,2007-08-30,418.58,455.82,160,5957.96,170.33,5787.63,8.64,RSI Target 60,bull,8,40.2,63.3,74.2,91.4,L&T
GFS Basic,2007-11-23,2007-12-11,729.72,755.54,99,2556.59,178.52,2378.07,3.29,RSI Target 60,bull,18,37.4,60.8,73.4,92.9,L&T
GFS Basic,2007-12-17,2008-01-08,752.63,763.77,99,1102.21,182.05,920.16,1.23,RSI Target 60,bull,22,43.0,66.3,68.4,92.9,L&T
GFS Basic,2008-01-15,2008-01-24,744.66,621.45,101,-12444.31,169.57,-12613.89,-16.77,RSI Stop <30,bull,9,41.0,22.1,57.9,92.9,L&T
GFS Basic,2008-01-25,2008-02-29,677.72,620.04,94,-5422.37,151.28,-5573.65,-8.75,RSI Target 60,bull,35,37.9,61.9,32.3,77.1,L&T
GFS Basic,2009-10-26,2009-10-27,581.46,555.57,100,-2589.67,141.86,-2731.53,-4.7,RSI Stop <30,bull,1,36.2,26.9,62.0,60.2,L&T
GFS Basic,2009-10-28,2009-11-03,573.18,544.49,97,-2782.85,136.0,-2918.85,-5.25,RSI Stop <30,bull,6,35.5,27.8,56.7,56.7,L&T
GFS Basic,2010-04-30,2010-05-24,576.82,582.09,92,485.31,133.76,351.54,0.66,RSI Target 60,sideways,24,44.1,61.5,64.3,76.3,L&T
GFS Basic,2010-07-30,2010-08-11,655.95,647.07,81,-719.26,132.66,-851.92,-1.6,RSI Stop <30,bull,12,44.3,28.9,62.5,65.1,L&T
GFS Basic,2010-08-17,2010-08-20,654.32,671.49,80,1373.26,133.08,1240.18,2.37,RSI Target 60,bull,3,39.8,64.9,74.5,65.1,L&T
GFS Basic,2010-10-19,2010-11-03,727.19,772.13,74,3325.72,138.36,3187.36,5.92,RSI Target 60,bull,15,44.7,69.5,57.7,67.8,L&T
GFS Basic,2010-11-23,2010-11-25,742.73,694.97,76,-3629.68,137.01,-3766.69,-6.67,RSI Stop <30,bull,2,44.8,22.5,66.0,67.8,L&T
GFS Basic,2010-12-03,2010-12-15,742.37,718.4,71,-1702.01,130.7,-1832.71,-3.48,RSI Target 60,bull,12,42.6,60.8,55.7,60.6,L&T
GFS Basic,2012-12-19,2012-12-21,610.3,583.17,84,-2278.6,126.9,-2405.5,-4.69,RSI Stop <30,bull,2,40.1,29.3,58.7,60.8,L&T
GFS Basic,2014-05-02,2014-05-09,746.59,750.25,66,242.09,125.08,117.01,0.24,RSI Target 60,bull,7,44.2,62.0,75.8,67.8,L&T
GFS Basic,2014-06-25,2014-07-03,950.57,979.15,52,1486.2,126.72,1359.49,2.75,RSI Target 60,bull,8,44.6,62.4,78.5,74.9,L&T
GFS Basic,2014-07-11,2014-08-05,960.61,832.59,52,-6657.2,119.44,-6776.64,-13.57,RSI Stop <30,bull,25,38.1,27.5,55.2,68.8,L&T
GFS Basic,2014-11-26,2014-12-09,943.66,879.87,46,-2934.39,108.76,-3043.15,-7.01,RSI Stop <30,bull,13,42.1,28.8,58.6,77.0,L&T
GFS Basic,2015-03-20,2015-03-23,982.03,943.76,42,-1607.46,105.33,-1712.79,-4.15,RSI Stop <30,bull,3,37.7,18.7,61.0,70.3,L&T
GFS Basic,2017-05-18,2017-05-26,1018.76,1031.35,39,491.32,104.14,387.18,0.97,RSI Target 60,bull,8,37.6,63.1,85.1,79.5,L&T
GFS Basic,2017-06-15,2017-06-30,1023.0,973.66,39,-1924.35,102.0,-2026.35,-5.08,RSI Stop <30,bull,15,39.5,29.0,65.7,70.9,L&T
GFS Basic,2017-07-03,2017-07-05,981.22,978.1,38,-118.38,98.07,-216.46,-0.58,RSI Stop <30,bull,2,35.9,28.7,65.7,70.9,L&T
GFS Basic,2017-07-06,2017-07-13,981.22,1029.39,38,1830.43,100.09,1730.34,4.64,RSI Target 60,bull,7,36.1,64.9,65.2,70.9,L&T
GFS Basic,2017-09-28,2017-09-29,1041.08,1012.68,38,-1079.06,102.13,-1181.19,-2.99,RSI Stop <30,bull,1,41.4,30.0,53.5,63.1,L&T
GFS Basic,2017-11-23,2017-11-30,1093.53,1078.74,35,-517.75,99.85,-617.6,-1.61,RSI Stop <30,bull,7,44.5,29.7,63.4,71.9,L&T
GFS Basic,2017-12-01,2017-12-21,1086.34,1116.21,34,1015.27,98.47,916.8,2.48,RSI Target 60,bull,20,35.5,64.2,54.9,71.9,L&T
GFS Basic,2018-02-09,2018-02-19,1206.7,1148.75,32,-1854.59,99.22,-1953.82,-5.06,RSI Stop <30,bull,10,42.7,27.7,58.0,84.3,L&T
GFS Basic,2018-03-01,2018-03-07,1181.94,1120.2,31,-1914.08,94.77,-2008.85,-5.48,RSI Stop <30,bull,6,42.6,27.8,62.4,76.5,L&T
GFS Basic,2018-03-08,2018-03-27,1148.48,1159.43,30,328.68,92.24,236.44,0.69,RSI Target 60,bull,19,35.6,60.6,58.0,76.5,L&T
GFS Basic,2018-06-05,2018-06-07,1229.34,1201.64,28,-775.53,91.02,-866.55,-2.52,RSI Target 60,bull,2,41.9,63.1,60.8,71.3,L&T
GFS Basic,2019-01-03,2019-01-14,1298.88,1197.9,26,-2625.51,87.66,-2713.17,-8.03,RSI Stop <30,bull,11,41.9,29.1,66.8,62.9,L&T
GFS Basic,2019-06-19,2019-07-02,1366.35,1404.41,23,875.35,86.08,789.27,2.51,RSI Target 60,bull,13,35.9,67.4,73.6,58.6,L&T
GFS Basic,2021-06-25,2021-07-13,1436.66,1435.6,22,-23.24,85.55,-108.79,-0.34,RSI Target 60,bull,18,42.0,61.5,55.5,82.2,L&T
GFS Basic,2021-08-11,2021-08-13,1545.77,1600.34,21,1145.93,88.66,1057.27,3.26,RSI Target 60,bull,2,37.2,72.3,80.9,83.6,L&T
GFS Basic,2021-08-23,2021-08-30,1558.35,1592.37,21,714.61,88.8,625.81,1.91,RSI Target 60,bull,7,43.4,60.8,69.8,83.6,L&T
GFS Basic,2021-10-06,2021-10-18,1670.68,1715.49,20,896.07,90.52,805.56,2.41,RSI Target 60,bull,12,43.9,62.3,73.3,87.1,L&T
GFS Basic,2021-11-25,2021-11-29,1826.61,1695.15,19,-2497.78,89.87,-2587.65,-7.46,RSI Stop <30,bull,4,42.9,25.8,61.7,87.4,L&T
GFS Basic,2022-02-04,2022-02-07,1905.92,1807.62,17,-1671.18,85.61,-1756.79,-5.42,RSI Stop <30,bull,3,38.2,29.5,60.2,89.8,L&T
GFS Basic,2022-02-10,2022-02-24,1824.21,1685.66,16,-2216.93,77.9,-2294.83,-7.86,RSI Stop <30,bull,14,37.8,28.4,45.1,89.8,L&T
GFS Basic,2022-09-22,2022-09-23,1892.7,1803.91,15,-1331.87,77.05,-1408.92,-4.96,RSI Stop <30,bull,1,40.5,30.0,78.4,69.8,L&T
GFS Basic,2022-10-04,2022-10-20,1800.99,1849.86,15,732.94,76.13,656.81,2.43,RSI Target 60,bull,16,36.4,61.3,71.0,62.0,L&T
GFS Basic,2022-12-28,2023-01-03,2069.39,2029.39,13,-520.07,74.58,-594.65,-2.21,RSI Stop <30,bull,6,41.4,29.1,69.9,64.4,L&T
GFS Basic,2023-01-09,2023-01-12,2063.27,2098.17,13,453.74,75.41,378.32,1.41,RSI Target 60,bull,3,42.5,70.0,71.1,64.4,L&T
GFS Basic,2023-02-07,2023-02-08,2121.52,2070.09,13,-668.5,75.93,-744.44,-2.7,RSI Stop <30,bull,1,41.9,25.4,65.8,65.6,L&T
GFS Basic,2023-11-06,2023-11-13,2899.48,2995.28,9,862.19,74.22,787.97,3.02,RSI Target 60,bull,7,35.9,61.7,75.5,80.1,L&T
GFS Basic,2024-01-31,2024-02-12,3676.31,3241.94,7,-3040.6,69.37,-3109.97,-12.08,RSI Stop <30,bull,12,44.8,29.0,67.3,84.8,L&T
GFS Basic,2024-02-20,2024-02-28,3351.85,3409.61,7,404.35,67.9,336.45,1.43,RSI Target 60,bull,8,38.6,62.6,63.2,84.8,L&T
GFS Basic,2024-08-16,2024-08-26,3547.4,3606.44,7,413.27,70.95,342.33,1.38,RSI Target 60,bull,10,42.3,63.6,58.9,83.6,L&T
GFS Basic,2025-12-10,2025-12-15,4021.91,4090.25,6,410.06,69.39,340.68,1.41,RSI Target 60,bull,5,43.1,62.1,79.6,60.3,L&T
GFS Basic,2025-12-18,2025-12-23,4081.04,4056.77,6,-145.61,69.6,-215.21,-0.88,RSI Target 60,bull,5,44.6,60.8,78.9,60.3,L&T
GFS Basic,2026-01-09,2026-01-20,4171.98,3808.59,6,-2180.34,68.7,-2249.04,-8.98,RSI Stop <30,bull,11,42.7,22.3,53.3,62.1,L&T
GFS Basic,2006-04-04,2006-05-04,63.84,64.31,1488,711.22,227.15,484.08,0.51,RSI Target 60,bull,30,43.2,61.3,51.9,71.3,Axis Bank
GFS Basic,2006-12-08,2006-12-11,86.84,78.36,1099,-9311.78,217.75,-9529.53,-9.99,RSI Stop <30,bull,3,37.0,24.0,78.3,73.4,Axis Bank
GFS Basic,2006-12-15,2007-01-02,80.04,82.61,1079,2771.17,210.12,2561.05,2.97,RSI Target 60,bull,18,37.0,62.0,79.8,77.1,Axis Bank
GFS Basic,2007-02-13,2007-02-23,101.62,86.68,874,-13058.18,199.17,-13257.34,-14.93,RSI Stop <30,bull,10,44.5,27.7,50.9,78.7,Axis Bank
GFS Basic,2007-07-25,2007-08-07,113.7,109.27,670,-2968.67,181.54,-3150.2,-4.14,RSI Stop <30,bull,13,42.9,29.9,79.9,79.7,Axis Bank
GFS Basic,2007-08-08,2007-08-31,113.86,113.05,643,-519.62,177.48,-697.1,-0.95,RSI Target 60,bull,23,39.1,61.5,62.4,82.4,Axis Bank
GFS Basic,2007-12-04,2007-12-13,169.28,173.08,428,1626.76,178.02,1448.74,2.0,RSI Target 60,bull,9,39.9,64.8,81.4,86.8,Axis Bank
GFS Basic,2008-01-22,2008-02-29,202.94,182.04,364,-7607.15,171.61,-7778.76,-10.53,RSI Target 60,bull,38,45.0,64.0,56.8,79.5,Axis Bank
GFS Basic,2009-09-14,2009-09-23,167.3,167.42,397,45.6,162.98,-117.38,-0.18,RSI Target 60,bull,9,43.6,61.2,64.6,62.2,Axis Bank
GFS Basic,2009-10-27,2009-10-29,181.79,165.17,365,-6067.45,156.5,-6223.95,-9.38,RSI Stop <30,bull,2,40.0,27.9,66.6,63.2,Axis Bank
GFS Basic,2009-12-15,2010-01-07,184.53,182.49,328,-666.32,149.14,-815.46,-1.35,RSI Target 60,bull,23,40.0,64.5,57.0,67.4,Axis Bank
GFS Basic,2010-02-05,2010-02-17,194.72,194.22,306,-151.43,147.58,-299.01,-0.5,RSI Target 60,bull,12,42.7,66.7,61.0,77.5,Axis Bank
GFS Basic,2010-04-19,2010-04-21,211.25,225.18,281,3913.85,151.3,3762.55,6.34,RSI Target 60,bull,2,37.7,67.4,67.0,83.4,Axis Bank
GFS Basic,2010-05-19,2010-06-14,231.29,230.95,272,-90.68,155.04,-245.71,-0.39,RSI Target 60,bull,26,38.9,66.9,63.9,88.5,Axis Bank
GFS Basic,2010-08-05,2010-08-12,250.84,241.81,250,-2256.86,152.35,-2409.22,-3.84,RSI Stop <30,bull,7,40.2,29.8,54.8,84.9,Axis Bank
GFS Basic,2010-08-13,2010-08-24,242.84,252.21,249,2333.21,152.12,2181.09,3.61,RSI Target 60,bull,11,35.0,63.1,59.1,84.9,Axis Bank
GFS Basic,2010-10-19,2010-11-08,275.8,285.98,227,2311.52,156.85,2154.66,3.44,RSI Target 60,bull,20,42.6,64.7,67.9,80.1,Axis Bank
GFS Basic,2011-04-26,2011-05-02,259.15,234.62,249,-6108.11,152.4,-6260.51,-9.7,RSI Stop <30,bear,6,42.1,25.8,50.0,57.7,Axis Bank
GFS Basic,2013-02-18,2013-02-21,274.93,265.21,213,-2071.13,143.32,-2214.45,-3.78,RSI Stop <30,bull,3,40.8,28.4,76.0,71.0,Axis Bank
GFS Basic,2013-02-25,2013-03-01,268.73,257.45,210,-2367.73,138.28,-2506.01,-4.44,RSI Stop <30,bull,4,36.2,28.0,60.8,69.8,Axis Bank
GFS Basic,2013-03-05,2013-03-25,261.42,247.19,207,-2945.93,132.53,-3078.46,-5.69,RSI Stop <30,bull,20,38.4,20.5,45.2,69.8,Axis Bank
GFS Basic,2014-06-16,2014-07-03,369.56,372.64,138,424.36,129.11,295.25,0.58,RSI Target 60,bull,17,42.5,69.6,76.7,60.5,Axis Bank
GFS Basic,2014-07-11,2014-07-18,375.51,386.2,137,1464.98,131.17,1333.81,2.59,RSI Target 60,bull,7,35.9,61.4,72.5,60.5,Axis Bank
GFS Basic,2014-08-06,2014-08-08,383.04,358.96,137,-3299.99,128.53,-3428.51,-6.53,RSI Stop <30,bull,2,42.3,27.9,64.3,62.9,Axis Bank
GFS Basic,2014-08-14,2014-08-27,368.66,385.81,134,2297.29,127.49,2169.8,4.39,RSI Target 60,bull,13,35.8,60.6,62.3,62.9,Axis Bank
GFS Basic,2014-09-23,2014-09-25,399.02,365.58,129,-4313.78,125.25,-4439.03,-8.62,RSI Stop <30,bull,2,36.5,23.6,62.4,66.4,Axis Bank
GFS Basic,2015-02-16,2015-02-23,570.21,531.23,83,-3235.43,117.15,-3352.59,-7.08,RSI Stop <30,bull,7,43.5,25.2,67.4,88.4,Axis Bank
GFS Basic,2015-02-26,2015-03-02,541.01,626.53,81,6927.26,119.89,6807.37,15.53,RSI Target 60,bull,4,41.1,79.5,68.2,83.6,Axis Bank
GFS Basic,2015-04-07,2015-05-11,553.94,533.21,91,-1886.14,125.4,-2011.53,-3.99,RSI Target 60,bull,34,45.0,61.2,42.6,88.5,Axis Bank
GFS Basic,2015-07-27,2015-08-20,579.67,520.23,84,-4992.93,118.37,-5111.3,-10.5,RSI Stop <30,bull,24,38.3,26.9,58.8,79.6,Axis Bank
GFS Basic,2017-05-03,2017-05-10,505.62,518.16,86,1078.31,113.08,965.23,2.22,RSI Target 60,bear,7,41.7,61.1,59.1,64.8,Axis Bank
GFS Basic,2018-02-07,2018-02-12,574.22,560.88,78,-1041.17,113.79,-1154.95,-2.58,RSI Stop <30,bull,5,38.8,29.4,54.8,77.0,Axis Bank
GFS Basic,2018-09-17,2018-09-18,640.85,605.01,68,-2436.58,109.65,-2546.23,-5.84,RSI Stop <30,bull,1,37.1,24.7,77.8,66.6,Axis Bank
GFS Basic,2018-09-25,2018-10-03,602.78,568.88,68,-2305.55,104.03,-2409.59,-5.88,RSI Stop <30,bull,8,41.4,23.2,70.1,60.6,Axis Bank
GFS Basic,2018-10-10,2018-11-05,561.14,620.72,69,4111.21,105.64,4005.57,10.35,RSI Target 60,bull,26,44.8,64.7,58.4,59.1,Axis Bank
GFS Basic,2019-01-29,2019-01-30,671.15,686.88,63,991.11,110.32,880.79,2.08,RSI Target 60,bull,1,44.0,63.6,73.7,60.1,Axis Bank
GFS Basic,2019-02-21,2019-03-07,699.56,729.43,62,1851.92,113.64,1738.28,4.01,RSI Target 60,bull,14,35.3,66.6,70.7,63.1,Axis Bank
GFS Basic,2019-04-22,2019-05-22,775.19,774.56,58,-36.29,115.21,-151.5,-0.34,RSI Target 60,bull,30,35.8,60.8,57.2,71.9,Axis Bank
GFS Basic,2019-07-03,2019-07-05,808.57,802.35,55,-342.37,113.8,-456.18,-1.03,RSI Target 60,bull,2,44.1,68.0,56.2,76.0,Axis Bank
GFS Basic,2019-12-09,2019-12-27,732.56,756.61,61,1467.16,116.16,1351.01,3.02,RSI Target 60,sideways,18,43.2,68.6,63.3,61.7,Axis Bank
GFS Basic,2020-01-16,2020-02-10,746.26,737.65,61,-525.16,115.95,-641.11,-1.41,RSI Target 60,bull,25,38.8,60.7,50.0,60.3,Axis Bank
GFS Basic,2021-07-27,2021-08-16,757.22,758.45,60,74.03,116.37,-42.34,-0.09,RSI Target 60,bull,20,38.1,63.7,58.0,76.7,Axis Bank
GFS Basic,2021-08-25,2021-08-30,746.96,780.4,60,2006.61,117.01,1889.61,4.22,RSI Target 60,bull,5,41.4,63.8,54.8,76.7,Axis Bank
GFS Basic,2021-09-22,2021-10-20,796.08,801.05,59,293.66,120.01,173.65,0.37,RSI Target 60,bull,28,43.5,62.1,58.7,75.5,Axis Bank
GFS Basic,2023-01-16,2023-01-25,935.44,889.55,50,-2294.67,116.89,-2411.56,-5.16,RSI Stop <30,bull,9,42.9,28.7,70.9,63.4,Axis Bank
GFS Basic,2023-07-04,2023-08-23,987.88,977.17,45,-481.83,113.62,-595.46,-1.34,RSI Target 60,bull,50,42.5,65.7,57.8,70.6,Axis Bank
GFS Basic,2023-12-29,2024-01-11,1111.75,1123.36,40,464.47,114.64,349.83,0.79,RSI Target 60,bull,13,38.5,61.4,62.6,67.6,Axis Bank
GFS Basic,2024-01-17,2024-02-28,1126.53,1071.92,39,-2129.87,110.76,-2240.64,-5.1,RSI Target 60,bull,42,41.5,60.8,62.5,64.2,Axis Bank
GFS Basic,2024-05-21,2024-05-24,1144.71,1171.51,37,991.46,110.48,880.98,2.08,RSI Target 60,bull,3,40.3,61.7,63.4,75.9,Axis Bank
GFS Advanced,2007-07-27,2007-08-07,111.08,109.27,855,-1548.58,224.77,-1773.35,-1.87,RSI Stop <30,bull,11,37.1,29.9,79.9,79.7,Axis Bank
GFS Advanced,2010-10-21,2010-10-26,271.75,268.26,343,-1196.45,221.22,-1417.67,-1.52,Price < 50 EMA,bull,5,37.9,33.6,59.5,84.9,Axis Bank
GFS Advanced,2018-09-25,2018-09-27,602.78,596.61,152,-937.77,217.96,-1155.74,-1.26,Price < 50 EMA,bull,2,41.4,32.7,67.1,66.6,Axis Bank
GFS Advanced,2018-09-28,2018-10-01,616.72,589.95,147,-3933.92,212.71,-4146.63,-4.57,Price < 50 EMA,bull,3,39.7,30.4,70.1,60.6,Axis Bank
GFS Basic,2006-03-31,2006-04-21,54.62,50.53,1739,-7109.86,219.04,-7328.9,-7.72,RSI Stop <30,bull,21,44.4,28.9,60.4,85.0,Asian Paints
GFS Basic,2006-04-25,2006-05-05,51.38,52.54,1713,1975.32,212.98,1762.34,2.0,RSI Target 60,bull,10,40.6,64.7,61.6,83.9,Asian Paints
GFS Basic,2006-09-01,2006-09-08,52.4,53.71,1711,2233.97,216.89,2017.08,2.25,RSI Target 60,bull,7,39.3,66.3,65.8,75.5,Asian Paints
GFS Basic,2006-10-17,2006-11-01,56.67,56.98,1616,498.5,219.36,279.15,0.3,RSI Target 60,bull,15,43.1,61.1,75.4,72.4,Asian Paints
GFS Basic,2006-12-26,2006-12-28,59.6,59.99,1541,602.81,220.05,382.76,0.42,RSI Target 60,bull,2,44.9,70.9,70.9,74.2,Asian Paints
GFS Basic,2007-02-07,2007-03-01,66.07,59.33,1396,-9410.39,210.55,-9620.94,-10.43,RSI Stop <30,bull,22,38.2,14.7,55.0,67.2,Asian Paints
GFS Basic,2007-06-21,2007-07-13,72.54,72.34,1145,-236.15,199.67,-435.82,-0.52,RSI Target 60,bull,22,44.1,66.1,61.5,69.9,Asian Paints
GFS Basic,2007-09-03,2007-09-25,79.41,82.04,1041,2741.08,201.86,2539.22,3.07,RSI Target 60,bull,22,39.5,62.6,61.5,84.1,Asian Paints
GFS Basic,2007-10-17,2007-10-25,83.42,92.43,1020,9186.58,213.94,8972.64,10.54,RSI Target 60,bull,8,43.9,73.6,59.4,84.9,Asian Paints
GFS Basic,2007-11-15,2007-11-22,85.9,84.38,1090,-1652.5,221.68,-1874.18,-2.0,RSI Stop <30,bull,7,37.1,28.6,57.2,85.5,Asian Paints
GFS Basic,2008-01-28,2008-02-05,93.49,102.34,982,8690.22,228.34,8461.89,9.22,RSI Target 60,bull,8,37.6,60.7,65.1,84.8,Asian Paints
GFS Basic,2008-02-19,2008-02-20,98.53,91.47,1013,-7147.74,229.72,-7377.47,-7.39,RSI Stop <30,bull,1,41.1,26.8,63.2,84.8,Asian Paints
GFS Basic,2008-02-29,2008-03-31,100.21,100.95,926,678.5,222.25,456.25,0.49,RSI Target 60,bull,31,44.7,65.5,64.7,72.7,Asian Paints
GFS Basic,2008-05-23,2008-05-30,103.96,108.18,897,3785.64,226.48,3559.15,3.82,RSI Target 60,bull,7,35.1,69.6,80.2,79.5,Asian Paints
GFS Basic,2009-09-02,2009-09-08,122.2,118.68,791,-2785.39,227.25,-3012.64,-3.12,RSI Target 60,bull,6,43.0,68.9,71.3,61.6,Asian Paints
GFS Basic,2009-09-17,2009-09-30,119.96,121.28,782,1036.3,224.86,811.44,0.87,RSI Target 60,bull,13,37.8,60.7,70.2,59.9,Asian Paints
GFS Basic,2010-06-02,2010-06-08,182.09,194.07,519,6215.22,231.78,5983.44,6.33,RSI Target 60,bull,6,45.0,67.7,74.1,96.2,Asian Paints
GFS Basic,2010-09-23,2010-10-04,248.55,231.29,403,-6957.84,230.71,-7188.55,-7.18,RSI Stop <30,bull,11,43.2,24.2,66.7,90.3,Asian Paints
GFS Basic,2010-10-06,2010-10-08,235.32,233.86,397,-580.91,222.33,-803.24,-0.86,RSI Stop <30,bull,2,38.3,27.1,72.1,90.3,Asian Paints
GFS Basic,2010-10-13,2010-10-26,234.72,226.54,394,-3226.05,217.5,-3443.55,-3.72,RSI Stop <30,bull,13,36.3,27.9,60.7,90.3,Asian Paints
GFS Basic,2011-06-17,2011-06-21,270.73,260.7,330,-3311.67,210.44,-3522.11,-3.94,RSI Stop <30,bull,4,43.7,26.9,73.8,73.8,Asian Paints
GFS Basic,2011-06-27,2011-07-01,267.46,292.72,321,8108.35,214.52,7893.84,9.19,RSI Target 60,bull,4,42.5,71.9,79.6,74.2,Asian Paints
GFS Basic,2011-07-20,2011-07-21,282.02,274.92,331,-2351.88,220.34,-2572.21,-2.76,RSI Stop <30,bull,1,43.7,23.0,71.5,74.2,Asian Paints
GFS Basic,2011-07-27,2011-08-12,279.31,285.22,326,1927.52,219.67,1707.85,1.88,RSI Target 60,bull,16,40.1,62.5,68.6,72.5,Asian Paints
GFS Basic,2011-09-08,2011-09-13,289.92,277.96,319,-3814.58,216.89,-4031.47,-4.36,RSI Stop <30,bull,5,43.1,27.5,51.8,71.6,Asian Paints
GFS Basic,2012-06-20,2012-06-21,349.12,348.04,254,-274.64,212.1,-486.75,-0.55,RSI Target 60,bull,1,42.3,66.2,87.8,75.2,Asian Paints
GFS Basic,2012-06-27,2012-07-19,342.14,323.25,258,-4873.28,206.44,-5079.72,-5.75,RSI Stop <30,bull,22,38.9,20.5,75.0,70.5,Asian Paints
GFS Basic,2012-11-20,2012-11-23,354.92,362.99,235,1896.58,202.64,1693.94,2.03,RSI Target 60,bull,3,44.1,60.5,67.6,61.2,Asian Paints
GFS Basic,2013-01-09,2013-01-31,394.98,403.01,215,1727.53,205.83,1521.7,1.79,RSI Target 60,bull,22,42.9,68.2,72.9,77.3,Asian Paints
GFS Basic,2013-02-22,2013-02-26,408.73,393.96,212,-3130.29,204.64,-3334.94,-3.85,RSI Stop <30,bull,4,37.6,29.4,81.2,77.3,Asian Paints
GFS Basic,2013-03-01,2013-03-11,397.46,425.9,210,5971.89,207.0,5764.89,6.91,RSI Target 60,bull,10,36.5,61.3,66.1,78.7,Asian Paints
GFS Basic,2013-04-05,2013-04-08,438.88,413.87,202,-5050.54,207.1,-5257.64,-5.93,RSI Stop <30,bull,3,41.4,25.5,62.8,80.4,Asian Paints
GFS Basic,2013-04-26,2013-05-02,420.21,423.27,199,608.65,201.78,406.86,0.49,RSI Target 60,bull,6,42.5,75.6,63.0,73.5,Asian Paints
GFS Basic,2013-06-04,2013-06-11,435.57,405.15,193,-5870.73,196.06,-6066.79,-7.22,RSI Stop <30,bull,7,37.8,22.2,57.8,74.4,Asian Paints
GFS Basic,2013-11-21,2013-11-27,486.1,456.45,161,-4773.58,184.3,-4957.88,-6.34,RSI Stop <30,bull,6,41.7,28.5,69.7,68.2,Asian Paints
GFS Basic,2013-12-04,2013-12-09,465.69,456.36,158,-1473.78,177.31,-1651.09,-2.24,RSI Stop <30,bull,5,36.6,23.9,68.2,61.5,Asian Paints
GFS Basic,2013-12-11,2013-12-13,459.85,446.82,157,-2045.62,173.65,-2219.27,-3.07,RSI Stop <30,bull,2,38.3,13.5,64.6,61.5,Asian Paints
GFS Basic,2013-12-18,2014-02-11,447.54,438.0,156,-1487.56,168.94,-1656.49,-2.37,RSI Target 60,bull,55,39.9,60.8,30.4,54.5,Asian Paints
GFS Basic,2014-08-18,2014-08-20,570.17,558.21,120,-1435.44,165.89,-1601.33,-2.34,RSI Stop <30,bull,2,38.3,29.0,70.2,63.0,Asian Paints
GFS Basic,2014-08-21,2014-08-25,565.06,551.01,118,-1658.23,161.79,-1820.02,-2.73,RSI Stop <30,bull,4,37.9,29.2,66.1,63.0,Asian Paints
GFS Basic,2014-08-28,2014-09-01,565.2,573.98,115,1009.28,160.82,848.46,1.31,RSI Target 60,bull,4,43.6,61.3,67.4,64.6,Asian Paints
GFS Basic,2014-09-25,2014-10-20,586.94,591.79,112,543.25,161.98,381.27,0.58,RSI Target 60,bull,25,42.8,62.2,64.1,62.2,Asian Paints
GFS Basic,2015-02-04,2015-03-17,756.03,759.75,88,327.55,163.52,164.03,0.25,RSI Target 60,bull,41,41.5,61.4,53.3,79.1,Asian Paints
GFS Basic,2015-08-27,2015-09-03,798.62,759.68,83,-3231.91,159.28,-3391.19,-5.12,RSI Stop <30,bull,7,35.8,29.9,63.2,72.0,Asian Paints
GFS Basic,2016-02-15,2016-03-10,805.5,824.51,78,1482.55,156.49,1326.06,2.11,RSI Target 60,bull,24,43.6,68.4,51.9,59.5,Asian Paints
GFS Basic,2016-06-22,2016-06-27,918.99,902.61,70,-1147.28,157.1,-1304.37,-2.03,RSI Stop <30,bull,5,35.4,29.1,69.3,67.7,Asian Paints
GFS Basic,2016-06-28,2016-07-11,920.8,951.24,69,2100.28,158.7,1941.58,3.06,RSI Target 60,bull,13,36.3,64.3,75.5,76.0,Asian Paints
GFS Basic,2016-08-18,2016-09-06,1045.76,1115.54,62,4326.3,163.9,4162.41,6.42,RSI Target 60,bull,19,43.2,70.2,77.2,84.8,Asian Paints
GFS Basic,2016-09-29,2016-10-03,1113.74,1105.21,62,-528.51,168.23,-696.74,-1.01,RSI Target 60,bull,4,44.8,62.1,76.3,80.8,Asian Paints
GFS Basic,2016-10-19,2016-10-27,1106.64,1005.58,62,-6266.11,161.31,-6427.42,-9.37,RSI Stop <30,bull,8,43.8,21.1,66.5,80.8,Asian Paints
GFS Basic,2017-04-10,2017-04-28,1013.22,1040.58,61,1668.9,154.41,1514.49,2.45,RSI Target 60,sideways,18,42.5,61.4,77.1,63.2,Asian Paints
GFS Basic,2017-05-23,2017-06-09,1057.79,1073.36,60,934.01,157.34,776.67,1.22,RSI Target 60,bull,17,44.7,63.4,76.1,67.5,Asian Paints
GFS Basic,2017-06-27,2017-06-30,1089.82,1031.19,59,-3459.44,154.64,-3614.08,-5.62,RSI Stop <30,bull,3,44.7,27.2,59.1,64.5,Asian Paints
GFS Basic,2017-09-26,2017-09-29,1135.63,1058.07,54,-4188.57,147.27,-4335.84,-7.07,RSI Stop <30,bull,3,40.5,18.2,47.1,61.1,Asian Paints
GFS Basic,2018-06-04,2018-07-05,1228.74,1244.05,46,704.05,141.67,562.38,0.99,RSI Target 60,bull,31,40.5,62.3,80.4,65.0,Asian Paints
GFS Basic,2018-08-16,2018-08-30,1335.11,1298.0,43,-1595.73,141.26,-1736.99,-3.03,RSI Stop <30,bull,14,36.3,27.8,66.1,73.0,Asian Paints
GFS Basic,2019-01-25,2019-02-01,1335.29,1375.19,42,1676.07,141.7,1534.37,2.74,RSI Target 60,bull,7,42.6,65.8,80.3,66.0,Asian Paints
GFS Basic,2019-02-25,2019-02-27,1329.86,1326.59,43,-140.34,142.26,-282.61,-0.49,RSI Stop <30,bull,2,35.9,29.5,60.1,66.0,Asian Paints
GFS Basic,2019-03-05,2019-03-06,1339.49,1315.27,42,-1017.42,139.3,-1156.72,-2.06,RSI Stop <30,bull,1,38.3,28.7,60.3,64.9,Asian Paints
GFS Basic,2019-04-10,2019-05-10,1393.29,1265.58,40,-5108.39,133.89,-5242.28,-9.41,RSI Stop <30,bull,30,42.1,22.1,37.1,68.8,Asian Paints
GFS Basic,2019-09-04,2019-09-23,1528.74,1710.48,33,5997.28,133.65,5863.63,11.62,RSI Target 60,bull,19,40.6,69.6,72.7,66.9,Asian Paints
GFS Basic,2019-11-15,2019-11-20,1712.74,1638.31,33,-2456.21,138.39,-2594.6,-4.59,RSI Stop <30,bull,5,42.7,28.4,64.3,72.5,Asian Paints
GFS Basic,2020-02-28,2020-03-19,1762.22,1528.17,30,-7021.48,125.54,-7147.02,-13.52,RSI Stop <30,bull,20,37.2,28.9,57.2,73.7,Asian Paints
GFS Basic,2020-07-14,2020-07-20,1655.52,1671.71,28,453.38,118.81,334.57,0.72,RSI Target 60,bear,6,38.5,61.4,54.5,61.6,Asian Paints
GFS Basic,2020-09-24,2020-10-06,1902.82,1996.44,25,2340.54,123.47,2217.07,4.66,RSI Target 60,bull,12,44.4,60.2,79.8,72.0,Asian Paints
GFS Basic,2020-11-18,2020-12-02,2127.8,2215.56,23,2018.35,126.18,1892.17,3.87,RSI Target 60,bull,14,44.6,70.4,72.7,71.8,Asian Paints
GFS Basic,2021-01-15,2021-01-25,2620.75,2405.08,19,-4097.83,121.74,-4219.57,-8.47,RSI Stop <30,bull,10,40.6,29.2,73.7,80.8,Asian Paints
GFS Basic,2021-02-12,2021-03-19,2432.43,2306.83,19,-2386.49,115.56,-2502.06,-5.41,RSI Target 60,bull,35,39.0,63.8,45.6,63.4,Asian Paints
GFS Basic,2021-07-09,2021-07-20,2943.95,3037.2,15,1398.73,114.92,1283.81,2.91,RSI Target 60,bull,11,41.9,72.6,72.6,76.3,Asian Paints
GFS Basic,2021-07-30,2021-08-10,2925.62,2862.32,15,-949.53,111.87,-1061.4,-2.42,RSI Stop <30,bull,11,44.0,25.5,75.9,77.7,Asian Paints
GFS Basic,2021-08-13,2021-08-20,2872.98,2992.88,15,1798.55,112.96,1685.58,3.91,RSI Target 60,bull,7,37.7,70.5,73.1,77.7,Asian Paints
GFS Basic,2021-09-30,2021-10-25,3254.52,2805.5,14,-6286.26,110.07,-6396.34,-14.04,RSI Stop <30,bull,25,39.8,26.9,49.8,79.8,Asian Paints
GFS Basic,2023-08-01,2023-08-07,3309.88,3262.65,12,-566.72,103.01,-669.73,-1.69,RSI Stop <30,bull,6,42.3,25.2,71.7,61.5,Asian Paints
GFS Advanced,2011-07-28,2011-08-02,280.06,269.59,339,-3548.88,222.63,-3771.51,-3.97,Price < 50 EMA,bull,5,43.1,36.9,68.9,72.5,Asian Paints
GFS Advanced,2013-01-17,2013-01-31,388.79,403.01,235,3341.5,221.83,3119.67,3.41,RSI Target 60,bull,14,43.0,68.2,72.9,77.3,Asian Paints
GFS Advanced,2013-04-26,2013-05-02,420.21,423.27,224,685.11,225.21,459.9,0.49,RSI Target 60,bull,6,42.5,75.6,63.0,73.5,Asian Paints
GFS Advanced,2014-08-28,2014-09-01,565.2,573.98,167,1465.65,226.6,1239.05,1.31,RSI Target 60,bull,4,43.6,61.3,67.4,64.6,Asian Paints
GFS Advanced,2014-09-30,2014-10-16,579.99,571.96,165,-1324.52,226.62,-1551.14,-1.62,Price < 50 EMA,bull,16,41.5,45.9,64.9,62.2,Asian Paints
GFS Advanced,2019-03-05,2019-03-06,1339.49,1315.27,70,-1695.7,221.94,-1917.64,-2.05,RSI Stop <30,bull,1,38.3,28.7,60.3,64.9,Asian Paints
GFS Advanced,2019-09-11,2019-09-23,1467.39,1710.48,63,15314.7,236.63,15078.07,16.31,RSI Target 60,bull,12,41.9,69.6,72.7,66.9,Asian Paints
GFS Advanced,2020-03-04,2020-03-13,1736.82,1715.71,61,-1287.71,249.43,-1537.14,-1.45,Price < 50 EMA,bull,9,43.2,44.1,57.2,73.7,Asian Paints
GFS Advanced,2021-01-19,2021-01-25,2508.9,2405.08,42,-4360.51,244.97,-4605.48,-4.37,RSI Stop <30,bull,6,41.1,29.2,73.7,80.8,Asian Paints
GFS Basic,2006-04-12,2006-04-17,784.88,762.31,121,-2730.96,223.54,-2954.51,-3.11,RSI Target 60,bull,5,42.2,61.4,68.6,85.3,Maruti
GFS Basic,2006-05-18,2006-05-19,792.59,677.38,116,-13364.2,205.79,-13569.99,-14.76,RSI Stop <30,bull,1,37.7,29.7,51.4,85.9,Maruti
GFS Basic,2006-10-23,2006-10-31,829.02,840.35,95,1075.89,191.46,884.43,1.12,RSI Target 60,bull,8,40.7,61.3,81.5,76.8,Maruti
GFS Basic,2006-11-07,2006-11-16,849.01,775.59,94,-6901.89,185.53,-7087.41,-8.88,RSI Stop <30,bull,9,43.5,25.6,65.4,76.8,Maruti
GFS Basic,2007-11-01,2007-11-06,986.8,848.8,74,-10211.92,167.02,-10378.95,-14.21,RSI Stop <30,bull,5,41.4,29.4,63.7,65.2,Maruti
GFS Basic,2007-11-07,2007-12-11,894.93,941.01,71,3272.13,159.92,3112.2,4.9,RSI Target 60,bull,34,35.5,81.3,60.8,52.9,Maruti
GFS Basic,2009-06-30,2009-07-08,950.98,969.78,69,1297.31,162.49,1134.81,1.73,RSI Target 60,bull,8,41.2,64.3,83.6,65.9,Maruti
GFS Basic,2009-08-17,2009-08-27,1219.77,1249.17,55,1616.71,166.09,1450.62,2.16,RSI Target 60,bull,10,40.3,63.3,81.6,74.0,Maruti
GFS Basic,2009-10-20,2009-10-22,1372.29,1315.51,50,-2838.81,164.87,-3003.68,-4.38,RSI Stop <30,bull,2,38.2,21.8,67.8,88.5,Maruti
GFS Basic,2009-10-26,2009-11-18,1356.39,1375.64,48,923.73,160.97,762.76,1.17,RSI Target 60,bull,23,36.7,68.8,60.1,72.3,Maruti
GFS Basic,2012-12-11,2012-12-20,1369.43,1365.06,48,-210.09,161.19,-371.28,-0.56,RSI Target 60,bull,9,41.9,62.1,79.0,64.0,Maruti
GFS Basic,2013-05-27,2013-06-04,1597.3,1388.99,41,-8540.74,152.01,-8692.75,-13.27,RSI Stop <30,bull,8,44.1,21.2,61.1,58.2,Maruti
GFS Basic,2014-07-21,2014-08-01,2308.39,2335.7,25,682.95,144.28,538.67,0.93,RSI Target 60,bull,11,44.5,61.8,72.8,72.3,Maruti
GFS Basic,2014-10-13,2014-10-22,2719.59,2882.16,21,3413.8,145.78,3268.02,5.72,RSI Target 60,bull,9,41.8,64.8,79.4,87.3,Maruti
GFS Basic,2014-12-26,2015-01-07,3105.51,3118.51,19,246.96,146.71,100.25,0.17,RSI Target 60,bull,12,42.5,67.6,70.5,89.0,Maruti
GFS Basic,2015-02-05,2015-03-02,3299.83,3366.79,18,1205.27,148.57,1056.7,1.78,RSI Target 60,bull,25,39.3,70.8,64.3,88.3,Maruti
GFS Basic,2015-03-25,2015-03-26,3300.74,3230.72,19,-1330.37,153.32,-1483.69,-2.37,RSI Stop <30,bull,1,36.3,29.4,63.7,88.3,Maruti
GFS Basic,2015-03-27,2015-04-15,3289.8,3338.49,18,876.44,147.83,728.61,1.23,RSI Target 60,bull,19,40.6,60.6,67.2,93.5,Maruti
GFS Basic,2015-04-21,2015-04-22,3312.91,3141.37,18,-3087.72,144.65,-3232.37,-5.42,RSI Stop <30,bull,1,36.9,27.2,61.1,93.5,Maruti
GFS Basic,2015-07-10,2015-07-15,3603.03,3766.57,16,2616.62,146.15,2470.47,4.29,RSI Target 60,bull,5,43.0,62.6,62.7,97.3,Maruti
GFS Basic,2015-08-24,2015-09-01,4189.58,3706.36,14,-6765.13,138.67,-6903.79,-11.77,RSI Stop <30,bull,8,37.2,26.6,66.7,90.8,Maruti
GFS Basic,2015-10-16,2015-10-27,4009.42,4103.83,13,1227.38,132.43,1094.95,2.1,RSI Target 60,bull,11,43.5,60.0,55.6,92.4,Maruti
GFS Basic,2015-12-07,2015-12-11,4233.08,4089.0,13,-1873.06,135.68,-2008.74,-3.65,RSI Stop <30,bull,4,43.5,20.7,62.2,81.8,Maruti
GFS Basic,2015-12-14,2015-12-30,4136.25,4186.14,13,648.56,135.5,513.07,0.95,RSI Target 60,bull,16,35.1,61.8,56.4,81.8,Maruti
GFS Basic,2016-08-23,2016-08-31,4473.33,4643.89,12,2046.67,136.74,1909.93,3.56,RSI Target 60,bull,8,36.5,72.0,82.8,61.8,Maruti
GFS Basic,2016-11-09,2016-11-11,5271.58,4717.95,10,-5536.32,126.74,-5663.07,-10.74,RSI Stop <30,bull,2,37.1,25.0,55.3,67.5,Maruti
GFS Basic,2017-02-21,2017-03-17,5630.09,5690.49,9,543.57,128.5,415.07,0.82,RSI Target 60,bull,24,43.1,63.3,79.0,62.6,Maruti
GFS Basic,2017-04-03,2017-04-05,5556.73,5828.14,9,2442.66,129.0,2313.66,4.63,RSI Target 60,bull,2,43.9,63.5,72.8,70.0,Maruti
GFS Basic,2017-08-21,2017-09-01,7012.83,7250.66,7,1664.81,126.15,1538.66,3.13,RSI Target 60,bull,11,39.5,63.2,70.9,87.4,Maruti
GFS Basic,2017-09-27,2017-10-26,7413.76,7488.03,7,519.84,131.2,388.64,0.75,RSI Target 60,bull,29,39.8,65.8,57.6,86.6,Maruti
GFS Basic,2018-01-12,2018-01-18,8760.82,8695.17,6,-393.91,131.74,-525.64,-1.0,RSI Stop <30,bull,6,35.1,28.4,80.3,88.2,Maruti
GFS Basic,2018-01-25,2018-02-19,8844.39,8097.61,6,-4480.68,128.62,-4609.3,-8.69,RSI Stop <30,bull,25,40.1,23.4,63.1,95.4,Maruti
GFS Basic,2018-08-03,2018-08-13,8665.13,8428.02,5,-1185.58,110.39,-1295.96,-2.99,RSI Stop <30,bull,10,44.4,28.1,63.3,74.9,Maruti
GFS Basic,2018-08-20,2018-09-11,8704.19,7975.01,5,-3645.9,108.27,-3754.17,-8.63,RSI Stop <30,bull,22,42.2,28.7,49.6,69.8,Maruti
GFS Basic,2021-07-14,2021-07-15,7219.88,6999.8,6,-1320.45,110.23,-1430.68,-3.3,RSI Stop <30,sideways,1,37.9,26.4,60.2,73.0,Maruti
GFS Basic,2021-08-06,2021-08-24,6832.37,6558.74,6,-1641.8,104.73,-1746.53,-4.26,RSI Stop <30,sideways,18,42.3,24.0,53.1,64.0,Maruti
GFS Basic,2022-02-16,2022-03-02,8361.27,7533.41,5,-4139.31,103.95,-4243.26,-10.15,RSI Stop <30,bull,14,43.7,24.6,53.8,56.2,Maruti
GFS Basic,2022-08-23,2022-09-12,8516.56,8663.51,4,587.8,91.65,496.15,1.46,RSI Target 60,bull,20,42.7,64.2,78.1,64.4,Maruti
GFS Basic,2022-09-29,2022-10-13,8596.75,8393.64,4,-812.45,90.91,-903.36,-2.63,RSI Stop <30,bull,14,38.7,29.0,60.4,67.6,Maruti
GFS Basic,2023-06-22,2023-07-05,9264.09,9696.66,4,1730.28,99.48,1630.8,4.4,RSI Target 60,bull,13,44.6,67.5,78.1,67.4,Maruti
GFS Basic,2023-07-25,2023-08-14,9534.14,9130.98,4,-1612.63,98.41,-1711.04,-4.49,RSI Stop <30,bull,20,40.2,28.1,59.5,66.2,Maruti
GFS Basic,2023-10-03,2023-10-25,10497.02,10372.26,3,-374.27,84.93,-459.2,-1.46,RSI Target 60,bull,22,42.4,71.1,74.5,66.7,Maruti
GFS Basic,2023-11-01,2023-11-03,10285.72,10066.11,3,-658.83,83.22,-742.06,-2.4,RSI Stop <30,bull,2,43.1,29.8,63.1,62.1,Maruti
GFS Basic,2023-11-10,2023-11-20,10246.1,10350.13,3,312.07,83.97,228.1,0.74,RSI Target 60,bull,10,35.3,63.0,71.7,62.1,Maruti
GFS Basic,2024-03-14,2024-03-20,11329.83,11696.9,3,1101.22,92.01,1009.21,2.97,RSI Target 60,bull,6,42.4,73.1,64.6,77.3,Maruti
GFS Basic,2024-05-14,2024-05-24,12460.91,12734.54,3,820.87,99.26,721.61,1.93,RSI Target 60,bull,10,43.6,64.0,76.3,84.4,Maruti
GFS Basic,2024-05-31,2024-06-28,12560.53,11787.71,3,-2318.49,96.67,-2415.16,-6.41,RSI Stop <30,bull,28,42.7,20.9,45.9,83.2,Maruti
GFS Basic,2025-11-17,2025-11-24,15742.87,15950.02,2,414.31,85.73,328.57,1.04,RSI Target 60,bull,7,35.7,61.3,76.0,69.2,Maruti
GFS Advanced,2006-10-23,2006-10-31,829.02,840.35,114,1291.07,226.68,1064.38,1.13,RSI Target 60,bull,8,40.7,61.3,81.5,76.8,Maruti
GFS Advanced,2017-03-09,2017-03-17,5431.54,5690.49,17,4402.03,225.08,4176.95,4.52,RSI Target 60,bull,8,44.9,63.3,79.0,62.6,Maruti
GFS Advanced,2017-09-29,2017-10-18,7357.97,7224.44,13,-1735.9,226.09,-1961.99,-2.05,Price < 50 EMA,bull,19,40.8,53.0,66.0,86.6,Maruti
GFS Advanced,2023-11-02,2023-11-03,10219.23,10066.11,9,-1378.17,218.28,-1596.45,-1.74,RSI Stop <30,bull,1,38.8,29.8,63.1,62.1,Maruti
GFS Basic,2006-03-31,2006-04-12,4.22,4.14,22486,-1896.74,224.47,-2121.21,-2.23,RSI Target 60,bear,12,37.3,60.3,65.1,85.2,Bajaj Finance
GFS Basic,2006-04-17,2006-04-27,4.14,3.8,22465,-7712.49,213.97,-7926.46,-8.52,RSI Stop <30,bear,10,44.2,24.3,63.2,85.2,Bajaj Finance
GFS Basic,2009-10-23,2009-11-05,2.51,2.27,34016,-8097.17,196.84,-8294.01,-9.71,RSI Stop <30,bull,13,42.5,12.5,66.5,71.8,Bajaj Finance
GFS Basic,2009-11-12,2009-11-17,2.76,2.65,28135,-3055.8,184.55,-3240.36,-4.18,RSI Target 60,bull,5,35.1,69.6,63.6,71.8,Bajaj Finance
GFS Basic,2010-02-03,2010-02-04,3.07,2.64,24243,-10521.27,169.98,-10691.24,-14.35,RSI Stop <30,bull,1,35.1,25.0,62.5,88.1,Bajaj Finance
GFS Basic,2010-06-03,2010-06-14,4.19,4.13,15339,-997.92,157.27,-1155.19,-1.8,RSI Target 60,bull,11,39.5,65.7,78.5,93.4,Bajaj Finance
GFS Basic,2010-06-29,2010-07-05,4.19,4.35,15078,2390.8,158.35,2232.45,3.53,RSI Target 60,bull,6,35.0,64.3,82.2,93.3,Bajaj Finance
GFS Basic,2010-10-08,2010-10-13,7.21,7.12,9063,-825.86,159.72,-985.58,-1.51,RSI Target 60,bull,5,42.4,61.7,88.0,95.5,Bajaj Finance
GFS Basic,2010-10-18,2010-11-08,7.2,7.22,8944,187.14,158.68,28.46,0.04,RSI Target 60,bull,21,38.6,69.8,86.8,95.4,Bajaj Finance
GFS Basic,2011-04-27,2011-05-03,6.33,5.82,10175,-5201.21,153.16,-5354.37,-8.31,RSI Stop <30,sideways,6,40.9,18.1,60.2,75.9,Bajaj Finance
GFS Basic,2011-08-12,2011-09-06,6.42,5.68,9242,-6904.96,140.11,-7045.07,-11.87,RSI Stop <30,sideways,25,44.9,23.8,51.2,59.0,Bajaj Finance
GFS Basic,2012-04-25,2012-05-02,8.03,8.07,6561,307.68,132.7,174.98,0.33,RSI Target 60,bull,7,44.7,65.0,77.6,67.7,Bajaj Finance
GFS Basic,2012-05-04,2012-06-12,8.11,7.98,6519,-836.89,131.88,-968.77,-1.83,RSI Target 60,bull,39,39.8,76.6,66.0,61.5,Bajaj Finance
GFS Basic,2012-08-29,2012-09-03,9.99,9.63,5197,-1846.74,128.78,-1975.52,-3.81,RSI Stop <30,bull,5,42.1,29.0,77.8,77.3,Bajaj Finance
GFS Basic,2012-09-04,2012-09-06,9.69,9.6,5166,-418.24,126.09,-544.33,-1.09,RSI Stop <30,bull,2,36.9,29.5,77.8,77.3,Bajaj Finance
GFS Basic,2012-09-10,2012-09-17,9.87,10.3,5019,2187.04,127.66,2059.38,4.16,RSI Target 60,bull,7,40.4,61.7,79.7,77.3,Bajaj Finance
GFS Basic,2012-12-06,2012-12-14,12.71,11.88,4052,-3345.96,126.27,-3472.23,-6.74,RSI Stop <30,bull,8,41.7,18.6,73.1,89.3,Bajaj Finance
GFS Basic,2013-01-23,2013-02-04,12.96,12.24,3717,-2697.45,119.6,-2817.05,-5.85,RSI Stop <30,bull,12,42.3,25.8,50.5,89.4,Bajaj Finance
GFS Basic,2013-06-06,2013-06-11,13.98,14.15,3256,572.52,117.05,455.47,1.0,RSI Target 60,bull,5,42.0,62.9,63.8,80.9,Bajaj Finance
GFS Basic,2013-07-01,2013-07-11,13.47,13.87,3409,1341.7,118.79,1222.9,2.66,RSI Target 60,bull,10,41.1,60.2,67.6,73.8,Bajaj Finance
GFS Basic,2013-07-22,2013-07-29,13.26,11.58,3551,-5975.71,113.81,-6089.52,-12.93,RSI Stop <30,bull,7,40.2,29.3,55.4,73.8,Bajaj Finance
GFS Basic,2013-11-28,2013-12-03,13.55,14.06,3048,1558.27,108.74,1449.53,3.51,RSI Target 60,bull,5,44.9,61.6,66.7,59.1,Bajaj Finance
GFS Basic,2014-01-20,2014-01-21,15.17,15.28,2814,303.31,110.51,192.79,0.45,RSI Target 60,bull,1,44.8,60.3,87.2,60.9,Bajaj Finance
GFS Basic,2014-01-27,2014-02-24,15.18,14.6,2824,-1626.17,108.91,-1735.08,-4.05,RSI Target 60,bull,28,35.5,60.5,62.8,56.7,Bajaj Finance
GFS Basic,2014-04-22,2014-04-24,17.24,17.48,2391,573.03,107.52,465.51,1.13,RSI Target 60,bull,2,40.4,61.7,71.4,64.6,Bajaj Finance
GFS Basic,2014-05-14,2014-05-22,18.37,19.55,2268,2682.72,110.7,2572.03,6.17,RSI Target 60,bull,8,44.9,65.4,71.2,66.5,Bajaj Finance
GFS Basic,2014-06-23,2014-07-03,20.16,20.98,2188,1783.55,115.21,1668.35,3.78,RSI Target 60,bull,10,45.0,66.3,65.3,72.3,Bajaj Finance
GFS Basic,2014-12-05,2014-12-09,30.47,31.35,1499,1319.35,118.19,1201.16,2.63,RSI Target 60,bull,4,44.1,73.9,74.7,96.9,Bajaj Finance
GFS Basic,2015-03-10,2015-03-23,42.33,38.5,1106,-4237.41,114.98,-4352.39,-9.3,RSI Stop <30,bull,13,42.1,14.7,71.0,97.6,Bajaj Finance
GFS Basic,2015-07-13,2015-07-23,49.18,49.73,868,474.62,110.69,363.93,0.85,RSI Stop <30,bull,10,40.6,29.0,60.3,97.9,Bajaj Finance
GFS Basic,2015-08-20,2015-08-21,52.39,51.7,821,-564.44,110.33,-674.77,-1.57,RSI Stop <30,bull,1,37.5,25.2,65.4,97.9,Bajaj Finance
GFS Basic,2015-09-04,2015-09-14,50.76,49.81,835,-791.62,108.7,-900.33,-2.12,RSI Target 60,bull,10,38.3,61.9,61.4,86.6,Bajaj Finance
GFS Basic,2016-01-19,2016-02-05,57.86,64.8,718,4983.09,112.82,4870.27,11.72,RSI Target 60,bull,17,39.0,64.7,77.1,84.6,Bajaj Finance
GFS Basic,2016-02-23,2016-02-25,59.45,55.66,776,-2944.34,114.8,-3059.15,-6.63,RSI Stop <30,bull,2,37.4,21.8,60.9,84.6,Bajaj Finance
GFS Basic,2016-05-04,2016-05-11,69.2,72.59,625,2122.02,113.64,2008.38,4.64,RSI Target 60,bull,7,42.1,68.3,65.3,82.7,Bajaj Finance
GFS Basic,2016-06-23,2016-06-30,74.24,77.58,608,2030.57,117.74,1912.83,4.24,RSI Target 60,bull,7,39.8,68.2,65.4,87.5,Bajaj Finance
GFS Basic,2016-09-27,2016-09-29,110.78,100.7,424,-4274.89,115.29,-4390.18,-9.35,RSI Stop <30,bull,2,43.9,26.7,83.3,90.4,Bajaj Finance
GFS Basic,2016-10-17,2016-10-21,103.98,110.13,411,2531.2,112.92,2418.28,5.66,RSI Target 60,bull,4,39.6,77.1,70.8,84.7,Bajaj Finance
GFS Basic,2016-11-02,2016-11-08,105.93,95.51,426,-4439.82,111.02,-4550.84,-10.08,RSI Stop <30,bull,6,39.3,20.7,46.4,91.0,Bajaj Finance
GFS Basic,2017-03-06,2017-03-16,102.72,112.97,397,4068.28,110.17,3958.1,9.71,RSI Target 60,bull,10,44.5,67.3,72.2,73.2,Bajaj Finance
GFS Basic,2017-05-23,2017-06-08,126.74,132.21,351,1921.95,116.18,1805.77,4.06,RSI Target 60,bull,16,43.7,63.2,82.0,76.3,Bajaj Finance
GFS Basic,2017-09-28,2017-10-13,181.14,190.12,255,2288.42,120.35,2168.06,4.69,RSI Target 60,bull,15,43.0,62.3,87.6,79.7,Bajaj Finance
GFS Basic,2017-10-24,2017-11-02,180.94,176.21,267,-1262.07,121.38,-1383.45,-2.86,RSI Stop <30,bull,9,42.5,29.6,65.2,76.5,Bajaj Finance
GFS Basic,2017-11-06,2017-12-22,179.78,173.51,261,-1636.11,117.91,-1754.02,-3.74,RSI Target 60,bull,46,40.1,68.0,40.6,74.9,Bajaj Finance
GFS Basic,2018-04-27,2018-05-17,186.6,201.16,243,3538.37,119.76,3418.61,7.54,RSI Target 60,bull,20,39.4,72.3,71.8,81.9,Bajaj Finance
GFS Basic,2018-09-03,2018-09-12,288.42,252.95,168,-5959.88,116.84,-6076.72,-12.54,RSI Stop <30,bull,9,43.0,28.1,78.5,88.3,Bajaj Finance
GFS Basic,2019-01-09,2019-02-06,252.03,264.38,169,2087.4,112.15,1975.26,4.64,RSI Target 60,bull,28,35.9,63.7,71.0,66.4,Bajaj Finance
GFS Basic,2019-02-27,2019-03-06,261.4,269.79,171,1434.35,116.15,1318.2,2.95,RSI Target 60,bull,7,39.7,70.7,65.3,66.9,Bajaj Finance
GFS Basic,2019-05-08,2019-05-17,299.64,321.9,153,3405.02,120.74,3284.28,7.16,RSI Target 60,bull,9,40.1,63.1,69.5,74.5,Bajaj Finance
GFS Basic,2019-07-08,2019-07-22,367.21,317.14,133,-6659.28,116.96,-6776.25,-13.87,RSI Stop <30,bull,14,42.2,29.5,60.8,77.0,Bajaj Finance
GFS Basic,2019-08-22,2019-09-13,324.82,334.79,131,1306.21,111.25,1194.96,2.81,RSI Target 60,bull,22,42.6,72.2,47.2,65.3,Bajaj Finance
GFS Basic,2019-11-26,2019-12-02,405.71,385.89,107,-2120.22,109.61,-2229.82,-5.14,RSI Stop <30,bull,6,36.7,29.1,75.9,82.6,Bajaj Finance
GFS Basic,2019-12-11,2019-12-20,390.63,403.98,106,1414.44,108.82,1305.63,3.15,RSI Target 60,bull,9,41.6,71.5,69.8,82.6,Bajaj Finance
GFS Basic,2020-01-20,2020-01-24,414.79,409.73,103,-520.61,109.73,-630.35,-1.48,RSI Target 60,bull,4,42.9,73.7,52.5,82.2,Bajaj Finance
GFS Basic,2020-02-28,2020-03-02,470.81,425.97,89,-3991.03,104.32,-4095.35,-9.77,RSI Stop <30,bull,3,37.6,27.4,61.0,82.0,Bajaj Finance
GFS Basic,2021-06-30,2021-07-07,601.52,606.89,63,338.06,99.9,238.17,0.63,RSI Target 60,bull,7,43.8,62.3,64.9,79.8,Bajaj Finance
GFS Basic,2021-07-20,2021-07-22,601.06,607.57,64,416.89,101.25,315.64,0.82,RSI Target 60,bull,2,44.7,64.7,76.2,79.8,Bajaj Finance
GFS Basic,2021-10-27,2021-11-26,775.0,667.54,50,-5373.0,95.88,-5468.88,-14.11,RSI Stop <30,bull,30,38.9,28.4,52.2,81.5,Bajaj Finance
GFS Basic,2022-08-24,2022-09-14,714.28,736.54,47,1046.35,91.02,955.33,2.85,RSI Target 60,sideways,21,43.7,61.6,70.2,60.4,Bajaj Finance
GFS Basic,2025-05-08,2025-05-21,894.68,914.9,38,768.21,91.68,676.53,1.99,RSI Target 60,bull,13,43.6,65.1,63.6,66.1,Bajaj Finance
GFS Basic,2025-06-04,2025-06-09,913.26,960.27,38,1786.5,94.31,1692.2,4.88,RSI Target 60,bull,5,42.7,68.8,66.9,65.3,Bajaj Finance
GFS Basic,2025-06-19,2025-06-25,932.97,927.54,39,-211.78,95.97,-307.75,-0.85,RSI Target 60,bull,6,44.6,60.5,62.1,65.3,Bajaj Finance
GFS Basic,2025-06-27,2025-07-09,953.98,940.13,38,-526.19,95.35,-621.54,-1.71,RSI Target 60,bull,12,44.5,66.1,56.2,69.6,Bajaj Finance
GFS Basic,2025-07-16,2025-07-22,931.07,952.07,38,798.32,94.79,703.53,1.99,RSI Target 60,bull,6,38.1,61.6,60.3,69.6,Bajaj Finance
GFS Basic,2025-11-06,2025-11-13,1060.93,1004.9,34,-1905.12,93.52,-1998.64,-5.54,RSI Stop <30,bull,7,42.2,29.8,74.7,72.4,Bajaj Finance
GFS Basic,2025-11-17,2025-12-26,1020.41,999.5,34,-710.94,91.7,-802.64,-2.31,RSI Stop <30,bull,39,37.5,25.4,51.1,69.8,Bajaj Finance
GFS Advanced,2010-10-29,2010-11-08,6.97,7.22,13629,3451.78,230.01,3221.76,3.39,RSI Target 60,bull,10,42.7,69.8,86.8,95.4,Bajaj Finance
GFS Advanced,2014-05-19,2014-05-22,17.24,19.55,5688,13156.25,246.86,12909.39,13.17,RSI Target 60,bull,3,39.9,65.4,71.2,66.5,Bajaj Finance
GFS Advanced,2015-07-13,2015-07-23,49.18,49.73,2243,1226.47,261.74,964.73,0.87,RSI Stop <30,bull,10,40.6,29.0,60.3,97.9,Bajaj Finance
GFS Advanced,2016-01-21,2016-02-05,55.2,64.8,2015,19350.82,282.55,19068.28,17.14,RSI Target 60,bull,15,38.0,64.7,77.1,84.6,Bajaj Finance
GFS Advanced,2017-09-28,2017-10-13,181.14,190.12,714,6407.57,309.38,6098.19,4.71,RSI Target 60,bull,15,43.0,62.3,87.6,79.7,Bajaj Finance
GFS Advanced,2017-10-27,2017-10-30,172.08,175.64,785,2791.69,318.4,2473.29,1.83,Price < 50 EMA,bull,3,37.1,33.0,65.2,79.7,Bajaj Finance
GFS Advanced,2019-05-09,2019-05-14,294.49,281.01,466,-6278.46,313.78,-6592.24,-4.8,Price < 50 EMA,bull,5,44.7,39.8,62.0,74.5,Bajaj Finance
GFS Advanced,2025-11-27,2025-12-09,1013.31,1016.19,129,372.2,306.19,66.01,0.05,Price < 50 EMA,bull,12,43.9,52.8,70.0,69.8,Bajaj Finance
GFS Basic,2011-05-25,2011-06-08,171.13,176.28,555,2858.16,229.35,2628.81,2.77,RSI Target 60,bull,14,35.2,60.3,68.8,79.9,Nestle
GFS Basic,2011-06-30,2011-07-04,169.79,187.02,574,9892.8,242.15,9650.65,9.9,RSI Target 60,bull,4,44.5,64.9,72.8,79.4,Nestle
GFS Basic,2011-07-22,2011-08-26,184.98,184.67,576,-178.14,251.92,-430.06,-0.4,RSI Target 60,bull,35,40.1,60.4,59.7,80.6,Nestle
GFS Basic,2011-09-23,2011-09-27,180.21,177.7,589,-1479.39,249.67,-1729.06,-1.63,RSI Stop <30,bull,4,37.6,30.0,60.8,80.8,Nestle
GFS Basic,2011-09-28,2011-10-19,180.55,173.88,579,-3860.24,243.64,-4103.88,-3.93,RSI Stop <30,bull,21,36.0,29.0,47.2,75.3,Nestle
GFS Basic,2011-11-23,2011-12-01,184.32,177.36,546,-3803.44,235.03,-4038.48,-4.01,RSI Stop <30,bull,8,40.4,27.3,50.3,70.3,Nestle
GFS Basic,2012-04-30,2012-05-09,203.56,189.15,475,-6842.04,223.1,-7065.14,-7.31,RSI Stop <30,bull,9,44.5,17.2,61.2,84.5,Nestle
GFS Basic,2012-05-14,2012-05-16,195.1,194.12,462,-452.84,215.16,-668.0,-0.74,RSI Stop <30,bull,2,36.0,27.4,62.8,84.5,Nestle
GFS Basic,2012-11-19,2012-11-27,203.75,197.42,439,-2782.02,211.22,-2993.24,-3.35,RSI Stop <30,bull,8,41.8,24.7,55.2,60.1,Nestle
GFS Basic,2013-01-11,2013-01-22,213.62,201.6,405,-4866.51,202.54,-5069.06,-5.86,RSI Stop <30,bull,11,44.8,24.3,55.9,70.7,Nestle
GFS Basic,2013-06-10,2013-06-20,229.05,217.17,357,-4239.86,192.65,-4432.51,-5.42,RSI Stop <30,bull,10,39.0,25.3,64.1,64.5,Nestle
GFS Basic,2013-08-01,2013-08-06,229.96,220.64,337,-3139.19,184.29,-3323.48,-4.29,RSI Stop <30,bull,5,42.8,20.9,66.8,63.4,Nestle
GFS Basic,2013-11-22,2013-11-26,242.01,229.37,307,-3879.78,176.42,-4056.2,-5.46,RSI Stop <30,bull,4,43.9,28.0,66.4,62.6,Nestle
GFS Basic,2013-11-27,2013-11-28,238.07,226.16,296,-3525.0,168.27,-3693.28,-5.24,RSI Stop <30,bull,1,41.5,26.4,66.4,62.6,Nestle
GFS Basic,2014-09-23,2014-11-03,266.54,278.19,251,2925.26,167.03,2758.23,4.12,RSI Target 60,bull,41,42.9,66.8,71.1,68.9,Nestle
GFS Basic,2014-11-27,2014-12-08,280.54,277.37,248,-787.32,169.12,-956.45,-1.37,RSI Target 60,bull,11,39.9,60.8,56.5,65.0,Nestle
GFS Basic,2015-02-06,2015-03-03,308.94,310.66,222,380.95,168.14,212.81,0.31,RSI Target 60,bull,25,44.2,63.1,65.1,75.1,Nestle
GFS Basic,2015-03-25,2015-03-26,315.08,299.67,219,-3374.68,165.17,-3539.86,-5.13,RSI Stop <30,bull,1,35.0,28.6,70.8,75.1,Nestle
GFS Basic,2015-04-06,2015-04-27,309.38,299.8,212,-2031.72,158.98,-2190.7,-3.34,RSI Stop <30,bull,21,42.2,24.1,47.2,78.8,Nestle
GFS Basic,2017-04-18,2017-04-24,288.87,279.63,220,-2032.04,154.45,-2186.5,-3.44,RSI Stop <30,bear,6,41.6,21.0,64.1,60.4,Nestle
GFS Basic,2017-05-18,2017-06-05,292.7,300.34,210,1605.64,153.59,1452.05,2.36,RSI Target 60,bull,18,39.7,69.5,57.8,60.2,Nestle
GFS Basic,2017-06-23,2017-07-04,306.14,306.27,205,26.2,154.82,-128.62,-0.2,RSI Target 60,bull,11,42.2,61.6,61.7,61.4,Nestle
GFS Basic,2017-07-25,2017-08-08,307.17,299.55,204,-1554.32,152.97,-1707.29,-2.72,RSI Stop <30,bull,14,42.7,25.3,52.7,58.2,Nestle
GFS Basic,2017-11-02,2017-11-06,331.33,340.48,184,1684.19,152.55,1531.63,2.51,RSI Target 60,bull,4,43.0,67.8,66.9,62.2,Nestle
GFS Basic,2017-11-27,2017-11-28,342.52,336.15,182,-1159.38,152.66,-1312.04,-2.1,RSI Stop <30,bull,1,37.9,26.4,68.9,62.2,Nestle
GFS Basic,2017-11-30,2017-12-08,339.68,355.13,180,2779.92,154.08,2625.83,4.29,RSI Target 60,bull,8,42.6,63.5,70.6,68.3,Nestle
GFS Basic,2018-01-02,2018-01-24,356.09,341.84,179,-2551.42,154.33,-2705.75,-4.24,RSI Stop <30,bull,22,44.3,29.3,60.4,65.3,Nestle
GFS Basic,2018-05-10,2018-05-14,413.21,430.91,148,2620.09,153.95,2466.15,4.03,RSI Target 60,bull,4,44.9,67.4,85.9,89.7,Nestle
GFS Basic,2018-06-28,2018-07-06,461.66,449.66,137,-1642.79,154.18,-1796.97,-2.84,RSI Target 60,bull,8,44.8,65.2,86.9,89.8,Nestle
GFS Basic,2018-09-05,2018-09-12,514.55,469.11,120,-5452.38,146.9,-5599.27,-9.07,RSI Stop <30,bull,7,40.6,27.3,58.3,93.0,Nestle
GFS Basic,2019-01-07,2019-01-15,510.3,513.6,110,363.26,140.45,222.81,0.4,RSI Target 60,bull,8,40.5,61.6,71.3,73.3,Nestle
GFS Basic,2019-02-11,2019-02-14,535.46,483.84,106,-5471.63,135.79,-5607.43,-9.88,RSI Stop <30,bull,3,37.3,24.3,63.1,73.3,Nestle
GFS Basic,2019-07-10,2019-08-09,541.2,557.97,95,1592.84,131.24,1461.6,2.84,RSI Target 60,bull,30,43.4,76.1,75.0,62.8,Nestle
GFS Basic,2019-11-08,2019-11-11,688.77,656.37,76,-2462.3,129.11,-2591.4,-4.95,RSI Stop <30,bull,3,39.4,25.9,80.0,68.8,Nestle
GFS Basic,2019-11-14,2019-11-18,667.33,655.3,75,-901.57,125.62,-1027.19,-2.05,RSI Stop <30,bull,4,36.9,29.7,73.9,68.8,Nestle
GFS Basic,2019-11-25,2019-12-02,665.99,677.27,74,834.49,125.72,708.77,1.44,RSI Target 60,bull,7,40.6,66.1,71.1,79.7,Nestle
GFS Basic,2019-12-13,2019-12-20,665.38,693.93,75,2141.27,128.45,2012.82,4.03,RSI Target 60,bull,7,45.0,60.7,72.1,79.7,Nestle
GFS Basic,2020-01-10,2020-01-16,686.06,717.13,75,2330.1,132.09,2198.01,4.27,RSI Target 60,bull,6,44.6,68.3,66.1,79.6,Nestle
GFS Basic,2020-02-28,2020-03-12,763.94,726.97,70,-2588.09,131.49,-2719.58,-5.09,RSI Stop <30,bull,13,40.0,29.6,68.6,79.7,Nestle
GFS Basic,2020-05-07,2020-05-21,823.61,761.06,62,-3878.04,124.79,-4002.83,-7.84,RSI Stop <30,bull,14,40.7,27.7,50.6,90.7,Nestle
GFS Basic,2021-01-04,2021-01-25,875.93,822.86,54,-2865.99,117.48,-2983.47,-6.31,RSI Stop <30,bull,21,44.9,24.7,72.3,71.6,Nestle
GFS Basic,2021-09-23,2021-09-30,959.34,923.78,46,-1635.66,111.71,-1747.36,-3.96,RSI Stop <30,bull,7,42.2,19.4,73.9,64.8,Nestle
GFS Basic,2021-10-18,2021-10-25,923.91,888.19,46,-1643.2,108.08,-1751.28,-4.12,RSI Stop <30,bull,7,43.2,28.9,61.6,64.8,Nestle
GFS Basic,2021-11-08,2021-11-15,906.43,930.74,45,1093.8,107.11,986.69,2.42,RSI Target 60,bull,7,43.7,69.5,62.3,66.3,Nestle
GFS Basic,2022-08-26,2022-09-16,951.14,883.83,44,-2961.62,105.27,-3066.88,-7.33,RSI Stop <30,bull,21,39.6,27.3,65.8,63.0,Nestle
GFS Basic,2022-09-27,2022-10-07,908.07,927.86,43,851.2,102.99,748.21,1.92,RSI Target 60,bull,10,37.4,74.0,65.9,58.0,Nestle
GFS Basic,2023-05-22,2023-05-25,1059.48,1042.63,38,-640.03,104.14,-744.17,-1.85,RSI Stop <30,bull,3,40.6,20.1,77.4,69.1,Nestle
GFS Basic,2023-05-29,2023-06-07,1051.16,1085.98,37,1288.21,103.1,1185.12,3.05,RSI Target 60,bull,9,39.2,65.0,82.8,70.1,Nestle
GFS Basic,2023-07-26,2023-08-09,1124.6,1078.73,36,-1651.28,103.59,-1754.87,-4.33,RSI Stop <30,bull,14,42.8,29.9,59.1,72.4,Nestle
GFS Basic,2023-11-29,2023-12-05,1185.88,1201.73,32,507.28,100.19,407.09,1.07,RSI Target 60,bull,6,39.5,65.4,78.3,75.2,Nestle
GFS Basic,2024-01-17,2024-01-19,1249.87,1227.74,31,-685.89,100.73,-786.62,-2.03,RSI Stop <30,bull,2,39.9,17.7,63.2,77.3,Nestle
GFS Advanced,2011-06-30,2011-07-04,169.79,187.02,559,9634.27,236.22,9398.05,9.9,RSI Target 60,bull,4,44.5,64.9,72.8,79.4,Nestle
GFS Advanced,2013-06-12,2013-06-20,222.98,217.17,466,-2705.97,243.43,-2949.4,-2.84,RSI Stop <30,bull,8,37.1,25.3,64.1,64.5,Nestle
GFS Advanced,2013-11-27,2013-11-28,238.07,226.16,424,-5049.33,234.41,-5283.74,-5.23,RSI Stop <30,bull,1,41.5,26.4,66.4,62.6,Nestle
GFS Advanced,2015-02-18,2015-03-03,318.67,310.66,301,-2411.76,225.98,-2637.74,-2.75,RSI Target 60,bull,13,43.5,63.1,65.1,75.1,Nestle
GFS Advanced,2017-05-18,2017-06-05,292.7,300.34,319,2439.04,225.35,2213.69,2.37,RSI Target 60,bull,18,39.7,69.5,57.8,60.2,Nestle
GFS Advanced,2017-11-30,2017-12-08,339.68,355.13,281,4339.76,231.94,4107.82,4.3,RSI Target 60,bull,8,42.6,63.5,70.6,68.3,Nestle
GFS Advanced,2018-01-02,2018-01-19,356.09,345.79,279,-2874.6,233.13,-3107.73,-3.13,Price < 50 EMA,bull,17,44.3,34.6,60.4,65.3,Nestle
GFS Advanced,2019-12-13,2019-12-20,665.38,693.93,145,4139.79,234.02,3905.77,4.05,RSI Target 60,bull,7,45.0,60.7,72.1,79.7,Nestle
GFS Advanced,2022-09-14,2022-09-16,926.17,883.83,108,-4572.34,232.87,-4805.21,-4.8,RSI Stop <30,bull,2,35.3,27.3,65.8,63.0,Nestle
GFS Advanced,2023-05-31,2023-06-07,1056.01,1085.98,90,2697.85,229.32,2468.53,2.6,RSI Target 60,bull,7,36.3,65.0,82.8,70.1,Nestle
GFS Basic,2006-04-10,2006-05-15,51.38,41.92,1848,-17475.08,208.22,-17683.31,-18.62,RSI Stop <30,bull,35,44.0,27.6,46.6,72.4,HCL Tech
GFS Basic,2006-09-06,2006-10-12,44.79,44.22,1745,-1006.15,187.99,-1194.14,-1.53,RSI Target 60,sideways,36,42.4,70.1,59.5,63.0,HCL Tech
GFS Basic,2006-11-17,2006-11-21,48.59,49.12,1585,827.38,187.35,640.03,0.83,RSI Target 60,bull,4,41.8,63.8,60.8,64.5,HCL Tech
GFS Basic,2006-12-11,2007-01-02,49.0,49.21,1585,320.06,188.26,131.79,0.17,RSI Target 60,bull,22,37.1,62.4,70.6,69.1,HCL Tech
GFS Basic,2007-01-08,2007-01-12,48.54,48.64,1602,151.62,188.29,-36.67,-0.05,RSI Target 60,bull,4,40.9,60.2,67.5,69.1,HCL Tech
GFS Basic,2007-02-12,2007-02-19,51.86,53.62,1499,2638.85,190.83,2448.02,3.15,RSI Target 60,bull,7,38.6,61.7,66.6,64.8,HCL Tech
GFS Basic,2007-07-04,2007-07-13,53.58,52.16,1494,-2116.97,191.02,-2307.99,-2.88,RSI Target 60,bull,9,41.9,60.0,65.9,63.7,HCL Tech
GFS Basic,2007-07-19,2007-07-30,52.99,47.92,1470,-7442.02,180.7,-7622.73,-9.79,RSI Stop <30,bull,11,35.4,28.6,41.4,63.7,HCL Tech
GFS Basic,2009-10-08,2009-10-12,55.0,51.38,1284,-4646.26,167.44,-4813.7,-6.82,RSI Stop <30,bull,4,43.4,29.1,73.6,69.1,HCL Tech
GFS Basic,2009-10-21,2009-10-29,53.62,52.8,1232,-1009.07,161.08,-1170.16,-1.77,RSI Target 60,bull,8,41.6,60.1,77.8,69.1,HCL Tech
GFS Basic,2009-11-03,2009-11-18,54.57,57.98,1190,4057.46,163.84,3893.62,6.0,RSI Target 60,bull,15,38.3,62.6,71.0,60.9,HCL Tech
GFS Basic,2010-01-25,2010-02-16,66.63,61.91,1030,-4856.24,162.8,-5019.04,-7.31,RSI Target 60,bull,22,42.3,73.3,61.3,76.6,HCL Tech
GFS Basic,2010-05-19,2010-06-14,69.35,65.49,921,-3558.66,153.59,-3712.25,-5.81,RSI Target 60,bull,26,44.7,62.0,52.8,82.3,HCL Tech
GFS Basic,2010-08-27,2010-09-20,72.63,72.64,831,4.02,149.47,-145.45,-0.24,RSI Target 60,bull,24,41.3,69.2,67.3,74.3,HCL Tech
GFS Basic,2010-10-22,2010-11-02,73.87,70.29,815,-2912.85,146.09,-3058.95,-5.08,RSI Stop <30,bull,11,40.2,30.0,65.6,65.7,HCL Tech
GFS Basic,2010-11-04,2010-11-08,71.13,70.22,806,-727.03,141.97,-869.0,-1.52,RSI Stop <30,bull,4,39.8,24.1,61.6,65.7,HCL Tech
GFS Basic,2011-02-08,2011-02-09,84.72,80.42,666,-2863.46,137.75,-3001.21,-5.32,RSI Stop <30,bull,1,40.7,27.9,71.4,74.1,HCL Tech
GFS Basic,2011-02-14,2011-02-22,82.53,79.95,650,-1674.83,132.81,-1807.64,-3.37,RSI Stop <30,bull,8,36.1,29.7,65.1,74.1,HCL Tech
GFS Basic,2011-02-28,2011-03-25,78.05,81.91,665,2566.06,133.33,2432.73,4.69,RSI Target 60,bull,25,37.1,61.4,57.9,61.1,HCL Tech
GFS Basic,2011-05-20,2011-06-03,88.97,89.4,609,259.31,136.01,123.3,0.23,RSI Target 60,bull,14,35.1,62.8,73.2,71.4,HCL Tech
GFS Basic,2011-06-24,2011-07-07,82.8,88.92,656,4008.99,140.2,3868.8,7.12,RSI Target 60,bull,13,41.2,69.2,59.2,64.6,HCL Tech
GFS Basic,2012-10-05,2012-10-15,106.32,103.75,545,-1404.39,142.65,-1547.04,-2.67,RSI Target 60,bull,10,43.3,62.2,76.5,61.2,HCL Tech
GFS Basic,2012-12-18,2013-01-11,114.04,115.38,496,666.74,141.72,525.02,0.93,RSI Target 60,bull,24,44.8,61.5,70.5,70.2,HCL Tech
GFS Basic,2013-02-06,2013-02-08,122.41,120.26,466,-1001.91,141.06,-1142.96,-2.0,RSI Stop <30,bull,2,36.6,29.2,61.7,83.8,HCL Tech
GFS Basic,2013-04-04,2013-05-17,145.0,129.54,386,-5966.86,133.53,-6100.38,-10.9,RSI Target 60,bull,43,39.0,61.7,55.5,72.8,HCL Tech
GFS Basic,2013-08-22,2013-08-29,164.58,183.1,304,5630.42,132.35,5498.07,10.99,RSI Target 60,bull,7,41.1,72.4,88.0,80.9,HCL Tech
GFS Basic,2013-10-24,2013-11-19,202.08,198.77,274,-904.88,137.44,-1042.32,-1.88,RSI Target 60,bull,26,41.9,64.3,70.5,86.0,HCL Tech
GFS Basic,2013-11-21,2013-12-09,201.29,206.11,270,1301.17,137.46,1163.71,2.14,RSI Target 60,bull,18,42.3,60.4,60.6,84.3,HCL Tech
GFS Basic,2014-02-07,2014-02-12,256.73,270.87,216,3054.83,141.73,2913.1,5.25,RSI Target 60,bull,5,43.9,65.4,77.4,88.8,HCL Tech
GFS Basic,2014-03-10,2014-03-19,273.73,255.03,212,-3963.86,140.18,-4104.04,-7.07,RSI Stop <30,bull,9,41.4,25.4,70.2,92.9,HCL Tech
GFS Basic,2014-04-01,2014-04-23,255.54,262.09,212,1388.69,137.16,1251.54,2.31,RSI Target 60,bull,22,40.1,60.0,60.4,78.7,HCL Tech
GFS Basic,2014-08-18,2014-08-22,289.86,292.83,191,567.14,138.95,428.2,0.77,RSI Target 60,bull,4,42.6,67.2,69.8,84.0,HCL Tech
GFS Basic,2014-09-17,2014-09-19,301.03,307.29,186,1165.01,140.97,1024.04,1.83,RSI Target 60,bull,2,41.8,61.1,76.1,84.7,HCL Tech
GFS Basic,2014-10-16,2014-10-17,316.69,276.44,179,-7205.38,133.84,-7339.22,-12.95,RSI Stop <30,bull,1,39.1,27.3,51.1,83.7,HCL Tech
GFS Basic,2015-03-20,2015-04-07,373.02,346.04,134,-3614.92,122.66,-3737.59,-7.48,RSI Stop <30,bull,18,38.4,27.9,70.0,69.6,HCL Tech
GFS Basic,2015-04-08,2015-04-22,354.34,324.84,131,-3863.79,114.48,-3978.27,-8.57,RSI Stop <30,bull,14,36.7,25.5,70.9,69.6,HCL Tech
GFS Basic,2015-04-24,2015-05-13,336.17,348.62,126,1567.6,111.09,1456.51,3.44,RSI Target 60,bull,19,39.8,63.3,54.9,57.8,HCL Tech
GFS Basic,2017-08-08,2017-08-11,353.03,343.85,124,-1138.66,111.43,-1250.1,-2.86,RSI Stop <30,bull,3,43.7,28.5,62.4,70.1,HCL Tech
GFS Basic,2017-08-17,2017-09-15,342.75,349.67,125,863.81,111.44,752.37,1.76,RSI Target 60,bull,29,39.9,61.3,56.9,67.6,HCL Tech
GFS Basic,2017-10-26,2017-10-30,364.59,329.68,119,-4154.89,107.44,-4262.33,-9.82,RSI Stop <30,bull,4,41.3,28.1,38.8,66.6,HCL Tech
GFS Basic,2018-02-12,2018-02-15,384.64,372.02,102,-1287.0,101.19,-1388.19,-3.54,RSI Stop <30,bull,3,43.9,25.6,68.2,70.8,HCL Tech
GFS Basic,2018-02-21,2018-03-12,366.65,383.09,104,1709.69,101.84,1607.85,4.22,RSI Target 60,bull,19,38.3,68.3,69.7,62.9,HCL Tech
GFS Basic,2018-03-19,2018-04-02,388.19,387.78,102,-41.59,103.28,-144.87,-0.37,RSI Target 60,bull,14,43.6,60.6,65.4,67.0,HCL Tech
GFS Basic,2018-05-03,2018-05-11,416.88,370.12,94,-4395.77,97.86,-4493.63,-11.47,RSI Stop <30,bull,8,38.3,26.4,42.9,69.9,HCL Tech
GFS Basic,2018-10-10,2018-10-11,429.43,401.15,82,-2318.88,91.18,-2410.06,-6.84,RSI Stop <30,bull,1,38.6,28.3,82.6,65.1,HCL Tech
GFS Basic,2019-03-01,2019-03-18,427.49,404.43,77,-1775.52,86.64,-1862.17,-5.66,RSI Stop <30,bull,17,44.4,29.1,62.7,61.0,HCL Tech
GFS Basic,2019-03-19,2019-03-28,415.5,432.23,75,1254.6,85.89,1168.71,3.75,RSI Target 60,bull,9,43.1,60.8,61.8,61.0,HCL Tech
GFS Basic,2020-02-26,2020-02-28,480.24,430.35,67,-3342.59,83.37,-3425.96,-10.65,RSI Stop <30,bull,2,42.5,18.7,45.6,63.2,HCL Tech
GFS Basic,2020-09-02,2020-09-14,569.3,643.99,51,3809.19,83.8,3725.39,12.83,RSI Target 60,bull,12,37.4,79.3,83.2,64.4,HCL Tech
GFS Basic,2020-11-04,2020-12-03,677.79,701.69,48,1147.22,88.82,1058.4,3.25,RSI Target 60,bull,29,38.1,61.7,70.1,70.9,HCL Tech
GFS Basic,2021-01-25,2021-02-01,821.2,758.56,40,-2505.4,85.74,-2591.14,-7.89,RSI Stop <30,bull,7,42.7,21.7,60.8,73.0,HCL Tech
GFS Basic,2021-02-05,2021-02-18,793.76,774.7,39,-743.18,83.36,-826.53,-2.67,RSI Target 60,bull,13,39.1,63.3,67.3,73.0,HCL Tech
GFS Basic,2021-02-22,2021-02-23,783.57,743.53,38,-1521.71,79.93,-1601.64,-5.38,RSI Stop <30,bull,1,35.6,30.0,69.8,73.0,HCL Tech
GFS Basic,2021-02-25,2021-03-15,752.04,810.86,38,2235.0,81.16,2153.84,7.54,RSI Target 60,bull,18,43.5,68.2,66.4,72.4,HCL Tech
GFS Basic,2021-10-12,2021-10-26,1109.42,984.04,27,-3385.32,78.39,-3463.71,-11.56,RSI Stop <30,bull,14,40.2,26.8,66.1,85.0,HCL Tech
GFS Basic,2021-11-02,2021-11-23,1005.84,938.33,27,-1822.64,73.8,-1896.43,-6.98,RSI Stop <30,bull,21,35.3,20.5,50.8,74.8,HCL Tech
GFS Basic,2023-07-20,2023-08-01,1065.93,1040.78,24,-603.7,71.56,-675.26,-2.64,RSI Target 60,bull,12,43.4,61.5,63.3,59.6,HCL Tech
GFS Basic,2023-10-13,2023-10-20,1142.53,1161.57,22,418.96,71.63,347.34,1.38,RSI Target 60,bull,7,43.8,62.8,66.9,72.4,HCL Tech
GFS Basic,2024-01-05,2024-01-10,1334.75,1377.07,19,804.07,72.53,731.54,2.88,RSI Target 60,bull,5,38.5,61.0,79.1,78.0,HCL Tech
GFS Basic,2024-03-01,2024-03-28,1561.91,1435.54,16,-2021.93,68.78,-2090.71,-8.37,RSI Stop <30,bull,27,44.3,27.6,58.2,88.1,HCL Tech
GFS Basic,2024-09-20,2024-09-27,1688.42,1717.51,14,407.17,68.29,338.89,1.43,RSI Target 60,bull,7,40.3,63.2,82.0,72.6,HCL Tech
GFS Basic,2024-10-03,2024-10-09,1732.58,1718.74,14,-193.77,69.04,-262.81,-1.08,RSI Target 60,bull,6,44.0,62.5,77.3,76.7,HCL Tech
GFS Basic,2024-10-31,2024-11-04,1788.91,1685.31,13,-1346.77,65.62,-1412.39,-6.07,RSI Stop <30,bull,4,36.4,27.5,61.2,74.7,HCL Tech
GFS Basic,2024-11-18,2024-11-22,1815.27,1814.8,12,-5.71,63.74,-69.45,-0.32,RSI Target 60,bull,4,43.5,74.8,69.7,74.7,HCL Tech
GFS Basic,2024-12-27,2025-01-10,1826.66,1907.24,12,966.94,65.05,901.89,4.11,RSI Target 60,bull,14,41.8,64.5,67.1,75.4,HCL Tech
GFS Basic,2025-01-14,2025-01-28,1925.51,1635.1,12,-3484.88,63.07,-3547.95,-15.36,RSI Stop <30,bull,14,40.9,26.9,47.8,75.4,HCL Tech
GFS Basic,2025-07-07,2025-07-10,1690.58,1625.1,12,-785.7,59.61,-845.3,-4.17,RSI Stop <30,sideways,3,44.5,28.8,61.9,68.4,HCL Tech
GFS Advanced,2009-10-21,2009-10-29,53.62,52.8,1771,-1450.55,224.84,-1675.39,-1.76,RSI Target 60,bull,8,41.6,60.1,77.8,69.1,HCL Tech
GFS Advanced,2018-02-21,2018-03-05,366.65,369.02,254,600.76,222.9,377.85,0.41,Price < 50 EMA,bull,12,38.3,39.3,63.5,62.9,HCL Tech
GFS Advanced,2019-03-15,2019-03-18,415.74,404.43,225,-2545.23,220.56,-2765.8,-2.96,RSI Stop <30,bull,3,38.8,29.1,62.7,61.0,HCL Tech
GFS Advanced,2021-10-19,2021-10-22,1065.55,1006.98,85,-4977.97,211.44,-5189.41,-5.73,Price < 50 EMA,bull,3,43.1,37.5,66.1,85.0,HCL Tech
GFS Advanced,2023-10-13,2023-10-20,1142.53,1161.57,75,1428.29,207.23,1221.06,1.42,RSI Target 60,bull,7,43.8,62.8,66.9,72.4,HCL Tech
GFS Advanced,2024-09-20,2024-09-27,1688.42,1717.51,51,1483.28,208.22,1275.06,1.48,RSI Target 60,bull,7,40.3,63.2,82.0,72.6,HCL Tech
GFS Advanced,2024-10-03,2024-10-09,1732.58,1718.74,51,-705.89,210.96,-916.85,-1.04,RSI Target 60,bull,6,44.0,62.5,77.3,76.7,HCL Tech
GFS Basic,2006-04-12,2006-04-18,48.51,50.33,1958,3564.77,230.11,3334.67,3.51,RSI Target 60,bull,6,44.3,61.5,60.2,79.7,Wipro
GFS Basic,2006-04-24,2006-05-18,49.57,44.75,1980,-9542.18,223.54,-9765.72,-9.95,RSI Stop <30,bull,24,37.4,25.1,57.4,75.5,Wipro
GFS Basic,2006-09-18,2006-09-29,45.82,46.76,1940,1829.52,214.75,1614.77,1.82,RSI Target 60,bull,11,42.0,66.8,61.7,64.8,Wipro
GFS Basic,2006-11-03,2006-11-07,48.42,47.3,1867,-2094.54,214.05,-2308.59,-2.55,RSI Stop <30,bull,4,43.3,29.7,64.0,68.8,Wipro
GFS Basic,2006-11-09,2006-11-20,47.89,49.4,1842,2783.49,214.23,2569.26,2.91,RSI Target 60,bull,11,35.5,67.6,64.3,68.8,Wipro
GFS Basic,2006-12-12,2006-12-29,52.1,53.98,1740,3265.31,220.16,3045.15,3.36,RSI Target 60,bull,17,37.4,60.5,67.6,72.0,Wipro
GFS Basic,2007-02-23,2007-03-23,60.81,53.21,1538,-11691.64,211.06,-11902.7,-12.73,RSI Target 60,bull,28,43.9,65.9,55.1,60.7,Wipro
GFS Basic,2009-10-22,2009-10-28,55.27,57.63,1488,3508.35,201.72,3306.63,4.02,RSI Target 60,bull,6,40.1,70.2,76.1,65.0,Wipro
GFS Basic,2010-01-27,2010-02-05,64.9,59.32,1315,-7345.88,197.38,-7543.26,-8.84,RSI Stop <30,bull,9,41.9,29.9,55.6,87.6,Wipro
GFS Basic,2010-10-22,2010-11-02,73.23,67.19,1068,-6446.39,182.45,-6628.84,-8.48,RSI Stop <30,bull,11,42.4,26.4,52.0,66.2,Wipro
GFS Basic,2013-10-24,2013-11-14,83.14,79.06,865,-3531.16,171.48,-3702.65,-5.15,RSI Target 60,bull,21,44.3,68.3,62.7,64.6,Wipro
GFS Basic,2014-02-07,2014-02-24,93.52,94.4,731,642.49,167.92,474.57,0.69,RSI Target 60,bull,17,44.0,66.7,78.7,71.7,Wipro
GFS Basic,2014-03-14,2014-03-19,94.03,89.08,732,-3621.74,164.54,-3786.28,-5.5,RSI Stop <30,bull,5,39.6,25.0,64.8,73.0,Wipro
GFS Basic,2014-03-21,2014-04-15,91.58,96.18,712,3280.14,163.63,3116.52,4.78,RSI Target 60,bull,25,37.1,61.6,54.0,64.0,Wipro
GFS Basic,2014-08-19,2014-08-22,90.59,91.86,753,956.41,167.91,788.5,1.16,RSI Target 60,bull,3,42.1,70.4,72.6,75.6,Wipro
GFS Basic,2015-03-11,2015-04-17,110.2,97.62,625,-7861.11,160.24,-8021.35,-11.65,RSI Stop <30,bull,37,42.6,22.4,56.6,57.6,Wipro
GFS Basic,2018-10-08,2018-10-23,112.65,106.07,544,-3580.08,147.8,-3727.89,-6.08,RSI Stop <30,bull,15,36.1,29.5,71.2,60.0,Wipro
GFS Basic,2018-10-25,2018-10-29,107.05,113.07,540,3249.89,147.16,3102.73,5.37,RSI Target 60,bull,4,43.8,60.1,68.8,60.0,Wipro
GFS Basic,2019-03-05,2019-03-18,130.33,118.19,466,-5654.65,144.44,-5799.08,-9.55,RSI Stop <30,bull,13,43.9,29.0,57.7,66.3,Wipro
GFS Basic,2019-06-24,2019-06-27,133.19,129.44,414,-1555.75,136.26,-1692.01,-3.07,RSI Stop <30,bull,3,36.6,24.8,62.5,70.7,Wipro
GFS Basic,2020-12-14,2020-12-18,166.01,167.48,323,474.64,134.98,339.66,0.63,RSI Target 60,bull,4,43.1,63.2,71.0,69.8,Wipro
GFS Basic,2021-02-01,2021-02-18,202.3,199.9,266,-637.17,134.25,-771.42,-1.43,RSI Target 60,bull,17,38.5,62.7,78.8,79.5,Wipro
GFS Basic,2021-02-22,2021-03-25,201.4,184.53,264,-4453.51,128.87,-4582.38,-8.62,RSI Stop <30,bull,31,42.3,24.8,64.1,77.0,Wipro
GFS Basic,2021-03-26,2021-04-08,190.28,204.13,256,3544.6,127.25,3417.34,7.02,RSI Target 60,bull,13,36.7,63.8,59.0,79.3,Wipro
GFS Basic,2021-06-30,2021-07-12,255.93,242.79,203,-2666.96,128.02,-2794.99,-5.38,RSI Stop <30,bull,12,44.8,21.9,77.3,95.6,Wipro
GFS Basic,2021-09-29,2021-10-01,302.22,293.77,163,-1377.58,123.38,-1500.96,-3.05,RSI Stop <30,bull,2,35.8,27.2,68.8,94.0,Wipro
GFS Basic,2021-10-07,2021-10-14,300.63,327.01,159,4195.52,125.9,4069.62,8.51,RSI Target 60,bull,7,37.9,60.1,74.3,94.0,Wipro
GFS Basic,2021-11-12,2021-12-16,300.3,297.49,172,-484.44,129.61,-614.06,-1.19,RSI Target 60,bull,34,38.2,61.1,46.9,93.6,Wipro
GFS Basic,2024-03-13,2024-03-19,245.02,231.82,209,-2758.37,126.27,-2884.65,-5.63,RSI Stop <30,bull,6,35.0,25.3,72.9,73.1,Wipro
GFS Basic,2024-03-21,2024-03-26,235.05,224.79,206,-2113.58,120.75,-2234.33,-4.61,RSI Stop <30,bull,5,36.6,26.5,59.7,73.1,Wipro
GFS Basic,2024-07-22,2024-08-02,271.94,235.24,170,-6238.16,111.6,-6349.76,-13.74,RSI Stop <30,bull,11,42.6,28.6,57.7,66.5,Wipro
GFS Basic,2024-09-09,2024-09-13,248.49,257.94,162,1530.72,106.38,1424.34,3.54,RSI Target 60,bull,4,44.6,62.2,62.6,70.6,Wipro
GFS Basic,2024-12-31,2025-01-09,290.18,273.87,144,-2348.87,105.76,-2454.63,-5.87,RSI Stop <30,bull,9,40.0,28.7,64.1,79.0,Wipro
GFS Basic,2025-01-13,2025-01-17,284.41,264.17,138,-2793.24,99.66,-2892.9,-7.37,RSI Stop <30,bull,4,35.3,30.0,58.8,79.0,Wipro
GFS Basic,2025-02-17,2025-02-20,298.81,299.37,122,68.48,96.42,-27.93,-0.08,RSI Target 60,bull,3,41.4,61.3,61.2,79.1,Wipro
GFS Basic,2025-02-21,2025-02-24,300.63,281.93,122,-2280.77,94.48,-2375.24,-6.48,RSI Stop <30,bull,3,39.8,26.1,60.9,79.1,Wipro
GFS Advanced,2014-03-21,2014-03-25,91.58,89.64,1037,-2009.98,224.28,-2234.26,-2.35,Price < 50 EMA,bull,4,37.1,33.3,64.0,73.0,Wipro
GFS Advanced,2018-10-25,2018-10-29,107.05,113.07,867,5217.88,226.99,4990.9,5.38,RSI Target 60,bull,4,43.8,60.1,68.8,60.0,Wipro
GFS Advanced,2021-03-02,2021-03-18,193.52,189.37,504,-2087.13,229.9,-2317.03,-2.38,Price < 50 EMA,bull,16,44.6,44.2,66.6,77.0,Wipro
GFS Advanced,2021-09-29,2021-10-01,302.22,293.77,315,-2662.19,224.12,-2886.32,-3.03,RSI Stop <30,bull,2,35.8,27.2,68.8,94.0,Wipro
GFS Basic,2006-05-12,2006-05-22,724.11,579.83,131,-18900.83,206.54,-19107.37,-20.14,RSI Stop <30,bull,10,42.3,25.4,67.2,79.8,UltraCemco
GFS Basic,2006-05-25,2006-05-29,629.35,598.92,122,-3711.85,182.11,-3893.96,-5.07,RSI Stop <30,bull,4,35.1,29.1,64.6,79.8,UltraCemco
GFS Basic,2006-10-19,2006-11-10,821.39,816.5,89,-434.78,177.33,-612.12,-0.84,RSI Target 60,bull,22,42.9,65.9,76.7,71.4,UltraCemco
GFS Basic,2006-11-23,2006-12-04,832.68,858.74,87,2267.62,178.66,2088.96,2.88,RSI Target 60,bull,11,43.7,60.1,77.2,71.0,UltraCemco
GFS Basic,2007-01-23,2007-02-23,1055.02,818.69,70,-16542.63,162.3,-16704.94,-22.62,RSI Stop <30,bull,31,43.2,15.8,51.0,72.4,UltraCemco
GFS Basic,2007-08-03,2007-08-10,854.77,810.49,68,-3011.37,141.38,-3152.75,-5.42,RSI Stop <30,bear,7,39.9,29.8,56.1,66.0,UltraCemco
GFS Basic,2010-01-29,2010-02-05,877.9,870.07,63,-493.18,137.73,-630.91,-1.14,RSI Stop <30,bull,7,36.9,27.9,66.8,88.7,UltraCemco
GFS Basic,2010-02-09,2010-02-11,877.9,933.84,62,3468.41,139.88,3328.53,6.12,RSI Target 60,bull,2,40.7,62.7,66.8,88.7,UltraCemco
GFS Basic,2010-04-19,2010-04-28,1053.94,1006.0,55,-2636.53,141.42,-2777.95,-4.79,RSI Stop <30,bull,9,44.6,26.4,56.4,89.9,UltraCemco
GFS Basic,2010-11-03,2010-12-07,1060.48,1054.86,52,-291.89,137.57,-429.46,-0.78,RSI Target 60,bull,34,36.6,60.5,75.4,67.6,UltraCemco
GFS Basic,2010-12-13,2010-12-28,1041.3,989.66,53,-2737.22,135.14,-2872.36,-5.2,RSI Stop <30,bull,15,41.3,26.7,50.3,67.6,UltraCemco
GFS Basic,2011-10-05,2011-10-24,1056.55,1066.44,49,484.91,130.88,354.03,0.68,RSI Target 60,bull,19,39.1,65.1,65.5,62.9,UltraCemco
GFS Basic,2011-11-22,2011-12-07,1067.74,1152.17,49,4136.94,135.88,4001.06,7.65,RSI Target 60,bull,15,42.1,62.7,63.7,55.0,UltraCemco
GFS Basic,2012-04-11,2012-04-25,1425.99,1334.11,39,-3583.2,135.21,-3718.4,-6.69,RSI Stop <30,bull,14,44.1,23.7,77.1,74.2,UltraCemco
GFS Basic,2012-05-07,2012-05-09,1353.41,1296.82,39,-2206.88,130.34,-2337.22,-4.43,RSI Stop <30,bull,2,44.5,29.1,61.6,73.0,UltraCemco
GFS Basic,2012-05-10,2012-05-31,1333.18,1344.36,38,424.75,128.35,296.4,0.59,RSI Target 60,bull,21,35.5,67.6,38.5,66.8,UltraCemco
GFS Basic,2012-09-04,2012-09-18,1608.5,1712.14,31,3212.76,129.47,3083.29,6.18,RSI Target 60,bull,14,41.2,65.8,90.2,90.2,UltraCemco
GFS Basic,2012-11-02,2012-11-15,1909.55,1820.37,28,-2496.98,131.56,-2628.54,-4.92,RSI Stop <30,bull,13,44.5,26.8,83.6,91.6,UltraCemco
GFS Basic,2012-11-30,2012-12-11,1836.11,1877.15,28,1149.13,130.77,1018.36,1.98,RSI Target 60,bull,11,36.7,60.7,71.1,86.5,UltraCemco
GFS Basic,2014-07-18,2014-07-23,2485.81,2336.61,21,-3133.23,128.09,-3261.33,-6.25,RSI Stop <30,bull,5,45.0,29.6,60.2,64.8,UltraCemco
GFS Basic,2014-07-24,2014-08-13,2412.92,2494.72,20,1635.92,124.27,1511.65,3.13,RSI Target 60,bull,20,38.0,62.2,67.4,61.2,UltraCemco
GFS Basic,2015-02-06,2015-03-02,2977.68,3223.31,17,4175.63,132.15,4043.48,7.99,RSI Target 60,bull,24,42.7,73.4,77.0,78.0,UltraCemco
GFS Basic,2015-03-11,2015-03-23,2976.72,2706.02,18,-4872.73,129.35,-5002.08,-9.34,RSI Stop <30,bull,12,44.1,7.1,61.2,78.0,UltraCemco
GFS Basic,2015-08-10,2015-08-12,3101.77,2930.61,16,-2738.59,122.78,-2861.37,-5.77,RSI Stop <30,bull,2,43.4,29.6,73.4,66.6,UltraCemco
GFS Basic,2015-08-20,2015-08-24,3055.91,2726.59,15,-4939.89,112.08,-5051.97,-11.02,RSI Stop <30,bull,4,41.2,29.4,57.2,66.6,UltraCemco
GFS Basic,2016-09-23,2016-10-21,3860.55,3829.66,10,-308.91,100.8,-409.72,-1.06,RSI Target 60,bull,28,41.1,62.2,64.7,64.5,UltraCemco
GFS Basic,2016-10-27,2016-11-04,3851.79,3708.11,10,-1436.78,99.44,-1536.22,-3.99,RSI Stop <30,bull,8,39.5,28.5,54.6,73.2,UltraCemco
GFS Basic,2017-04-19,2017-04-24,3913.47,3984.21,10,707.4,103.03,604.37,1.54,RSI Target 60,bull,5,42.7,64.1,80.4,67.7,UltraCemco
GFS Basic,2017-05-24,2017-05-26,4155.7,3996.57,9,-1432.2,96.97,-1529.17,-4.09,RSI Stop <30,bull,2,38.5,26.4,67.1,71.6,UltraCemco
GFS Basic,2017-06-02,2017-06-05,4094.6,4019.42,9,-676.67,96.53,-773.19,-2.1,RSI Stop <30,bull,3,35.7,28.2,67.6,66.1,UltraCemco
GFS Basic,2017-06-09,2017-06-27,4011.74,3730.58,9,-2530.48,92.95,-2623.42,-7.27,RSI Stop <30,bull,18,35.7,28.2,48.4,66.1,UltraCemco
GFS Basic,2021-02-26,2021-03-04,6296.43,6589.23,5,1464.0,86.81,1377.18,4.37,RSI Target 60,bull,6,37.7,62.3,70.9,71.4,UltraCemco
GFS Basic,2021-04-15,2021-05-11,6479.88,6312.12,5,-838.83,86.47,-925.29,-2.86,RSI Target 60,bull,26,37.7,64.1,65.5,69.2,UltraCemco
GFS Basic,2021-08-13,2021-08-31,7414.94,7654.24,4,957.18,82.24,874.94,2.95,RSI Target 60,bull,18,43.2,62.4,78.4,87.4,UltraCemco
GFS Basic,2021-09-20,2021-09-23,7666.98,7446.33,4,-882.62,82.57,-965.19,-3.15,RSI Stop <30,bull,3,43.3,23.8,74.8,87.4,UltraCemco
GFS Basic,2021-10-13,2021-10-19,7197.78,7006.96,5,-954.09,94.32,-1048.42,-2.91,RSI Stop <30,bull,6,35.2,28.1,63.4,79.9,UltraCemco
GFS Basic,2023-07-24,2023-08-14,8179.16,7952.41,4,-907.01,87.1,-994.1,-3.04,RSI Stop <30,bull,21,40.0,20.7,64.4,75.8,UltraCemco
GFS Basic,2023-08-17,2023-08-31,8168.61,8192.48,4,95.5,88.04,7.45,0.02,RSI Target 60,bull,14,44.1,61.7,60.6,84.4,UltraCemco
GFS Basic,2024-01-12,2024-01-17,9828.96,9729.98,3,-296.94,80.55,-377.5,-1.28,RSI Stop <30,bull,5,44.8,28.6,69.7,94.3,UltraCemco
GFS Basic,2024-01-19,2024-04-01,9817.2,9828.47,3,33.8,80.82,-47.02,-0.16,RSI Target 60,bull,73,37.3,62.3,46.1,80.2,UltraCemco
GFS Basic,2024-07-19,2024-08-01,11547.58,11903.06,2,710.95,67.4,643.56,2.79,RSI Target 60,bull,13,37.7,63.5,70.6,85.1,UltraCemco
GFS Basic,2024-08-05,2024-09-04,11879.67,11501.75,2,-755.84,67.35,-823.19,-3.46,RSI Target 60,bull,30,41.9,75.9,61.8,75.8,UltraCemco
GFS Basic,2025-07-24,2025-07-29,12442.39,12214.89,2,-455.0,70.16,-525.16,-2.11,RSI Stop <30,bull,5,39.1,28.1,55.4,62.8,UltraCemco
GFS Basic,2026-02-27,2026-03-04,13095.54,12100.95,2,-1989.2,71.48,-2060.67,-7.87,RSI Stop <30,bull,5,36.8,27.3,71.0,59.5,UltraCemco
GFS Advanced,2007-01-25,2007-01-29,996.5,926.96,95,-6606.32,218.86,-6825.17,-7.21,Price < 50 EMA,bull,4,37.6,38.6,65.2,80.1,UltraCemco
GFS Advanced,2012-11-06,2012-11-15,1925.46,1820.37,45,-4728.7,202.98,-4931.67,-5.69,RSI Stop <30,bull,9,44.1,26.8,83.6,91.6,UltraCemco
GFS Advanced,2012-11-30,2012-12-11,1836.11,1877.15,45,1846.81,200.85,1645.96,1.99,RSI Target 60,bull,11,36.7,60.7,71.1,86.5,UltraCemco
GFS Advanced,2023-07-24,2023-08-09,8179.16,8008.64,10,-1705.22,195.32,-1900.54,-2.32,Price < 50 EMA,bull,16,40.0,45.1,66.6,75.8,UltraCemco
GFS Advanced,2024-01-19,2024-02-28,9817.2,9680.91,8,-1090.34,188.73,-1279.06,-1.63,Price < 50 EMA,bull,40,37.3,37.3,65.9,86.4,UltraCemco
GFS Advanced,2024-08-16,2024-09-04,11135.02,11501.75,7,2567.15,191.2,2375.95,3.05,RSI Target 60,bull,19,42.9,75.9,61.8,75.8,UltraCemco
GFS Basic,2006-10-04,2006-10-12,56.42,54.35,1683,-3477.63,222.74,-3700.36,-3.9,RSI Stop <30,sideways,8,42.9,28.0,57.0,61.9,ONGC
GFS Basic,2006-10-13,2006-10-27,54.68,56.81,1673,3560.1,222.3,3337.8,3.65,RSI Target 60,sideways,14,39.9,66.0,72.1,61.9,ONGC
GFS Basic,2006-11-23,2006-12-29,62.13,63.99,1523,2840.34,228.53,2611.8,2.76,RSI Target 60,bull,36,37.1,63.6,66.2,61.5,ONGC
GFS Basic,2007-02-05,2007-02-23,67.64,60.96,1436,-9588.84,221.22,-9810.07,-10.1,RSI Stop <30,bull,18,44.7,27.5,49.8,69.1,ONGC
GFS Basic,2007-11-21,2007-11-22,95.9,85.65,915,-9382.39,200.61,-9583.01,-10.92,RSI Stop <30,bull,1,44.5,29.6,75.5,76.6,ONGC
GFS Basic,2007-11-29,2007-12-12,88.47,93.55,889,4519.57,194.79,4324.78,5.5,RSI Target 60,bull,13,36.0,69.9,70.7,71.7,ONGC
GFS Basic,2010-07-15,2010-08-18,104.26,103.82,794,-355.56,198.93,-554.49,-0.67,RSI Target 60,bull,34,44.0,60.4,78.7,56.2,ONGC
GFS Basic,2010-10-05,2010-10-14,118.2,110.78,696,-5166.12,192.79,-5358.92,-6.51,RSI Stop <30,bull,9,44.3,25.3,58.6,67.5,ONGC
GFS Basic,2010-10-25,2010-10-27,111.98,106.15,689,-4014.36,182.63,-4196.98,-5.44,RSI Stop <30,bull,2,36.1,28.5,62.8,67.5,ONGC
GFS Basic,2013-02-12,2013-03-18,111.7,112.88,655,776.46,178.71,597.75,0.82,RSI Target 60,bull,34,39.9,63.1,67.8,64.0,ONGC
GFS Basic,2013-03-19,2013-04-12,114.13,111.23,646,-1875.63,177.23,-2052.86,-2.78,RSI Target 60,bull,24,43.6,61.7,58.6,60.5,ONGC
GFS Basic,2014-06-27,2014-08-18,155.97,160.31,460,1997.17,176.84,1820.33,2.54,RSI Target 60,bull,52,35.1,64.5,59.4,61.7,ONGC
GFS Basic,2016-11-07,2016-11-23,109.83,112.93,669,2072.4,180.76,1891.64,2.57,RSI Target 60,bull,16,43.7,60.2,75.0,64.3,ONGC
GFS Basic,2016-12-23,2016-12-30,121.7,115.8,619,-3652.87,178.96,-3831.83,-5.09,RSI Stop <30,bull,7,44.7,24.7,64.8,68.5,ONGC
GFS Basic,2017-02-13,2017-04-13,119.76,113.12,598,-3969.95,170.36,-4140.31,-5.78,RSI Stop <30,bull,59,37.7,27.0,47.2,66.6,ONGC
GFS Basic,2017-11-17,2017-11-24,114.27,113.13,593,-679.29,165.22,-844.5,-1.25,RSI Stop <30,bull,7,43.9,22.1,67.7,62.5,ONGC
GFS Basic,2017-11-29,2017-12-20,114.93,117.5,582,1497.32,165.53,1331.8,1.99,RSI Target 60,bull,21,38.1,64.0,68.3,56.0,ONGC
GFS Basic,2021-06-25,2021-08-10,91.13,84.02,748,-5321.25,161.3,-5482.55,-8.04,RSI Target 60,bull,46,37.3,60.4,63.6,65.4,ONGC
GFS Basic,2021-10-27,2021-11-24,121.94,118.23,516,-1913.97,153.17,-2067.14,-3.29,RSI Target 60,bull,28,37.8,60.8,76.3,76.0,ONGC
GFS Basic,2021-11-29,2022-01-06,117.42,116.19,520,-641.96,150.35,-792.32,-1.3,RSI Target 60,bull,38,42.8,69.2,59.5,85.5,ONGC
GFS Basic,2022-02-09,2022-03-07,133.43,145.56,452,5483.61,155.03,5328.58,8.84,RSI Target 60,bull,26,41.1,66.9,67.4,79.1,ONGC
GFS Basic,2022-03-28,2022-04-05,139.7,133.8,468,-2761.75,157.76,-2919.51,-4.47,RSI Target 60,bull,8,37.3,60.1,70.9,82.4,ONGC
GFS Basic,2022-04-11,2022-04-21,133.51,135.59,469,978.11,155.49,822.62,1.31,RSI Target 60,bull,10,44.0,69.8,65.2,82.4,ONGC
GFS Basic,2022-04-27,2022-05-02,133.82,121.73,473,-5716.24,150.07,-5866.31,-9.27,RSI Stop <30,bull,5,38.4,27.0,48.9,76.1,ONGC
GFS Basic,2023-08-31,2023-09-01,152.58,156.6,378,1522.0,145.07,1376.93,2.39,RSI Target 60,bull,1,36.4,62.1,72.2,67.1,ONGC
GFS Basic,2023-10-06,2023-10-27,158.7,159.19,372,181.4,146.71,34.69,0.06,RSI Target 60,bull,21,36.6,60.0,66.1,81.8,ONGC
GFS Basic,2024-03-12,2024-04-04,252.82,242.21,234,-2482.17,144.23,-2626.4,-4.44,RSI Target 60,bull,23,43.5,63.8,75.8,92.1,ONGC
GFS Basic,2024-05-07,2024-06-03,260.26,255.81,217,-965.02,139.83,-1104.85,-1.96,RSI Target 60,bull,27,41.7,64.3,46.4,83.3,ONGC
GFS Basic,2024-08-05,2024-08-12,304.65,307.31,182,485.37,139.05,346.32,0.62,RSI Target 60,bull,7,43.8,61.2,66.8,89.0,ONGC
GFS Basic,2024-08-22,2024-08-26,298.79,297.5,187,-241.64,139.25,-380.89,-0.68,RSI Target 60,bull,4,42.4,60.6,67.4,89.0,ONGC
GFS Basic,2024-09-02,2024-09-06,303.74,280.21,183,-4306.62,134.39,-4441.02,-7.99,RSI Stop <30,bull,4,38.1,25.9,67.2,88.4,ONGC
GFS Basic,2026-03-12,2026-03-16,272.54,260.32,188,-2296.68,126.81,-2423.5,-4.73,RSI Stop <30,bull,4,44.0,29.7,64.7,66.9,ONGC
GFS Advanced,2010-07-30,2010-08-18,102.46,103.82,927,1254.09,227.7,1026.39,1.08,RSI Target 60,bull,19,36.1,60.4,78.7,56.2,ONGC
GFS Advanced,2016-11-15,2016-11-23,112.6,112.93,852,282.22,228.81,53.42,0.06,RSI Target 60,bull,8,37.4,60.2,75.0,64.3,ONGC
GFS Advanced,2024-03-14,2024-04-04,244.26,242.21,393,-803.68,227.81,-1031.5,-1.07,RSI Target 60,bull,21,41.3,63.8,75.8,92.1,ONGC
GFS Basic,2010-03-11,2010-04-06,34.71,33.89,2736,-2257.25,224.05,-2481.3,-2.61,RSI Target 60,sideways,26,43.7,63.9,47.1,61.4,Power Grid
GFS Basic,2012-03-07,2012-04-11,36.64,36.57,2528,-175.35,220.97,-396.32,-0.43,RSI Target 60,bull,35,43.9,63.1,71.8,61.5,Power Grid
GFS Basic,2012-04-25,2012-05-08,36.54,34.62,2525,-4845.5,215.34,-5060.83,-5.49,RSI Stop <30,bull,13,43.8,25.8,56.9,61.6,Power Grid
GFS Basic,2012-08-23,2012-09-07,39.19,40.33,2231,2543.56,212.28,2331.27,2.67,RSI Target 60,bull,15,44.1,62.0,81.6,59.7,Power Grid
GFS Basic,2012-10-01,2012-10-17,39.98,39.62,2243,-794.67,213.77,-1008.44,-1.12,RSI Target 60,bull,16,44.5,60.0,66.4,65.5,Power Grid
GFS Basic,2012-10-22,2012-10-31,39.91,37.72,2222,-4867.61,207.36,-5074.96,-5.72,RSI Stop <30,bull,9,44.0,26.9,62.6,63.7,Power Grid
GFS Basic,2012-11-01,2012-11-19,37.92,39.72,2212,3978.28,205.87,3772.41,4.5,RSI Target 60,bull,18,42.0,60.2,51.9,63.7,Power Grid
GFS Basic,2014-07-22,2014-07-25,47.61,46.46,1837,-2113.34,207.49,-2320.83,-2.65,RSI Stop <30,bull,3,41.1,29.4,67.2,67.9,Power Grid
GFS Basic,2014-07-28,2014-08-21,46.78,47.03,1822,448.54,205.2,243.34,0.29,RSI Target 60,bull,24,39.0,60.2,65.7,62.8,Power Grid
GFS Basic,2014-08-27,2014-09-15,45.88,47.6,1863,3197.48,208.6,2988.87,3.5,RSI Target 60,bull,19,35.6,63.9,57.2,61.5,Power Grid
GFS Basic,2014-11-24,2014-12-05,51.22,47.6,1724,-6239.21,205.09,-6444.3,-7.3,RSI Stop <30,bull,11,43.9,27.0,61.7,74.5,Power Grid
GFS Basic,2015-03-10,2015-03-20,54.02,51.82,1522,-3354.92,194.56,-3549.48,-4.32,RSI Stop <30,bull,10,42.7,28.9,65.1,78.2,Power Grid
GFS Basic,2016-09-15,2016-09-29,64.93,62.12,1214,-3405.93,186.96,-3592.89,-4.56,RSI Stop <30,bull,14,38.4,29.4,75.0,71.2,Power Grid
GFS Basic,2016-09-30,2016-10-05,65.3,64.99,1155,-365.04,182.56,-547.6,-0.73,RSI Target 60,bull,5,38.7,61.6,77.7,66.9,Power Grid
GFS Basic,2016-10-25,2016-11-10,63.96,67.51,1171,4162.24,186.08,3976.17,5.31,RSI Target 60,bull,16,43.2,67.9,47.8,73.8,Power Grid
GFS Basic,2017-02-14,2017-03-14,73.14,69.72,1075,-3673.29,186.25,-3859.54,-4.91,RSI Stop <30,bull,28,44.2,26.9,60.4,68.6,Power Grid
GFS Basic,2017-03-16,2017-03-31,69.94,71.04,1072,1179.44,183.16,996.29,1.33,RSI Target 60,bull,15,37.4,65.9,66.2,68.2,Power Grid
GFS Basic,2017-06-22,2017-07-12,74.96,77.05,1013,2112.44,186.27,1926.17,2.54,RSI Target 60,bull,20,42.4,71.2,65.0,77.3,Power Grid
GFS Basic,2017-08-22,2017-10-09,81.07,73.51,959,-7256.28,180.59,-7436.87,-9.57,RSI Stop <30,bull,48,42.1,25.4,47.5,67.5,Power Grid
GFS Basic,2018-05-28,2018-06-04,79.0,74.72,895,-3833.64,168.48,-4002.12,-5.66,RSI Stop <30,bull,7,37.1,19.4,65.5,61.1,Power Grid
GFS Basic,2021-03-09,2021-03-19,97.39,100.03,687,1813.91,165.9,1648.01,2.46,RSI Target 60,bull,10,43.2,67.6,67.9,65.2,Power Grid
GFS Basic,2021-04-05,2021-04-12,95.42,87.41,717,-5739.08,161.41,-5900.49,-8.62,RSI Stop <30,bull,7,44.9,23.8,57.6,68.2,Power Grid
GFS Basic,2021-07-19,2021-07-23,102.88,101.25,611,-992.14,153.99,-1146.12,-1.82,RSI Target 60,bull,4,43.7,63.5,64.6,82.7,Power Grid
GFS Basic,2021-07-28,2021-08-12,102.16,108.35,605,3745.97,156.56,3589.41,5.81,RSI Target 60,bull,15,41.9,67.3,58.4,82.7,Power Grid
GFS Basic,2021-12-22,2021-12-23,124.98,127.16,521,1135.1,161.21,973.89,1.5,RSI Target 60,bull,1,42.7,62.3,67.8,89.8,Power Grid
GFS Basic,2022-01-12,2022-01-20,125.73,131.0,526,2774.96,165.17,2609.79,3.95,RSI Target 60,bull,8,41.9,66.8,66.7,89.7,Power Grid
GFS Basic,2022-02-11,2022-02-18,131.78,122.76,520,-4690.08,162.75,-4852.83,-7.08,RSI Stop <30,bull,7,41.5,29.2,70.4,89.3,Power Grid
GFS Basic,2022-02-21,2022-03-03,125.67,136.65,509,5587.33,163.27,5424.05,8.48,RSI Target 60,bull,10,36.5,61.2,65.7,88.8,Power Grid
GFS Basic,2022-03-24,2022-03-30,132.23,136.18,523,2063.27,171.16,1892.11,2.74,RSI Target 60,bull,6,39.5,63.0,61.8,88.8,Power Grid
GFS Basic,2022-05-19,2022-05-27,149.6,140.95,474,-4099.65,168.66,-4268.31,-6.02,RSI Stop <30,bull,8,43.7,24.4,67.8,91.9,Power Grid
GFS Basic,2022-05-31,2022-06-17,144.35,132.57,463,-5454.21,158.2,-5612.42,-8.4,RSI Stop <30,bull,17,42.5,23.0,49.3,92.0,Power Grid
GFS Basic,2023-01-03,2023-01-06,139.91,134.97,440,-2173.3,149.88,-2323.18,-3.77,RSI Stop <30,sideways,3,43.5,27.1,50.7,66.1,Power Grid
GFS Basic,2023-03-27,2023-04-13,149.03,153.49,398,1777.09,148.98,1628.11,2.74,RSI Target 60,bull,17,36.8,64.6,63.7,61.4,Power Grid
GFS Basic,2023-05-19,2023-05-30,160.16,156.08,380,-1549.26,148.97,-1698.24,-2.79,RSI Stop <30,bull,11,44.8,27.2,71.3,64.9,Power Grid
GFS Basic,2023-06-05,2023-06-08,156.24,160.43,379,1588.87,148.56,1440.31,2.43,RSI Target 60,bull,3,37.7,69.7,67.3,61.3,Power Grid
GFS Basic,2023-07-12,2023-07-28,169.73,171.42,357,603.06,150.61,452.45,0.75,RSI Target 60,bull,16,44.2,61.3,66.9,64.3,Power Grid
GFS Basic,2024-01-18,2024-01-24,222.12,226.5,275,1203.92,152.32,1051.6,1.72,RSI Target 60,bull,6,42.8,62.5,79.0,82.4,Power Grid
GFS Basic,2024-03-13,2024-03-19,270.26,242.26,229,-6412.85,146.22,-6559.07,-10.6,RSI Stop <30,bull,6,39.1,25.5,66.4,91.3,Power Grid
GFS Basic,2024-03-20,2024-04-04,249.52,259.7,223,2270.12,141.34,2128.78,3.83,RSI Target 60,bull,15,37.8,64.7,70.1,87.9,Power Grid
GFS Basic,2024-06-04,2024-06-25,326.49,306.24,177,-3584.17,140.04,-3724.21,-6.44,RSI Target 60,bull,21,44.6,74.8,80.2,89.4,Power Grid
GFS Basic,2024-08-21,2024-09-09,323.49,309.87,168,-2288.44,133.73,-2422.17,-4.46,RSI Stop <30,bull,19,44.8,29.1,61.3,87.8,Power Grid
GFS Advanced,2012-03-30,2012-04-11,34.9,36.57,2721,4537.36,231.07,4306.29,4.53,RSI Target 60,bull,12,42.2,63.1,71.8,61.5,Power Grid
GFS Advanced,2016-09-30,2016-10-05,65.3,64.99,1517,-479.45,234.98,-714.43,-0.72,RSI Target 60,bull,5,38.7,61.6,77.7,66.9,Power Grid
GFS Advanced,2022-05-31,2022-06-02,144.35,141.48,681,-1956.46,231.76,-2188.21,-2.23,Price < 50 EMA,bull,2,42.5,38.3,67.8,92.0,Power Grid
GFS Advanced,2023-05-23,2023-05-30,158.83,156.08,606,-1665.25,227.49,-1892.74,-1.97,RSI Stop <30,bull,7,41.3,27.2,71.3,64.9,Power Grid
GFS Advanced,2024-01-18,2024-01-24,222.12,226.5,425,1860.61,227.04,1633.57,1.73,RSI Target 60,bull,6,42.8,62.5,79.0,82.4,Power Grid
GFS Advanced,2024-06-05,2024-06-25,313.61,306.24,306,-2256.89,226.25,-2483.13,-2.59,RSI Target 60,bull,20,43.3,74.8,80.2,89.4,Power Grid
GFS Basic,2007-04-25,2007-05-10,74.67,69.81,1272,-6177.46,219.98,-6397.44,-6.74,RSI Stop <30,bull,15,40.5,17.7,78.8,65.5,NTPC
GFS Basic,2007-05-11,2007-05-25,72.24,75.63,1230,4173.25,217.1,3956.15,4.45,RSI Target 60,bull,14,36.5,63.8,77.5,65.5,NTPC
GFS Basic,2007-06-06,2007-06-13,74.34,70.78,1246,-4438.87,216.58,-4655.44,-5.03,RSI Stop <30,bull,7,44.1,24.4,63.2,63.7,NTPC
GFS Basic,2007-06-26,2007-07-06,71.2,71.68,1239,598.76,211.98,386.78,0.44,RSI Target 60,bull,10,43.3,63.1,55.6,59.6,NTPC
GFS Basic,2007-11-30,2007-12-04,110.46,111.03,802,451.34,212.67,238.68,0.27,RSI Stop <30,bull,4,41.6,26.3,72.5,86.6,NTPC
GFS Basic,2007-12-06,2007-12-12,114.41,116.6,776,1694.59,214.39,1480.2,1.67,RSI Target 60,bull,6,37.0,73.5,72.3,86.6,NTPC
GFS Basic,2007-12-17,2008-01-01,116.18,119.52,776,2593.85,218.36,2375.48,2.63,RSI Target 60,bull,15,44.3,61.5,65.2,88.1,NTPC
GFS Basic,2009-10-29,2009-11-19,105.44,102.83,877,-2288.38,218.45,-2506.82,-2.71,RSI Target 60,bull,21,43.7,60.6,54.1,61.5,NTPC
GFS Basic,2010-01-19,2010-01-29,112.5,103.19,801,-7456.98,207.85,-7664.83,-8.51,RSI Stop <30,bull,10,40.1,24.6,49.6,78.3,NTPC
GFS Basic,2015-03-20,2015-04-13,87.62,88.35,945,686.88,200.05,486.82,0.59,RSI Target 60,bull,24,35.3,67.1,61.0,58.2,NTPC
GFS Basic,2016-08-26,2016-10-14,93.37,84.67,892,-7764.45,192.37,-7956.82,-9.55,RSI Stop <30,bull,49,43.2,23.3,42.6,57.8,NTPC
GFS Basic,2017-02-09,2017-02-21,102.43,102.29,739,-107.57,183.44,-291.01,-0.38,RSI Target 60,bull,12,40.2,60.3,72.6,69.7,NTPC
GFS Basic,2017-02-22,2017-03-03,102.72,92.56,734,-7452.77,175.15,-7627.92,-10.12,RSI Stop <30,bull,9,43.5,27.4,47.0,60.8,NTPC
GFS Basic,2017-09-15,2017-09-19,102.21,101.51,667,-468.79,166.35,-635.13,-0.93,RSI Target 60,bull,4,40.1,60.5,61.2,63.1,NTPC
GFS Basic,2017-09-29,2017-10-06,100.11,105.74,675,3804.37,169.43,3634.94,5.38,RSI Target 60,bull,7,38.9,71.6,67.0,62.4,NTPC
GFS Basic,2017-11-17,2017-11-27,107.26,111.93,662,3090.15,176.33,2913.82,4.1,RSI Target 60,bull,10,37.1,65.3,62.8,69.0,NTPC
GFS Basic,2017-12-11,2017-12-15,109.22,106.58,676,-1779.16,177.55,-1956.71,-2.65,RSI Stop <30,bull,4,41.3,29.6,64.4,78.8,NTPC
GFS Basic,2017-12-18,2018-01-02,107.38,107.46,670,48.83,175.26,-126.43,-0.18,RSI Target 60,bull,15,36.4,60.0,64.9,72.4,NTPC
GFS Basic,2018-01-09,2018-01-11,107.32,104.21,669,-2080.9,172.73,-2253.62,-3.14,RSI Stop <30,bull,2,38.2,26.8,63.9,72.4,NTPC
GFS Basic,2018-05-15,2018-06-15,105.7,95.3,659,-6851.3,163.03,-7014.32,-10.07,RSI Stop <30,bear,31,44.2,19.6,36.0,55.4,NTPC
GFS Basic,2018-09-28,2018-10-08,105.43,101.27,598,-2489.73,152.86,-2642.59,-4.19,RSI Stop <30,sideways,10,44.7,24.6,55.2,56.2,NTPC
GFS Basic,2021-07-06,2021-07-08,99.32,97.84,609,-897.55,148.81,-1046.36,-1.73,RSI Target 60,bull,2,44.8,63.4,65.6,63.6,NTPC
GFS Basic,2021-08-03,2021-09-09,99.02,98.09,601,-559.3,147.01,-706.3,-1.19,RSI Target 60,bull,37,42.3,66.4,62.9,63.1,NTPC
GFS Basic,2021-10-28,2021-11-04,123.91,117.45,475,-3068.88,142.94,-3211.82,-5.46,RSI Stop <30,bull,7,39.7,25.5,64.0,68.1,NTPC
GFS Basic,2021-11-15,2021-11-29,118.46,108.33,471,-4774.82,134.38,-4909.2,-8.8,RSI Stop <30,bull,14,35.6,26.9,62.8,68.1,NTPC
GFS Basic,2021-12-02,2021-12-06,113.96,106.49,449,-3357.83,125.57,-3483.4,-6.81,RSI Stop <30,bull,4,36.0,29.9,61.8,71.4,NTPC
GFS Basic,2021-12-07,2021-12-14,109.38,108.2,437,-515.55,121.02,-636.57,-1.33,RSI Stop <30,bull,7,35.1,28.0,59.1,71.4,NTPC
GFS Basic,2022-05-09,2022-05-12,141.46,130.92,334,-3520.68,116.68,-3637.36,-7.7,RSI Stop <30,bull,3,41.5,26.5,73.2,74.6,NTPC
GFS Basic,2022-05-27,2022-06-01,136.83,138.19,320,435.68,113.09,322.6,0.74,RSI Target 60,bull,5,39.3,61.5,64.9,75.0,NTPC
GFS Basic,2022-06-15,2022-06-20,134.49,120.96,328,-4438.0,108.77,-4546.76,-10.31,RSI Stop <30,bull,5,40.9,22.9,55.6,75.0,NTPC
GFS Basic,2022-09-27,2022-10-06,147.32,146.32,270,-270.15,103.45,-373.6,-0.94,RSI Stop <30,bull,9,35.4,25.4,72.0,69.1,NTPC
GFS Basic,2022-10-12,2022-10-17,147.82,151.31,266,928.36,103.67,824.69,2.1,RSI Target 60,bull,5,42.8,76.0,71.3,69.1,NTPC
GFS Basic,2023-03-31,2023-05-08,161.83,163.19,248,337.05,104.87,232.19,0.58,RSI Target 60,bull,38,35.5,68.5,65.1,72.8,NTPC
GFS Basic,2023-05-23,2023-06-08,163.35,167.79,247,1097.96,106.13,991.83,2.46,RSI Target 60,bull,16,44.9,76.6,55.2,72.9,NTPC
GFS Basic,2023-10-10,2023-11-13,221.06,231.85,187,2016.16,109.29,1906.88,4.61,RSI Target 60,bull,34,42.1,65.7,70.6,81.3,NTPC
GFS Basic,2024-01-17,2024-02-02,299.66,313.75,144,2029.06,113.33,1915.73,4.44,RSI Target 60,bull,16,45.0,61.4,92.4,90.4,NTPC
GFS Basic,2024-03-13,2024-03-27,333.3,315.96,135,-2341.06,112.9,-2453.95,-5.45,RSI Stop <30,bull,14,40.4,29.7,59.4,93.8,NTPC
GFS Basic,2024-04-01,2024-04-04,324.29,337.92,131,1786.16,111.59,1674.57,3.94,RSI Target 60,bull,3,42.9,80.6,63.9,93.7,NTPC
GFS Basic,2024-05-07,2024-05-28,351.8,348.16,125,-454.86,112.59,-567.45,-1.29,RSI Target 60,bull,21,41.5,62.2,62.4,94.4,NTPC
GFS Basic,2024-06-24,2024-06-25,346.18,343.83,126,-295.72,111.96,-407.68,-0.93,RSI Target 60,bull,1,38.1,73.5,66.2,92.5,NTPC
GFS Basic,2024-08-22,2024-09-23,393.85,411.37,110,1926.86,113.6,1813.25,4.19,RSI Target 60,bull,32,36.2,63.8,65.8,94.8,NTPC
GFS Basic,2024-10-16,2024-11-18,410.67,354.33,109,-6141.4,108.45,-6249.85,-13.96,RSI Stop <30,bull,33,39.6,28.2,40.6,84.0,NTPC
GFS Advanced,2007-05-21,2007-05-25,73.65,75.63,1289,2555.22,228.94,2326.28,2.45,RSI Target 60,bull,4,42.9,63.8,77.5,65.5,NTPC
GFS Advanced,2007-11-30,2007-12-04,110.46,111.03,880,495.24,231.86,263.38,0.27,RSI Stop <30,bull,4,41.6,26.3,72.5,86.6,NTPC
GFS Advanced,2021-10-29,2021-11-04,121.59,117.45,801,-3321.23,228.32,-3549.56,-3.64,RSI Stop <30,bull,6,35.6,25.5,64.0,68.1,NTPC
GFS Advanced,2024-03-21,2024-03-27,302.78,315.96,310,4085.78,228.14,3857.64,4.11,RSI Stop <30,bull,6,43.5,29.7,59.4,93.8,NTPC
GFS Advanced,2024-09-10,2024-09-11,377.55,374.2,258,-865.46,230.9,-1096.35,-1.13,Price < 50 EMA,bull,1,40.4,39.7,61.7,94.8,NTPC
GFS Basic,2006-04-27,2006-05-04,126.54,130.09,750,2660.02,228.98,2431.04,2.56,RSI Target 60,bull,7,40.7,67.0,68.3,86.5,M&M
GFS Basic,2006-09-19,2006-09-26,130.34,132.29,746,1452.55,232.91,1219.64,1.25,RSI Target 60,bull,7,39.9,60.2,65.7,86.9,M&M
GFS Basic,2006-12-15,2006-12-29,158.74,180.6,620,13551.89,248.07,13303.82,13.52,RSI Target 60,bull,14,42.3,65.8,84.3,88.7,M&M
GFS Basic,2007-01-22,2007-02-27,193.96,168.57,572,-14523.72,246.82,-14770.54,-13.31,RSI Stop <30,bull,36,45.0,29.0,57.2,90.2,M&M
GFS Basic,2009-08-13,2009-08-28,165.6,173.49,586,4621.27,235.76,4385.5,4.52,RSI Target 60,bull,15,44.8,63.9,67.7,63.4,M&M
GFS Basic,2009-09-25,2009-09-30,184.24,185.19,549,520.5,240.64,279.86,0.28,RSI Target 60,bull,5,44.3,64.3,60.9,69.0,M&M
GFS Basic,2009-12-14,2009-12-31,221.6,226.63,458,2304.15,243.25,2060.9,2.03,RSI Target 60,bull,17,42.8,60.9,74.7,89.1,M&M
GFS Basic,2010-01-25,2010-01-27,240.07,211.96,430,-12085.63,232.2,-12317.83,-11.93,RSI Stop <30,bull,2,36.6,24.6,77.4,89.1,M&M
GFS Basic,2010-07-20,2010-07-22,261.7,269.68,350,2792.61,221.76,2570.85,2.81,RSI Target 60,bull,2,43.6,65.6,64.7,89.4,M&M
GFS Basic,2010-08-16,2010-08-19,271.82,262.35,346,-3276.74,220.93,-3497.67,-3.72,RSI Stop <30,bull,3,42.4,20.0,67.2,88.4,M&M
GFS Basic,2010-10-22,2010-10-28,304.8,312.18,298,2199.9,219.45,1980.45,2.18,RSI Target 60,bull,6,39.9,61.2,70.6,80.5,M&M
GFS Basic,2010-12-14,2011-01-04,336.77,332.71,275,-1117.3,219.97,-1337.27,-1.44,RSI Target 60,bull,21,43.3,61.8,64.1,82.7,M&M
GFS Basic,2011-10-05,2011-10-17,352.21,351.75,259,-119.2,217.92,-337.12,-0.37,RSI Target 60,bull,12,44.2,61.9,63.4,60.9,M&M
GFS Basic,2011-11-15,2011-11-18,368.54,319.38,247,-12143.92,205.04,-12348.96,-13.57,RSI Stop <30,bull,3,41.5,26.9,49.8,66.9,M&M
GFS Basic,2012-10-16,2012-11-01,380.38,396.21,208,3291.35,194.56,3096.79,3.91,RSI Target 60,bull,16,40.9,63.0,76.1,61.9,M&M
GFS Basic,2012-12-21,2013-01-21,427.98,388.41,192,-7597.98,190.06,-7788.05,-9.48,RSI Stop <30,bull,31,42.4,24.3,54.8,56.5,M&M
GFS Basic,2013-06-07,2013-07-18,440.33,390.86,170,-8408.46,172.96,-8581.42,-11.46,RSI Stop <30,bull,41,42.4,26.2,59.9,74.5,M&M
GFS Basic,2014-06-24,2014-06-30,522.82,512.6,127,-1297.79,161.54,-1459.32,-2.2,RSI Stop <30,bull,6,37.6,27.7,72.1,63.6,M&M
GFS Basic,2014-07-01,2014-07-07,520.18,553.87,125,4210.61,164.19,4046.42,6.22,RSI Target 60,bull,6,43.0,62.2,76.8,63.6,M&M
GFS Basic,2014-07-22,2014-07-30,541.55,552.22,127,1354.88,169.57,1185.31,1.72,RSI Target 60,bull,8,43.5,67.5,70.0,63.6,M&M
GFS Basic,2014-09-15,2014-09-23,630.1,609.13,111,-2327.68,168.34,-2496.02,-3.57,RSI Stop <30,bull,8,35.8,29.4,63.3,71.2,M&M
GFS Basic,2014-09-29,2014-10-21,633.42,555.54,107,-8333.3,157.31,-8490.61,-12.53,RSI Stop <30,bull,22,44.7,26.2,59.8,71.1,M&M
GFS Basic,2015-07-09,2015-07-20,593.67,599.71,101,609.39,149.21,460.18,0.77,RSI Target 60,sideways,11,39.2,61.7,52.0,60.5,M&M
GFS Basic,2016-08-04,2016-08-08,676.88,689.07,89,1084.15,150.33,933.82,1.55,RSI Target 60,bull,4,43.8,64.5,73.7,61.6,M&M
GFS Basic,2016-08-22,2016-09-01,676.19,668.69,90,-675.68,149.87,-825.55,-1.36,RSI Target 60,bull,10,44.5,61.1,68.6,58.8,M&M
GFS Basic,2017-06-20,2017-06-28,647.0,623.83,93,-2154.39,146.81,-2301.2,-3.82,RSI Stop <30,bull,8,38.4,17.5,59.2,62.7,M&M
GFS Basic,2018-01-09,2018-01-11,706.63,712.1,82,448.59,144.56,304.03,0.52,RSI Target 60,bull,2,40.0,73.6,77.8,60.8,M&M
GFS Basic,2018-02-09,2018-02-22,707.28,670.58,82,-3009.37,141.1,-3150.47,-5.43,RSI Stop <30,bull,13,44.3,18.2,64.3,71.1,M&M
GFS Basic,2018-05-18,2018-05-30,799.14,834.05,69,2409.16,140.36,2268.8,4.11,RSI Target 60,bull,12,41.2,63.3,71.0,70.9,M&M
GFS Basic,2018-06-20,2018-07-09,850.79,866.38,67,1044.54,143.09,901.45,1.58,RSI Target 60,bull,19,43.3,63.2,81.3,70.6,M&M
GFS Basic,2018-07-27,2018-08-07,859.43,868.03,68,584.69,145.81,438.89,0.75,RSI Target 60,bull,11,43.0,60.3,66.5,70.9,M&M
GFS Basic,2018-09-04,2018-10-01,913.84,793.68,64,-7690.39,137.33,-7827.72,-13.38,RSI Stop <30,bull,27,39.9,17.3,42.0,62.9,M&M
GFS Basic,2021-03-08,2021-03-19,821.56,810.78,62,-668.7,127.83,-796.53,-1.56,RSI Target 60,bull,11,37.2,66.0,61.7,65.9,M&M
GFS Basic,2021-03-23,2021-03-25,820.23,754.9,62,-4050.18,124.15,-4174.32,-8.21,RSI Stop <30,bull,2,41.8,29.8,61.7,65.9,M&M
GFS Basic,2021-11-01,2021-11-03,870.14,818.65,53,-2729.13,114.99,-2844.12,-6.17,RSI Stop <30,bull,2,41.2,12.0,68.3,76.7,M&M
GFS Basic,2021-11-09,2021-11-12,847.7,904.28,52,2941.84,116.34,2825.5,6.41,RSI Target 60,bull,3,41.7,64.8,74.4,76.7,M&M
GFS Basic,2021-12-10,2022-01-10,827.58,811.85,56,-880.6,117.41,-998.0,-2.15,RSI Target 60,bull,31,36.0,63.1,50.1,72.0,M&M
GFS Basic,2022-09-16,2022-10-11,1281.52,1197.73,35,-2932.6,111.97,-3044.57,-6.79,RSI Stop <30,bull,25,43.4,29.6,67.2,79.7,M&M
GFS Basic,2022-10-14,2022-10-27,1242.41,1260.66,34,620.18,109.85,510.33,1.21,RSI Target 60,bull,13,37.7,62.6,61.3,79.7,M&M
GFS Basic,2023-06-23,2023-06-30,1357.33,1415.98,32,1876.77,113.8,1762.97,4.06,RSI Target 60,bull,7,42.4,72.5,85.5,71.4,M&M
GFS Basic,2023-07-28,2023-08-17,1477.97,1548.84,30,2126.12,116.07,2010.06,4.53,RSI Target 60,bull,20,36.6,76.5,78.7,69.7,M&M
GFS Basic,2023-10-03,2023-10-25,1553.34,1544.51,30,-265.1,118.62,-383.71,-0.82,RSI Target 60,bull,22,42.9,64.7,51.4,67.4,M&M
GFS Basic,2024-07-08,2024-07-31,2864.43,2883.18,16,300.04,117.49,182.55,0.4,RSI Target 60,bull,23,39.1,68.9,76.1,89.9,M&M
GFS Basic,2024-08-06,2024-08-26,2708.8,2769.45,17,1031.08,118.73,912.35,1.98,RSI Target 60,bull,20,40.5,61.5,59.5,89.9,M&M
GFS Basic,2025-05-30,2025-06-19,3006.26,3068.6,15,935.06,116.51,818.55,1.82,RSI Target 60,sideways,20,38.0,64.7,59.9,68.8,M&M
GFS Basic,2025-07-11,2025-07-21,3194.2,3245.08,15,763.2,122.6,640.61,1.34,RSI Target 60,bull,10,43.4,64.1,73.3,68.5,M&M
GFS Basic,2025-08-11,2025-08-18,3216.51,3381.41,15,2473.52,125.11,2348.4,4.87,RSI Target 60,bull,7,39.4,67.6,62.4,64.7,M&M
GFS Basic,2025-12-03,2025-12-31,3749.87,3707.35,13,-552.87,123.09,-675.96,-1.39,RSI Target 60,bull,28,44.2,60.4,51.5,75.8,M&M
GFS Advanced,2006-12-15,2006-12-29,158.74,180.6,598,13071.02,239.81,12831.21,13.52,RSI Target 60,bull,14,42.3,65.8,84.3,88.7,M&M
GFS Advanced,2014-09-17,2014-09-23,623.78,609.13,171,-2506.56,249.77,-2756.33,-2.58,RSI Stop <30,bull,6,44.3,29.4,63.3,71.2,M&M
GFS Advanced,2016-08-30,2016-09-01,657.96,668.69,158,1695.05,248.1,1446.95,1.39,RSI Target 60,bull,2,37.9,61.1,68.6,58.8,M&M
GFS Advanced,2018-05-25,2018-05-30,788.26,834.05,134,6136.34,256.41,5879.93,5.57,RSI Target 60,bull,5,39.2,63.3,71.0,70.9,M&M
GFS Advanced,2021-11-09,2021-11-12,847.7,904.28,131,7411.18,269.78,7141.4,6.43,RSI Target 60,bull,3,41.7,64.8,74.4,76.7,M&M
GFS Advanced,2023-07-28,2023-08-17,1477.97,1548.84,80,5669.66,283.95,5385.71,4.56,RSI Target 60,bull,20,36.6,76.5,78.7,69.7,M&M
GFS Advanced,2025-07-14,2025-07-21,3163.98,3245.08,39,3162.72,292.81,2869.91,2.33,RSI Target 60,bull,7,44.2,64.1,73.3,68.5,M&M
GFS Basic,2006-05-12,2006-05-22,35.89,25.6,2646,-27231.79,198.17,-27429.96,-28.88,RSI Stop <30,bull,10,41.6,16.0,35.2,79.3,Titan
GFS Basic,2006-09-19,2006-09-29,36.92,36.47,1867,-841.13,167.63,-1008.77,-1.46,RSI Target 60,sideways,10,44.9,63.8,77.5,68.9,Titan
GFS Basic,2006-10-31,2006-11-08,36.15,33.56,1880,-4882.34,161.32,-5043.66,-7.42,RSI Stop <30,bull,8,42.2,17.0,76.3,63.6,Titan
GFS Basic,2006-11-10,2006-12-05,34.84,36.81,1813,3563.45,159.4,3404.05,5.39,RSI Target 60,bull,25,40.1,62.9,53.7,63.5,Titan
GFS Basic,2007-02-22,2007-02-28,44.44,37.4,1494,-10507.43,151.97,-10659.4,-16.06,RSI Stop <30,bull,6,41.3,21.9,66.1,51.4,Titan
GFS Basic,2007-06-07,2007-06-26,51.9,57.82,1084,6412.04,147.0,6265.04,11.14,RSI Target 60,bull,19,41.1,70.9,72.9,62.9,Titan
GFS Basic,2007-07-19,2007-07-27,60.77,51.22,1024,-9779.74,143.48,-9923.23,-15.95,RSI Stop <30,bull,8,43.6,26.1,56.1,73.8,Titan
GFS Basic,2007-08-03,2007-08-30,52.97,56.12,997,3143.99,135.95,3008.04,5.7,RSI Target 60,bull,27,35.3,62.7,47.0,66.7,Titan
GFS Basic,2007-11-14,2007-11-19,73.23,68.82,760,-3351.33,135.54,-3486.87,-6.26,RSI Stop <30,bull,5,42.1,26.0,71.2,78.3,Titan
GFS Basic,2007-11-26,2007-11-28,66.55,66.78,786,174.22,131.76,42.46,0.08,RSI Stop <30,bull,2,36.2,28.2,66.6,78.3,Titan
GFS Basic,2007-12-03,2007-12-12,70.19,68.43,746,-1308.44,130.33,-1438.77,-2.75,RSI Target 60,bull,9,44.5,60.1,68.1,69.9,Titan
GFS Basic,2010-03-23,2010-03-25,84.25,81.87,605,-1436.18,127.11,-1563.28,-3.07,RSI Stop <30,bull,2,43.1,26.1,83.7,83.4,Titan
GFS Basic,2010-05-26,2010-06-14,102.46,103.26,483,383.75,125.71,258.05,0.52,RSI Target 60,bull,19,44.8,67.7,81.2,97.7,Titan
GFS Basic,2010-06-17,2010-06-28,104.69,107.69,475,1422.31,127.32,1294.99,2.6,RSI Target 60,bull,11,43.4,72.6,82.8,97.7,Titan
GFS Basic,2011-05-03,2011-05-20,206.62,192.12,246,-3567.2,124.59,-3691.79,-7.26,RSI Target 60,bull,17,42.2,65.3,92.5,87.8,Titan
GFS Basic,2011-06-29,2011-07-14,200.91,210.82,236,2339.54,123.12,2216.42,4.67,RSI Target 60,bull,15,41.9,63.1,71.9,84.4,Titan
GFS Basic,2012-03-29,2012-04-04,225.01,232.58,220,1664.64,127.06,1537.57,3.11,RSI Target 60,bull,6,42.7,61.3,75.4,60.9,Titan
GFS Basic,2012-04-24,2012-04-25,224.92,214.47,227,-2370.38,126.33,-2496.72,-4.89,RSI Stop <30,bull,1,42.0,27.0,70.9,60.9,Titan
GFS Basic,2012-04-27,2012-05-07,219.82,232.06,221,2704.42,126.09,2578.32,5.31,RSI Target 60,bull,10,40.0,60.2,64.8,65.5,Titan
GFS Basic,2012-10-31,2012-11-01,251.63,268.17,203,3356.71,132.33,3224.38,6.31,RSI Target 60,bull,1,43.7,62.2,80.0,65.8,Titan
GFS Basic,2012-12-14,2012-12-20,286.75,268.87,189,-3378.01,132.27,-3510.28,-6.48,RSI Stop <30,bull,6,43.6,28.6,77.4,73.3,Titan
GFS Basic,2012-12-31,2013-01-09,266.32,252.04,191,-2727.25,125.55,-2852.8,-5.61,RSI Stop <30,bull,9,38.1,25.2,63.1,64.2,Titan
GFS Basic,2014-07-14,2014-07-31,320.57,325.55,150,746.95,122.97,623.99,1.3,RSI Target 60,bull,17,40.4,62.9,71.9,56.6,Titan
GFS Basic,2014-10-15,2014-10-30,382.54,400.34,127,2260.86,125.64,2135.22,4.4,RSI Target 60,bull,15,43.0,60.1,76.1,70.9,Titan
GFS Basic,2014-11-03,2014-11-19,391.67,349.75,129,-5407.01,122.01,-5529.02,-10.94,RSI Stop <30,bull,16,43.4,28.4,63.4,76.1,Titan
GFS Basic,2015-02-19,2015-02-27,413.26,415.57,110,253.83,116.62,137.21,0.3,RSI Target 60,bull,8,43.9,61.9,71.2,80.9,Titan
GFS Basic,2015-03-03,2015-03-20,402.03,374.86,113,-3071.03,113.11,-3184.14,-7.01,RSI Stop <30,bull,17,44.7,26.3,55.5,81.2,Titan
GFS Basic,2017-04-26,2017-05-11,469.79,484.65,90,1337.28,110.68,1226.6,2.9,RSI Target 60,bull,15,37.7,60.5,82.7,72.1,Titan
GFS Basic,2017-05-24,2017-06-05,470.09,533.68,93,5914.74,118.61,5796.13,13.26,RSI Target 60,bull,12,40.3,71.4,62.8,70.5,Titan
GFS Basic,2017-06-27,2017-06-28,504.35,490.6,97,-1334.06,122.67,-1456.73,-2.98,RSI Stop <30,bull,1,42.0,29.2,63.3,70.5,Titan
GFS Basic,2017-08-29,2017-09-11,598.07,615.06,80,1359.25,123.07,1236.18,2.58,RSI Target 60,bull,13,42.5,60.4,83.5,76.1,Titan
GFS Basic,2017-10-04,2017-10-13,585.37,607.48,83,1834.71,125.2,1709.51,3.52,RSI Target 60,bull,9,37.1,61.7,69.1,69.4,Titan
GFS Basic,2017-10-25,2017-11-01,594.76,619.43,85,2097.01,129.85,1967.16,3.89,RSI Target 60,bull,7,44.3,61.5,59.0,73.1,Titan
GFS Basic,2017-12-14,2017-12-19,821.21,843.81,64,1446.27,133.63,1312.64,2.5,RSI Target 60,bull,5,44.5,66.4,74.0,83.6,Titan
GFS Basic,2018-01-25,2018-02-01,884.43,807.51,60,-4615.33,128.48,-4743.81,-8.94,RSI Stop <30,bull,7,41.8,29.4,83.8,94.7,Titan
GFS Basic,2018-05-02,2018-05-10,958.02,945.59,51,-633.63,123.25,-756.88,-1.55,RSI Target 60,bull,8,44.2,60.3,60.7,88.0,Titan
GFS Basic,2018-05-15,2018-05-21,935.74,889.38,51,-2364.56,118.93,-2483.5,-5.2,RSI Stop <30,bull,6,39.8,29.6,75.9,88.0,Titan
GFS Basic,2018-05-23,2018-05-29,905.44,888.65,51,-856.43,117.06,-973.5,-2.11,RSI Stop <30,bull,6,36.7,24.7,71.2,88.0,Titan
GFS Basic,2018-06-01,2018-06-04,898.78,860.32,50,-1922.8,113.21,-2036.0,-4.53,RSI Stop <30,bull,3,38.8,25.4,64.3,78.4,Titan
GFS Basic,2018-06-06,2018-06-28,862.26,812.71,50,-2477.28,108.57,-2585.86,-6.0,RSI Stop <30,bull,22,37.2,28.5,49.7,78.4,Titan
GFS Basic,2019-02-28,2019-03-11,1023.03,1043.53,40,819.91,107.12,712.79,1.74,RSI Target 60,bull,11,35.5,66.1,72.6,62.3,Titan
GFS Basic,2019-11-07,2019-11-11,1176.7,1133.07,35,-1527.0,105.27,-1632.27,-3.96,RSI Stop <30,bull,4,35.6,24.6,57.6,69.1,Titan
GFS Basic,2020-02-26,2020-03-09,1262.82,1179.88,31,-2570.86,99.67,-2670.53,-6.82,RSI Stop <30,bull,12,44.5,25.0,59.3,63.5,Titan
GFS Basic,2021-07-09,2021-07-14,1720.12,1683.31,21,-772.92,94.81,-867.73,-2.4,RSI Stop <30,bull,5,43.8,27.8,63.1,76.4,Titan
GFS Basic,2021-07-26,2021-08-02,1704.45,1747.73,21,908.95,95.82,813.13,2.27,RSI Target 60,bull,7,43.3,62.5,75.7,80.1,Titan
GFS Basic,2021-11-03,2021-11-11,2434.09,2494.11,15,900.23,97.4,802.83,2.2,RSI Target 60,bull,8,39.6,62.2,80.1,85.0,Titan
GFS Basic,2021-11-24,2021-11-29,2380.91,2292.95,16,-1407.42,98.53,-1505.95,-3.95,RSI Stop <30,bull,5,40.8,25.3,65.0,85.0,Titan
GFS Basic,2021-11-30,2021-12-06,2305.31,2294.03,15,-169.22,92.0,-261.22,-0.76,RSI Stop <30,bull,6,35.0,27.6,69.4,83.7,Titan
GFS Basic,2021-12-07,2021-12-30,2350.2,2404.53,15,814.92,94.52,720.4,2.04,RSI Target 60,bull,23,35.6,61.7,58.9,83.7,Titan
GFS Basic,2022-09-29,2022-10-20,2610.88,2605.3,14,-78.12,96.48,-174.6,-0.48,RSI Target 60,bull,21,43.6,61.0,76.0,68.4,Titan
GFS Basic,2023-07-20,2023-08-02,3000.03,2957.06,12,-515.72,94.8,-610.52,-1.7,RSI Stop <30,bull,13,43.3,28.2,73.3,68.3,Titan
GFS Basic,2023-08-08,2023-08-17,2903.14,3051.02,12,1774.49,94.59,1679.9,4.82,RSI Target 60,bull,9,35.2,61.0,65.5,68.3,Titan
GFS Basic,2023-09-29,2023-10-19,3206.34,3262.48,11,617.56,94.35,523.21,1.48,RSI Target 60,bull,20,44.2,68.6,58.0,74.4,Titan
GFS Basic,2023-10-26,2023-10-27,3217.67,3099.64,12,-1416.43,99.67,-1516.11,-3.93,RSI Stop <30,bull,1,35.2,20.2,57.7,74.4,Titan
GFS Basic,2024-02-01,2024-02-23,3753.27,3667.03,9,-776.17,89.6,-865.76,-2.56,RSI Target 60,bull,22,44.2,70.3,70.5,81.4,Titan
GFS Basic,2024-10-03,2024-10-08,3828.35,3481.13,9,-3124.99,88.66,-3213.65,-9.33,RSI Stop <30,bull,5,41.3,28.5,60.7,69.8,Titan
GFS Basic,2026-01-23,2026-01-28,4130.06,3973.21,8,-1254.81,87.46,-1342.27,-4.06,RSI Stop <30,bull,5,44.6,11.5,69.4,63.8,Titan
GFS Basic,2026-02-04,2026-02-10,4145.07,4266.97,7,853.26,80.7,772.56,2.66,RSI Target 60,bull,6,42.9,65.6,69.1,62.6,Titan
GFS Basic,2026-03-11,2026-03-19,4245.02,4035.88,7,-1463.98,79.85,-1543.84,-5.2,RSI Stop <30,bull,8,41.8,28.6,60.7,66.6,Titan
GFS Advanced,2011-06-30,2011-07-14,199.47,210.82,476,5404.02,231.92,5172.11,5.45,RSI Target 60,bull,14,39.9,63.1,71.9,84.4,Titan
GFS Advanced,2012-10-31,2012-11-01,251.63,268.17,397,6564.59,244.12,6320.47,6.33,RSI Target 60,bull,1,43.7,62.2,80.0,65.8,Titan
GFS Advanced,2012-12-18,2012-12-20,271.87,268.87,389,-1166.65,249.14,-1415.78,-1.34,RSI Stop <30,bull,2,37.2,28.6,77.4,73.3,Titan
GFS Advanced,2018-05-15,2018-05-21,935.74,889.38,111,-5146.4,240.81,-5387.21,-5.19,RSI Stop <30,bull,6,39.8,29.6,75.9,88.0,Titan
GFS Advanced,2019-02-28,2019-03-11,1023.03,1043.53,97,1988.29,237.91,1750.39,1.76,RSI Target 60,bull,11,35.5,66.1,72.6,62.3,Titan
GFS Advanced,2021-07-26,2021-08-02,1704.45,1747.73,59,2553.71,241.44,2312.27,2.3,RSI Target 60,bull,7,43.3,62.5,75.7,80.1,Titan
GFS Advanced,2021-11-30,2021-12-06,2305.31,2294.03,44,-496.37,240.22,-736.59,-0.73,RSI Stop <30,bull,6,35.0,27.6,69.4,83.7,Titan
GFS Advanced,2024-10-04,2024-10-07,3772.54,3576.69,27,-5287.85,236.2,-5524.05,-5.42,Price < 50 EMA,bull,3,40.6,36.7,60.7,69.8,Titan
GFS Basic,2006-04-24,2006-05-04,72.18,73.59,1316,1866.06,228.33,1637.73,1.72,RSI Target 60,bull,10,42.1,63.3,77.2,85.8,Sun Pharma
GFS Basic,2006-05-10,2006-05-17,73.57,70.93,1312,-3465.26,226.24,-3691.5,-3.82,RSI Target 60,bull,7,44.6,63.0,64.3,85.8,Sun Pharma
GFS Basic,2006-05-26,2006-06-06,73.77,61.12,1261,-15948.71,205.53,-16154.24,-17.37,RSI Stop <30,bull,11,37.6,27.4,54.6,77.7,Sun Pharma
GFS Basic,2006-10-10,2006-11-10,75.87,76.83,1024,991.5,188.99,802.51,1.03,RSI Target 60,bull,31,41.3,66.2,86.6,72.2,Sun Pharma
GFS Basic,2006-12-12,2006-12-19,81.76,75.88,959,-5633.92,183.73,-5817.64,-7.42,RSI Stop <30,bull,7,36.3,29.1,62.8,74.7,Sun Pharma
GFS Basic,2007-02-13,2007-02-23,83.94,78.54,868,-4681.29,172.38,-4853.67,-6.66,RSI Stop <30,bull,10,37.3,27.5,49.9,78.2,Sun Pharma
GFS Basic,2007-06-11,2007-06-20,93.41,91.8,731,-1176.4,165.85,-1342.26,-1.97,RSI Stop <30,bull,9,41.9,22.9,65.0,71.1,Sun Pharma
GFS Basic,2007-06-26,2007-07-12,93.58,87.1,716,-4640.11,159.41,-4799.53,-7.16,RSI Stop <30,bull,16,35.1,27.4,53.3,63.0,Sun Pharma
GFS Basic,2007-12-04,2007-12-11,97.26,99.24,642,1275.44,155.41,1120.04,1.79,RSI Target 60,bull,7,38.5,67.2,78.5,63.3,Sun Pharma
GFS Basic,2008-01-09,2008-01-14,100.56,96.46,631,-2591.32,153.66,-2744.98,-4.33,RSI Stop <30,bull,5,43.8,28.4,72.2,68.5,Sun Pharma
GFS Basic,2008-05-26,2008-06-02,117.72,126.37,517,4472.25,155.22,4317.03,7.09,RSI Target 60,bull,7,40.3,62.6,72.0,70.4,Sun Pharma
GFS Basic,2008-06-24,2008-06-25,128.55,113.77,506,-7479.3,152.13,-7631.43,-11.73,RSI Stop <30,bull,1,44.8,29.9,66.1,70.4,Sun Pharma
GFS Basic,2008-06-26,2008-07-04,116.76,115.61,495,-572.45,143.18,-715.63,-1.24,RSI Stop <30,bull,8,40.1,29.5,55.7,68.9,Sun Pharma
GFS Basic,2008-10-06,2008-12-01,131.7,94.31,433,-16190.39,125.28,-16315.67,-28.61,RSI Stop <30,sideways,56,44.3,15.9,28.6,55.4,Sun Pharma
GFS Basic,2010-01-18,2010-01-25,139.71,128.62,297,-3294.23,104.13,-3398.36,-8.19,RSI Stop <30,bull,7,40.2,28.3,56.4,69.2,Sun Pharma
GFS Basic,2010-04-22,2010-04-26,161.59,142.75,237,-4466.68,95.81,-4562.5,-11.91,RSI Stop <30,bull,4,38.8,22.1,61.6,77.2,Sun Pharma
GFS Basic,2010-08-16,2010-08-17,156.42,151.97,217,-967.17,89.76,-1056.93,-3.11,RSI Stop <30,bull,1,36.2,23.6,71.7,70.1,Sun Pharma
GFS Basic,2010-09-08,2010-09-16,155.62,165.0,212,1989.25,90.71,1898.54,5.75,RSI Target 60,bull,8,36.5,65.1,57.1,76.3,Sun Pharma
GFS Basic,2010-11-29,2010-12-24,207.27,212.38,168,858.51,93.61,764.91,2.2,RSI Target 60,bull,25,41.5,62.6,79.7,78.9,Sun Pharma
GFS Basic,2011-01-17,2011-01-28,223.75,201.39,159,-3556.52,90.71,-3647.23,-10.25,RSI Stop <30,bull,11,38.8,29.6,55.5,82.8,Sun Pharma
GFS Basic,2011-08-08,2011-08-12,226.38,213.61,141,-1800.3,84.4,-1884.7,-5.9,RSI Stop <30,bull,4,42.0,14.0,61.9,79.4,Sun Pharma
GFS Basic,2012-01-06,2012-01-10,231.17,233.36,131,286.47,82.93,203.54,0.67,RSI Target 60,bull,4,37.3,71.1,62.2,60.9,Sun Pharma
GFS Basic,2012-02-24,2012-03-02,252.05,256.07,121,486.28,83.61,402.67,1.32,RSI Target 60,bull,7,44.1,68.7,71.0,59.8,Sun Pharma
GFS Basic,2012-04-03,2012-04-13,261.1,264.57,118,409.17,84.23,324.94,1.05,RSI Target 60,bull,10,43.3,61.8,71.7,70.3,Sun Pharma
GFS Basic,2012-05-18,2012-06-13,266.78,268.0,117,143.3,84.85,58.46,0.19,RSI Target 60,bull,26,41.2,64.6,54.6,67.7,Sun Pharma
GFS Basic,2012-07-19,2012-07-24,286.23,274.98,109,-1225.78,83.4,-1309.18,-4.2,RSI Stop <30,bull,5,39.7,27.3,62.0,71.4,Sun Pharma
GFS Basic,2012-07-26,2012-07-30,279.13,291.73,107,1348.33,83.1,1265.23,4.24,RSI Target 60,bull,4,41.5,61.9,63.0,71.4,Sun Pharma
GFS Basic,2012-09-04,2012-09-10,306.32,310.86,101,458.26,84.56,373.7,1.21,RSI Target 60,bull,6,37.7,60.1,79.9,71.7,Sun Pharma
GFS Basic,2012-09-17,2012-09-26,312.4,307.29,101,-516.12,84.92,-601.04,-1.9,RSI Target 60,bull,9,44.8,68.4,74.2,71.7,Sun Pharma
GFS Basic,2012-11-01,2012-11-21,317.5,318.55,97,101.56,83.88,17.68,0.06,RSI Target 60,bull,20,36.6,62.2,52.6,76.8,Sun Pharma
GFS Basic,2013-01-15,2013-01-21,337.07,318.27,92,-1729.67,82.46,-1812.12,-5.84,RSI Stop <30,bull,6,36.6,29.6,49.6,82.2,Sun Pharma
GFS Basic,2013-01-25,2013-01-29,327.22,323.5,89,-330.64,79.71,-410.35,-1.41,RSI Stop <30,bull,4,42.9,27.2,61.1,82.2,Sun Pharma
GFS Basic,2013-01-31,2013-02-05,326.06,340.85,88,1301.99,80.45,1221.54,4.26,RSI Target 60,bull,5,39.3,63.6,57.7,77.0,Sun Pharma
GFS Basic,2013-06-14,2013-06-18,438.84,441.99,68,214.48,81.87,132.61,0.44,RSI Stop <30,bull,4,38.6,26.1,65.2,90.6,Sun Pharma
GFS Basic,2013-06-27,2013-07-03,435.65,463.76,69,1939.02,84.15,1854.87,6.17,RSI Target 60,bull,6,38.1,70.7,69.7,85.0,Sun Pharma
GFS Basic,2013-08-06,2013-08-21,513.41,438.81,62,-4624.94,81.28,-4706.22,-14.78,RSI Stop <30,bull,15,43.4,25.3,62.3,92.2,Sun Pharma
GFS Basic,2013-10-30,2014-01-06,567.06,537.49,48,-1419.69,74.35,-1494.04,-5.49,RSI Target 60,bull,68,35.9,70.0,46.3,75.1,Sun Pharma
GFS Basic,2014-03-11,2014-03-27,559.2,512.18,46,-2162.96,70.26,-2233.22,-8.68,RSI Stop <30,bull,16,38.4,29.6,52.3,77.9,Sun Pharma
GFS Basic,2014-09-11,2014-09-16,793.8,730.64,30,-1894.73,66.29,-1961.02,-8.23,RSI Stop <30,bull,5,35.4,26.0,79.0,74.9,Sun Pharma
GFS Basic,2014-09-19,2014-09-22,745.53,730.73,29,-429.06,62.94,-492.0,-2.28,RSI Stop <30,bull,3,37.4,23.8,77.1,74.9,Sun Pharma
GFS Basic,2014-09-29,2014-10-01,752.63,787.89,28,987.42,63.19,924.23,4.39,RSI Target 60,bull,2,43.6,61.3,76.9,72.7,Sun Pharma
GFS Basic,2015-03-27,2015-04-01,964.78,989.58,23,570.43,65.24,505.19,2.28,RSI Target 60,bull,5,42.9,60.1,73.6,78.7,Sun Pharma
GFS Basic,2015-04-21,2015-04-27,977.51,847.94,23,-2980.27,62.21,-3042.48,-13.53,RSI Stop <30,bull,6,43.6,17.4,57.3,78.7,Sun Pharma
GFS Basic,2020-08-31,2020-10-23,533.14,456.92,37,-2819.96,56.25,-2876.21,-14.58,RSI Stop <30,bull,53,42.1,25.4,46.4,58.8,Sun Pharma
GFS Basic,2021-01-21,2021-02-08,569.81,598.53,30,861.39,54.22,807.17,4.72,RSI Target 60,bull,18,44.0,69.0,80.9,64.7,Sun Pharma
GFS Basic,2021-02-23,2021-04-08,581.7,584.35,31,82.25,55.5,26.75,0.15,RSI Target 60,bull,44,39.8,65.1,55.0,68.2,Sun Pharma
GFS Basic,2021-05-31,2021-06-15,661.36,640.43,27,-564.95,54.43,-619.38,-3.47,RSI Stop <30,bull,15,37.1,29.7,67.5,84.5,Sun Pharma
GFS Basic,2021-06-22,2021-07-07,642.6,647.0,27,118.79,54.02,64.78,0.37,RSI Target 60,bull,15,39.3,63.9,76.2,80.0,Sun Pharma
GFS Basic,2021-08-20,2021-09-13,753.63,744.27,23,-215.22,53.63,-268.85,-1.55,RSI Target 60,bull,24,42.3,60.9,72.6,85.0,Sun Pharma
GFS Basic,2021-09-22,2021-09-29,731.7,773.84,23,969.3,53.74,915.56,5.44,RSI Target 60,bull,7,37.7,66.6,73.9,85.0,Sun Pharma
GFS Basic,2021-10-22,2021-10-27,791.52,787.01,23,-103.76,55.69,-159.44,-0.88,RSI Target 60,bull,5,44.4,62.1,72.4,83.8,Sun Pharma
GFS Basic,2021-10-28,2021-11-03,800.54,751.57,22,-1077.31,53.36,-1130.67,-6.42,RSI Stop <30,bull,6,41.8,28.6,67.6,81.4,Sun Pharma
GFS Basic,2022-04-27,2022-05-12,889.9,817.15,19,-1382.27,51.48,-1433.75,-8.48,RSI Stop <30,bull,15,41.9,25.2,60.1,84.7,Sun Pharma
GFS Basic,2022-11-21,2022-11-23,982.71,981.54,15,-17.63,48.08,-65.7,-0.45,RSI Stop <30,bull,2,43.2,28.8,67.4,67.3,Sun Pharma
GFS Basic,2022-11-24,2022-11-29,983.92,1012.59,15,430.13,48.58,381.55,2.59,RSI Target 60,bull,5,45.0,73.5,72.0,67.3,Sun Pharma
GFS Basic,2022-12-08,2022-12-19,1001.35,952.89,15,-726.82,47.96,-774.79,-5.16,RSI Stop <30,bull,11,38.5,23.4,67.1,67.5,Sun Pharma
GFS Basic,2022-12-22,2023-01-05,974.65,980.14,15,82.32,47.91,34.41,0.24,RSI Target 60,bull,14,38.6,63.4,67.0,65.4,Sun Pharma
GFS Basic,2023-02-01,2023-02-17,1023.7,956.69,14,-938.05,46.21,-984.27,-6.87,RSI Stop <30,bull,16,43.9,29.6,44.2,71.0,Sun Pharma
GFS Basic,2023-08-23,2023-08-28,1119.67,1089.29,12,-364.5,44.82,-409.32,-3.05,RSI Stop <30,bull,5,44.5,28.9,78.9,71.1,Sun Pharma
GFS Basic,2023-09-01,2023-09-12,1092.19,1116.84,12,295.84,44.77,251.07,1.92,RSI Target 60,bull,11,35.7,60.5,75.0,70.8,Sun Pharma
GFS Basic,2023-10-04,2023-11-09,1134.26,1147.02,12,153.15,45.74,107.41,0.79,RSI Target 60,bull,36,42.1,60.5,50.5,65.5,Sun Pharma
GFS Basic,2024-03-19,2024-03-22,1547.46,1577.93,9,274.28,46.57,227.71,1.63,RSI Target 60,bull,3,42.2,60.0,84.6,80.9,Sun Pharma
GFS Basic,2024-04-15,2024-04-16,1565.86,1507.95,9,-521.18,46.12,-567.3,-4.03,RSI Stop <30,bull,1,43.2,25.0,71.4,81.1,Sun Pharma
GFS Basic,2024-05-07,2024-05-14,1505.98,1515.51,9,85.75,45.55,40.21,0.3,RSI Target 60,bull,7,44.9,63.5,59.7,77.2,Sun Pharma
GFS Basic,2024-10-18,2024-11-18,1894.5,1719.54,7,-1224.68,43.54,-1268.22,-9.56,RSI Stop <30,bull,31,39.1,21.4,54.0,77.4,Sun Pharma
GFS Advanced,2006-10-12,2006-11-10,74.65,76.83,1272,2781.82,229.21,2552.6,2.69,RSI Target 60,bull,29,40.3,66.2,86.6,72.2,Sun Pharma
GFS Advanced,2008-01-11,2008-01-14,97.35,96.46,1000,-888.04,230.73,-1118.78,-1.15,RSI Stop <30,bull,3,44.5,28.4,72.2,68.5,Sun Pharma
GFS Advanced,2010-09-08,2010-09-16,155.62,165.0,619,5808.23,235.41,5572.82,5.79,RSI Target 60,bull,8,36.5,65.1,57.1,76.3,Sun Pharma
GFS Advanced,2011-08-08,2011-08-09,226.38,216.15,449,-4594.52,236.45,-4830.96,-4.75,Price < 50 EMA,bull,1,42.0,38.1,61.2,79.4,Sun Pharma
GFS Advanced,2012-07-26,2012-07-30,279.13,291.73,347,4372.62,235.09,4137.53,4.27,RSI Target 60,bull,4,41.5,61.9,63.0,71.4,Sun Pharma
GFS Advanced,2013-01-25,2013-01-29,327.22,323.5,308,-1144.25,238.1,-1382.35,-1.37,RSI Stop <30,bull,4,42.9,27.2,61.1,82.2,Sun Pharma
GFS Advanced,2013-06-27,2013-07-03,435.65,463.76,228,6407.19,242.7,6164.49,6.21,RSI Target 60,bull,6,38.1,70.7,69.7,85.0,Sun Pharma
GFS Advanced,2014-03-12,2014-03-13,545.11,523.51,193,-4169.93,244.8,-4414.73,-4.2,Price < 50 EMA,bull,1,43.1,35.9,60.5,77.9,Sun Pharma
GFS Advanced,2014-09-29,2014-10-01,752.63,787.89,134,4725.53,244.34,4481.19,4.44,RSI Target 60,bull,2,43.6,61.3,76.9,72.7,Sun Pharma
GFS Advanced,2021-01-29,2021-02-08,542.34,598.53,194,10899.75,260.43,10639.32,10.11,RSI Target 60,bull,10,37.7,69.0,80.9,64.7,Sun Pharma
GFS Advanced,2021-11-02,2021-11-03,777.05,751.57,148,-3771.17,266.98,-4038.15,-3.51,RSI Stop <30,bull,1,43.7,28.6,67.6,81.4,Sun Pharma
GFS Advanced,2024-10-25,2024-11-04,1831.37,1779.71,61,-3151.45,260.31,-3411.76,-3.05,Price < 50 EMA,bull,10,40.0,33.9,71.1,77.4,Sun Pharma
GFS Basic,2010-01-27,2010-02-05,195.95,162.27,484,-16302.26,209.2,-16511.45,-17.41,RSI Stop <30,bull,9,38.6,25.0,50.2,94.3,Tech Mahindra
GFS Basic,2011-08-08,2011-08-17,135.21,125.26,586,-5830.4,185.36,-6015.77,-7.59,RSI Stop <30,bull,9,38.1,27.9,66.3,60.4,Tech Mahindra
GFS Basic,2012-10-19,2012-10-22,168.15,164.94,437,-1399.51,177.17,-1576.68,-2.15,RSI Stop <30,bull,3,41.2,28.7,72.7,62.2,Tech Mahindra
GFS Basic,2012-10-29,2012-11-29,164.51,154.92,438,-4197.99,171.1,-4369.1,-6.06,RSI Stop <30,bull,31,45.0,26.2,56.1,70.6,Tech Mahindra
GFS Basic,2012-12-07,2012-12-14,156.88,166.8,433,4292.8,170.74,4122.07,6.07,RSI Target 60,bull,7,36.9,66.4,61.7,71.2,Tech Mahindra
GFS Basic,2013-02-05,2013-02-20,178.53,185.1,402,2640.23,177.56,2462.67,3.43,RSI Target 60,bull,15,42.6,64.5,60.8,76.7,Tech Mahindra
GFS Basic,2013-03-21,2013-04-02,192.87,180.52,384,-4741.73,175.0,-4916.72,-6.64,RSI Stop <30,bull,12,38.3,25.3,76.0,76.0,Tech Mahindra
GFS Basic,2013-09-17,2013-10-03,228.91,242.45,303,4101.21,173.71,3927.5,5.66,RSI Target 60,bull,16,37.7,63.8,79.8,78.8,Tech Mahindra
GFS Basic,2013-11-01,2013-11-07,277.04,279.08,264,537.59,178.42,359.17,0.49,RSI Target 60,bull,6,44.7,62.3,78.9,81.0,Tech Mahindra
GFS Basic,2013-12-06,2013-12-19,302.24,316.9,243,3563.2,182.23,3380.97,4.6,RSI Target 60,bull,13,37.7,67.6,78.2,80.6,Tech Mahindra
GFS Basic,2014-01-17,2014-01-30,334.34,303.42,229,-7080.3,178.14,-7258.44,-9.48,RSI Stop <30,bull,13,38.5,26.7,71.2,84.1,Tech Mahindra
GFS Basic,2014-01-31,2014-02-17,309.02,322.04,226,2943.24,173.58,2769.66,3.97,RSI Target 60,bull,17,38.0,61.2,66.0,85.2,Tech Mahindra
GFS Basic,2014-03-11,2014-05-02,326.16,324.49,222,-370.3,175.85,-546.15,-0.75,RSI Target 60,bull,52,44.2,71.5,55.3,80.0,Tech Mahindra
GFS Basic,2014-10-08,2014-10-16,453.75,410.86,158,-6777.61,167.63,-6945.23,-9.69,RSI Stop <30,bull,8,39.5,28.5,62.5,90.1,Tech Mahindra
GFS Basic,2014-10-29,2014-10-31,424.59,448.7,154,3713.92,164.48,3549.44,5.43,RSI Target 60,bull,2,37.1,72.9,66.0,89.4,Tech Mahindra
GFS Basic,2014-12-11,2015-01-09,468.6,477.69,146,1326.29,168.74,1157.55,1.69,RSI Target 60,bull,29,40.7,61.1,58.8,87.9,Tech Mahindra
GFS Basic,2015-02-19,2015-03-03,520.03,518.35,134,-224.88,169.95,-394.83,-0.57,RSI Target 60,bull,12,42.9,64.1,62.9,85.8,Tech Mahindra
GFS Basic,2015-03-09,2015-03-24,519.64,470.25,133,-6568.47,162.11,-6730.58,-9.74,RSI Stop <30,bull,15,41.6,27.6,58.4,85.8,Tech Mahindra
GFS Basic,2017-12-01,2017-12-12,375.19,379.12,168,661.36,156.09,505.27,0.8,RSI Target 60,bull,11,42.1,60.4,68.9,60.4,Tech Mahindra
GFS Basic,2018-02-16,2018-03-05,468.4,477.19,135,1187.74,157.08,1030.66,1.63,RSI Target 60,bull,17,44.8,62.1,72.3,65.5,Tech Mahindra
GFS Basic,2018-04-05,2018-04-12,470.97,493.8,137,3127.34,161.96,2965.38,4.6,RSI Target 60,bull,7,42.5,61.1,71.4,73.1,Tech Mahindra
GFS Basic,2018-05-08,2018-05-18,511.48,524.17,131,1662.19,165.95,1496.24,2.23,RSI Target 60,bull,10,44.7,64.7,67.6,72.2,Tech Mahindra
GFS Basic,2018-06-20,2018-07-06,539.12,480.26,127,-7475.17,159.74,-7634.9,-11.15,RSI Stop <30,bull,16,39.7,26.5,49.3,78.8,Tech Mahindra
GFS Basic,2018-09-28,2018-10-09,587.7,538.49,104,-5117.53,145.85,-5263.39,-8.61,RSI Stop <30,bull,11,40.6,29.5,63.3,85.4,Tech Mahindra
GFS Basic,2018-10-17,2018-10-22,563.42,523.37,100,-4005.46,136.39,-4141.85,-7.35,RSI Stop <30,bull,5,38.1,28.4,61.6,85.4,Tech Mahindra
GFS Basic,2018-11-21,2018-12-05,567.22,562.28,92,-454.26,130.83,-585.09,-1.12,RSI Target 60,bull,14,36.4,60.1,48.0,76.4,Tech Mahindra
GFS Basic,2019-03-13,2019-03-27,630.13,591.75,82,-3147.22,126.9,-3274.12,-6.34,RSI Stop <30,bull,14,39.8,20.8,64.0,79.7,Tech Mahindra
GFS Basic,2019-04-01,2019-04-16,605.55,617.4,80,947.96,123.97,823.99,1.7,RSI Target 60,bull,15,37.4,64.6,72.1,66.6,Tech Mahindra
GFS Basic,2019-05-14,2019-05-21,639.39,598.02,77,-3185.35,121.44,-3306.79,-6.72,RSI Stop <30,bull,7,43.7,19.5,44.5,70.3,Tech Mahindra
GFS Basic,2020-10-26,2020-11-04,693.2,693.67,67,31.29,118.58,-87.29,-0.19,RSI Target 60,bull,9,42.2,62.1,75.8,62.3,Tech Mahindra
GFS Basic,2021-01-25,2021-02-01,843.96,790.06,55,-2964.81,115.41,-3080.22,-6.64,RSI Stop <30,bull,7,43.9,22.9,69.8,66.2,Tech Mahindra
GFS Basic,2021-02-05,2021-02-18,829.69,847.82,52,942.78,112.19,830.6,1.93,RSI Target 60,bull,13,39.6,63.3,69.6,66.2,Tech Mahindra
GFS Basic,2021-02-23,2021-03-15,849.0,861.28,52,638.59,114.1,524.49,1.19,RSI Target 60,bull,20,40.6,67.9,59.5,62.6,Tech Mahindra
GFS Basic,2021-07-06,2021-07-22,919.5,963.59,48,2116.29,115.61,2000.69,4.53,RSI Target 60,bull,16,44.0,63.8,56.2,87.0,Tech Mahindra
GFS Basic,2021-09-29,2021-10-12,1263.25,1183.99,37,-2932.79,116.16,-3048.95,-6.52,RSI Stop <30,bull,13,44.6,30.0,74.8,85.6,Tech Mahindra
GFS Basic,2021-10-14,2021-10-19,1215.82,1325.82,36,3959.81,116.7,3843.1,8.78,RSI Target 60,bull,5,39.2,65.8,77.6,85.6,Tech Mahindra
GFS Basic,2022-01-14,2022-01-18,1523.06,1444.85,31,-2424.59,117.74,-2542.34,-5.38,RSI Stop <30,bull,4,40.7,28.3,72.4,88.6,Tech Mahindra
GFS Basic,2023-09-28,2023-10-09,1211.21,1134.01,37,-2856.1,111.96,-2968.06,-6.62,RSI Stop <30,bull,11,40.3,26.5,60.1,67.6,Tech Mahindra
GFS Basic,2023-10-11,2023-10-12,1152.75,1121.01,36,-1142.34,106.37,-1248.71,-3.01,RSI Stop <30,bull,1,38.1,26.1,60.1,67.6,Tech Mahindra
GFS Basic,2024-02-09,2024-02-14,1258.09,1222.09,32,-1151.83,103.61,-1255.44,-3.12,RSI Stop <30,bull,5,43.2,29.4,68.0,69.9,Tech Mahindra
GFS Basic,2024-02-15,2024-05-07,1248.91,1221.67,31,-844.51,100.5,-945.01,-2.44,RSI Target 60,bull,82,44.6,63.2,40.5,64.4,Tech Mahindra
GFS Basic,2024-08-07,2024-08-19,1448.46,1535.24,26,2256.49,101.36,2155.13,5.72,RSI Target 60,bull,12,42.8,60.9,78.3,77.4,Tech Mahindra
GFS Basic,2024-09-09,2024-10-14,1591.28,1629.45,25,954.28,104.73,849.55,2.14,RSI Target 60,bull,35,38.5,62.6,76.5,74.1,Tech Mahindra
GFS Basic,2024-11-12,2024-11-22,1668.05,1697.46,25,735.43,108.77,626.67,1.5,RSI Target 60,bull,10,44.9,69.5,68.0,73.1,Tech Mahindra
GFS Basic,2025-07-08,2025-07-15,1631.64,1561.86,26,-1814.35,107.73,-1922.08,-4.53,RSI Stop <30,sideways,7,39.3,25.0,74.6,68.6,Tech Mahindra
GFS Basic,2025-07-16,2025-07-18,1579.16,1532.08,25,-1176.97,101.85,-1278.82,-3.24,RSI Stop <30,sideways,2,37.3,27.2,72.8,68.6,Tech Mahindra
GFS Advanced,2013-03-28,2013-04-02,184.5,180.52,514,-2047.83,223.95,-2271.78,-2.4,RSI Stop <30,bull,5,37.4,25.3,76.0,76.0,Tech Mahindra
GFS Advanced,2014-01-31,2014-02-17,309.02,322.04,300,3906.95,225.39,3681.56,3.97,RSI Target 60,bull,17,38.0,61.2,66.0,85.2,Tech Mahindra
GFS Advanced,2014-03-27,2014-03-31,326.88,317.03,294,-2896.86,225.89,-3122.75,-3.25,Price < 50 EMA,bull,4,37.4,49.2,48.9,80.2,Tech Mahindra
GFS Advanced,2014-10-13,2014-10-16,425.35,410.86,219,-3174.5,219.04,-3393.55,-3.64,RSI Stop <30,bull,3,42.5,28.5,62.5,90.1,Tech Mahindra
GFS Advanced,2017-12-04,2017-12-05,372.38,352.04,242,-4922.76,210.49,-5133.25,-5.7,Price < 50 EMA,bull,1,43.0,35.3,63.0,60.4,Tech Mahindra
GFS Advanced,2018-02-21,2018-03-05,440.83,477.19,193,7017.42,211.67,6805.75,8.0,RSI Target 60,bull,12,44.2,62.1,72.3,65.5,Tech Mahindra
GFS Advanced,2025-07-11,2025-07-14,1601.44,1559.58,57,-2385.96,215.71,-2601.66,-2.85,Price < 50 EMA,bull,3,37.4,33.7,74.6,68.6,Tech Mahindra
GFS Basic,2006-06-06,2006-06-16,11.07,7.31,8584,-32200.36,193.06,-32393.42,-34.1,RSI Stop <30,bull,10,41.5,29.7,62.8,86.8,Adani Ent.
GFS Basic,2006-06-29,2006-07-11,7.92,7.1,8107,-6626.12,151.18,-6777.29,-10.55,RSI Stop <30,bull,12,36.8,22.0,60.8,66.7,Adani Ent.
GFS Basic,2006-07-17,2006-07-20,7.41,6.73,7799,-5337.83,138.22,-5476.04,-9.48,RSI Stop <30,bull,3,36.1,24.5,60.1,66.7,Adani Ent.
GFS Basic,2006-10-26,2006-11-09,8.74,9.19,6013,2698.28,134.97,2563.31,4.88,RSI Target 60,bull,14,45.0,61.6,65.1,64.4,Adani Ent.
GFS Basic,2007-01-02,2007-02-01,14.59,14.68,3772,341.43,137.95,203.49,0.37,RSI Target 60,bull,30,41.7,68.3,78.3,77.7,Adani Ent.
GFS Basic,2007-02-12,2007-02-27,14.73,13.12,3748,-6021.64,131.76,-6153.4,-11.15,RSI Stop <30,bull,15,42.2,25.4,67.2,77.7,Adani Ent.
GFS Basic,2007-06-07,2007-06-18,15.07,14.86,3276,-676.08,124.34,-800.42,-1.62,RSI Target 60,bull,11,42.1,74.7,75.6,76.3,Adani Ent.
GFS Basic,2007-08-27,2007-09-03,21.22,24.0,2290,6357.8,129.92,6227.88,12.81,RSI Target 60,bull,7,43.3,68.2,78.5,88.9,Adani Ent.
GFS Basic,2007-12-04,2007-12-13,51.41,57.53,1060,6491.34,143.16,6348.18,11.65,RSI Target 60,bull,9,38.6,63.2,77.1,97.2,Adani Ent.
GFS Basic,2008-01-18,2008-01-21,70.95,61.28,853,-8246.69,141.28,-8387.97,-13.86,RSI Stop <30,bull,3,37.3,25.3,63.4,98.1,Adani Ent.
GFS Basic,2008-06-24,2008-07-02,48.35,38.1,1087,-11142.36,120.57,-11262.94,-21.43,RSI Stop <30,sideways,8,40.1,27.1,57.1,60.0,Adani Ent.
GFS Basic,2009-11-30,2009-12-07,52.34,53.43,800,877.82,109.28,768.54,1.84,RSI Target 60,bull,7,41.1,62.7,63.8,65.8,Adani Ent.
GFS Basic,2010-02-05,2010-02-15,61.74,62.32,690,401.27,110.42,290.85,0.68,RSI Target 60,bull,10,42.9,62.2,67.4,79.0,Adani Ent.
GFS Basic,2010-03-12,2010-03-29,61.83,60.06,693,-1230.12,109.29,-1339.41,-3.13,RSI Stop <30,bull,17,39.2,27.9,60.9,80.6,Adani Ent.
GFS Basic,2010-03-31,2010-04-13,62.22,62.37,668,98.85,107.8,-8.96,-0.02,RSI Target 60,bull,13,37.2,70.5,61.7,79.5,Adani Ent.
GFS Basic,2010-05-27,2010-06-09,76.47,68.13,544,-4535.34,103.07,-4638.41,-11.15,RSI Stop <30,bull,13,43.7,21.8,62.7,82.0,Adani Ent.
GFS Basic,2010-06-25,2010-07-06,68.85,67.85,540,-542.73,97.4,-640.12,-1.72,RSI Stop <30,bull,11,43.5,25.6,63.9,79.0,Adani Ent.
GFS Basic,2010-07-09,2010-07-15,68.94,68.67,530,-141.16,96.38,-237.54,-0.65,RSI Target 60,bull,6,36.8,60.4,61.9,79.0,Adani Ent.
GFS Basic,2010-10-01,2010-11-01,87.47,95.11,415,3168.57,99.29,3069.28,8.45,RSI Target 60,bull,31,35.8,65.8,77.2,86.6,Adani Ent.
GFS Basic,2010-11-24,2010-11-26,97.72,75.24,402,-9034.42,93.27,-9127.69,-23.24,RSI Stop <30,bull,2,36.9,14.8,43.3,86.6,Adani Ent.
GFS Basic,2013-12-19,2014-01-13,37.5,33.28,816,-3446.71,79.77,-3526.48,-11.52,RSI Stop <30,bull,25,43.5,25.8,72.1,58.9,Adani Ent.
GFS Basic,2014-05-08,2014-05-13,61.67,67.68,442,2654.58,78.66,2575.92,9.45,RSI Target 60,bull,5,44.9,66.0,85.0,75.3,Adani Ent.
GFS Basic,2014-06-05,2014-06-18,71.06,67.9,418,-1321.44,79.97,-1401.41,-4.72,RSI Target 60,bull,13,40.3,62.8,72.2,80.6,Adani Ent.
GFS Basic,2014-06-19,2014-06-26,70.15,63.68,404,-2613.86,75.61,-2689.47,-9.49,RSI Stop <30,bull,7,41.1,26.2,67.0,80.6,Adani Ent.
GFS Basic,2014-07-01,2014-07-24,64.7,62.42,399,-908.96,71.76,-980.72,-3.8,RSI Stop <30,bull,23,39.0,28.7,51.9,75.9,Adani Ent.
GFS Basic,2015-03-12,2015-03-20,95.58,88.02,260,-1963.16,68.52,-2031.69,-8.18,RSI Stop <30,bull,8,40.2,18.5,71.7,85.6,Adani Ent.
GFS Basic,2015-03-30,2015-04-13,86.69,95.52,264,2332.04,68.61,2263.43,9.89,RSI Target 60,bull,14,39.9,68.3,68.6,76.8,Adani Ent.
GFS Basic,2017-05-08,2017-05-09,61.63,63.06,407,582.92,71.68,511.24,2.04,RSI Stop <30,bull,1,44.1,26.3,60.1,71.1,Adani Ent.
GFS Basic,2017-11-29,2017-12-18,81.97,85.77,312,1187.45,73.4,1114.05,4.36,RSI Target 60,bull,19,44.0,63.0,65.0,82.6,Adani Ent.
GFS Basic,2018-02-07,2018-02-12,106.39,116.5,250,2527.32,77.06,2450.26,9.21,RSI Target 60,bull,5,43.6,63.8,76.2,88.6,Adani Ent.
GFS Basic,2018-02-16,2018-02-27,119.52,111.03,242,-2053.37,77.48,-2130.85,-7.37,RSI Target 60,bull,11,44.9,60.5,69.5,88.6,Adani Ent.
GFS Basic,2018-03-05,2018-03-06,110.95,99.85,243,-2698.29,72.46,-2770.75,-10.28,RSI Stop <30,bull,1,40.9,23.3,68.4,83.5,Adani Ent.
GFS Basic,2018-09-24,2018-09-28,151.68,128.92,160,-3641.16,65.49,-3706.65,-15.27,RSI Stop <30,bull,4,43.3,22.4,68.8,68.9,Adani Ent.
GFS Basic,2018-10-03,2018-10-15,136.96,150.49,151,2043.8,63.41,1980.39,9.58,RSI Target 60,bull,12,35.8,62.8,78.7,63.7,Adani Ent.
GFS Basic,2018-11-12,2018-11-22,165.81,156.46,136,-1271.08,64.13,-1335.21,-5.92,RSI Stop <30,bull,10,41.1,24.4,64.0,70.4,Adani Ent.
GFS Basic,2018-11-28,2018-12-27,159.09,160.26,134,157.27,62.87,94.39,0.44,RSI Target 60,bull,29,36.9,66.9,53.9,71.6,Adani Ent.
GFS Basic,2019-01-03,2019-01-09,155.98,147.43,137,-1170.89,61.61,-1232.5,-5.77,RSI Stop <30,bull,6,41.1,26.6,60.6,69.3,Adani Ent.
GFS Basic,2019-12-18,2019-12-20,211.29,216.62,96,511.98,60.94,451.04,2.22,RSI Target 60,bull,2,43.3,62.3,79.4,67.7,Adani Ent.
GFS Basic,2020-09-14,2020-10-05,303.07,325.65,68,1535.44,62.72,1472.72,7.15,RSI Target 60,bull,21,41.8,65.1,85.7,73.3,Adani Ent.
GFS Basic,2020-10-23,2020-10-29,314.19,327.94,70,962.13,65.21,896.92,4.08,RSI Target 60,bull,6,40.9,61.4,88.4,73.3,Adani Ent.
GFS Basic,2021-04-28,2021-05-04,1211.16,1258.81,19,905.28,67.41,837.87,3.64,RSI Target 60,bull,6,44.9,81.5,89.5,92.8,Adani Ent.
GFS Basic,2021-12-06,2022-01-06,1742.76,1709.19,13,-436.4,65.23,-501.63,-2.21,RSI Target 60,bull,31,37.5,61.3,62.9,86.6,Adani Ent.
GFS Basic,2022-02-04,2022-03-17,1784.71,1815.5,13,400.29,67.31,332.98,1.44,RSI Target 60,bull,41,36.8,76.1,51.5,82.2,Adani Ent.
GFS Basic,2022-05-11,2022-05-19,2217.15,2109.93,10,-1072.26,63.5,-1135.76,-5.12,RSI Stop <30,bull,8,45.0,27.3,62.9,85.0,Adani Ent.
GFS Basic,2022-05-20,2022-06-02,2151.99,2204.36,10,523.74,63.7,460.04,2.14,RSI Target 60,bull,13,41.2,61.5,62.1,77.0,Adani Ent.
GFS Basic,2022-06-13,2022-06-15,2212.16,2179.62,10,-325.42,64.16,-389.58,-1.76,RSI Target 60,bull,2,43.3,61.3,70.7,77.0,Adani Ent.
GFS Basic,2022-06-17,2022-07-01,2214.46,2227.11,10,126.53,64.68,61.85,0.28,RSI Target 60,bull,14,44.3,62.4,62.9,75.8,Adani Ent.
GFS Basic,2022-10-04,2022-10-06,3457.04,3278.86,6,-1069.07,60.32,-1129.39,-5.44,RSI Stop <30,bull,2,36.8,29.6,86.2,85.9,Adani Ent.
GFS Basic,2022-10-20,2022-10-24,3307.12,3303.61,6,-21.03,59.41,-80.44,-0.41,RSI Target 60,bull,4,42.5,65.6,74.0,85.9,Adani Ent.
GFS Basic,2022-11-28,2022-12-13,3946.46,4052.61,5,530.75,59.74,471.01,2.39,RSI Target 60,bull,15,42.6,71.2,67.2,88.0,Adani Ent.
GFS Basic,2023-01-16,2023-01-19,3732.8,3457.08,5,-1378.61,55.38,-1433.99,-7.68,RSI Stop <30,bull,3,36.8,20.6,62.3,87.6,Adani Ent.
GFS Basic,2024-08-22,2024-08-30,3153.31,3016.35,6,-821.81,56.53,-878.34,-4.64,RSI Stop <30,bull,8,41.3,28.7,29.0,65.2,Adani Ent.
GFS Advanced,2007-01-17,2007-02-01,14.11,14.68,6733,3817.73,230.39,3587.34,3.78,RSI Target 60,bull,15,42.9,68.3,78.3,77.7,Adani Ent.
GFS Advanced,2007-08-28,2007-09-03,21.57,24.0,4562,11090.2,245.46,10844.74,11.02,RSI Target 60,bull,6,41.7,68.2,78.5,88.9,Adani Ent.
GFS Advanced,2018-02-22,2018-02-27,107.63,111.03,1010,3438.95,260.45,3178.5,2.92,RSI Target 60,bull,5,42.9,60.5,69.5,88.6,Adani Ent.
GFS Advanced,2020-09-22,2020-10-05,295.68,325.65,377,11297.11,274.74,11022.36,9.89,RSI Target 60,bull,13,41.9,65.1,85.7,73.3,Adani Ent.
GFS Advanced,2022-10-04,2022-10-06,3457.04,3278.86,35,-6236.24,277.74,-6513.98,-5.38,RSI Stop <30,bull,2,36.8,29.6,86.2,85.9,Adani Ent.
GFS Basic,2007-02-22,2007-02-26,37.07,39.14,2563,5308.22,231.94,5076.28,5.34,RSI Target 60,bull,4,43.8,62.5,88.7,74.2,JSW Steel
GFS Basic,2007-03-07,2007-03-23,36.09,38.81,2765,7521.23,244.88,7276.35,7.29,RSI Target 60,bull,16,41.5,68.3,81.3,73.6,JSW Steel
GFS Basic,2007-06-05,2007-06-12,51.43,46.5,2075,-10225.58,241.87,-10467.46,-9.81,RSI Stop <30,bull,7,44.2,25.7,71.8,80.5,JSW Steel
GFS Basic,2007-06-14,2007-06-18,47.2,47.36,2050,333.9,230.69,103.21,0.11,RSI Stop <30,bull,4,39.1,27.9,77.4,80.5,JSW Steel
GFS Basic,2007-06-19,2007-06-26,48.81,50.06,1984,2477.28,233.11,2244.17,2.32,RSI Target 60,bull,7,42.9,63.2,80.4,80.5,JSW Steel
GFS Basic,2007-08-02,2007-08-09,60.6,52.34,1634,-13498.42,221.38,-13719.8,-13.86,RSI Stop <30,bull,7,42.6,28.8,70.0,91.0,JSW Steel
GFS Basic,2007-11-02,2007-11-07,80.81,76.95,1064,-4108.92,202.14,-4311.06,-5.01,RSI Target 60,bull,5,42.7,62.7,64.9,88.1,JSW Steel
GFS Basic,2007-11-13,2007-11-30,73.79,83.2,1109,10437.6,208.0,10229.6,12.5,RSI Target 60,bull,17,42.9,71.1,80.2,88.7,JSW Steel
GFS Basic,2008-01-11,2008-01-16,104.56,94.33,876,-8960.06,209.58,-9169.64,-10.01,RSI Stop <30,bull,5,44.8,25.5,66.3,91.1,JSW Steel
GFS Basic,2009-12-15,2009-12-29,82.66,85.54,1002,2884.22,202.38,2681.84,3.24,RSI Target 60,bull,14,42.7,64.9,67.4,68.9,JSW Steel
GFS Basic,2010-02-11,2010-02-17,84.45,88.77,1011,4373.48,209.59,4163.89,4.88,RSI Target 60,bull,6,35.5,63.3,64.3,86.1,JSW Steel
GFS Basic,2010-04-19,2010-05-06,108.85,96.46,821,-10173.57,203.39,-10376.96,-11.61,RSI Stop <30,bull,17,39.9,27.4,59.0,90.6,JSW Steel
GFS Basic,2010-10-19,2010-10-22,112.04,105.8,709,-4424.54,187.28,-4611.82,-5.81,RSI Stop <30,bull,3,44.1,25.4,62.8,77.0,JSW Steel
GFS Basic,2010-10-27,2010-11-10,105.36,112.7,713,5238.24,187.69,5050.55,6.72,RSI Target 60,bull,14,35.7,67.0,72.4,77.7,JSW Steel
GFS Basic,2013-02-07,2013-02-14,74.02,67.89,1080,-6620.48,186.11,-6806.59,-8.51,RSI Stop <30,bull,7,40.7,26.7,62.6,67.0,JSW Steel
GFS Basic,2014-01-17,2014-01-24,90.23,85.22,814,-4074.48,174.32,-4248.8,-5.79,RSI Stop <30,bull,7,43.5,27.9,76.0,64.5,JSW Steel
GFS Basic,2014-06-23,2014-08-18,110.18,113.06,630,1814.66,171.47,1643.19,2.37,RSI Target 60,bull,56,42.4,70.6,59.9,72.4,JSW Steel
GFS Basic,2016-05-19,2016-05-30,118.68,123.14,598,2669.1,175.8,2493.3,3.51,RSI Target 60,bull,11,35.8,69.3,78.9,72.7,JSW Steel
GFS Basic,2016-09-30,2016-11-02,161.42,147.42,454,-6356.34,171.6,-6527.93,-8.91,RSI Stop <30,bull,33,36.9,24.8,53.8,87.1,JSW Steel
GFS Basic,2017-02-13,2017-02-15,176.1,165.37,381,-4088.7,160.19,-4248.89,-6.33,RSI Stop <30,bull,2,38.2,30.0,71.7,86.7,JSW Steel
GFS Basic,2017-02-16,2017-03-20,166.57,175.11,379,3236.48,158.98,3077.5,4.87,RSI Target 60,bull,32,38.8,61.1,64.4,78.9,JSW Steel
GFS Basic,2017-03-27,2017-03-30,172.26,167.26,383,-1914.55,159.96,-2074.51,-3.14,RSI Target 60,bull,3,43.6,60.6,62.8,78.9,JSW Steel
GFS Basic,2017-09-22,2017-09-27,237.99,215.91,269,-5941.78,151.44,-6093.22,-9.52,RSI Stop <30,bull,5,41.4,26.2,74.7,80.4,JSW Steel
GFS Basic,2017-09-29,2017-10-16,220.09,237.57,264,4614.56,149.24,4465.32,7.68,RSI Target 60,bull,17,36.9,73.2,69.2,75.0,JSW Steel
GFS Basic,2017-11-16,2017-12-06,241.74,220.92,258,-5370.24,148.36,-5518.6,-8.85,RSI Stop <30,bull,20,43.9,28.4,53.2,74.8,JSW Steel
GFS Basic,2018-03-05,2018-03-19,290.23,258.74,197,-6203.94,135.96,-6339.9,-11.09,RSI Stop <30,bull,14,38.4,26.3,70.0,87.3,JSW Steel
GFS Basic,2018-03-23,2018-04-09,265.67,282.28,193,3206.26,132.6,3073.66,5.99,RSI Target 60,bull,17,44.0,63.0,69.1,74.0,JSW Steel
GFS Basic,2018-06-05,2018-06-07,305.71,313.39,177,1358.91,136.99,1221.92,2.26,RSI Target 60,bull,2,44.7,67.6,63.0,82.7,JSW Steel
GFS Basic,2018-06-18,2018-06-27,311.92,290.4,177,-3809.69,134.07,-3943.77,-7.14,RSI Stop <30,bull,9,44.1,26.4,72.1,82.7,JSW Steel
GFS Basic,2018-06-29,2018-07-03,296.26,284.38,174,-2067.61,127.74,-2195.35,-4.26,RSI Stop <30,bull,4,38.1,28.4,68.3,79.9,JSW Steel
GFS Basic,2018-09-28,2018-10-09,380.64,342.37,130,-4974.86,120.14,-5095.0,-10.3,RSI Stop <30,bull,11,41.5,29.8,61.2,80.3,JSW Steel
GFS Basic,2018-10-12,2018-11-26,343.96,292.78,129,-6602.65,107.1,-6709.75,-15.12,RSI Stop <30,bull,45,37.7,19.2,46.8,65.8,JSW Steel
GFS Basic,2020-12-22,2020-12-28,348.91,365.78,109,1838.95,101.75,1737.2,4.57,RSI Target 60,bull,6,44.2,64.8,72.1,66.5,JSW Steel
GFS Basic,2021-01-25,2021-02-08,376.42,395.16,106,1986.01,106.06,1879.95,4.71,RSI Target 60,bull,14,42.9,64.8,73.2,63.7,JSW Steel
GFS Basic,2021-02-26,2021-03-19,402.51,416.83,103,1473.96,108.99,1364.97,3.29,RSI Target 60,bull,21,39.1,69.5,73.9,65.5,JSW Steel
GFS Basic,2021-05-20,2021-05-28,682.24,652.65,63,-1863.96,108.92,-1972.88,-4.59,RSI Stop <30,bull,8,39.3,28.1,84.0,84.5,JSW Steel
GFS Basic,2021-05-31,2021-06-11,671.3,691.82,61,1251.89,107.63,1144.26,2.79,RSI Target 60,bull,11,36.2,64.9,85.1,95.6,JSW Steel
GFS Basic,2021-06-18,2021-07-01,673.38,643.9,62,-1827.96,106.22,-1934.18,-4.63,RSI Stop <30,bull,13,37.4,28.8,74.5,91.2,JSW Steel
GFS Basic,2021-07-06,2021-07-13,645.54,670.12,62,1523.8,105.85,1417.95,3.54,RSI Target 60,bull,7,38.5,65.8,68.9,91.2,JSW Steel
GFS Basic,2023-08-18,2023-08-31,788.73,771.13,52,-915.33,105.53,-1020.86,-2.49,RSI Stop <30,bull,13,43.4,24.5,65.1,68.4,JSW Steel
GFS Basic,2023-09-01,2023-09-05,783.93,807.03,52,1201.33,107.17,1094.16,2.68,RSI Target 60,bull,4,43.9,60.1,68.0,68.4,JSW Steel
GFS Basic,2024-01-12,2024-01-16,828.43,823.2,50,-261.47,107.11,-368.58,-0.89,RSI Stop <30,bull,4,36.7,26.3,60.7,66.6,JSW Steel
GFS Basic,2024-06-04,2024-06-21,908.58,926.66,45,813.69,107.04,706.66,1.73,RSI Target 60,bull,17,41.3,61.8,77.6,66.9,JSW Steel
GFS Basic,2024-10-17,2024-10-22,1002.6,960.58,42,-1764.89,107.08,-1871.97,-4.45,RSI Stop <30,bull,5,40.9,28.7,61.7,70.3,JSW Steel
GFS Basic,2024-10-28,2024-12-04,957.85,991.68,42,1420.92,106.21,1314.72,3.27,RSI Target 60,bull,37,39.5,60.6,53.5,66.8,JSW Steel
GFS Basic,2025-04-08,2025-04-09,956.9,942.54,43,-617.64,106.13,-723.77,-1.76,RSI Stop <30,sideways,1,38.7,28.8,63.1,72.7,JSW Steel
GFS Basic,2025-04-11,2025-04-30,951.31,1026.52,43,3233.85,109.59,3124.27,7.64,RSI Target 60,bull,19,37.2,73.3,65.8,70.8,JSW Steel
GFS Basic,2025-08-28,2025-09-09,1057.53,1103.95,41,1903.19,113.66,1789.53,4.13,RSI Target 60,bull,12,44.5,60.4,70.1,59.6,JSW Steel
GFS Basic,2025-10-24,2025-10-29,1163.08,1207.3,39,1724.38,117.92,1606.46,3.54,RSI Target 60,bull,5,43.2,65.7,72.5,66.4,JSW Steel
GFS Basic,2025-11-18,2025-11-21,1178.59,1139.73,40,-1554.36,118.49,-1672.85,-3.55,RSI Stop <30,bull,3,42.3,27.3,64.1,68.8,JSW Steel
GFS Basic,2025-11-28,2025-12-17,1163.58,1078.76,39,-3308.02,112.75,-3420.77,-7.54,RSI Stop <30,bull,19,44.9,28.8,58.5,60.0,JSW Steel
GFS Advanced,2007-11-14,2007-11-30,74.29,83.2,1278,11385.35,238.12,11147.23,11.74,RSI Target 60,bull,16,36.5,71.1,80.2,88.7,JSW Steel
GFS Advanced,2010-10-27,2010-11-10,105.36,112.7,1002,7361.45,257.55,7103.9,6.73,RSI Target 60,bull,14,35.7,67.0,72.4,77.7,JSW Steel
GFS Advanced,2014-07-09,2014-07-11,110.68,100.82,1015,-10006.61,254.59,-10261.21,-9.13,Price < 50 EMA,bull,2,44.6,33.9,56.3,74.2,JSW Steel
GFS Advanced,2014-07-22,2014-07-23,109.71,105.13,935,-4282.77,238.84,-4521.61,-4.41,Price < 50 EMA,bull,1,39.2,36.1,61.5,74.2,JSW Steel
GFS Advanced,2018-03-09,2018-03-16,270.6,264.81,363,-2101.8,231.43,-2333.23,-2.38,Price < 50 EMA,bull,7,36.6,38.3,70.0,87.3,JSW Steel
GFS Advanced,2018-06-29,2018-07-02,296.26,285.93,324,-3347.52,225.17,-3572.69,-3.72,Price < 50 EMA,bull,3,38.1,30.7,68.3,79.9,JSW Steel
GFS Advanced,2023-09-01,2023-09-05,783.93,807.03,118,2726.09,223.72,2502.37,2.71,RSI Target 60,bull,4,43.9,60.1,68.0,68.4,JSW Steel
GFS Basic,2006-05-15,2006-05-22,32.89,23.51,2888,-27076.37,198.35,-27274.72,-28.71,RSI Stop <30,bull,7,37.6,20.6,63.1,69.9,Tata Steel
GFS Basic,2006-05-26,2006-06-28,26.23,26.34,2634,311.84,169.17,142.68,0.21,RSI Target 60,bull,33,39.6,65.2,55.7,61.0,Tata Steel
GFS Basic,2007-11-19,2007-12-12,51.35,51.59,1348,316.78,169.48,147.3,0.21,RSI Target 60,bull,23,40.4,60.0,80.5,72.9,Tata Steel
GFS Basic,2008-01-14,2008-01-16,51.69,48.79,1341,-3888.88,165.35,-4054.23,-5.85,RSI Stop <30,bull,2,43.0,27.5,66.2,79.5,Tata Steel
GFS Basic,2010-10-19,2010-11-22,42.24,40.38,1551,-2877.23,157.93,-3035.17,-4.63,RSI Target 60,bull,34,43.8,60.8,62.4,61.0,Tata Steel
GFS Basic,2010-11-26,2010-12-15,40.34,41.54,1552,1858.27,156.4,1701.88,2.72,RSI Target 60,bull,19,43.2,61.8,63.1,55.9,Tata Steel
GFS Basic,2014-06-25,2014-06-27,37.55,36.32,1711,-2100.06,155.91,-2255.97,-3.51,RSI Stop <30,bull,2,37.5,21.2,74.3,66.8,Tata Steel
GFS Basic,2014-07-08,2014-07-17,38.04,39.91,1632,3051.77,156.44,2895.33,4.66,RSI Target 60,bull,9,45.0,67.1,64.9,71.1,Tata Steel
GFS Basic,2014-08-08,2014-09-25,40.2,32.88,1613,-11814.35,147.2,-11961.55,-18.45,RSI Stop <30,bull,48,37.9,25.1,49.0,71.3,Tata Steel
GFS Basic,2016-09-12,2016-10-05,30.62,29.37,1747,-2180.83,131.93,-2312.76,-4.32,RSI Target 60,bull,23,42.4,64.8,64.4,71.3,Tata Steel
GFS Basic,2016-11-03,2016-12-05,31.33,31.08,1637,-408.1,128.89,-536.99,-1.05,RSI Target 60,bull,32,44.0,62.0,57.6,82.4,Tata Steel
GFS Basic,2017-02-09,2017-02-10,36.52,35.19,1390,-1847.85,126.23,-1974.09,-3.89,RSI Target 60,bull,1,44.7,60.7,63.5,82.8,Tata Steel
GFS Basic,2017-02-15,2017-02-20,35.73,36.61,1368,1205.68,125.2,1080.48,2.21,RSI Target 60,bull,5,42.9,63.7,59.6,82.8,Tata Steel
GFS Basic,2017-03-14,2017-04-26,35.7,34.11,1398,-2214.63,123.93,-2338.56,-4.69,RSI Stop <30,bull,43,40.4,24.5,51.2,84.6,Tata Steel
GFS Basic,2017-09-25,2017-10-13,52.38,54.39,910,1821.7,123.15,1698.55,3.56,RSI Target 60,bull,18,44.2,72.1,87.5,86.5,Tata Steel
GFS Basic,2017-11-06,2017-11-15,54.61,51.85,903,-2488.03,122.34,-2610.37,-5.29,RSI Stop <30,bull,9,44.3,19.6,76.4,87.6,Tata Steel
GFS Basic,2017-11-17,2017-12-21,52.8,54.67,887,1656.53,121.13,1535.39,3.28,RSI Target 60,bull,34,41.2,63.3,59.1,85.6,Tata Steel
GFS Basic,2018-01-31,2018-02-05,60.03,53.33,804,-5394.12,117.01,-5511.13,-11.42,RSI Stop <30,bull,5,40.6,28.7,45.5,85.8,Tata Steel
GFS Basic,2021-01-22,2021-01-28,59.84,53.67,719,-4438.59,106.35,-4544.93,-10.56,RSI Stop <30,bull,6,38.8,23.1,79.4,67.5,Tata Steel
GFS Basic,2021-02-01,2021-02-16,54.59,60.16,709,3951.09,105.44,3845.65,9.94,RSI Target 60,bull,15,36.2,68.9,75.0,61.9,Tata Steel
GFS Basic,2021-03-18,2021-03-30,62.53,68.84,678,4274.67,113.98,4160.69,9.81,RSI Target 60,bull,12,42.0,61.3,65.7,65.0,Tata Steel
GFS Basic,2021-05-28,2021-06-11,95.58,99.67,484,1977.74,120.19,1857.55,4.02,RSI Target 60,bull,14,39.1,64.8,83.8,90.7,Tata Steel
GFS Basic,2021-08-20,2021-09-09,133.75,127.29,359,-2318.7,119.64,-2438.33,-5.08,RSI Target 60,bull,20,43.2,63.1,76.5,92.9,Tata Steel
GFS Basic,2022-04-13,2022-04-28,119.75,110.92,382,-3375.94,113.49,-3489.44,-7.63,RSI Stop <30,sideways,15,42.3,29.8,54.2,72.7,Tata Steel
GFS Basic,2022-05-06,2022-05-10,115.93,102.48,366,-4923.49,104.52,-5028.01,-11.85,RSI Stop <30,sideways,4,43.4,27.4,65.1,69.0,Tata Steel
GFS Basic,2023-08-16,2023-08-21,115.39,111.92,326,-1130.03,97.76,-1227.79,-3.26,RSI Stop <30,bull,5,38.3,29.2,69.0,62.5,Tata Steel
GFS Basic,2023-08-25,2023-09-01,115.1,121.64,317,2072.9,98.57,1974.33,5.41,RSI Target 60,bull,7,42.1,66.8,79.9,71.3,Tata Steel
GFS Basic,2023-09-25,2023-10-09,123.34,118.58,311,-1482.48,99.04,-1581.53,-4.12,RSI Stop <30,bull,14,36.4,27.4,65.7,66.0,Tata Steel
GFS Basic,2023-10-10,2023-10-23,119.7,114.89,308,-1481.81,95.73,-1577.54,-4.28,RSI Stop <30,bull,13,35.6,28.7,57.2,66.0,Tata Steel
GFS Basic,2024-02-28,2024-03-01,138.49,143.57,255,1295.3,95.15,1200.14,3.4,RSI Target 60,bull,2,44.3,72.1,75.9,66.8,Tata Steel
GFS Basic,2024-04-23,2024-04-25,157.85,160.56,231,627.05,97.01,530.04,1.45,RSI Target 60,bull,2,43.1,61.0,71.0,69.4,Tata Steel
GFS Basic,2024-06-04,2024-06-20,167.72,174.52,221,1503.35,99.26,1404.09,3.79,RSI Target 60,bull,16,44.1,66.5,65.5,83.6,Tata Steel
GFS Basic,2024-07-01,2024-07-10,173.15,164.07,221,-2006.85,98.29,-2105.14,-5.5,RSI Stop <30,bull,9,42.8,24.7,68.3,84.7,Tata Steel
GFS Basic,2025-11-17,2025-11-19,177.79,173.12,204,-951.75,94.95,-1046.7,-2.89,RSI Stop <30,bull,2,44.0,22.7,64.0,62.2,Tata Steel
GFS Basic,2025-11-26,2025-11-27,167.35,168.05,211,146.08,93.96,52.12,0.15,RSI Stop <30,bull,1,35.5,21.9,60.2,62.2,Tata Steel
GFS Basic,2026-03-04,2026-03-13,214.45,183.42,165,-5119.77,88.66,-5208.43,-14.72,RSI Stop <30,bull,9,39.1,27.5,59.1,75.4,Tata Steel
GFS Advanced,2006-05-17,2006-05-18,29.59,27.22,3210,-7620.42,218.51,-7838.93,-8.25,Price < 50 EMA,bull,1,41.6,34.9,89.0,69.9,Tata Steel
GFS Advanced,2014-08-14,2014-08-25,38.75,36.56,2259,-4927.25,204.73,-5131.98,-5.86,Price < 50 EMA,bull,11,37.7,32.7,66.5,74.2,Tata Steel
GFS Advanced,2016-09-14,2016-09-16,29.04,26.97,2847,-5871.44,192.95,-6064.39,-7.34,Price < 50 EMA,bull,2,44.1,43.1,56.5,61.3,Tata Steel
GFS Advanced,2021-03-25,2021-03-30,63.13,68.84,1218,6944.91,193.41,6751.5,8.78,RSI Target 60,bull,5,42.4,61.3,65.7,65.0,Tata Steel
GFS Basic,2014-07-01,2014-08-13,155.04,141.63,612,-8209.02,217.68,-8426.7,-8.88,RSI Stop <30,bull,43,36.9,26.5,62.6,62.2,Coal India
GFS Basic,2014-08-18,2014-09-04,143.44,152.06,606,5224.96,213.91,5011.05,5.76,RSI Target 60,bull,17,40.4,70.6,35.0,63.9,Coal India
GFS Basic,2015-01-14,2015-01-22,145.53,159.02,630,8501.3,227.87,8273.43,9.02,RSI Target 60,bull,8,38.6,60.2,67.1,70.1,Coal India
GFS Basic,2015-02-13,2015-02-20,150.47,153.55,662,2038.3,238.79,1799.51,1.81,RSI Target 60,bull,7,40.6,67.5,60.5,68.2,Coal India
GFS Basic,2015-08-07,2015-08-12,186.42,157.24,543,-15848.47,223.86,-16072.33,-15.88,RSI Stop <30,bull,5,43.7,25.2,69.6,66.4,Coal India
GFS Basic,2021-10-20,2021-10-26,127.83,118.31,673,-6408.61,199.87,-6608.48,-7.68,RSI Stop <30,bull,6,44.9,26.3,70.1,71.2,Coal India
GFS Basic,2021-12-02,2021-12-09,105.71,109.33,754,2730.03,195.28,2534.75,3.18,RSI Target 60,bull,7,40.2,62.7,61.4,63.8,Coal India
GFS Basic,2022-04-29,2022-05-11,142.26,125.4,577,-9730.8,187.66,-9918.46,-12.08,RSI Stop <30,bull,12,44.5,28.8,65.6,67.1,Coal India
GFS Basic,2022-09-20,2022-09-26,174.31,161.3,417,-5425.61,171.24,-5596.86,-7.7,RSI Stop <30,bull,6,42.3,29.1,71.3,78.4,Coal India
GFS Basic,2022-10-04,2022-10-14,163.34,176.91,412,5591.6,170.67,5420.93,8.06,RSI Target 60,bull,10,40.3,61.8,71.2,70.9,Coal India
GFS Basic,2022-11-28,2022-11-29,186.37,181.05,389,-2071.8,174.29,-2246.09,-3.1,RSI Stop <30,bull,1,42.6,26.1,64.8,74.8,Coal India
GFS Basic,2023-06-01,2023-06-06,202.58,185.97,347,-5764.15,165.57,-5929.72,-8.44,RSI Stop <30,bull,5,43.3,28.6,59.7,74.5,Coal India
GFS Basic,2024-02-28,2024-04-04,391.71,394.44,165,450.15,159.43,290.72,0.45,RSI Target 60,bull,36,42.8,71.1,66.4,92.9,Coal India
GFS Basic,2024-06-24,2024-06-25,432.26,412.37,150,-2984.54,156.33,-3140.87,-4.84,RSI Target 60,bull,1,37.3,65.8,65.2,95.7,Coal India
GFS Basic,2024-06-27,2024-07-09,415.07,433.94,149,2812.26,155.68,2656.58,4.3,RSI Target 60,bull,12,44.9,66.5,63.1,90.1,Coal India
GFS Basic,2024-08-06,2024-08-08,453.02,459.99,142,990.14,159.31,830.83,1.29,RSI Target 60,bull,2,44.9,62.5,66.6,91.2,Coal India
GFS Basic,2026-02-17,2026-03-04,418.53,434.93,156,2558.91,163.07,2395.84,3.67,RSI Target 60,bull,15,38.5,61.5,67.1,68.7,Coal India
GFS Advanced,2014-07-10,2014-07-11,154.2,145.5,616,-5358.54,220.86,-5579.4,-5.87,Price < 50 EMA,bull,1,40.3,36.0,67.5,66.3,Coal India
GFS Advanced,2022-10-04,2022-10-14,163.34,176.91,549,7450.94,222.32,7228.62,8.06,RSI Target 60,bull,10,40.3,61.8,71.2,70.9,Coal India
GFS Advanced,2024-03-14,2024-03-15,395.76,364.91,244,-7526.21,222.12,-7748.33,-8.02,Price < 50 EMA,bull,1,40.7,36.3,65.2,93.7,Coal India
GFS Basic,2006-05-22,2006-06-06,3148.66,2546.64,30,-18060.53,206.53,-18267.06,-19.34,RSI Stop <30,bull,15,37.2,25.5,55.0,93.3,Bajaj Finserv
GFS Basic,2006-10-19,2006-10-26,3080.1,2692.28,25,-9695.71,176.4,-9872.11,-12.82,RSI Stop <30,bull,7,40.4,26.5,54.1,80.1,Bajaj Finserv
GFS Basic,2007-02-27,2007-02-28,2843.1,2561.95,24,-6747.44,159.97,-6907.41,-10.12,RSI Stop <30,sideways,1,44.8,20.4,62.2,61.8,Bajaj Finserv
GFS Basic,2010-01-22,2010-01-27,34.31,31.45,1798,-5130.32,147.09,-5277.41,-8.56,RSI Stop <30,bull,5,37.9,27.9,60.5,71.3,Bajaj Finserv
GFS Basic,2010-02-10,2010-03-10,34.74,33.28,1631,-2387.07,138.78,-2525.85,-4.46,RSI Target 60,bull,28,44.1,66.3,57.5,69.1,Bajaj Finserv
GFS Basic,2010-06-02,2010-06-11,45.11,44.8,1203,-373.61,135.54,-509.16,-0.94,RSI Target 60,bull,9,37.4,63.4,63.9,73.4,Bajaj Finserv
GFS Basic,2010-07-02,2010-07-08,43.05,40.99,1249,-2574.6,132.16,-2706.76,-5.03,RSI Target 60,bull,6,35.2,69.1,60.3,70.5,Bajaj Finserv
GFS Basic,2010-10-07,2010-10-12,50.81,48.37,1008,-2460.5,126.59,-2587.09,-5.05,RSI Stop <30,bull,5,40.0,28.5,70.9,73.7,Bajaj Finserv
GFS Basic,2010-10-13,2010-10-15,49.39,48.32,987,-1061.14,122.57,-1183.71,-2.43,RSI Stop <30,bull,2,36.0,24.6,73.1,73.7,Bajaj Finserv
GFS Basic,2010-11-03,2010-12-02,46.39,46.87,1027,494.02,121.72,372.3,0.78,RSI Target 60,bull,29,36.4,63.7,43.2,73.2,Bajaj Finserv
GFS Basic,2011-03-24,2011-04-08,52.54,51.37,913,-1063.97,120.83,-1184.8,-2.47,RSI Target 60,bull,15,44.6,68.8,63.3,70.5,Bajaj Finserv
GFS Basic,2011-04-13,2011-04-19,52.5,51.62,892,-784.83,118.59,-903.42,-1.93,RSI Target 60,bull,6,43.1,64.3,64.0,70.5,Bajaj Finserv
GFS Basic,2011-05-03,2011-05-10,51.68,47.2,890,-3986.17,113.42,-4099.59,-8.91,RSI Stop <30,bull,7,39.0,28.9,62.0,69.0,Bajaj Finserv
GFS Basic,2011-05-18,2011-05-31,49.88,50.17,844,239.69,109.14,130.55,0.31,RSI Target 60,bull,13,38.6,61.4,59.5,69.2,Bajaj Finserv
GFS Basic,2012-03-21,2012-04-03,60.1,64.48,703,3081.03,112.41,2968.62,7.03,RSI Target 60,bull,13,35.8,66.4,86.4,68.5,Bajaj Finserv
GFS Basic,2012-05-21,2012-05-23,68.36,64.16,659,-2765.04,112.58,-2877.61,-6.39,RSI Stop <30,bull,2,40.4,26.9,71.0,73.2,Bajaj Finserv
GFS Basic,2012-05-24,2012-06-01,67.0,63.43,631,-2251.9,106.95,-2358.85,-5.58,RSI Stop <30,bull,8,44.1,28.5,59.9,60.5,Bajaj Finserv
GFS Basic,2012-08-30,2012-09-05,79.21,78.29,506,-465.55,103.92,-569.47,-1.42,RSI Stop <30,bull,6,44.6,28.0,64.4,68.7,Bajaj Finserv
GFS Basic,2012-09-17,2012-09-24,76.72,81.84,515,2638.36,105.87,2532.49,6.41,RSI Target 60,bull,7,44.1,63.9,67.3,68.7,Bajaj Finserv
GFS Basic,2012-10-23,2012-11-19,88.52,82.99,474,-2619.17,105.86,-2725.03,-6.49,RSI Stop <30,bull,27,40.5,17.0,45.7,69.5,Bajaj Finserv
GFS Basic,2012-12-28,2013-01-16,92.1,83.15,427,-3822.87,98.77,-3921.64,-9.97,RSI Stop <30,bull,19,39.2,24.8,46.4,71.7,Bajaj Finserv
GFS Basic,2014-07-22,2014-08-04,96.97,94.46,367,-919.86,93.47,-1013.33,-2.85,RSI Target 60,bull,13,44.2,60.6,67.3,75.7,Bajaj Finserv
GFS Basic,2014-08-11,2014-08-26,92.95,101.22,373,3085.99,95.58,2990.42,8.63,RSI Target 60,bull,15,36.3,69.5,67.7,75.7,Bajaj Finserv
GFS Basic,2014-09-22,2014-10-09,108.66,110.55,345,653.28,99.32,553.96,1.48,RSI Target 60,bull,17,39.2,70.2,74.2,90.6,Bajaj Finserv
GFS Basic,2014-10-16,2014-11-11,109.92,105.36,346,-1574.77,98.22,-1672.99,-4.4,RSI Target 60,bull,26,41.6,62.2,58.7,83.0,Bajaj Finserv
GFS Basic,2014-11-18,2014-11-26,106.42,111.0,342,1565.87,97.84,1468.03,4.03,RSI Target 60,bull,8,40.7,70.9,62.6,83.0,Bajaj Finserv
GFS Basic,2014-12-29,2015-01-06,131.48,122.18,287,-2671.26,96.42,-2767.68,-7.33,RSI Stop <30,bull,8,42.4,29.2,68.6,86.5,Bajaj Finserv
GFS Basic,2015-01-12,2015-01-27,129.24,136.66,272,2018.89,95.55,1923.34,5.47,RSI Target 60,bull,15,39.9,69.3,82.6,86.5,Bajaj Finserv
GFS Basic,2015-02-23,2015-03-26,147.8,137.04,250,-2688.66,94.66,-2783.31,-7.53,RSI Stop <30,bull,31,37.7,29.2,56.8,84.8,Bajaj Finserv
GFS Basic,2015-06-30,2015-07-02,154.16,159.21,223,1126.71,92.9,1033.81,3.01,RSI Target 60,bull,2,44.1,77.6,63.1,89.4,Bajaj Finserv
GFS Basic,2015-07-27,2015-07-29,178.21,180.39,198,430.49,94.2,336.29,0.95,RSI Target 60,bull,2,41.2,66.8,78.0,89.4,Bajaj Finserv
GFS Basic,2015-09-03,2015-09-14,181.18,187.14,197,1174.25,95.87,1078.38,3.02,RSI Target 60,bull,11,37.6,67.3,66.9,88.6,Bajaj Finserv
GFS Basic,2015-09-24,2015-10-07,178.79,176.37,205,-496.43,96.27,-592.7,-1.62,RSI Stop <30,bull,13,37.2,29.1,64.3,82.6,Bajaj Finserv
GFS Basic,2015-12-09,2015-12-30,193.69,193.58,186,-20.28,95.37,-115.65,-0.32,RSI Target 60,bull,21,42.5,63.9,57.2,80.4,Bajaj Finserv
GFS Basic,2016-01-07,2016-01-08,194.64,198.96,185,799.39,96.18,703.2,1.95,RSI Target 60,bull,1,43.0,66.1,69.6,85.1,Bajaj Finserv
GFS Basic,2016-05-27,2016-06-14,181.39,186.58,202,1047.43,97.85,949.58,2.59,RSI Target 60,sideways,18,41.7,61.3,67.0,62.8,Bajaj Finserv
GFS Basic,2016-08-22,2016-08-26,274.78,279.58,136,653.24,99.06,554.19,1.48,RSI Target 60,bull,4,39.5,63.1,84.8,75.2,Bajaj Finserv
GFS Basic,2016-10-13,2016-10-21,315.63,326.12,120,1259.1,100.81,1158.29,3.06,RSI Target 60,bull,8,44.9,64.4,72.7,75.4,Bajaj Finserv
GFS Basic,2016-11-08,2016-11-21,327.6,283.34,119,-5267.66,96.51,-5364.17,-13.76,RSI Stop <30,bull,13,36.2,24.3,54.4,79.3,Bajaj Finserv
GFS Basic,2017-05-05,2017-05-11,460.44,447.63,74,-947.67,90.07,-1037.74,-3.05,RSI Target 60,bull,6,38.4,60.5,76.2,86.6,Bajaj Finserv
GFS Basic,2017-05-18,2017-05-19,459.46,415.18,72,-3188.04,85.55,-3273.59,-9.9,RSI Stop <30,bull,1,38.6,29.7,62.3,86.6,Bajaj Finserv
GFS Basic,2017-09-22,2017-09-27,560.36,505.15,53,-2926.14,78.3,-3004.44,-10.12,RSI Stop <30,bull,5,43.1,24.6,68.6,81.4,Bajaj Finserv
GFS Basic,2017-10-09,2017-10-16,533.84,533.33,50,-25.19,74.63,-99.81,-0.37,RSI Target 60,bull,7,36.0,65.8,71.3,74.2,Bajaj Finserv
GFS Basic,2017-10-24,2017-10-25,531.14,497.74,51,-1703.48,73.77,-1777.25,-6.56,RSI Stop <30,bull,1,41.1,27.4,66.5,74.2,Bajaj Finserv
GFS Basic,2018-04-26,2018-05-17,548.15,554.74,46,303.32,71.68,231.64,0.92,RSI Target 60,bull,21,41.5,61.5,67.5,68.2,Bajaj Finserv
GFS Basic,2018-06-20,2018-06-22,597.42,615.23,42,747.83,71.87,675.96,2.69,RSI Target 60,bull,2,44.5,77.0,76.3,70.8,Bajaj Finserv
GFS Basic,2018-06-28,2018-07-09,610.11,610.25,43,5.8,73.64,-67.84,-0.26,RSI Target 60,bull,11,39.5,60.3,66.8,64.1,Bajaj Finserv
GFS Basic,2018-08-30,2018-09-03,702.35,662.88,37,-1460.43,71.57,-1532.0,-5.9,RSI Stop <30,bull,4,40.9,26.4,63.2,74.6,Bajaj Finserv
GFS Basic,2018-09-14,2018-09-19,645.7,628.91,38,-637.7,69.2,-706.9,-2.88,RSI Stop <30,bull,5,36.5,29.2,63.8,74.6,Bajaj Finserv
GFS Basic,2019-01-17,2019-02-25,651.78,631.06,36,-746.04,66.71,-812.75,-3.46,RSI Target 60,bull,39,38.8,65.3,62.1,57.2,Bajaj Finserv
GFS Basic,2019-05-08,2019-05-17,767.85,796.39,30,856.38,67.41,788.96,3.42,RSI Target 60,bull,9,41.5,60.0,82.2,68.1,Bajaj Finserv
GFS Basic,2019-07-09,2019-07-10,847.75,763.04,28,-2371.93,65.63,-2437.56,-10.27,RSI Stop <30,bull,1,39.0,29.5,81.7,70.6,Bajaj Finserv
GFS Basic,2019-12-06,2019-12-20,900.94,924.94,24,575.92,63.98,511.94,2.37,RSI Target 60,bull,14,39.0,66.7,74.9,67.9,Bajaj Finserv
GFS Basic,2020-01-06,2020-01-17,948.27,968.29,23,460.52,64.28,396.24,1.82,RSI Target 60,bull,11,37.9,60.1,76.8,73.9,Bajaj Finserv
GFS Basic,2020-02-03,2020-02-24,968.56,943.56,23,-574.96,64.25,-639.21,-2.87,RSI Target 60,bull,21,36.1,63.1,66.8,72.0,Bajaj Finserv
GFS Basic,2020-02-26,2020-03-02,952.8,888.51,23,-1478.72,62.5,-1541.22,-7.03,RSI Stop <30,bull,5,41.0,28.0,50.2,66.7,Bajaj Finserv
GFS Basic,2021-07-02,2021-07-07,1217.67,1234.02,16,261.59,58.9,202.69,1.04,RSI Target 60,bull,5,44.8,63.4,71.7,84.9,Bajaj Finserv
GFS Basic,2021-11-02,2021-12-22,1795.3,1590.6,11,-2251.65,56.89,-2308.54,-11.69,RSI Stop <30,bull,50,39.2,26.3,47.4,92.2,Bajaj Finserv
GFS Basic,2022-09-28,2022-10-20,1713.79,1722.0,10,82.16,53.51,28.65,0.17,RSI Target 60,bull,22,39.5,64.5,85.9,56.6,Bajaj Finserv
GFS Basic,2024-10-11,2024-10-17,1887.87,1814.01,9,-664.79,52.41,-717.2,-4.22,RSI Stop <30,bull,6,44.0,23.8,68.1,68.6,Bajaj Finserv
GFS Basic,2025-05-09,2025-05-21,2050.03,2035.29,8,-117.89,51.66,-169.55,-1.03,RSI Target 60,bull,12,43.0,61.7,66.2,61.9,Bajaj Finserv
GFS Basic,2025-05-30,2025-06-25,2032.93,2009.81,8,-184.89,51.29,-236.18,-1.45,RSI Target 60,bull,26,43.9,62.9,63.4,62.3,Bajaj Finserv
GFS Basic,2025-07-03,2025-07-09,2058.53,2025.39,8,-265.14,51.66,-316.79,-1.92,RSI Target 60,bull,6,44.4,63.1,49.0,64.4,Bajaj Finserv
GFS Basic,2025-11-14,2025-12-01,2073.44,2080.76,8,58.58,52.26,6.32,0.04,RSI Target 60,bull,17,37.6,64.2,60.1,54.6,Bajaj Finserv
GFS Advanced,2006-05-23,2006-05-24,3026.24,2789.67,31,-7333.55,216.2,-7549.75,-8.05,Price < 50 EMA,bull,1,42.7,39.8,74.2,97.7,Bajaj Finserv
GFS Advanced,2011-05-18,2011-05-20,49.88,47.98,1760,-3349.28,206.95,-3556.23,-4.05,Price < 50 EMA,bull,2,38.6,38.9,63.1,69.0,Bajaj Finserv
GFS Advanced,2014-07-24,2014-08-04,94.39,94.46,894,66.66,202.92,-136.25,-0.16,RSI Target 60,bull,11,44.5,60.6,67.3,75.7,Bajaj Finserv
GFS Advanced,2015-01-13,2015-01-27,127.92,136.66,659,5759.81,208.63,5551.18,6.58,RSI Target 60,bull,14,43.7,69.3,82.6,86.5,Bajaj Finserv
GFS Advanced,2016-10-14,2016-10-21,311.95,326.12,287,4065.39,218.5,3846.89,4.3,RSI Target 60,bull,7,42.7,64.4,72.7,75.4,Bajaj Finserv
GFS Advanced,2018-09-14,2018-09-17,645.7,652.62,144,996.78,222.98,773.8,0.83,Price < 50 EMA,bull,3,36.5,32.8,63.8,74.6,Bajaj Finserv
GFS Advanced,2019-01-29,2019-01-31,633.61,606.98,148,-3941.06,219.63,-4160.69,-4.44,Price < 50 EMA,bull,2,43.6,40.3,75.8,57.2,Bajaj Finserv
GFS Advanced,2020-01-08,2020-01-17,924.36,968.29,97,4260.96,218.99,4041.96,4.51,RSI Target 60,bull,9,39.6,60.1,76.8,73.9,Bajaj Finserv
GFS Advanced,2025-11-14,2025-11-18,2073.44,2049.17,45,-1091.76,221.54,-1313.3,-1.41,Price < 50 EMA,bull,4,37.6,38.2,61.7,60.1,Bajaj Finserv
GFS Basic,2006-04-28,2006-05-02,130.47,147.18,728,12168.65,239.0,11929.65,12.56,RSI Target 60,bull,4,44.9,76.8,89.0,83.3,Dr. Reddy's
GFS Basic,2006-09-12,2006-09-15,132.45,131.05,802,-1120.86,250.22,-1371.08,-1.29,RSI Target 60,bull,3,44.4,61.8,75.1,79.1,Dr. Reddy's
GFS Basic,2006-09-28,2006-10-05,131.87,125.14,796,-5357.28,243.04,-5600.33,-5.34,RSI Stop <30,bull,7,43.1,29.3,69.1,77.8,Dr. Reddy's
GFS Basic,2006-10-13,2006-10-30,125.54,132.06,794,5174.44,242.2,4932.24,4.95,RSI Target 60,bull,17,38.2,66.5,71.6,77.8,Dr. Reddy's
GFS Basic,2007-01-10,2007-01-24,143.09,134.06,729,-6586.26,240.32,-6826.58,-6.54,RSI Stop <30,bull,14,38.5,29.8,71.4,85.2,Dr. Reddy's
GFS Basic,2009-10-20,2009-10-26,174.13,174.78,562,365.33,233.17,132.16,0.14,RSI Target 60,bull,6,38.2,60.8,71.1,72.9,Dr. Reddy's
GFS Basic,2009-12-09,2009-12-17,198.32,210.4,494,5968.71,239.22,5729.49,5.85,RSI Target 60,bull,8,43.7,65.3,83.8,81.3,Dr. Reddy's
GFS Basic,2010-01-25,2010-01-27,203.42,198.23,508,-2637.84,242.23,-2880.07,-2.79,RSI Stop <30,bull,2,39.4,29.5,66.5,88.6,Dr. Reddy's
GFS Basic,2010-01-28,2010-03-03,202.26,209.38,498,3543.76,242.84,3300.93,3.28,RSI Target 60,bull,34,43.4,72.0,52.3,86.1,Dr. Reddy's
GFS Basic,2010-06-30,2010-07-02,267.2,259.25,388,-3085.45,242.51,-3327.96,-3.21,RSI Target 60,bull,2,40.2,60.7,63.5,93.4,Dr. Reddy's
GFS Basic,2010-07-21,2010-07-23,266.23,246.52,378,-7451.2,231.24,-7682.44,-7.63,RSI Stop <30,bull,2,43.4,25.0,63.1,93.4,Dr. Reddy's
GFS Basic,2010-08-03,2010-08-05,246.7,242.73,378,-1499.2,221.0,-1720.2,-1.84,RSI Stop <30,bull,2,36.0,25.4,61.3,85.0,Dr. Reddy's
GFS Basic,2010-08-18,2010-08-31,246.47,246.36,372,-41.25,219.04,-260.28,-0.28,RSI Target 60,bull,13,39.7,64.0,52.8,83.0,Dr. Reddy's
GFS Basic,2011-01-07,2011-01-25,312.32,285.07,293,-7982.04,210.41,-8192.45,-8.95,RSI Stop <30,bull,18,41.3,24.6,57.6,78.4,Dr. Reddy's
GFS Basic,2011-11-28,2011-12-16,284.92,291.97,293,2064.13,202.98,1861.15,2.23,RSI Target 60,sideways,18,38.1,63.0,63.8,55.8,Dr. Reddy's
GFS Basic,2012-05-07,2012-05-10,320.83,308.76,266,-3210.61,201.65,-3412.26,-4.0,RSI Stop <30,bull,3,38.3,20.8,60.6,61.9,Dr. Reddy's
GFS Basic,2012-11-22,2012-12-03,320.04,335.89,257,4071.26,202.33,3868.93,4.7,RSI Target 60,bull,11,43.7,61.5,65.5,68.2,Dr. Reddy's
GFS Basic,2013-01-02,2013-01-04,337.87,346.59,254,2213.69,208.33,2005.36,2.34,RSI Target 60,bull,2,36.9,70.4,81.2,61.0,Dr. Reddy's
GFS Basic,2013-02-05,2013-02-15,360.09,333.67,243,-6421.82,203.13,-6624.95,-7.57,RSI Stop <30,bull,10,43.6,29.7,56.1,72.6,Dr. Reddy's
GFS Basic,2013-06-24,2013-07-01,391.13,415.28,208,5023.99,201.32,4822.67,5.93,RSI Target 60,bull,7,40.7,60.6,86.2,71.0,Dr. Reddy's
GFS Basic,2013-07-29,2013-09-02,432.51,421.59,199,-2173.16,204.34,-2377.5,-2.76,RSI Target 60,bull,35,44.6,60.1,64.4,79.7,Dr. Reddy's
GFS Basic,2013-11-08,2013-11-29,447.8,458.82,187,2060.59,203.55,1857.04,2.22,RSI Target 60,bull,21,42.6,65.1,71.8,83.7,Dr. Reddy's
GFS Basic,2013-12-05,2013-12-24,459.87,468.93,186,1684.99,207.15,1477.83,1.73,RSI Target 60,bull,19,42.0,66.1,66.1,86.4,Dr. Reddy's
GFS Basic,2014-01-31,2014-02-20,489.07,501.49,178,2210.43,211.07,1999.36,2.3,RSI Target 60,bull,20,44.8,62.1,63.5,85.8,Dr. Reddy's
GFS Basic,2014-03-20,2014-03-27,524.36,477.99,169,-7837.03,204.13,-8041.16,-9.07,RSI Stop <30,bull,7,44.6,25.3,69.4,88.6,Dr. Reddy's
GFS Basic,2014-10-10,2014-10-14,566.66,545.71,143,-2996.09,192.3,-3188.39,-3.93,RSI Stop <30,bull,4,44.0,26.7,67.3,72.8,Dr. Reddy's
GFS Basic,2014-10-27,2014-10-30,567.6,575.38,137,1065.88,189.24,876.64,1.13,RSI Target 60,bull,3,39.6,64.6,67.6,72.8,Dr. Reddy's
GFS Basic,2014-12-08,2014-12-16,647.24,584.2,122,-7690.81,182.84,-7873.65,-9.97,RSI Stop <30,bull,8,39.0,22.1,63.2,74.7,Dr. Reddy's
GFS Basic,2015-08-24,2015-09-21,806.96,739.68,88,-5920.89,167.0,-6087.89,-8.57,RSI Stop <30,bull,28,41.5,26.0,79.1,79.2,Dr. Reddy's
GFS Basic,2015-10-27,2015-11-06,797.24,678.62,82,-9726.71,150.53,-9877.24,-15.11,RSI Stop <30,bull,10,44.6,25.3,36.0,73.7,Dr. Reddy's
GFS Basic,2018-11-05,2018-11-22,473.39,498.29,119,2962.26,143.59,2818.67,5.0,RSI Target 60,bull,17,37.1,64.6,62.2,63.3,Dr. Reddy's
GFS Basic,2019-09-30,2019-10-14,536.77,510.42,110,-2898.2,143.54,-3041.74,-5.15,RSI Stop <30,sideways,14,43.6,23.9,53.4,66.7,Dr. Reddy's
GFS Basic,2019-11-13,2019-11-21,544.74,554.18,103,972.83,141.02,831.8,1.48,RSI Target 60,bull,8,41.5,61.2,57.6,60.4,Dr. Reddy's
GFS Basic,2020-02-25,2020-03-12,627.52,548.63,90,-7099.86,133.48,-7233.34,-12.81,RSI Stop <30,bull,16,37.6,28.3,60.5,59.4,Dr. Reddy's
GFS Basic,2020-07-02,2020-07-13,764.12,755.4,65,-566.68,125.12,-691.8,-1.39,RSI Stop <30,bull,11,38.0,27.3,72.0,70.4,Dr. Reddy's
GFS Basic,2020-09-03,2020-09-17,852.69,935.11,58,4780.13,130.19,4649.94,9.4,RSI Target 60,bull,14,40.9,68.7,66.1,79.2,Dr. Reddy's
GFS Basic,2020-10-09,2020-10-30,1011.19,947.0,53,-3402.1,130.9,-3533.01,-6.59,RSI Stop <30,bull,21,40.2,24.4,67.9,83.9,Dr. Reddy's
GFS Basic,2020-11-04,2020-11-10,954.03,910.07,53,-2329.78,125.28,-2455.07,-4.86,RSI Stop <30,bull,6,39.8,28.0,60.3,78.2,Dr. Reddy's
GFS Basic,2020-11-11,2020-12-08,943.95,971.52,51,1406.14,123.77,1282.37,2.66,RSI Target 60,bull,27,42.6,63.0,62.9,76.3,Dr. Reddy's
GFS Basic,2021-07-23,2021-07-27,1050.75,942.54,47,-5085.83,119.81,-5205.64,-10.54,RSI Stop <30,bull,4,37.1,17.6,72.6,66.6,Dr. Reddy's
GFS Basic,2023-09-04,2023-09-05,1113.71,1101.67,39,-469.68,111.37,-581.05,-1.34,RSI Stop <30,bull,1,36.3,28.3,80.5,69.7,Dr. Reddy's
GFS Basic,2023-09-13,2023-10-19,1130.07,1111.94,38,-689.0,110.05,-799.05,-1.86,RSI Target 60,bull,36,38.2,61.2,58.2,75.5,Dr. Reddy's
GFS Basic,2024-03-01,2024-04-23,1279.49,1175.37,33,-3436.01,105.6,-3541.61,-8.39,RSI Stop <30,bull,53,39.7,26.5,57.9,74.5,Dr. Reddy's
GFS Basic,2024-09-03,2024-09-10,1406.78,1321.04,28,-2400.69,100.38,-2501.07,-6.35,RSI Stop <30,bull,7,45.0,21.6,69.7,75.3,Dr. Reddy's
GFS Basic,2024-09-24,2024-10-01,1324.67,1340.64,28,447.37,98.22,349.14,0.94,RSI Target 60,bull,7,38.3,63.3,67.1,65.9,Dr. Reddy's
GFS Advanced,2010-01-28,2010-01-29,202.26,200.57,469,-792.18,225.31,-1017.49,-1.07,Price < 50 EMA,bull,1,43.4,37.7,64.5,88.6,Dr. Reddy's
GFS Advanced,2010-02-02,2010-02-08,204.25,199.86,460,-2022.25,222.03,-2244.28,-2.39,Price < 50 EMA,bull,6,43.4,35.1,63.1,86.4,Dr. Reddy's
GFS Advanced,2013-06-27,2013-07-01,389.29,415.28,236,6133.67,225.84,5907.83,6.43,RSI Target 60,bull,4,44.5,60.6,86.2,71.0,Dr. Reddy's
GFS Advanced,2014-02-14,2014-02-20,487.95,501.49,199,2695.6,233.9,2461.7,2.54,RSI Target 60,bull,6,42.9,62.1,63.5,85.8,Dr. Reddy's
GFS Advanced,2015-08-27,2015-09-07,772.73,737.66,129,-4524.17,232.16,-4756.33,-4.77,Price < 50 EMA,bull,11,41.5,38.6,69.4,79.2,Dr. Reddy's
GFS Advanced,2020-07-08,2020-07-13,755.06,755.4,126,42.48,226.79,-184.31,-0.19,RSI Stop <30,bull,5,37.3,27.3,72.0,70.4,Dr. Reddy's
GFS Advanced,2020-09-07,2020-09-17,869.38,935.11,109,7164.57,233.33,6931.24,7.31,RSI Target 60,bull,10,42.6,68.7,66.1,79.2,Dr. Reddy's
GFS Advanced,2020-11-11,2020-11-12,943.95,935.03,107,-953.89,238.79,-1192.68,-1.18,Price < 50 EMA,bull,1,42.6,40.4,60.3,78.2,Dr. Reddy's
GFS Advanced,2024-03-28,2024-04-03,1215.86,1209.39,82,-530.36,236.33,-766.7,-0.77,Price < 50 EMA,bull,6,40.7,40.2,65.6,74.5,Dr. Reddy's
GFS Advanced,2024-04-05,2024-04-12,1220.6,1201.38,81,-1556.78,233.42,-1790.2,-1.81,Price < 50 EMA,bull,7,43.9,48.7,57.7,74.5,Dr. Reddy's
GFS Basic,2006-04-25,2006-04-28,236.23,222.54,402,-5506.07,220.66,-5726.73,-6.03,RSI Stop <30,bull,3,42.1,27.2,71.2,88.6,Cipla
GFS Basic,2006-05-02,2006-05-16,227.35,230.1,393,1078.6,215.0,863.6,0.97,RSI Target 60,bull,14,35.9,61.4,69.6,88.6,Cipla
GFS Basic,2006-05-18,2006-05-22,237.46,198.59,380,-14771.0,200.55,-14971.55,-16.59,RSI Stop <30,bull,4,40.9,27.3,49.8,88.6,Cipla
GFS Basic,2006-09-11,2006-09-15,227.24,224.5,335,-917.48,183.55,-1101.03,-1.45,RSI Target 60,bull,4,42.8,60.9,74.2,76.1,Cipla
GFS Basic,2006-10-18,2006-11-09,235.84,239.18,318,1060.02,183.09,876.93,1.17,RSI Target 60,bull,22,44.8,63.1,68.1,75.8,Cipla
GFS Basic,2006-11-20,2006-11-29,234.65,219.75,323,-4815.19,178.77,-4993.96,-6.59,RSI Stop <30,bull,9,42.6,25.6,60.9,75.8,Cipla
GFS Basic,2006-11-30,2006-12-12,229.45,211.73,310,-5493.99,167.7,-5661.69,-7.96,RSI Stop <30,bull,12,36.1,24.0,42.6,72.0,Cipla
GFS Basic,2008-10-08,2008-10-13,202.27,175.74,325,-8621.44,152.48,-8773.93,-13.35,RSI Stop <30,sideways,5,41.8,21.0,44.2,61.5,Cipla
GFS Basic,2009-08-07,2009-09-08,253.8,241.21,226,-2846.83,139.85,-2986.68,-5.21,RSI Target 60,bull,32,43.1,64.2,67.8,62.3,Cipla
GFS Basic,2009-09-16,2009-09-17,245.98,234.55,222,-2536.09,134.05,-2670.14,-4.89,RSI Stop <30,bull,1,36.8,25.7,63.4,62.3,Cipla
GFS Basic,2009-12-24,2010-01-27,319.82,283.75,162,-5843.47,124.41,-5967.88,-11.52,RSI Stop <30,bull,34,40.2,22.6,60.9,85.1,Cipla
GFS Basic,2010-05-10,2010-05-26,320.59,289.09,144,-4536.13,113.22,-4649.35,-10.07,RSI Stop <30,bull,16,43.5,27.8,52.2,83.1,Cipla
GFS Basic,2010-11-11,2010-12-02,319.88,333.21,131,1746.26,110.27,1636.0,3.9,RSI Target 60,bull,21,38.0,66.3,64.0,63.9,Cipla
GFS Basic,2010-12-24,2010-12-30,333.09,336.96,130,502.7,112.08,390.62,0.9,RSI Target 60,bull,6,44.9,67.1,66.8,63.9,Cipla
GFS Basic,2012-10-01,2012-11-02,353.62,348.55,124,-628.5,112.13,-740.63,-1.69,RSI Target 60,bull,32,43.9,63.4,69.5,68.5,Cipla
GFS Basic,2013-01-17,2013-01-25,392.35,367.87,110,-2692.41,108.45,-2800.86,-6.49,RSI Stop <30,bull,8,41.5,29.5,63.5,72.7,Cipla
GFS Basic,2013-01-30,2013-02-25,375.6,342.45,108,-3580.24,101.77,-3682.01,-9.08,RSI Stop <30,bull,26,37.1,27.4,50.4,66.9,Cipla
GFS Basic,2013-09-30,2013-10-17,409.18,385.54,90,-2127.59,94.97,-2222.56,-6.04,RSI Stop <30,bull,17,43.8,23.4,61.4,65.8,Cipla
GFS Basic,2014-10-08,2014-10-29,589.0,613.2,59,1427.51,94.04,1333.47,3.84,RSI Target 60,bull,21,36.5,72.5,81.6,79.3,Cipla
GFS Basic,2014-11-17,2014-12-03,588.44,606.95,61,1128.59,96.27,1032.32,2.88,RSI Target 60,bull,16,43.9,61.7,69.6,73.8,Cipla
GFS Basic,2014-12-17,2015-01-15,589.89,595.6,63,359.81,98.29,261.52,0.7,RSI Target 60,bull,29,36.2,60.8,51.7,75.6,Cipla
GFS Basic,2015-02-20,2015-03-02,646.61,669.25,57,1290.7,98.58,1192.13,3.23,RSI Target 60,bull,10,42.6,77.8,61.1,78.0,Cipla
GFS Basic,2015-03-23,2015-04-06,671.28,686.71,57,879.59,101.28,778.32,2.03,RSI Target 60,bull,14,43.2,63.6,66.0,79.4,Cipla
GFS Basic,2015-04-16,2015-04-27,669.97,586.64,58,-4833.07,96.68,-4929.75,-12.69,RSI Stop <30,bull,11,40.3,18.9,48.5,79.4,Cipla
GFS Basic,2015-08-20,2015-10-01,659.11,593.06,52,-3434.34,87.94,-3522.28,-10.28,RSI Stop <30,sideways,42,44.8,25.4,57.6,63.5,Cipla
GFS Basic,2017-09-05,2017-09-06,544.46,526.29,57,-1035.81,83.23,-1119.04,-3.61,RSI Stop <30,bear,1,44.3,28.0,71.1,64.7,Cipla
GFS Basic,2017-11-07,2017-12-12,623.73,557.73,48,-3167.88,78.58,-3246.46,-10.84,RSI Stop <30,bull,35,42.1,21.3,60.4,54.5,Cipla
GFS Basic,2018-09-24,2018-09-26,636.76,637.31,42,23.0,74.79,-51.79,-0.19,RSI Target 60,bull,2,40.6,64.9,68.4,62.2,Cipla
GFS Basic,2018-10-01,2018-10-11,628.65,583.69,43,-1933.25,73.4,-2006.66,-7.42,RSI Stop <30,bull,10,44.4,29.0,58.6,60.6,Cipla
GFS Basic,2020-06-24,2020-07-16,649.52,649.35,38,-6.37,70.18,-76.55,-0.31,RSI Target 60,bull,22,37.6,67.0,83.4,58.1,Cipla
GFS Basic,2020-09-01,2020-09-18,728.25,776.19,34,1629.87,72.05,1557.82,6.29,RSI Target 60,bull,17,39.4,77.7,75.4,64.2,Cipla
GFS Basic,2020-11-03,2020-11-06,734.66,760.5,36,930.12,75.07,855.05,3.23,RSI Target 60,bull,3,40.7,61.7,60.5,73.9,Cipla
GFS Basic,2020-11-10,2020-11-25,774.8,704.37,35,-2464.95,73.04,-2537.99,-9.36,RSI Stop <30,bull,15,36.2,28.2,45.2,73.9,Cipla
GFS Basic,2021-02-01,2021-02-08,819.95,815.66,30,-128.56,69.87,-198.43,-0.81,RSI Target 60,bull,7,36.1,61.5,66.1,80.2,Cipla
GFS Basic,2021-02-22,2021-02-23,795.47,761.46,31,-1054.27,69.04,-1123.32,-4.56,RSI Stop <30,bull,1,41.0,28.6,62.5,80.2,Cipla
GFS Basic,2021-02-25,2021-04-06,769.11,804.98,30,1075.88,67.73,1008.16,4.37,RSI Target 60,bull,40,35.2,60.7,47.3,79.8,Cipla
GFS Basic,2021-05-04,2021-05-07,890.83,849.98,27,-1102.77,67.64,-1170.41,-4.87,RSI Stop <30,bull,3,43.1,27.0,57.5,87.8,Cipla
GFS Basic,2021-07-08,2021-07-14,933.76,940.72,25,174.03,67.39,106.63,0.46,RSI Target 60,bull,6,44.0,63.3,72.7,84.9,Cipla
GFS Basic,2021-07-20,2021-07-27,947.88,879.06,25,-1720.47,66.21,-1786.69,-7.54,RSI Stop <30,bull,7,40.8,26.9,52.1,84.9,Cipla
GFS Basic,2022-04-01,2022-05-05,1002.91,918.08,21,-1781.51,60.29,-1841.8,-8.75,RSI Stop <30,bull,34,40.9,28.4,64.6,65.8,Cipla
GFS Basic,2022-11-11,2022-11-17,1121.71,1088.97,18,-589.23,59.6,-648.82,-3.21,RSI Stop <30,bull,6,43.7,29.2,67.4,66.1,Cipla
GFS Basic,2022-12-02,2022-12-20,1115.09,1061.4,17,-912.74,56.52,-969.26,-5.11,RSI Stop <30,bull,18,44.1,26.2,56.0,61.6,Cipla
GFS Basic,2022-12-28,2023-01-11,1075.85,1019.03,17,-965.82,54.98,-1020.8,-5.58,RSI Stop <30,bull,14,42.4,25.6,42.2,63.0,Cipla
GFS Basic,2023-08-30,2023-09-11,1222.73,1223.18,14,6.23,53.38,-47.16,-0.28,RSI Target 60,bull,12,37.4,60.1,85.6,70.0,Cipla
GFS Basic,2023-10-12,2023-10-19,1153.38,1199.59,15,693.17,54.5,638.67,3.69,RSI Target 60,bull,7,35.2,68.5,69.3,62.4,Cipla
GFS Basic,2024-03-19,2024-04-16,1468.33,1348.55,12,-1437.36,53.0,-1490.36,-8.46,RSI Stop <30,bull,28,36.5,23.8,67.0,78.2,Cipla
GFS Basic,2024-04-26,2024-05-13,1384.5,1387.24,12,32.82,52.29,-19.47,-0.12,RSI Target 60,bull,17,38.5,61.3,43.9,79.5,Cipla
GFS Basic,2024-09-19,2024-09-27,1656.14,1654.0,10,-21.5,52.12,-73.62,-0.44,RSI Target 60,bull,8,44.6,62.3,63.9,83.1,Cipla
GFS Basic,2024-10-04,2024-10-18,1661.09,1534.53,10,-1265.63,50.94,-1316.57,-7.93,RSI Stop <30,bull,14,42.3,27.0,54.8,79.7,Cipla
GFS Advanced,2013-01-30,2013-02-04,375.6,373.01,252,-653.76,224.99,-878.75,-0.93,Price < 50 EMA,bull,5,37.1,39.9,66.6,66.9,Cipla
GFS Advanced,2013-02-05,2013-02-06,386.43,374.44,243,-2913.37,220.98,-3134.35,-3.34,Price < 50 EMA,bull,1,44.3,48.3,66.6,66.9,Cipla
GFS Advanced,2014-11-21,2014-12-03,583.02,606.95,156,3731.67,221.31,3510.36,3.86,RSI Target 60,bull,12,40.9,61.7,69.6,73.8,Cipla
GFS Advanced,2020-09-09,2020-09-18,700.07,776.19,135,10276.91,235.99,10040.91,10.62,RSI Target 60,bull,9,37.5,77.7,75.4,64.2,Cipla
GFS Advanced,2021-02-02,2021-02-08,800.82,815.66,129,1914.84,246.88,1667.96,1.61,RSI Target 60,bull,6,44.1,61.5,66.1,80.2,Cipla
GFS Basic,2006-04-26,2006-05-04,79.85,81.17,1189,1573.03,227.93,1345.1,1.42,RSI Target 60,bull,8,39.3,61.2,64.8,77.4,Divi's Lab
GFS Basic,2006-05-11,2006-05-18,81.33,64.83,1183,-19519.6,208.91,-19728.51,-20.51,RSI Stop <30,bull,7,43.3,26.6,55.0,77.4,Divi's Lab
GFS Basic,2006-08-31,2006-09-01,77.35,81.22,1002,3877.01,191.58,3685.43,4.76,RSI Target 60,sideways,1,44.4,69.0,71.7,66.7,Divi's Lab
GFS Basic,2006-09-25,2006-09-29,92.06,93.89,880,1611.55,197.03,1414.52,1.75,RSI Target 60,bull,4,44.9,78.7,96.5,66.7,Divi's Lab
GFS Basic,2006-12-06,2006-12-12,131.61,105.85,625,-16102.63,181.44,-16284.07,-19.8,RSI Stop <30,bull,6,44.2,23.8,80.1,74.8,Divi's Lab
GFS Basic,2006-12-14,2007-01-02,117.12,130.64,571,7720.2,171.95,7548.26,11.29,RSI Target 60,bull,19,39.6,65.1,77.4,80.0,Divi's Lab
GFS Basic,2007-02-22,2007-02-26,145.84,136.03,507,-4972.1,174.49,-5146.6,-6.96,RSI Stop <30,bull,4,42.0,29.3,60.0,80.3,Divi's Lab
GFS Basic,2007-08-02,2007-08-07,291.89,264.57,237,-6474.03,162.35,-6636.38,-9.59,RSI Stop <30,bull,5,36.6,25.4,81.5,93.5,Divi's Lab
GFS Basic,2007-08-28,2007-09-07,240.6,258.52,261,4675.76,159.73,4516.04,7.19,RSI Target 60,bull,10,37.4,60.9,60.3,83.3,Divi's Lab
GFS Basic,2007-11-16,2007-12-05,353.62,382.87,189,5529.06,169.58,5359.48,8.02,RSI Target 60,bull,19,44.4,64.1,74.6,82.2,Divi's Lab
GFS Basic,2008-01-17,2008-01-18,397.44,341.55,181,-10117.61,164.71,-10282.32,-14.29,RSI Stop <30,bull,1,37.1,22.4,56.7,83.6,Divi's Lab
GFS Basic,2008-06-23,2008-07-07,330.13,291.42,189,-7317.43,146.41,-7463.84,-11.96,RSI Stop <30,bear,14,38.9,28.4,49.4,61.4,Divi's Lab
GFS Basic,2010-05-11,2010-05-18,304.54,301.68,181,-518.53,137.29,-655.82,-1.19,RSI Target 60,bull,7,43.4,62.8,76.9,69.1,Divi's Lab
GFS Basic,2010-07-09,2010-07-16,335.12,340.57,163,889.07,137.64,751.43,1.38,RSI Target 60,bull,7,43.7,62.5,75.8,76.9,Divi's Lab
GFS Basic,2010-08-02,2010-08-11,330.43,326.67,167,-627.29,137.31,-764.6,-1.39,RSI Stop <30,bull,9,44.3,28.7,74.0,67.7,Divi's Lab
GFS Basic,2010-08-18,2010-09-03,318.27,328.15,172,1698.14,138.74,1559.39,2.85,RSI Target 60,bull,16,41.8,63.3,59.5,69.0,Divi's Lab
GFS Basic,2012-06-13,2012-06-21,411.99,416.55,136,619.04,140.49,478.55,0.85,RSI Target 60,bull,8,42.5,61.5,71.8,71.3,Divi's Lab
GFS Basic,2012-09-06,2012-10-09,505.33,503.78,112,-173.55,140.92,-314.48,-0.56,RSI Target 60,bull,33,41.7,61.7,62.2,68.2,Divi's Lab
GFS Basic,2013-05-21,2013-05-27,502.75,440.33,112,-6991.26,133.22,-7124.48,-12.65,RSI Stop <30,bear,6,37.4,27.9,42.8,69.9,Divi's Lab
GFS Basic,2014-03-14,2014-03-27,639.05,604.66,77,-2647.87,121.94,-2769.81,-5.63,RSI Stop <30,bull,13,41.1,25.2,84.9,69.1,Divi's Lab
GFS Basic,2014-03-28,2014-04-29,628.61,627.82,74,-58.19,118.64,-176.84,-0.38,RSI Target 60,bull,32,40.3,63.9,62.6,68.6,Divi's Lab
GFS Basic,2014-07-22,2014-08-04,684.22,687.47,68,221.13,118.96,102.17,0.22,RSI Target 60,bull,13,43.3,74.6,64.0,77.0,Divi's Lab
GFS Basic,2014-08-14,2014-08-19,687.45,682.05,68,-367.24,118.83,-486.07,-1.04,RSI Target 60,bull,5,44.6,60.4,63.7,77.0,Divi's Lab
GFS Basic,2014-11-17,2014-11-24,810.7,790.74,57,-1137.84,116.84,-1254.68,-2.72,RSI Stop <30,bull,7,40.3,24.9,66.7,85.3,Divi's Lab
GFS Basic,2014-11-27,2014-12-10,803.76,764.65,56,-2189.98,113.09,-2303.07,-5.12,RSI Stop <30,bull,13,44.3,25.3,58.1,77.7,Divi's Lab
GFS Basic,2015-09-07,2015-09-09,1048.06,957.64,41,-3707.44,106.98,-3814.42,-8.88,RSI Stop <30,bull,2,39.5,29.7,67.9,82.4,Divi's Lab
GFS Basic,2015-09-11,2015-09-29,1006.7,1019.0,39,479.96,103.08,376.88,0.96,RSI Target 60,bull,18,43.8,66.7,70.3,82.4,Divi's Lab
GFS Basic,2015-10-12,2015-10-29,1023.45,1036.48,38,495.12,102.27,392.85,1.01,RSI Target 60,bull,17,44.8,61.0,60.4,74.8,Divi's Lab
GFS Basic,2016-06-22,2016-06-27,1055.6,1025.68,38,-1136.89,103.3,-1240.19,-3.09,RSI Stop <30,bull,5,35.5,28.6,64.8,63.5,Divi's Lab
GFS Basic,2016-06-28,2016-07-04,1037.18,1068.97,37,1176.47,101.83,1074.64,2.8,RSI Target 60,bull,6,36.9,63.0,70.0,66.4,Divi's Lab
GFS Basic,2016-08-10,2016-08-16,1118.15,1178.73,35,2120.26,104.5,2015.76,5.15,RSI Target 60,bull,6,42.3,65.1,72.1,68.0,Divi's Lab
GFS Basic,2016-09-29,2016-10-05,1237.04,1199.32,33,-1244.51,104.76,-1349.27,-3.31,RSI Stop <30,bull,6,35.9,22.3,74.3,67.6,Divi's Lab
GFS Basic,2016-10-18,2016-11-07,1163.78,1183.3,34,663.92,103.95,559.97,1.42,RSI Target 60,bull,20,35.8,61.9,57.2,57.4,Divi's Lab
GFS Basic,2018-05-15,2018-05-23,1136.97,1033.16,36,-3737.0,102.42,-3839.42,-9.38,RSI Stop <30,bull,8,42.1,23.3,65.9,73.5,Divi's Lab
GFS Basic,2018-05-24,2018-05-28,1064.13,1032.03,35,-1123.68,96.94,-1220.62,-3.28,RSI Stop <30,bull,4,36.0,29.0,62.3,73.5,Divi's Lab
GFS Basic,2018-10-08,2018-10-09,1253.49,1188.48,29,-1885.21,94.16,-1979.38,-5.45,RSI Stop <30,bull,1,39.4,25.7,68.9,79.3,Divi's Lab
GFS Basic,2018-10-10,2018-10-11,1236.52,1191.24,27,-1222.52,88.26,-1310.78,-3.93,RSI Stop <30,bull,1,35.1,27.4,68.9,79.3,Divi's Lab
GFS Basic,2018-10-15,2018-10-29,1236.09,1371.41,26,3518.33,90.4,3427.93,10.67,RSI Target 60,bull,14,40.6,67.6,64.2,79.3,Divi's Lab
GFS Basic,2018-11-29,2018-12-19,1454.29,1443.79,25,-262.51,95.86,-358.36,-0.99,RSI Target 60,bull,20,44.0,60.2,62.9,75.9,Divi's Lab
GFS Basic,2018-12-24,2019-01-14,1447.95,1457.4,25,236.41,96.02,140.39,0.39,RSI Target 60,bull,21,42.1,65.7,69.1,76.2,Divi's Lab
GFS Basic,2019-01-30,2019-02-04,1444.04,1532.63,25,2214.84,97.85,2116.99,5.86,RSI Target 60,bull,5,44.4,70.5,72.8,73.1,Divi's Lab
GFS Basic,2019-03-27,2019-04-01,1691.92,1641.05,22,-1119.27,96.89,-1216.16,-3.27,RSI Target 60,bull,5,43.9,60.8,64.3,79.5,Divi's Lab
GFS Basic,2019-04-23,2019-05-24,1656.51,1681.38,22,547.03,96.89,450.14,1.24,RSI Target 60,bull,31,43.3,60.4,61.9,82.1,Divi's Lab
GFS Basic,2019-05-27,2019-06-13,1691.02,1472.73,22,-4802.25,93.03,-4895.28,-13.16,RSI Stop <30,bull,17,40.6,26.0,42.0,70.8,Divi's Lab
GFS Basic,2020-01-06,2020-01-10,1780.1,1796.07,18,287.58,86.84,200.74,0.63,RSI Target 60,bull,4,42.3,66.0,77.5,74.4,Divi's Lab
GFS Basic,2020-03-13,2020-03-18,2066.24,1750.28,16,-5055.33,83.56,-5138.89,-15.54,RSI Stop <30,bull,5,35.4,27.7,60.8,84.1,Divi's Lab
GFS Basic,2020-05-05,2020-05-29,2274.86,2317.33,12,509.66,76.53,433.13,1.59,RSI Target 60,bull,24,43.1,61.1,58.3,78.4,Divi's Lab
GFS Basic,2020-06-22,2020-07-02,2261.32,2129.77,12,-1578.6,74.0,-1652.6,-6.09,RSI Stop <30,bull,10,42.7,25.8,64.7,71.3,Divi's Lab
GFS Basic,2020-09-10,2020-09-18,3076.02,3242.57,8,1332.39,71.4,1260.99,5.12,RSI Target 60,bull,8,44.0,64.9,77.9,88.6,Divi's Lab
GFS Basic,2020-09-22,2020-10-16,3274.78,3124.58,8,-1201.67,72.31,-1273.98,-4.86,RSI Target 60,bull,24,44.1,65.1,77.7,85.2,Divi's Lab
GFS Basic,2020-10-23,2020-11-06,3014.49,3138.68,8,993.54,69.96,923.58,3.83,RSI Target 60,bull,14,44.8,62.8,67.8,85.8,Divi's Lab
GFS Basic,2021-01-15,2021-01-20,3629.75,3495.91,7,-936.87,70.83,-1007.7,-3.97,RSI Stop <30,bull,5,38.2,28.8,65.2,88.8,Divi's Lab
GFS Basic,2021-08-20,2021-08-30,4871.58,4969.12,5,487.73,69.97,417.76,1.72,RSI Target 60,bull,10,43.4,66.8,81.6,82.7,Divi's Lab
GFS Basic,2021-09-22,2021-09-28,5056.15,4657.4,5,-1993.74,69.45,-2063.19,-8.16,RSI Stop <30,bull,6,44.0,27.2,81.3,86.2,Divi's Lab
GFS Basic,2022-05-04,2022-05-23,4438.07,3794.71,5,-3216.81,61.32,-3278.12,-14.77,RSI Stop <30,bear,19,40.2,29.9,50.5,64.0,Divi's Lab
GFS Basic,2024-07-04,2024-07-10,4548.59,4585.48,4,147.56,55.92,91.63,0.5,RSI Target 60,bull,6,42.8,60.5,79.9,71.5,Divi's Lab
GFS Basic,2024-07-19,2024-07-29,4556.56,4869.2,4,1250.54,57.14,1193.41,6.55,RSI Target 60,bull,10,44.6,78.1,79.2,71.5,Divi's Lab
GFS Basic,2024-08-16,2024-08-30,4828.44,5068.28,4,959.35,59.25,900.1,4.66,RSI Target 60,bull,14,43.5,63.6,74.2,72.8,Divi's Lab
GFS Basic,2024-10-03,2024-10-09,5442.0,5959.62,4,2070.47,65.86,2004.61,9.21,RSI Target 60,bull,6,43.0,78.7,72.0,75.2,Divi's Lab
GFS Basic,2024-10-29,2024-11-01,5826.39,5873.85,4,189.83,67.32,122.51,0.53,RSI Stop <30,bull,3,40.1,28.4,70.8,79.1,Divi's Lab
GFS Basic,2024-11-06,2024-11-25,5877.94,6107.57,4,918.54,68.54,850.0,3.62,RSI Target 60,bull,19,42.1,64.0,75.8,79.1,Divi's Lab
GFS Basic,2024-12-13,2024-12-19,6030.57,5791.47,4,-956.4,67.95,-1024.35,-4.25,RSI Stop <30,bull,6,37.9,25.9,64.1,79.7,Divi's Lab
GFS Basic,2025-06-13,2025-07-03,6834.81,6841.41,3,19.8,60.92,-41.12,-0.2,RSI Target 60,bull,20,44.4,63.7,72.9,83.6,Divi's Lab
GFS Basic,2025-07-18,2025-07-24,6853.23,6585.21,3,-804.09,60.19,-864.28,-4.2,RSI Stop <30,bull,6,43.1,28.3,80.3,83.6,Divi's Lab
GFS Basic,2025-07-30,2025-08-01,6691.34,6358.32,3,-999.07,58.91,-1057.99,-5.27,RSI Stop <30,bull,2,36.1,26.2,60.5,78.6,Divi's Lab
GFS Basic,2025-08-04,2025-08-05,6601.3,6405.8,3,-586.51,58.74,-645.25,-3.26,RSI Stop <30,bull,1,35.5,29.8,60.5,78.6,Divi's Lab
GFS Basic,2025-11-20,2025-11-21,6515.26,6369.81,3,-436.33,58.32,-494.65,-2.53,RSI Stop <30,bull,1,39.3,29.8,55.2,66.0,Divi's Lab
GFS Advanced,2006-12-14,2007-01-02,117.12,130.64,811,10965.12,237.77,10727.35,11.29,RSI Target 60,bull,19,39.6,65.1,77.4,80.0,Divi's Lab
GFS Advanced,2007-08-31,2007-09-05,251.91,249.0,417,-1213.22,247.5,-1460.72,-1.39,Price < 50 EMA,bull,5,40.7,48.2,60.8,83.3,Divi's Lab
GFS Advanced,2010-08-04,2010-08-11,330.32,326.67,314,-1145.37,244.63,-1390.0,-1.34,RSI Stop <30,bull,7,40.9,28.7,74.0,67.7,Divi's Lab
GFS Advanced,2014-03-14,2014-03-27,639.05,604.66,160,-5502.06,236.84,-5738.91,-5.61,RSI Stop <30,bull,13,41.1,25.2,84.9,69.1,Divi's Lab
GFS Advanced,2014-04-09,2014-04-10,614.64,606.96,157,-1205.8,228.52,-1434.32,-1.49,Price < 50 EMA,bull,1,36.8,35.0,67.0,68.6,Divi's Lab
GFS Advanced,2016-06-28,2016-07-04,1037.18,1068.97,92,2925.27,230.4,2694.87,2.82,RSI Target 60,bull,6,36.9,63.0,70.0,66.4,Divi's Lab
GFS Advanced,2016-08-11,2016-08-16,1108.84,1178.73,88,6149.65,238.54,5911.11,6.06,RSI Target 60,bull,5,42.1,65.1,72.1,68.0,Divi's Lab
GFS Advanced,2016-10-18,2016-10-19,1163.78,1184.38,89,1833.5,247.4,1586.11,1.53,Price < 50 EMA,bull,1,35.8,35.9,64.0,67.6,Divi's Lab
GFS Advanced,2020-01-06,2020-01-10,1780.1,1796.07,59,942.63,249.69,692.93,0.66,RSI Target 60,bull,4,42.3,66.0,77.5,74.4,Divi's Lab
GFS Advanced,2020-09-22,2020-10-16,3274.78,3124.58,32,-4806.68,243.22,-5049.9,-4.82,RSI Target 60,bull,24,44.1,65.1,77.7,85.2,Divi's Lab
GFS Basic,2006-11-30,2006-12-22,30.4,27.24,3124,-9862.52,216.16,-10078.68,-10.61,RSI Stop <30,bull,22,38.5,25.7,67.2,63.7,Eicher Motors
GFS Basic,2006-12-29,2007-01-03,27.52,29.06,3104,4785.29,210.09,4575.2,5.36,RSI Target 60,bull,5,41.4,65.4,67.9,66.2,Eicher Motors
GFS Basic,2007-01-08,2007-01-31,29.0,29.26,3095,802.07,215.6,586.47,0.65,RSI Target 60,bull,23,42.9,62.4,52.4,67.2,Eicher Motors
GFS Basic,2007-08-22,2007-09-10,30.84,30.65,2929,-552.66,215.46,-768.13,-0.85,RSI Target 60,bull,19,41.0,69.1,53.8,67.5,Eicher Motors
GFS Basic,2007-10-24,2007-11-06,42.28,35.73,2119,-13868.11,200.04,-14068.15,-15.7,RSI Stop <30,bull,13,40.0,30.0,65.7,76.0,Eicher Motors
GFS Basic,2007-11-07,2007-11-12,38.43,32.63,1983,-11506.7,172.76,-11679.46,-15.33,RSI Stop <30,bull,5,35.1,18.9,52.1,76.0,Eicher Motors
GFS Basic,2007-11-19,2007-11-30,39.81,36.68,1636,-5118.79,154.74,-5273.54,-8.1,RSI Target 60,bull,11,44.5,64.4,60.8,66.2,Eicher Motors
GFS Basic,2009-10-09,2009-10-20,47.28,45.68,1271,-2027.4,146.77,-2174.17,-3.62,RSI Stop <30,bull,11,42.3,29.2,82.9,78.5,Eicher Motors
GFS Basic,2009-10-21,2009-10-22,46.39,46.05,1251,-428.69,143.86,-572.56,-0.99,RSI Stop <30,bull,1,39.8,20.9,82.9,78.5,Eicher Motors
GFS Basic,2009-10-26,2009-11-09,47.37,48.68,1214,1590.78,144.77,1446.01,2.51,RSI Target 60,bull,14,38.5,61.0,74.4,67.8,Eicher Motors
GFS Basic,2009-12-10,2009-12-15,54.36,54.26,1083,-106.74,146.05,-252.8,-0.43,RSI Target 60,bull,5,44.8,64.8,67.5,73.6,Eicher Motors
GFS Basic,2010-01-20,2010-01-22,57.55,53.34,1019,-4294.74,141.2,-4435.95,-7.56,RSI Stop <30,bull,2,42.3,26.9,62.0,83.9,Eicher Motors
GFS Basic,2010-05-27,2010-06-01,73.39,76.44,741,2261.06,138.52,2122.55,3.9,RSI Target 60,bull,5,39.5,60.6,85.5,82.1,Eicher Motors
GFS Basic,2010-06-08,2010-06-11,74.1,82.5,761,6393.57,147.27,6246.3,11.08,RSI Target 60,bull,3,38.8,73.2,86.4,82.1,Eicher Motors
GFS Basic,2010-09-17,2010-09-22,111.6,104.9,559,-3743.19,150.09,-3893.28,-6.24,RSI Stop <30,bull,5,43.1,24.8,83.4,87.1,Eicher Motors
GFS Basic,2010-09-27,2010-10-04,106.95,122.8,548,8686.87,154.57,8532.3,14.56,RSI Target 60,bull,7,35.5,67.6,83.9,84.1,Eicher Motors
GFS Basic,2010-10-21,2010-10-22,115.89,111.16,576,-2721.41,160.85,-2882.26,-4.32,RSI Stop <30,bull,1,43.2,22.4,74.0,84.1,Eicher Motors
GFS Basic,2010-10-26,2010-11-02,114.02,118.57,561,2556.73,160.12,2396.61,3.75,RSI Target 60,bull,7,41.2,60.2,74.6,84.0,Eicher Motors
GFS Basic,2011-05-02,2011-05-03,113.95,106.52,582,-4320.02,158.23,-4478.25,-6.75,RSI Stop <30,bull,1,35.7,26.5,67.0,71.9,Eicher Motors
GFS Basic,2011-06-13,2011-06-16,121.54,115.98,510,-2838.0,150.14,-2988.14,-4.82,RSI Stop <30,bull,3,42.9,29.0,68.2,72.2,Eicher Motors
GFS Basic,2011-08-24,2011-09-07,126.07,132.39,469,2966.2,149.79,2816.41,4.76,RSI Target 60,bull,14,42.9,77.4,47.7,65.9,Eicher Motors
GFS Basic,2011-11-18,2011-11-22,149.49,144.53,414,-2051.68,150.74,-2202.42,-3.56,RSI Stop <30,bull,4,43.4,30.0,77.5,66.2,Eicher Motors
GFS Basic,2011-11-24,2011-11-25,147.41,145.48,405,-782.31,147.19,-929.5,-1.56,RSI Stop <30,bull,1,35.7,20.9,73.8,66.2,Eicher Motors
GFS Basic,2011-12-07,2011-12-12,144.22,136.91,408,-2985.53,143.0,-3128.53,-5.32,RSI Stop <30,bull,5,42.8,26.3,68.4,64.1,Eicher Motors
GFS Basic,2012-05-09,2012-05-29,200.82,206.91,278,1692.19,141.15,1551.04,2.78,RSI Target 60,bull,20,35.3,63.3,74.8,82.6,Eicher Motors
GFS Basic,2012-06-11,2012-06-15,198.9,187.53,288,-3273.22,139.24,-3412.46,-5.96,RSI Stop <30,bull,4,44.6,28.8,64.8,79.6,Eicher Motors
GFS Basic,2012-10-09,2012-10-25,212.87,218.11,254,1329.95,136.87,1193.08,2.21,RSI Target 60,bull,16,44.7,66.0,69.3,74.1,Eicher Motors
GFS Basic,2013-01-17,2013-01-18,255.49,247.34,216,-1760.0,136.14,-1896.14,-3.44,RSI Stop <30,bull,1,42.4,24.8,73.4,76.7,Eicher Motors
GFS Basic,2013-01-30,2013-02-04,250.12,262.53,214,2656.19,137.03,2519.16,4.71,RSI Target 60,bull,5,44.3,61.9,70.0,76.3,Eicher Motors
GFS Basic,2013-02-13,2013-03-04,252.77,253.59,221,181.97,139.66,42.32,0.08,RSI Target 60,bull,19,43.5,63.0,64.1,78.9,Eicher Motors
GFS Basic,2013-06-13,2013-06-28,326.88,301.01,171,-4424.14,134.96,-4559.1,-8.16,RSI Stop <30,bull,15,43.7,27.9,64.6,78.3,Eicher Motors
GFS Basic,2013-12-23,2013-12-30,468.85,456.97,110,-1306.49,128.59,-1435.08,-2.78,RSI Target 60,bull,7,44.4,64.9,91.5,76.7,Eicher Motors
GFS Basic,2014-01-10,2014-01-13,470.78,464.34,106,-682.77,125.52,-808.29,-1.62,RSI Target 60,bull,3,41.6,63.8,89.3,78.0,Eicher Motors
GFS Basic,2014-01-27,2014-01-29,463.88,434.04,106,-3162.51,121.33,-3283.83,-6.68,RSI Stop <30,bull,2,39.5,28.2,86.6,78.0,Eicher Motors
GFS Basic,2014-02-13,2014-02-18,415.15,451.94,111,4083.38,121.97,3961.41,8.6,RSI Target 60,bull,5,44.4,61.9,67.1,70.6,Eicher Motors
GFS Basic,2014-06-23,2014-06-26,674.76,683.46,74,643.47,126.96,516.51,1.03,RSI Target 60,bull,3,44.1,61.6,69.8,83.2,Eicher Motors
GFS Basic,2014-07-24,2014-07-28,799.19,798.17,63,-64.29,127.15,-191.45,-0.38,RSI Target 60,bull,4,44.3,63.0,74.6,85.3,Eicher Motors
GFS Basic,2014-08-06,2014-08-12,789.49,858.18,63,4327.12,130.35,4196.77,8.44,RSI Target 60,bull,6,44.7,76.9,70.7,84.8,Eicher Motors
GFS Basic,2014-10-07,2014-10-22,1127.0,1097.56,48,-1413.09,134.08,-1547.17,-2.86,RSI Target 60,bull,15,44.3,62.1,74.1,93.6,Eicher Motors
GFS Basic,2014-12-09,2014-12-30,1426.31,1418.0,37,-307.68,132.29,-439.97,-0.83,RSI Target 60,bull,21,44.0,70.8,72.8,97.2,Eicher Motors
GFS Basic,2015-02-23,2015-03-02,1542.58,1517.12,34,-865.59,130.99,-996.57,-1.9,RSI Target 60,bull,7,44.2,61.9,58.8,93.6,Eicher Motors
GFS Basic,2015-03-23,2015-04-08,1500.46,1531.04,34,1039.74,129.78,909.96,1.78,RSI Target 60,bull,16,40.5,60.9,58.2,96.2,Eicher Motors
GFS Basic,2015-06-04,2015-06-17,1710.66,1787.13,30,2294.35,131.75,2162.59,4.21,RSI Target 60,bull,13,36.9,61.2,58.4,92.3,Eicher Motors
GFS Basic,2015-07-27,2015-07-30,1910.33,1762.96,28,-4126.39,129.92,-4256.31,-7.96,RSI Stop <30,bull,3,36.9,28.8,71.8,92.5,Eicher Motors
GFS Basic,2015-08-04,2015-08-14,1808.5,1908.66,27,2704.43,126.65,2577.79,5.28,RSI Target 60,bull,10,43.9,66.7,70.1,89.3,Eicher Motors
GFS Basic,2016-03-16,2016-04-08,1843.27,1786.89,28,-1578.51,128.39,-1706.9,-3.31,RSI Target 60,sideways,23,43.4,66.3,62.4,63.0,Eicher Motors
GFS Basic,2016-05-11,2016-05-18,1911.56,1743.93,26,-4358.62,121.26,-4479.88,-9.01,RSI Stop <30,bull,7,44.1,29.3,56.7,68.1,Eicher Motors
GFS Basic,2016-08-19,2016-08-24,2096.38,2061.8,22,-760.76,117.04,-877.79,-1.9,RSI Target 60,bull,5,42.0,60.9,72.0,64.0,Eicher Motors
GFS Basic,2016-10-20,2016-10-26,2359.17,2274.82,19,-1602.76,113.28,-1716.04,-3.83,RSI Stop <30,bull,6,41.3,29.3,82.0,70.6,Eicher Motors
GFS Basic,2016-11-01,2016-11-11,2312.55,2020.16,19,-5555.37,107.22,-5662.59,-12.89,RSI Stop <30,bull,10,44.4,25.0,47.0,67.0,Eicher Motors
GFS Basic,2017-03-03,2017-03-06,2237.33,2148.37,17,-1512.35,98.29,-1610.64,-4.23,RSI Stop <30,bull,3,41.0,29.1,63.3,71.1,Eicher Motors
GFS Basic,2017-05-04,2017-05-08,2429.92,2507.77,15,1167.76,97.54,1070.22,2.94,RSI Target 60,bull,4,36.5,62.3,63.8,71.7,Eicher Motors
GFS Basic,2017-05-31,2017-06-07,2653.88,2768.03,14,1598.16,99.56,1498.6,4.03,RSI Target 60,bull,7,40.1,64.2,67.3,74.7,Eicher Motors
GFS Basic,2017-06-20,2017-06-22,2691.61,2578.7,14,-1580.75,97.44,-1678.19,-4.45,RSI Stop <30,bull,2,42.6,27.1,72.4,74.7,Eicher Motors
GFS Basic,2017-07-04,2017-07-17,2593.53,2613.98,14,286.3,96.32,189.99,0.52,RSI Target 60,bull,13,36.0,70.2,59.2,68.1,Eicher Motors
GFS Basic,2017-08-29,2017-09-01,2984.88,2969.97,12,-178.93,94.75,-273.68,-0.76,RSI Target 60,bull,3,41.7,65.2,62.1,78.6,Eicher Motors
GFS Basic,2017-09-25,2017-09-27,2973.56,2848.25,12,-1503.76,93.07,-1596.84,-4.48,RSI Stop <30,bull,2,39.9,22.3,60.5,78.6,Eicher Motors
GFS Basic,2017-09-29,2017-10-17,2862.7,2978.49,12,1389.46,93.11,1296.35,3.77,RSI Target 60,bull,18,37.8,61.7,64.8,73.9,Eicher Motors
GFS Basic,2018-05-03,2018-05-04,2943.13,2730.3,12,-2554.01,91.17,-2645.18,-7.49,RSI Stop <30,sideways,1,41.2,26.4,62.9,66.4,Eicher Motors
GFS Basic,2018-05-08,2018-07-05,2793.06,2606.87,12,-2234.31,87.5,-2321.82,-6.93,RSI Stop <30,sideways,58,44.5,29.8,53.2,55.8,Eicher Motors
GFS Basic,2020-10-22,2020-11-02,2119.99,1934.1,15,-2788.36,83.11,-2871.47,-9.03,RSI Stop <30,bull,11,44.5,26.5,50.3,59.0,Eicher Motors
GFS Basic,2020-12-09,2020-12-14,2488.67,2287.45,12,-2414.63,79.2,-2493.83,-8.35,RSI Stop <30,bull,5,41.8,27.9,63.6,63.2,Eicher Motors
GFS Basic,2020-12-17,2021-01-04,2390.85,2530.68,11,1538.18,75.37,1462.8,5.56,RSI Target 60,bull,18,35.7,77.7,68.3,56.0,Eicher Motors
GFS Basic,2021-08-03,2021-08-06,2494.39,2618.02,11,1359.89,77.72,1282.18,4.67,RSI Target 60,bull,3,41.9,67.2,68.1,69.3,Eicher Motors
GFS Basic,2022-10-12,2022-10-24,3430.66,3514.63,9,755.76,84.73,671.03,2.17,RSI Target 60,bull,12,39.1,65.3,73.8,74.6,Eicher Motors
GFS Basic,2022-11-11,2022-11-18,3613.03,3272.4,8,-2725.0,76.74,-2801.74,-9.69,RSI Stop <30,bull,7,41.2,26.0,56.2,74.8,Eicher Motors
GFS Basic,2023-06-14,2023-06-16,3517.71,3415.88,8,-814.61,77.03,-891.64,-3.17,RSI Stop <30,bull,2,40.5,28.4,66.4,69.8,Eicher Motors
GFS Basic,2023-06-20,2023-06-27,3448.53,3412.84,8,-285.49,76.35,-361.84,-1.31,RSI Stop <30,bull,7,38.3,25.8,74.5,69.8,Eicher Motors
GFS Basic,2023-07-14,2023-07-21,3193.31,3200.25,8,55.55,72.16,-16.62,-0.07,RSI Stop <30,sideways,7,38.3,28.6,53.6,66.0,Eicher Motors
GFS Basic,2024-06-28,2024-07-05,4656.2,4623.1,5,-165.51,66.9,-232.41,-1.0,RSI Stop <30,bull,7,43.0,29.4,73.3,72.4,Eicher Motors
GFS Basic,2024-07-09,2024-07-15,4664.55,4763.68,5,495.62,67.68,427.94,1.83,RSI Target 60,bull,6,44.9,61.8,75.1,72.4,Eicher Motors
GFS Basic,2025-02-11,2025-02-20,5377.89,4823.41,5,-2772.39,72.22,-2844.6,-10.58,RSI Stop <30,sideways,9,43.9,28.6,48.3,76.1,Eicher Motors
GFS Basic,2025-05-26,2025-06-19,5370.58,5420.47,4,199.55,63.28,136.27,0.63,RSI Target 60,bull,24,44.7,67.0,56.1,71.3,Eicher Motors
GFS Basic,2025-07-14,2025-07-22,5613.55,5367.19,4,-985.47,64.21,-1049.68,-4.67,RSI Stop <30,bull,8,41.6,27.9,58.7,68.8,Eicher Motors
GFS Basic,2025-10-14,2025-11-20,7050.52,7121.94,3,214.24,62.56,151.68,0.72,RSI Target 60,bull,37,41.8,61.0,72.7,75.3,Eicher Motors
GFS Basic,2025-12-15,2025-12-22,7278.14,7287.85,3,29.15,63.89,-34.74,-0.16,RSI Target 60,bull,7,44.4,60.5,59.7,75.2,Eicher Motors
GFS Basic,2026-03-05,2026-03-09,7708.85,7262.37,3,-1339.46,65.34,-1404.8,-6.07,RSI Stop <30,bull,4,43.9,29.9,60.5,80.7,Eicher Motors
GFS Basic,2026-03-10,2026-03-13,7520.76,6737.63,3,-2349.39,63.04,-2412.43,-10.69,RSI Stop <30,bull,3,38.1,28.0,43.2,80.7,Eicher Motors
GFS Advanced,2006-12-29,2007-01-03,27.52,29.06,3452,5321.78,231.93,5089.86,5.36,RSI Target 60,bull,5,41.4,65.4,67.9,66.2,Eicher Motors
GFS Advanced,2007-11-19,2007-11-29,39.81,36.41,2508,-8510.59,228.36,-8738.94,-8.75,Price < 50 EMA,bull,10,44.5,58.6,64.5,76.0,Eicher Motors
GFS Advanced,2009-10-21,2009-10-22,46.39,46.05,1972,-675.76,217.94,-893.7,-0.98,RSI Stop <30,bull,1,39.8,20.9,82.9,78.5,Eicher Motors
GFS Advanced,2013-01-30,2013-02-04,250.12,262.53,362,4493.18,221.19,4271.99,4.72,RSI Target 60,bull,5,44.3,61.9,70.0,76.3,Eicher Motors
GFS Advanced,2013-06-18,2013-06-27,330.1,303.75,287,-7561.98,218.02,-7780.0,-8.21,Price < 50 EMA,bull,9,38.4,33.6,70.6,78.3,Eicher Motors
GFS Advanced,2014-02-13,2014-02-18,415.15,451.94,210,7725.32,217.07,7508.25,8.61,RSI Target 60,bull,5,44.4,61.9,67.1,70.6,Eicher Motors
GFS Advanced,2015-08-04,2015-08-14,1808.5,1908.66,52,5208.54,229.71,4978.83,5.29,RSI Target 60,bull,10,43.9,66.7,70.1,89.3,Eicher Motors
GFS Advanced,2016-03-31,2016-04-08,1756.21,1786.89,56,1718.21,235.66,1482.55,1.51,RSI Target 60,bull,8,41.9,66.3,62.4,63.0,Eicher Motors
GFS Advanced,2016-11-01,2016-11-04,2312.55,2229.26,43,-3581.43,232.59,-3814.02,-3.84,Price < 50 EMA,bull,3,44.4,36.3,60.7,67.0,Eicher Motors
GFS Advanced,2017-07-05,2017-07-17,2608.9,2613.98,37,188.07,230.03,-41.96,-0.04,RSI Target 60,bull,12,39.5,70.2,59.2,68.1,Eicher Motors
GFS Advanced,2020-12-29,2021-01-04,2348.45,2530.68,41,7471.6,237.04,7234.56,7.51,RSI Target 60,bull,6,39.4,77.7,68.3,56.0,Eicher Motors
GFS Advanced,2025-11-07,2025-11-14,6978.49,6691.65,14,-4015.69,228.28,-4243.97,-4.34,Price < 50 EMA,bull,7,44.8,42.1,72.7,75.3,Eicher Motors
GFS Advanced,2025-11-17,2025-11-20,6853.42,7121.94,14,3759.17,232.44,3526.73,3.68,RSI Target 60,bull,3,44.4,61.0,72.7,75.3,Eicher Motors
GFS Basic,2006-10-26,2006-11-01,412.16,415.31,230,722.93,226.74,496.19,0.52,RSI Target 60,bear,6,37.0,61.2,64.7,60.2,Hero MotoCorp
GFS Basic,2006-11-10,2006-11-21,396.44,385.08,240,-2726.31,223.94,-2950.24,-3.1,RSI Stop <30,bear,11,38.3,28.1,54.1,60.2,Hero MotoCorp
GFS Basic,2008-05-20,2008-05-21,456.12,437.16,203,-3848.75,217.1,-4065.85,-4.39,RSI Stop <30,bull,1,44.7,19.9,60.6,66.9,Hero MotoCorp
GFS Basic,2008-10-10,2008-10-23,509.81,432.7,174,-13415.99,198.55,-13614.55,-15.35,RSI Stop <30,bull,13,44.7,29.7,69.2,63.1,Hero MotoCorp
GFS Basic,2009-06-25,2009-06-29,830.76,787.51,91,-3935.98,179.25,-4115.23,-5.44,RSI Stop <30,bull,4,42.2,28.9,81.0,76.9,Hero MotoCorp
GFS Basic,2009-07-01,2009-07-15,800.14,848.11,89,4269.12,178.0,4091.11,5.74,RSI Target 60,bull,14,35.3,60.7,83.9,75.0,Hero MotoCorp
GFS Basic,2009-08-06,2009-08-10,925.63,811.12,81,-9275.08,172.33,-9447.41,-12.6,RSI Stop <30,bull,4,35.8,27.9,64.6,85.5,Hero MotoCorp
GFS Basic,2009-08-21,2009-08-31,812.42,871.51,82,4845.56,168.39,4677.17,7.02,RSI Target 60,bull,10,37.4,60.6,62.2,84.0,Hero MotoCorp
GFS Basic,2009-10-09,2009-10-29,971.65,891.21,73,-5871.95,166.87,-6038.82,-8.51,RSI Stop <30,bull,20,41.5,23.5,47.7,84.7,Hero MotoCorp
GFS Basic,2010-04-19,2010-06-02,1184.0,1191.67,55,421.57,160.48,261.09,0.4,RSI Target 60,bull,44,44.7,64.4,70.3,79.0,Hero MotoCorp
GFS Basic,2010-07-09,2010-07-13,1217.06,1187.05,54,-1620.61,159.7,-1780.31,-2.71,RSI Stop <30,bull,4,43.5,27.4,62.8,79.1,Hero MotoCorp
GFS Basic,2013-11-11,2013-12-09,1443.91,1448.27,44,191.62,156.71,34.91,0.05,RSI Target 60,bull,28,42.9,60.3,57.1,59.3,Hero MotoCorp
GFS Basic,2014-05-02,2014-05-13,1514.31,1656.86,42,5987.05,162.87,5824.18,9.16,RSI Target 60,bull,11,44.9,64.4,67.0,71.0,Hero MotoCorp
GFS Basic,2014-06-02,2014-06-05,1610.72,1761.36,43,6477.44,175.96,6301.48,9.1,RSI Target 60,bull,3,44.8,66.3,75.4,80.2,Hero MotoCorp
GFS Basic,2014-06-27,2014-07-07,1828.97,1828.66,41,-12.71,181.96,-194.66,-0.26,RSI Target 60,bull,10,39.8,63.1,69.3,82.5,Hero MotoCorp
GFS Basic,2014-07-11,2014-07-15,1799.08,1682.91,41,-4762.81,174.31,-4937.12,-6.69,RSI Stop <30,bull,4,38.7,27.0,60.3,82.5,Hero MotoCorp
GFS Basic,2014-07-17,2014-07-31,1715.8,1815.59,41,4091.4,175.9,3915.5,5.57,RSI Target 60,bull,14,35.2,71.7,67.5,81.8,Hero MotoCorp
GFS Basic,2014-08-18,2014-09-01,1822.85,1948.65,40,5031.65,182.57,4849.08,6.65,RSI Target 60,bull,14,43.9,69.7,65.2,86.2,Hero MotoCorp
GFS Basic,2014-10-13,2014-10-16,2033.46,1979.41,38,-2053.77,184.92,-2238.69,-2.9,RSI Stop <30,bull,3,36.4,27.7,64.7,87.0,Hero MotoCorp
GFS Basic,2014-10-17,2014-10-22,2060.0,2203.27,37,5300.97,190.2,5110.77,6.71,RSI Target 60,bull,5,42.1,71.2,77.3,87.0,Hero MotoCorp
GFS Basic,2014-11-17,2014-11-26,2111.68,2191.96,38,3050.53,196.81,2853.72,3.56,RSI Target 60,bull,9,42.0,63.0,71.6,87.1,Hero MotoCorp
GFS Basic,2014-12-18,2014-12-19,2249.01,2173.99,37,-2775.7,197.37,-2973.07,-3.57,RSI Stop <30,bull,1,41.5,25.9,63.0,87.5,Hero MotoCorp
GFS Basic,2014-12-22,2015-01-13,2229.08,2046.06,36,-6588.83,186.83,-6775.66,-8.44,RSI Stop <30,bull,22,35.9,24.2,55.4,84.8,Hero MotoCorp
GFS Basic,2016-06-17,2016-06-28,2221.91,2191.0,33,-1020.04,177.21,-1197.25,-1.63,RSI Stop <30,bull,11,42.3,30.0,62.0,60.6,Hero MotoCorp
GFS Basic,2016-07-29,2016-08-05,2345.39,2498.25,31,4738.51,181.81,4556.7,6.27,RSI Target 60,bull,7,40.9,69.9,78.0,65.0,Hero MotoCorp
GFS Basic,2016-08-29,2016-08-31,2420.18,2568.9,32,4759.0,192.36,4566.64,5.9,RSI Target 60,bull,2,44.8,76.6,67.5,75.0,Hero MotoCorp
GFS Basic,2016-09-26,2016-10-25,2604.6,2456.01,31,-4606.16,189.99,-4796.14,-5.94,RSI Stop <30,bull,29,44.7,21.8,55.9,69.5,Hero MotoCorp
GFS Basic,2017-02-27,2017-03-07,2344.36,2419.34,33,2474.5,189.81,2284.69,2.95,RSI Target 60,sideways,8,38.7,65.7,60.2,62.8,Hero MotoCorp
GFS Basic,2017-03-31,2017-04-05,2435.17,2379.21,33,-1846.72,192.0,-2038.72,-2.54,RSI Stop <30,bull,5,45.0,24.3,62.3,69.3,Hero MotoCorp
GFS Basic,2017-04-12,2017-04-13,2400.91,2398.89,32,-64.89,185.99,-250.89,-0.33,RSI Stop <30,bull,1,36.0,22.8,61.7,69.3,Hero MotoCorp
GFS Basic,2017-04-20,2017-04-25,2411.34,2458.92,32,1522.68,188.38,1334.3,1.73,RSI Target 60,bull,5,42.0,72.2,61.1,69.3,Hero MotoCorp
GFS Basic,2017-06-27,2017-07-14,2777.77,2818.58,28,1142.6,189.35,953.24,1.23,RSI Target 60,bull,17,37.8,64.7,77.5,73.6,Hero MotoCorp
GFS Basic,2017-07-21,2017-08-04,2843.84,2967.45,28,3461.07,195.87,3265.2,4.1,RSI Target 60,bull,14,38.3,66.8,74.8,68.8,Hero MotoCorp
GFS Basic,2017-09-06,2017-09-22,3008.67,2843.4,27,-4462.34,191.23,-4653.57,-5.73,RSI Stop <30,bull,16,41.7,29.4,51.2,72.8,Hero MotoCorp
GFS Basic,2018-04-27,2018-05-07,2877.8,2778.57,27,-2679.12,185.22,-2864.34,-3.69,RSI Stop <30,bear,10,40.1,26.4,57.8,67.4,Hero MotoCorp
GFS Basic,2020-10-22,2020-10-27,2708.41,2402.09,28,-8576.8,174.97,-8751.76,-11.54,RSI Stop <30,bull,5,44.1,27.7,62.6,64.3,Hero MotoCorp
GFS Basic,2021-02-26,2021-03-22,2915.08,2605.67,23,-7116.35,156.95,-7273.3,-10.85,RSI Stop <30,bull,24,35.6,29.4,49.9,64.2,Hero MotoCorp
GFS Basic,2023-06-22,2023-07-05,2563.83,2858.31,23,6772.87,153.39,6619.48,11.23,RSI Target 60,bull,13,42.4,66.4,84.5,62.0,Hero MotoCorp
GFS Basic,2023-08-03,2023-08-18,2815.3,2678.91,23,-3136.99,155.97,-3292.97,-5.09,RSI Stop <30,bull,15,35.1,29.4,63.7,63.3,Hero MotoCorp
GFS Basic,2023-08-22,2023-09-08,2697.44,2753.69,23,1293.61,154.54,1139.07,1.84,RSI Target 60,bull,17,35.2,61.8,56.7,56.9,Hero MotoCorp
GFS Basic,2024-02-22,2024-02-29,4325.28,4140.02,15,-2778.8,156.63,-2935.43,-4.52,RSI Stop <30,bull,7,43.3,29.8,78.5,78.2,Hero MotoCorp
GFS Basic,2024-03-01,2024-03-14,4169.91,4372.72,15,3042.14,157.48,2884.66,4.61,RSI Target 60,bull,13,45.0,60.8,75.0,78.2,Hero MotoCorp
GFS Basic,2024-04-02,2024-04-16,4474.89,4043.13,14,-6044.58,148.29,-6192.87,-9.89,RSI Stop <30,bull,14,44.9,27.6,64.7,79.9,Hero MotoCorp
GFS Basic,2024-06-26,2024-07-16,5223.95,5217.09,11,-75.44,142.95,-218.39,-0.38,RSI Target 60,bull,20,38.8,61.0,71.2,86.8,Hero MotoCorp
GFS Basic,2024-07-19,2024-08-05,5222.22,4884.0,11,-3720.41,139.13,-3859.55,-6.72,RSI Stop <30,bull,17,37.2,27.0,69.0,84.2,Hero MotoCorp
GFS Basic,2024-08-07,2024-08-27,4956.04,5046.66,11,996.89,137.51,859.38,1.58,RSI Target 60,bull,20,36.3,60.1,58.5,84.2,Hero MotoCorp
GFS Basic,2024-10-03,2024-10-08,5464.27,5209.94,10,-2543.29,134.13,-2677.42,-4.9,RSI Stop <30,bull,5,43.2,28.9,49.5,83.5,Hero MotoCorp
GFS Advanced,2008-05-20,2008-05-21,456.12,437.16,208,-3943.55,222.07,-4165.62,-4.39,RSI Stop <30,bull,1,44.7,19.9,60.6,66.9,Hero MotoCorp
GFS Advanced,2010-04-30,2010-05-17,1122.27,1109.33,81,-1048.13,216.25,-1264.38,-1.39,Price < 50 EMA,bull,17,42.2,47.2,72.8,80.4,Hero MotoCorp
GFS Advanced,2017-03-31,2017-04-03,2435.17,2382.26,36,-1904.8,208.17,-2112.97,-2.41,Price < 50 EMA,bull,3,45.0,34.5,62.3,69.3,Hero MotoCorp
GFS Advanced,2017-06-27,2017-07-14,2777.77,2818.58,31,1265.02,208.0,1057.02,1.23,RSI Target 60,bull,17,37.8,64.7,77.5,73.6,Hero MotoCorp
GFS Basic,2009-09-29,2009-10-12,22.8,21.67,4165,-4731.34,221.49,-4952.83,-5.21,RSI Target 60,bull,13,42.0,61.6,69.7,73.2,BPCL
GFS Basic,2009-10-14,2009-10-20,21.67,20.23,4166,-6012.89,209.74,-6222.63,-6.89,RSI Stop <30,bull,6,44.2,27.1,62.9,73.2,BPCL
GFS Basic,2009-12-29,2010-01-11,23.64,24.06,3568,1488.02,204.34,1283.68,1.52,RSI Target 60,bull,13,44.8,63.7,64.7,80.5,BPCL
GFS Basic,2010-07-20,2010-07-29,25.68,24.48,3333,-3981.04,201.39,-4182.42,-4.89,RSI Stop <30,bull,9,43.9,26.3,66.2,68.6,BPCL
GFS Basic,2010-08-05,2010-08-11,25.33,25.3,3222,-93.94,196.62,-290.56,-0.36,RSI Target 60,bull,6,44.5,62.3,66.3,63.1,BPCL
GFS Basic,2010-10-07,2010-10-08,30.2,29.17,2693,-2788.56,193.18,-2981.74,-3.67,RSI Stop <30,bull,1,45.0,22.0,63.1,69.9,BPCL
GFS Basic,2010-10-13,2010-10-14,29.34,28.23,2676,-2956.7,186.72,-3143.43,-4.0,RSI Stop <30,bull,1,38.8,24.6,63.1,69.9,BPCL
GFS Basic,2010-10-22,2010-11-03,28.36,29.89,2663,4062.35,187.39,3874.96,5.13,RSI Target 60,bull,12,36.6,63.4,67.1,66.3,BPCL
GFS Basic,2011-06-03,2011-06-24,24.95,24.78,3174,-556.24,190.76,-747.0,-0.94,RSI Target 60,bear,21,36.4,62.5,67.7,61.1,BPCL
GFS Basic,2011-07-27,2011-08-04,26.37,26.88,2976,1524.92,191.31,1333.61,1.7,RSI Target 60,bull,8,44.9,60.4,59.9,58.4,BPCL
GFS Basic,2012-05-02,2012-05-14,27.09,28.45,2944,4009.68,196.72,3812.96,4.78,RSI Target 60,bull,12,44.7,62.5,74.2,61.6,BPCL
GFS Basic,2012-07-25,2012-08-03,30.67,28.54,2718,-5796.76,194.58,-5991.34,-7.19,RSI Stop <30,bull,9,43.9,28.0,58.3,60.5,BPCL
GFS Basic,2012-08-10,2012-10-09,28.7,28.9,2707,524.19,188.53,335.66,0.43,RSI Target 60,bull,60,38.0,67.9,46.0,55.1,BPCL
GFS Basic,2013-02-07,2013-02-08,34.2,32.45,2281,-3978.37,184.55,-4162.92,-5.34,RSI Stop <30,bull,1,35.6,27.4,65.8,72.7,BPCL
GFS Basic,2013-02-12,2013-02-26,32.73,30.4,2263,-5260.96,174.46,-5435.43,-7.34,RSI Stop <30,bull,14,41.1,25.8,63.3,72.7,BPCL
GFS Basic,2013-03-01,2013-03-08,31.14,32.78,2212,3615.19,172.16,3443.03,5.0,RSI Target 60,bull,7,41.0,65.5,63.3,70.7,BPCL
GFS Basic,2014-06-25,2014-08-04,49.56,50.47,1456,1329.38,177.07,1152.31,1.6,RSI Target 60,bull,40,40.3,63.6,63.2,71.5,BPCL
GFS Basic,2014-08-08,2014-08-18,49.87,54.52,1469,6830.17,185.2,6644.97,9.07,RSI Target 60,bull,10,43.5,66.4,63.4,71.5,BPCL
GFS Basic,2014-09-19,2014-10-17,57.27,57.45,1389,249.6,192.35,57.25,0.07,RSI Target 60,bull,28,37.7,60.0,71.8,80.4,BPCL
GFS Basic,2014-11-25,2014-12-18,63.12,56.29,1261,-8619.05,183.28,-8802.33,-11.06,RSI Stop <30,bull,23,44.2,22.2,46.6,88.1,BPCL
GFS Basic,2015-03-24,2015-03-31,63.48,69.86,1122,7159.65,181.01,6978.63,9.8,RSI Target 60,bull,7,39.2,62.6,65.9,80.0,BPCL
GFS Basic,2015-04-24,2015-04-27,70.26,63.09,1108,-7939.16,180.1,-8119.25,-10.43,RSI Stop <30,bull,3,39.3,27.8,67.5,80.0,BPCL
GFS Basic,2015-04-28,2015-05-18,67.44,68.31,1040,897.61,172.13,725.48,1.03,RSI Target 60,bull,20,41.7,62.8,56.2,75.0,BPCL
GFS Basic,2015-06-19,2015-06-30,72.2,75.76,981,3491.72,176.35,3315.37,4.68,RSI Target 60,bull,11,41.2,63.9,71.2,76.5,BPCL
GFS Basic,2015-08-03,2015-08-12,82.08,74.96,901,-6420.02,173.03,-6593.05,-8.91,RSI Stop <30,bull,9,44.3,25.9,74.8,76.0,BPCL
GFS Basic,2015-08-18,2015-09-11,76.58,75.2,884,-1220.62,164.51,-1385.13,-2.05,RSI Target 60,bull,24,39.2,60.5,52.3,71.5,BPCL
GFS Basic,2016-01-12,2016-02-05,79.88,75.61,831,-3545.79,159.16,-3704.95,-5.58,RSI Stop <30,bull,24,44.4,27.0,46.6,64.2,BPCL
GFS Basic,2016-05-17,2016-05-27,83.95,91.17,749,5409.72,160.67,5249.05,8.35,RSI Target 60,bull,10,35.8,65.5,82.0,69.1,BPCL
GFS Basic,2016-09-12,2016-09-26,108.93,113.84,623,3059.92,169.31,2890.61,4.26,RSI Target 60,bull,14,37.6,65.1,79.7,76.4,BPCL
GFS Basic,2016-11-03,2016-11-15,122.66,117.71,576,-2851.78,169.38,-3021.16,-4.28,RSI Stop <30,bull,12,43.9,29.0,68.9,80.9,BPCL
GFS Basic,2016-11-23,2016-12-30,118.01,116.23,574,-1023.04,164.8,-1187.85,-1.75,RSI Target 60,bull,37,36.9,63.0,57.3,79.0,BPCL
GFS Basic,2017-02-15,2017-03-02,131.23,119.46,508,-5980.7,157.28,-6137.98,-9.21,RSI Stop <30,bull,15,36.3,28.3,62.9,79.7,BPCL
GFS Basic,2017-05-18,2017-05-22,140.77,133.27,432,-3238.96,147.11,-3386.07,-5.57,RSI Stop <30,bull,4,40.3,25.5,53.0,90.9,BPCL
GFS Basic,2017-06-13,2017-06-15,135.72,128.62,424,-3010.36,140.09,-3150.45,-5.47,RSI Stop <30,bull,2,44.7,12.4,64.7,89.9,BPCL
GFS Basic,2017-10-04,2017-10-17,138.76,147.56,393,3457.17,140.1,3317.07,6.08,RSI Target 60,bull,13,41.7,73.9,59.3,61.8,BPCL
GFS Basic,2019-11-08,2019-12-10,168.93,155.86,342,-4469.51,139.09,-4608.59,-7.98,RSI Stop <30,bull,32,41.1,26.5,73.2,64.5,BPCL
GFS Basic,2019-12-12,2020-01-07,157.79,147.75,338,-3395.21,130.34,-3525.55,-6.61,RSI Stop <30,bull,26,41.3,27.7,53.6,74.6,BPCL
GFS Basic,2021-07-27,2021-08-03,164.66,164.8,303,41.73,126.25,-84.52,-0.17,RSI Target 60,bull,7,43.8,62.7,58.7,67.9,BPCL
GFS Basic,2021-08-10,2021-08-18,163.4,164.84,305,438.29,126.54,311.75,0.63,RSI Target 60,bull,8,42.9,60.3,55.0,67.9,BPCL
GFS Basic,2021-10-26,2021-10-29,181.06,168.5,277,-3480.5,123.18,-3603.68,-7.19,RSI Stop <30,bull,3,40.9,29.6,53.3,65.6,BPCL
GFS Basic,2024-03-06,2024-04-10,289.77,269.54,161,-3257.81,115.63,-3373.45,-7.23,RSI Target 60,bull,35,44.4,69.1,71.4,85.4,BPCL
GFS Basic,2024-04-18,2024-04-29,267.69,275.8,163,1322.2,113.67,1208.53,2.77,RSI Target 60,bull,11,44.9,63.5,68.6,85.4,BPCL
GFS Basic,2024-09-10,2024-09-18,325.58,309.2,137,-2243.88,112.13,-2356.01,-5.28,RSI Stop <30,bull,8,43.5,26.4,72.7,89.5,BPCL
GFS Basic,2024-09-23,2024-09-27,306.75,337.9,138,4299.53,113.86,4185.68,9.89,RSI Target 60,bull,4,36.3,63.1,74.3,89.5,BPCL
GFS Basic,2026-01-08,2026-01-20,363.34,345.28,128,-2311.04,116.29,-2427.32,-5.22,RSI Stop <30,bull,12,43.0,23.4,62.4,67.2,BPCL
GFS Advanced,2014-09-30,2014-10-17,56.58,57.45,1679,1460.14,227.93,1232.21,1.3,RSI Target 60,bull,17,44.1,60.0,71.8,80.4,BPCL
GFS Advanced,2015-03-24,2015-03-31,63.48,69.86,1515,9667.44,239.04,9428.39,9.8,RSI Target 60,bull,7,39.2,62.6,65.9,80.0,BPCL
GFS Advanced,2015-04-28,2015-04-29,67.44,65.13,1558,-3601.78,245.1,-3846.88,-3.66,Price < 50 EMA,bull,1,41.7,31.1,67.5,80.0,BPCL
GFS Advanced,2015-04-30,2015-05-06,65.98,64.46,1538,-2327.6,238.41,-2566.01,-2.53,Price < 50 EMA,bull,6,36.1,36.3,63.0,75.0,BPCL
GFS Advanced,2015-08-18,2015-08-19,76.58,76.43,1293,-199.27,235.17,-434.44,-0.44,Price < 50 EMA,bull,1,39.2,38.1,64.0,76.0,BPCL
GFS Advanced,2016-09-16,2016-09-26,106.15,113.84,929,7148.07,241.87,6906.2,7.0,RSI Target 60,bull,10,40.8,65.1,79.7,76.4,BPCL
GFS Advanced,2016-11-28,2016-12-01,118.51,115.02,887,-3090.04,245.71,-3335.75,-3.17,Price < 50 EMA,bull,3,44.8,32.5,64.7,79.0,BPCL
GFS Basic,2006-09-15,2006-09-27,197.12,219.62,481,10823.02,237.24,10585.78,11.16,RSI Target 60,bear,12,39.2,72.7,58.5,61.0,Apollo Hosp.
GFS Basic,2006-10-20,2006-10-26,217.73,199.37,482,-8850.78,239.37,-9090.15,-8.66,RSI Stop <30,bear,6,35.4,28.0,62.3,61.5,Apollo Hosp.
GFS Basic,2010-01-22,2010-01-25,329.14,305.78,292,-6822.46,221.84,-7044.29,-7.33,RSI Stop <30,bull,3,40.3,16.6,72.9,73.3,Apollo Hosp.
GFS Basic,2010-01-29,2010-02-26,314.73,317.2,285,704.53,215.39,489.14,0.55,RSI Target 60,bull,28,38.5,62.6,75.8,76.0,Apollo Hosp.
GFS Basic,2010-04-12,2010-04-15,343.09,358.03,262,3913.43,219.14,3694.29,4.11,RSI Target 60,bull,3,43.6,69.7,60.9,81.5,Apollo Hosp.
GFS Basic,2010-05-05,2010-05-10,363.08,339.64,258,-6048.8,217.23,-6266.03,-6.69,RSI Stop <30,bull,5,44.8,28.2,58.9,85.6,Apollo Hosp.
GFS Basic,2010-10-28,2010-11-02,485.9,485.42,180,-87.42,209.6,-297.02,-0.34,RSI Stop <30,bull,5,44.3,26.0,83.0,90.8,Apollo Hosp.
GFS Basic,2010-11-04,2010-11-10,495.43,501.31,176,1034.69,210.17,824.52,0.95,RSI Target 60,bull,6,38.5,65.3,79.0,90.8,Apollo Hosp.
GFS Basic,2010-11-12,2010-11-25,505.42,446.19,174,-10306.28,200.08,-10506.36,-11.95,RSI Stop <30,bull,13,44.4,29.0,73.8,90.8,Apollo Hosp.
GFS Basic,2010-12-07,2010-12-27,486.04,437.19,161,-7865.52,181.08,-8046.6,-10.28,RSI Stop <30,bull,20,40.0,27.9,59.5,79.7,Apollo Hosp.
GFS Basic,2011-09-08,2011-11-01,503.04,496.07,140,-976.27,170.82,-1147.09,-1.63,RSI Target 60,bull,54,44.7,67.2,49.7,66.2,Apollo Hosp.
GFS Basic,2012-02-02,2012-02-10,579.63,589.44,119,1167.56,169.82,997.74,1.45,RSI Target 60,bull,8,36.7,69.3,59.3,66.4,Apollo Hosp.
GFS Basic,2012-04-03,2012-04-20,609.56,567.58,115,-4828.14,166.11,-4994.24,-7.12,RSI Stop <30,bull,17,41.3,13.7,43.6,69.0,Apollo Hosp.
GFS Basic,2012-10-23,2012-11-01,729.45,726.91,90,-228.19,160.98,-389.17,-0.59,RSI Target 60,bull,9,41.1,63.8,83.3,73.4,Apollo Hosp.
GFS Basic,2012-11-30,2012-12-18,827.04,772.93,79,-4275.25,156.09,-4431.35,-6.78,RSI Stop <30,bull,18,40.8,26.9,76.0,77.1,Apollo Hosp.
GFS Basic,2012-12-20,2013-01-02,788.02,744.69,77,-3336.76,146.71,-3483.47,-5.74,RSI Stop <30,bull,13,40.0,26.2,67.1,73.0,Apollo Hosp.
GFS Basic,2013-01-03,2013-02-06,765.52,784.05,75,1390.16,144.36,1245.81,2.17,RSI Target 60,bull,34,43.6,60.4,56.5,69.5,Apollo Hosp.
GFS Basic,2013-06-06,2013-07-02,997.4,941.4,59,-3303.93,142.68,-3446.61,-5.86,RSI Target 60,bull,26,43.0,60.0,67.8,85.2,Apollo Hosp.
GFS Basic,2013-07-04,2013-07-23,942.2,943.3,59,65.05,138.93,-73.89,-0.13,RSI Target 60,bull,19,39.9,66.7,60.1,85.2,Apollo Hosp.
GFS Basic,2014-06-30,2014-07-03,943.61,984.78,59,2429.1,141.57,2287.54,4.11,RSI Target 60,bull,3,42.1,61.1,67.9,60.0,Apollo Hosp.
GFS Basic,2014-09-30,2014-10-30,1066.78,1071.72,54,266.82,143.62,123.2,0.21,RSI Target 60,bull,30,39.4,65.7,48.5,62.8,Apollo Hosp.
GFS Basic,2015-02-16,2015-02-24,1252.72,1300.39,46,2192.93,145.66,2047.27,3.55,RSI Target 60,bull,8,44.5,61.0,71.9,81.2,Apollo Hosp.
GFS Basic,2015-03-24,2015-04-27,1375.01,1131.61,43,-10466.23,135.88,-10602.11,-17.93,RSI Stop <30,bull,34,41.7,23.6,58.4,80.6,Apollo Hosp.
GFS Basic,2015-08-13,2015-08-26,1372.21,1209.96,36,-5841.07,119.06,-5960.13,-12.07,RSI Stop <30,bull,13,44.1,26.7,54.7,70.3,Apollo Hosp.
GFS Basic,2015-10-20,2015-10-27,1399.8,1331.59,31,-2114.3,109.57,-2223.88,-5.12,RSI Stop <30,bull,7,40.8,21.5,55.2,69.1,Apollo Hosp.
GFS Basic,2016-02-19,2016-03-01,1404.05,1445.36,29,1198.12,107.06,1091.06,2.68,RSI Target 60,bull,11,40.3,62.2,61.3,64.9,Apollo Hosp.
GFS Basic,2019-08-13,2019-08-16,1343.93,1440.12,32,3078.14,114.09,2964.05,6.89,RSI Target 60,bull,3,43.5,64.3,70.1,66.0,Apollo Hosp.
GFS Basic,2020-03-09,2020-03-11,1686.02,1604.8,27,-2193.03,114.22,-2307.26,-5.07,RSI Stop <30,bull,2,40.1,27.0,67.7,70.8,Apollo Hosp.
GFS Basic,2020-08-26,2020-08-28,1692.43,1637.01,25,-1385.58,107.92,-1493.5,-3.53,RSI Stop <30,bull,2,43.1,22.7,80.5,60.9,Apollo Hosp.
GFS Basic,2020-10-23,2020-10-28,2143.8,2051.44,19,-1754.98,104.03,-1859.01,-4.56,RSI Stop <30,bull,5,43.7,29.8,73.2,66.4,Apollo Hosp.
GFS Basic,2020-11-03,2020-11-13,2122.08,2235.44,19,2153.85,107.17,2046.69,5.08,RSI Target 60,bull,10,37.7,64.1,70.9,63.3,Apollo Hosp.
GFS Basic,2020-12-28,2021-01-05,2422.4,2475.82,17,908.14,107.79,800.35,1.94,RSI Target 60,bull,8,44.1,68.4,69.1,69.1,Apollo Hosp.
GFS Basic,2021-03-05,2021-03-08,3043.05,2828.19,14,-3008.11,106.89,-3115.0,-7.31,RSI Stop <30,bull,3,38.3,29.0,73.9,76.7,Apollo Hosp.
GFS Basic,2021-03-10,2021-04-09,2890.62,3090.18,13,2594.29,101.53,2492.76,6.63,RSI Target 60,bull,30,35.0,64.0,75.7,71.0,Apollo Hosp.
GFS Basic,2021-05-14,2021-06-03,3234.25,3379.75,13,1891.46,110.73,1780.73,4.24,RSI Target 60,bull,20,44.7,75.5,57.5,88.7,Apollo Hosp.
GFS Basic,2021-09-14,2021-09-16,4739.36,4818.29,9,710.35,110.86,599.49,1.41,RSI Target 60,bull,2,43.7,60.4,79.0,93.9,Apollo Hosp.
GFS Basic,2021-09-21,2021-10-12,4894.06,4295.61,9,-5386.02,107.64,-5493.65,-12.47,RSI Stop <30,bull,21,44.1,29.2,63.7,82.7,Apollo Hosp.
GFS Basic,2021-10-19,2021-10-21,4396.46,4081.93,9,-2830.71,100.33,-2931.04,-7.41,RSI Stop <30,bull,2,40.6,24.5,62.6,82.7,Apollo Hosp.
GFS Basic,2023-07-31,2023-08-14,5322.33,4778.62,6,-3262.27,82.92,-3345.19,-10.48,RSI Stop <30,bull,14,44.1,27.2,58.0,70.7,Apollo Hosp.
GFS Basic,2023-08-25,2023-09-06,4953.9,4998.21,6,265.83,81.66,184.17,0.62,RSI Target 60,bull,12,41.9,62.0,57.2,69.4,Apollo Hosp.
GFS Basic,2023-12-13,2023-12-28,5517.04,5720.56,6,1221.16,90.16,1131.0,3.42,RSI Target 60,bull,15,43.5,65.4,64.8,66.0,Apollo Hosp.
GFS Basic,2024-02-29,2024-03-01,6596.57,6048.66,5,-2739.53,85.79,-2825.32,-8.57,RSI Stop <30,bull,1,38.2,28.8,65.9,70.1,Apollo Hosp.
GFS Basic,2024-03-20,2024-03-22,6094.81,6337.41,5,1212.99,84.31,1128.67,3.7,RSI Target 60,bull,2,40.7,65.5,67.1,70.1,Apollo Hosp.
GFS Basic,2024-04-18,2024-05-02,6315.59,5922.58,5,-1965.07,83.47,-2048.54,-6.49,RSI Stop <30,bull,14,40.4,29.6,53.7,67.8,Apollo Hosp.
GFS Basic,2024-10-03,2024-10-24,7218.5,6922.79,4,-1182.83,78.28,-1261.11,-4.37,RSI Target 60,bull,21,38.9,61.4,67.3,70.9,Apollo Hosp.
GFS Basic,2024-11-01,2024-11-07,7025.23,7391.37,4,1464.55,79.3,1385.25,4.93,RSI Target 60,bull,6,44.0,76.2,61.4,73.5,Apollo Hosp.
GFS Basic,2025-07-21,2025-07-31,7368.96,7474.75,4,423.13,81.28,341.85,1.16,RSI Target 60,bull,10,37.4,69.5,59.0,66.5,Apollo Hosp.
GFS Basic,2025-09-25,2025-09-29,7723.61,7430.41,4,-1172.79,82.78,-1255.57,-4.06,RSI Stop <30,bull,4,35.2,23.9,56.9,65.0,Apollo Hosp.
GFS Advanced,2010-04-12,2010-04-15,343.09,358.03,276,4122.54,230.03,3892.52,4.11,RSI Target 60,bull,3,43.6,69.7,60.9,81.5,Apollo Hosp.
GFS Advanced,2011-09-28,2011-09-29,496.42,484.59,198,-2342.69,231.33,-2574.01,-2.62,Price < 50 EMA,bull,1,44.1,43.3,62.3,71.5,Apollo Hosp.
GFS Advanced,2012-02-03,2012-02-10,575.38,589.44,167,2349.1,231.29,2117.81,2.2,RSI Target 60,bull,7,36.5,69.3,59.3,66.4,Apollo Hosp.
GFS Advanced,2024-11-05,2024-11-07,7065.09,7391.37,13,4241.61,223.83,4017.79,4.37,RSI Target 60,bull,2,38.9,76.2,61.4,73.5,Apollo Hosp.
GFS Basic,2006-08-30,2006-08-31,62.79,59.39,1513,-5132.32,221.11,-5353.43,-5.64,RSI Stop <30,bear,1,38.3,16.2,65.2,60.9,Tata Consumer
GFS Basic,2006-09-08,2006-09-11,61.37,56.22,1465,-7547.77,207.31,-7755.08,-8.63,RSI Stop <30,bear,3,35.9,26.9,62.3,60.9,Tata Consumer
GFS Basic,2006-09-20,2006-09-21,56.83,55.75,1452,-1577.02,197.08,-1774.1,-2.15,RSI Stop <30,bear,1,35.1,25.8,60.3,60.9,Tata Consumer
GFS Basic,2008-05-23,2008-06-04,73.19,59.01,1104,-15647.39,178.67,-15826.06,-19.59,RSI Stop <30,bull,12,42.0,27.9,58.9,63.9,Tata Consumer
GFS Basic,2009-09-17,2009-10-01,75.31,72.35,874,-2580.64,158.92,-2739.56,-4.16,RSI Stop <30,bull,14,36.5,22.5,83.6,62.2,Tata Consumer
GFS Basic,2009-10-23,2009-11-10,70.49,73.88,896,3037.21,158.83,2878.38,4.56,RSI Target 60,bull,18,35.5,61.6,62.1,60.3,Tata Consumer
GFS Basic,2010-06-07,2010-06-14,88.97,89.98,741,746.8,162.61,584.19,0.89,RSI Target 60,bull,7,41.3,61.0,68.1,84.6,Tata Consumer
GFS Basic,2010-07-15,2010-08-06,97.79,92.3,680,-3735.6,159.24,-3894.83,-5.86,RSI Stop <30,bull,22,41.1,25.6,61.9,79.4,Tata Consumer
GFS Basic,2010-09-22,2010-10-06,103.56,106.46,606,1758.47,156.61,1601.86,2.55,RSI Target 60,bull,14,44.3,64.6,59.4,76.5,Tata Consumer
GFS Basic,2010-10-28,2010-10-29,106.73,102.63,602,-2468.2,155.56,-2623.75,-4.08,RSI Stop <30,bull,1,40.0,27.0,55.6,76.5,Tata Consumer
GFS Basic,2010-11-09,2010-11-25,104.59,90.53,591,-8309.79,144.08,-8453.87,-13.68,RSI Stop <30,bull,16,42.3,26.3,55.9,74.2,Tata Consumer
GFS Basic,2012-05-03,2012-05-11,101.43,91.04,530,-5504.22,129.09,-5633.31,-10.48,RSI Stop <30,bull,8,43.3,28.5,33.9,60.7,Tata Consumer
GFS Basic,2012-08-29,2012-09-13,111.01,114.27,436,1421.4,124.37,1297.03,2.68,RSI Target 60,bull,15,43.3,63.5,77.2,63.6,Tata Consumer
GFS Basic,2012-09-20,2012-10-01,112.13,124.3,443,5394.58,131.3,5263.28,10.6,RSI Target 60,bull,11,42.4,65.5,77.5,64.5,Tata Consumer
GFS Basic,2012-10-30,2012-11-12,131.73,144.06,415,5116.35,142.12,4974.23,9.1,RSI Target 60,bull,13,42.9,63.6,76.4,71.6,Tata Consumer
GFS Basic,2012-12-07,2012-12-10,142.62,147.52,416,2035.38,149.29,1886.09,3.18,RSI Target 60,bull,3,44.9,65.4,73.9,78.5,Tata Consumer
GFS Basic,2012-12-20,2012-12-28,143.09,136.93,427,-2630.21,148.39,-2778.6,-4.55,RSI Stop <30,bull,8,44.8,29.5,68.1,78.5,Tata Consumer
GFS Basic,2013-01-02,2013-01-22,138.82,129.59,421,-3884.9,141.18,-4026.09,-6.89,RSI Stop <30,bull,20,37.6,13.7,43.7,74.2,Tata Consumer
GFS Basic,2017-05-18,2017-05-22,140.66,134.3,389,-2475.95,134.36,-2610.31,-4.77,RSI Stop <30,bull,4,40.7,28.4,57.6,76.9,Tata Consumer
GFS Basic,2017-08-01,2017-08-16,159.22,181.38,328,7267.64,138.92,7128.73,13.65,RSI Target 60,bull,15,38.2,67.4,64.0,77.9,Tata Consumer
GFS Basic,2017-09-27,2017-10-13,193.36,196.72,305,1025.48,147.45,878.03,1.49,RSI Target 60,bull,16,43.7,61.6,80.7,80.9,Tata Consumer
GFS Basic,2017-10-23,2017-10-27,194.76,206.31,307,3545.19,151.88,3393.32,5.68,RSI Target 60,bull,4,43.9,63.2,77.5,80.9,Tata Consumer
GFS Basic,2018-01-18,2018-02-01,296.9,269.8,212,-5745.91,149.25,-5895.16,-9.37,RSI Stop <30,bull,14,38.8,29.6,82.6,86.6,Tata Consumer
GFS Basic,2019-11-21,2019-11-28,294.22,304.24,195,1953.09,144.85,1808.24,3.15,RSI Target 60,bull,7,37.5,63.6,62.7,70.3,Tata Consumer
GFS Basic,2019-12-19,2020-01-09,311.95,313.64,189,319.95,146.68,173.27,0.29,RSI Target 60,bull,21,42.5,66.0,62.8,76.3,Tata Consumer
GFS Basic,2020-02-03,2020-02-06,369.47,374.26,160,765.7,147.49,618.21,1.05,RSI Target 60,bull,3,39.5,60.4,79.5,81.8,Tata Consumer
GFS Basic,2020-02-24,2020-02-26,367.85,349.06,163,-3063.08,145.4,-3208.48,-5.35,RSI Stop <30,bull,2,43.3,26.0,74.6,81.8,Tata Consumer
GFS Basic,2020-09-09,2020-09-23,528.14,474.58,107,-5730.72,134.97,-5865.69,-10.38,RSI Stop <30,bull,14,43.9,15.8,81.6,77.3,Tata Consumer
GFS Basic,2020-09-28,2020-10-08,492.81,469.48,104,-2426.29,126.71,-2553.0,-4.98,RSI Stop <30,bull,10,40.9,28.4,71.5,75.1,Tata Consumer
GFS Basic,2020-10-12,2020-11-02,474.57,474.77,103,20.48,123.98,-103.5,-0.21,RSI Target 60,bull,21,36.1,62.7,64.6,72.6,Tata Consumer
GFS Basic,2021-01-18,2021-01-29,590.51,538.28,82,-4282.54,118.5,-4401.04,-9.09,RSI Stop <30,bull,11,43.7,28.7,72.6,75.8,Tata Consumer
GFS Basic,2021-02-04,2021-02-12,575.59,584.15,77,659.09,114.51,544.58,1.23,RSI Target 60,bull,8,39.9,61.9,74.8,71.4,Tata Consumer
GFS Basic,2021-03-08,2021-03-31,619.38,614.34,72,-363.04,114.06,-477.1,-1.07,RSI Target 60,bull,23,43.9,61.0,62.8,72.5,Tata Consumer
GFS Basic,2021-05-05,2021-05-28,660.58,629.78,67,-2063.95,111.55,-2175.5,-4.92,RSI Target 60,bull,23,43.7,65.9,59.1,78.7,Tata Consumer
GFS Basic,2021-07-29,2021-08-13,745.39,780.86,57,2021.89,111.84,1910.04,4.5,RSI Target 60,bull,15,43.2,60.7,90.3,86.2,Tata Consumer
GFS Basic,2021-09-22,2021-09-24,836.82,809.19,53,-1464.08,112.38,-1576.46,-3.55,RSI Stop <30,bull,2,40.0,28.9,72.2,88.1,Tata Consumer
GFS Basic,2022-05-05,2022-05-12,805.4,713.74,53,-4858.02,105.16,-4963.18,-11.63,RSI Stop <30,bear,7,42.0,28.7,55.8,70.9,Tata Consumer
GFS Basic,2023-08-03,2023-09-06,843.32,866.03,45,1021.82,100.73,921.09,2.43,RSI Target 60,bull,34,43.3,66.4,62.2,63.9,Tata Consumer
GFS Basic,2024-02-12,2024-02-20,1133.7,1137.49,34,128.98,101.13,27.85,0.07,RSI Target 60,bull,8,39.9,61.2,82.6,76.7,Tata Consumer
GFS Basic,2024-03-19,2024-03-28,1201.02,1080.14,32,-3867.89,96.73,-3964.62,-10.32,RSI Stop <30,bull,9,43.7,29.6,64.9,86.0,Tata Consumer
GFS Basic,2024-08-13,2024-09-04,1176.22,1185.57,30,280.23,94.04,186.19,0.53,RSI Target 60,bull,22,38.1,60.4,65.2,75.9,Tata Consumer
GFS Advanced,2009-09-23,2009-10-01,75.02,72.35,1266,-3373.98,222.88,-3596.86,-3.79,RSI Stop <30,bull,8,39.6,22.5,83.6,62.2,Tata Consumer
GFS Advanced,2010-07-29,2010-08-06,97.63,92.3,938,-5000.92,213.65,-5214.58,-5.69,RSI Stop <30,bull,8,38.1,25.6,61.9,79.4,Tata Consumer
GFS Advanced,2012-12-07,2012-12-10,142.62,147.52,607,2969.89,210.79,2759.1,3.19,RSI Target 60,bull,3,44.9,65.4,73.9,78.5,Tata Consumer
GFS Advanced,2013-01-02,2013-01-11,138.82,135.4,642,-2198.52,211.1,-2409.62,-2.7,Price < 50 EMA,bull,9,37.6,44.3,55.9,74.2,Tata Consumer
GFS Advanced,2019-12-19,2020-01-09,311.95,313.64,278,470.62,208.53,262.08,0.3,RSI Target 60,bull,21,42.5,66.0,62.8,76.3,Tata Consumer
GFS Basic,2006-04-25,2006-05-18,139.93,116.58,678,-15830.36,209.75,-16040.11,-16.91,RSI Stop <30,bull,23,39.4,28.9,59.7,84.1,Britannia
GFS Basic,2007-08-02,2007-08-03,131.06,126.25,608,-2922.38,189.38,-3111.76,-3.91,RSI Stop <30,bull,1,37.8,27.8,69.8,62.4,Britannia
GFS Basic,2007-08-14,2007-08-21,139.59,122.32,550,-9500.05,176.1,-9676.15,-12.6,RSI Stop <30,bull,7,38.1,28.0,55.4,62.4,Britannia
GFS Basic,2008-01-23,2008-01-31,118.22,113.13,571,-2903.3,162.33,-3065.63,-4.54,RSI Stop <30,bear,8,37.3,21.2,59.0,65.9,Britannia
GFS Basic,2009-06-08,2009-06-16,131.14,128.2,493,-1450.48,157.5,-1607.97,-2.49,RSI Stop <30,bull,8,42.5,26.8,72.9,65.5,Britannia
GFS Basic,2009-06-17,2009-07-20,128.71,134.71,490,2938.36,158.53,2779.83,4.41,RSI Target 60,bull,33,38.0,62.0,67.8,60.9,Britannia
GFS Basic,2009-08-14,2009-08-20,137.43,133.87,478,-1700.48,159.55,-1860.03,-2.83,RSI Stop <30,bull,6,37.1,24.0,63.2,65.7,Britannia
GFS Basic,2010-03-10,2010-03-23,135.4,127.79,473,-3597.22,153.92,-3751.14,-5.86,RSI Stop <30,bear,13,44.5,18.3,44.2,61.7,Britannia
GFS Basic,2010-08-23,2010-08-25,169.21,165.59,357,-1291.42,148.24,-1439.66,-2.38,RSI Stop <30,bull,2,43.4,19.8,73.2,60.2,Britannia
GFS Basic,2010-08-30,2010-09-06,167.89,171.33,352,1211.24,147.91,1063.32,1.8,RSI Target 60,bull,7,44.8,66.0,70.3,65.2,Britannia
GFS Basic,2010-10-04,2010-10-07,182.87,181.51,328,-444.61,148.16,-592.78,-0.99,RSI Target 60,bull,3,36.4,63.3,62.0,62.0,Britannia
GFS Basic,2011-07-27,2011-08-30,201.77,203.99,295,654.21,148.28,505.92,0.85,RSI Target 60,bull,34,43.0,61.0,77.5,69.7,Britannia
GFS Basic,2011-09-16,2011-09-21,197.91,193.31,303,-1393.31,147.15,-1540.46,-2.57,RSI Stop <30,bull,5,44.0,29.4,60.2,67.9,Britannia
GFS Basic,2012-05-10,2012-05-15,228.81,221.28,256,-1927.23,143.5,-2070.73,-3.54,RSI Stop <30,bull,5,38.8,27.3,65.8,80.3,Britannia
GFS Basic,2013-06-19,2013-06-20,290.81,284.31,194,-1261.77,139.4,-1401.17,-2.48,RSI Stop <30,bull,1,39.6,29.9,76.4,65.2,Britannia
GFS Basic,2013-06-21,2013-06-26,287.84,274.62,192,-2538.88,135.51,-2674.39,-4.84,RSI Stop <30,bull,5,35.5,18.2,70.2,65.2,Britannia
GFS Basic,2013-06-28,2013-07-12,282.07,287.49,186,1008.57,132.97,875.6,1.67,RSI Target 60,bull,14,40.7,64.5,77.2,62.6,Britannia
GFS Basic,2013-08-27,2013-09-10,309.77,317.0,172,1242.28,135.02,1107.26,2.08,RSI Target 60,bull,14,39.8,62.6,53.2,70.1,Britannia
GFS Basic,2013-11-13,2013-12-26,407.23,389.57,134,-2366.48,134.15,-2500.63,-4.58,RSI Target 60,bull,43,42.3,60.4,75.0,80.5,Britannia
GFS Basic,2014-07-18,2014-07-23,426.18,453.84,122,3374.77,134.37,3240.4,6.23,RSI Target 60,bull,5,44.7,62.3,69.6,76.3,Britannia
GFS Basic,2014-10-14,2014-10-16,591.18,574.79,93,-1524.79,135.93,-1660.72,-3.02,RSI Stop <30,bull,2,38.7,29.0,77.1,85.4,Britannia
GFS Basic,2014-10-17,2014-10-27,588.25,625.0,91,3344.51,137.75,3206.75,5.99,RSI Target 60,bull,10,35.1,60.5,83.0,85.4,Britannia
GFS Basic,2014-12-24,2015-01-06,791.02,817.11,71,1852.11,142.06,1710.05,3.04,RSI Target 60,bull,13,40.4,67.0,78.0,88.0,Britannia
GFS Basic,2015-02-02,2015-02-12,832.31,854.28,70,1537.43,146.4,1391.03,2.39,RSI Target 60,bull,10,38.0,62.5,75.0,93.1,Britannia
GFS Basic,2015-03-27,2015-04-07,960.53,980.89,62,1262.25,148.98,1113.27,1.87,RSI Target 60,bull,11,44.7,63.4,79.3,96.8,Britannia
GFS Basic,2015-04-21,2015-05-12,1012.68,986.66,60,-1561.31,148.74,-1710.04,-2.81,RSI Target 60,bull,21,41.1,65.0,68.8,96.8,Britannia
GFS Basic,2015-09-23,2015-09-30,1324.46,1345.62,44,931.11,145.8,785.31,1.35,RSI Target 60,bull,7,42.4,68.4,58.1,90.6,Britannia
GFS Basic,2015-10-27,2015-11-09,1420.39,1329.27,42,-3827.05,143.94,-3970.99,-6.66,RSI Stop <30,bull,13,43.2,14.8,49.0,90.8,Britannia
GFS Basic,2016-05-23,2016-06-21,1326.45,1119.83,42,-8677.96,130.14,-8808.11,-15.81,RSI Stop <30,bear,29,37.2,21.4,41.0,60.6,Britannia
GFS Basic,2016-09-22,2016-10-25,1516.2,1448.88,31,-2086.69,117.62,-2204.31,-4.69,RSI Stop <30,bull,33,44.7,20.1,72.2,54.7,Britannia
GFS Basic,2017-06-02,2017-06-15,1589.26,1567.35,28,-613.24,113.59,-726.83,-1.63,RSI Target 60,bull,13,39.4,67.1,70.1,67.2,Britannia
GFS Basic,2017-09-06,2017-09-12,1890.84,1909.0,23,417.76,112.41,305.35,0.7,RSI Target 60,bull,6,43.4,66.3,85.9,76.6,Britannia
GFS Basic,2017-10-09,2017-10-12,1934.28,2009.49,23,1729.73,115.99,1613.74,3.63,RSI Target 60,bull,3,42.4,75.3,86.8,75.9,Britannia
GFS Basic,2017-11-30,2017-12-07,2138.36,2188.79,21,1059.23,116.22,943.0,2.1,RSI Target 60,bull,7,42.9,70.9,77.2,78.2,Britannia
GFS Basic,2017-12-15,2017-12-28,2145.64,2063.26,22,-1812.35,118.35,-1930.71,-4.09,RSI Stop <30,bull,13,41.6,19.8,66.4,78.2,Britannia
GFS Basic,2018-01-03,2018-02-16,2099.05,2114.51,21,324.59,113.63,210.96,0.48,RSI Target 60,bull,44,36.3,62.0,45.5,84.7,Britannia
GFS Basic,2018-08-03,2018-08-17,2910.05,2943.05,15,495.05,112.85,382.2,0.88,RSI Target 60,bull,14,42.6,61.8,81.1,95.4,Britannia
GFS Basic,2018-09-05,2018-09-10,2936.55,2705.16,15,-3470.86,109.62,-3580.48,-8.13,RSI Stop <30,bull,5,40.2,23.1,59.9,95.4,Britannia
GFS Basic,2019-02-11,2019-02-14,2852.73,2596.49,15,-3843.49,106.44,-3949.93,-9.23,RSI Stop <30,sideways,3,45.0,24.8,64.8,68.5,Britannia
GFS Basic,2020-08-28,2020-10-12,3558.25,3442.29,11,-1275.59,100.99,-1376.58,-3.52,RSI Target 60,bull,45,41.8,61.0,63.0,73.3,Britannia
GFS Basic,2021-09-23,2021-09-30,3867.67,3716.92,9,-1356.72,91.28,-1448.01,-4.16,RSI Stop <30,bull,7,42.7,25.6,68.8,56.2,Britannia
GFS Basic,2023-01-02,2023-01-04,4193.11,4054.92,8,-1105.52,88.73,-1194.25,-3.56,RSI Stop <30,bull,2,37.3,27.6,76.0,63.6,Britannia
GFS Basic,2023-01-05,2023-01-23,4098.27,4153.4,8,440.99,88.65,352.34,1.07,RSI Target 60,bull,18,38.5,60.9,77.2,63.6,Britannia
GFS Basic,2023-02-22,2023-02-23,4339.65,4262.21,8,-619.53,91.84,-711.38,-2.05,RSI Stop <30,bull,1,39.1,27.0,71.2,67.2,Britannia
GFS Basic,2023-02-28,2023-03-01,4284.21,4193.56,8,-725.17,90.75,-815.92,-2.38,RSI Stop <30,bull,1,36.4,25.6,65.2,68.3,Britannia
GFS Basic,2023-07-27,2023-07-31,4869.42,4668.8,7,-1404.34,89.63,-1493.97,-4.38,RSI Stop <30,bull,4,35.5,28.9,70.0,72.7,Britannia
GFS Basic,2024-01-16,2024-01-18,5096.62,4884.23,6,-1274.33,81.97,-1356.3,-4.44,RSI Stop <30,bull,2,44.1,27.5,72.2,74.4,Britannia
GFS Basic,2024-01-19,2024-03-05,4950.34,4699.67,6,-1503.97,79.78,-1583.75,-5.33,RSI Stop <30,bull,46,39.0,28.9,61.0,61.8,Britannia
GFS Basic,2024-03-06,2024-04-18,4745.13,4572.44,6,-1036.15,77.53,-1113.68,-3.91,RSI Stop <30,bull,43,42.0,12.1,19.3,60.6,Britannia
GFS Basic,2024-06-26,2024-07-05,5235.05,5402.0,5,834.76,74.37,760.39,2.9,RSI Target 60,bull,9,43.9,63.2,69.6,63.6,Britannia
GFS Basic,2024-08-02,2024-08-22,5693.14,5758.42,5,326.4,78.93,247.47,0.87,RSI Target 60,bull,20,43.6,64.2,75.2,65.7,Britannia
GFS Basic,2024-08-27,2024-09-02,5787.09,5842.62,5,277.65,79.92,197.73,0.68,RSI Target 60,bull,6,40.9,74.3,74.4,63.5,Britannia
GFS Basic,2024-10-10,2024-10-21,6108.05,5700.7,4,-1629.37,67.94,-1697.32,-6.95,RSI Stop <30,bull,11,43.3,26.0,56.7,72.4,Britannia
GFS Basic,2025-07-18,2025-07-25,5787.09,5518.88,4,-1072.85,65.67,-1138.51,-4.92,RSI Stop <30,bull,7,40.8,23.6,57.3,60.6,Britannia
GFS Advanced,2009-08-14,2009-08-18,137.43,135.13,691,-1590.93,224.71,-1815.64,-1.91,Price < 50 EMA,bull,4,37.1,32.6,63.2,65.7,Britannia
GFS Advanced,2011-08-09,2011-08-30,198.75,203.99,469,2459.8,225.01,2234.79,2.4,RSI Target 60,bull,21,43.5,61.0,77.5,69.7,Britannia
GFS Advanced,2013-06-28,2013-07-12,282.07,287.49,338,1832.78,229.09,1603.69,1.68,RSI Target 60,bull,14,40.7,64.5,77.2,62.6,Britannia
GFS Advanced,2013-11-26,2013-12-26,380.42,389.57,254,2323.51,232.46,2091.05,2.16,RSI Target 60,bull,30,37.6,60.4,75.0,80.5,Britannia
GFS Advanced,2015-02-06,2015-02-12,828.62,854.28,119,3053.26,237.61,2815.64,2.86,RSI Target 60,bull,6,38.9,62.5,75.0,93.1,Britannia
GFS Advanced,2017-06-05,2017-06-15,1613.02,1567.35,62,-2831.4,234.63,-3066.03,-3.07,RSI Target 60,bull,10,42.7,67.1,70.1,67.2,Britannia
GFS Advanced,2017-11-30,2017-12-07,2138.36,2188.79,46,2320.21,236.32,2083.89,2.12,RSI Target 60,bull,7,42.9,70.9,77.2,78.2,Britannia
GFS Advanced,2020-09-11,2020-09-21,3477.13,3348.01,28,-3615.33,227.94,-3843.27,-3.95,Price < 50 EMA,bull,10,43.4,38.6,76.4,69.1,Britannia
GFS Advanced,2023-01-05,2023-01-23,4098.27,4153.4,23,1267.84,226.11,1041.73,1.11,RSI Target 60,bull,18,38.5,60.9,77.2,63.6,Britannia
GFS Advanced,2024-01-24,2024-02-06,5059.42,4876.34,19,-3478.61,225.34,-3703.95,-3.85,Price < 50 EMA,bull,13,44.1,39.6,74.5,65.6,Britannia
GFS Advanced,2024-08-02,2024-08-22,5693.14,5758.42,16,1044.47,218.83,825.64,0.91,RSI Target 60,bull,20,43.6,64.2,75.2,65.7,Britannia
GFS Basic,2006-05-12,2006-05-18,305.84,252.91,310,-16406.94,209.02,-16615.96,-17.53,RSI Stop <30,bull,6,37.9,26.9,76.3,76.2,Grasim
GFS Basic,2006-11-17,2006-11-24,357.53,344.89,221,-2793.5,188.02,-2981.52,-3.77,RSI Stop <30,bull,7,41.3,28.3,77.3,74.4,Grasim
GFS Basic,2006-11-28,2006-11-29,348.52,360.05,219,2523.29,187.56,2335.73,3.06,RSI Target 60,bull,1,42.2,65.8,77.3,74.4,Grasim
GFS Basic,2006-12-13,2007-01-03,350.85,365.98,224,3389.16,193.49,3195.68,4.07,RSI Target 60,bull,21,43.9,82.0,69.1,79.9,Grasim
GFS Basic,2007-08-09,2007-09-04,394.02,396.52,207,517.57,197.11,320.46,0.39,RSI Target 60,bull,26,44.3,62.7,66.7,72.2,Grasim
GFS Basic,2007-10-31,2007-11-30,508.98,499.13,160,-1575.57,194.67,-1770.24,-2.17,RSI Target 60,bull,30,44.2,64.0,72.1,74.8,Grasim
GFS Basic,2007-12-06,2007-12-20,506.48,465.12,158,-6533.57,186.39,-6719.96,-8.4,RSI Stop <30,bull,14,39.7,29.1,62.8,74.8,Grasim
GFS Basic,2009-09-02,2009-09-07,369.15,369.17,200,5.17,179.4,-174.23,-0.24,RSI Target 60,bull,5,43.8,62.6,68.0,64.3,Grasim
GFS Basic,2009-10-05,2009-10-09,382.23,326.46,192,-10707.28,167.32,-10874.6,-14.82,RSI Stop <30,bull,4,37.3,29.4,50.8,65.3,Grasim
GFS Basic,2010-02-03,2010-02-05,369.97,350.66,171,-3301.25,152.5,-3453.75,-5.46,RSI Stop <30,bull,2,36.0,27.9,69.7,78.1,Grasim
GFS Basic,2010-03-31,2010-04-30,392.72,371.53,153,-3242.6,145.5,-3388.1,-5.64,RSI Stop <30,bull,30,44.5,20.1,56.7,74.1,Grasim
GFS Basic,2011-10-21,2011-10-25,331.74,345.26,171,2311.67,143.79,2167.88,3.82,RSI Target 60,sideways,4,43.9,64.6,62.1,69.2,Grasim
GFS Basic,2011-11-18,2011-11-21,341.31,319.9,172,-3681.58,141.97,-3823.56,-6.51,RSI Stop <30,bull,3,36.8,16.1,63.6,67.4,Grasim
GFS Basic,2012-02-27,2012-03-05,391.99,379.99,141,-1691.89,136.4,-1828.29,-3.31,RSI Stop <30,bull,7,36.0,29.4,70.9,63.9,Grasim
GFS Basic,2012-03-09,2012-04-02,377.92,368.33,141,-1351.87,132.35,-1484.21,-2.79,RSI Stop <30,bull,24,36.1,23.8,59.5,60.8,Grasim
GFS Basic,2012-04-13,2012-04-19,365.67,375.17,142,1348.78,132.12,1216.65,2.34,RSI Target 60,bull,6,40.7,63.9,63.5,60.8,Grasim
GFS Basic,2012-04-23,2012-05-04,375.52,340.01,141,-5007.46,127.81,-5135.27,-9.7,RSI Stop <30,bull,11,43.9,25.4,41.3,59.5,Grasim
GFS Basic,2012-09-05,2012-09-14,423.35,441.67,114,2088.95,124.75,1964.21,4.07,RSI Target 60,bull,9,37.2,61.9,92.7,71.7,Grasim
GFS Basic,2012-11-05,2012-11-16,481.04,451.42,104,-3080.51,123.32,-3203.83,-6.4,RSI Stop <30,bull,11,44.8,28.5,64.1,74.7,Grasim
GFS Basic,2012-11-21,2012-12-27,451.44,446.04,104,-561.5,119.08,-680.58,-1.45,RSI Stop <30,bull,36,35.0,29.1,54.9,73.2,Grasim
GFS Basic,2015-02-19,2015-02-26,562.57,520.47,82,-3451.73,114.27,-3566.0,-7.73,RSI Stop <30,bull,7,39.4,27.7,58.1,70.9,Grasim
GFS Basic,2015-03-20,2015-03-23,539.95,525.08,80,-1189.46,110.09,-1299.56,-3.01,RSI Stop <30,bull,3,41.9,18.6,61.0,67.2,Grasim
GFS Basic,2015-08-13,2015-08-24,544.18,499.69,77,-3425.29,104.9,-3530.19,-8.42,RSI Stop <30,sideways,11,42.0,28.3,53.5,61.7,Grasim
GFS Basic,2016-06-17,2016-06-28,629.7,649.46,61,1205.48,101.94,1103.54,2.87,RSI Target 60,bull,11,44.7,64.7,81.2,64.6,Grasim
GFS Basic,2016-08-11,2016-08-26,758.15,660.3,52,-5087.78,97.67,-5185.45,-13.15,RSI Stop <30,bull,15,36.7,21.1,57.1,70.9,Grasim
GFS Basic,2017-03-10,2017-03-20,743.71,778.55,46,1602.34,93.02,1509.32,4.41,RSI Target 60,bull,10,39.5,60.9,70.3,67.1,Grasim
GFS Basic,2017-04-13,2017-04-20,802.1,840.83,45,1742.95,97.35,1645.6,4.56,RSI Target 60,bull,7,38.8,68.1,79.8,76.8,Grasim
GFS Basic,2017-05-18,2017-05-24,862.43,804.49,43,-2491.68,95.16,-2586.84,-6.98,RSI Stop <30,bull,6,44.0,17.6,64.9,81.2,Grasim
GFS Basic,2017-06-06,2017-06-27,857.85,891.58,41,1382.93,94.93,1288.01,3.66,RSI Target 60,bull,21,41.0,72.8,65.5,78.4,Grasim
GFS Basic,2017-09-25,2017-09-27,1136.66,1062.06,32,-2387.14,93.69,-2480.83,-6.82,RSI Stop <30,bull,2,42.4,29.1,77.4,83.7,Grasim
GFS Basic,2017-10-13,2017-10-18,1102.18,1089.72,30,-373.74,88.43,-462.17,-1.4,RSI Target 60,bull,5,41.2,61.1,67.1,76.4,Grasim
GFS Basic,2017-11-20,2017-11-22,1135.85,1134.91,29,-27.4,88.51,-115.91,-0.35,RSI Stop <30,bull,2,41.4,28.7,60.4,82.6,Grasim
GFS Basic,2021-04-12,2021-04-20,1427.85,1254.16,23,-3994.94,84.18,-4079.12,-12.42,RSI Stop <30,bull,8,42.6,29.8,74.8,76.5,Grasim
GFS Basic,2021-04-29,2021-05-06,1310.9,1405.6,22,2083.41,81.58,2001.83,6.94,RSI Target 60,bull,7,35.9,68.6,73.6,79.1,Grasim
GFS Basic,2021-08-06,2021-08-23,1509.14,1406.99,20,-2042.95,80.29,-2123.24,-7.03,RSI Stop <30,bull,17,41.3,17.3,67.3,95.4,Grasim
GFS Basic,2021-08-27,2021-09-07,1427.07,1518.13,20,1821.22,80.65,1740.58,6.1,RSI Target 60,bull,11,35.2,63.8,57.8,91.6,Grasim
GFS Basic,2021-11-26,2021-11-29,1733.31,1644.61,18,-1596.63,83.01,-1679.65,-5.38,RSI Stop <30,bull,3,35.6,22.6,61.6,92.7,Grasim
GFS Basic,2021-12-08,2021-12-30,1659.01,1556.42,17,-1744.09,76.2,-1820.29,-6.45,RSI Stop <30,bull,22,39.6,24.6,52.4,87.8,Grasim
GFS Basic,2023-10-05,2023-10-12,1889.23,1978.05,14,1243.51,75.4,1168.11,4.42,RSI Target 60,bull,7,42.6,63.8,68.5,72.6,Grasim
GFS Basic,2023-10-26,2023-11-01,1899.17,1846.38,15,-791.81,77.82,-869.63,-3.05,RSI Stop <30,bull,6,43.9,29.4,55.0,63.6,Grasim
GFS Basic,2024-01-04,2024-01-12,2096.94,2094.79,13,-27.94,75.89,-103.83,-0.38,RSI Target 60,bull,8,44.9,65.1,63.8,71.2,Grasim
GFS Basic,2024-01-17,2024-01-30,2105.08,2109.28,13,54.54,76.21,-21.67,-0.08,RSI Target 60,bull,13,35.7,61.8,59.8,71.2,Grasim
GFS Basic,2024-03-13,2024-04-03,2231.35,2287.16,12,669.67,75.53,594.14,2.22,RSI Target 60,bull,21,41.4,68.4,68.6,87.6,Grasim
GFS Basic,2024-05-24,2024-06-20,2444.81,2478.97,11,375.8,75.49,300.31,1.12,RSI Target 60,bull,27,43.1,65.4,64.1,81.7,Grasim
GFS Basic,2024-09-11,2024-10-01,2706.66,2789.6,10,829.4,76.34,753.06,2.78,RSI Target 60,bull,20,38.4,62.4,61.9,82.3,Grasim
GFS Basic,2025-05-23,2025-05-30,2693.85,2535.3,11,-1744.02,79.38,-1823.4,-6.15,RSI Stop <30,bull,7,41.2,27.1,54.8,63.9,Grasim
GFS Advanced,2006-11-28,2006-11-29,348.52,360.05,272,3133.95,229.24,2904.71,3.06,RSI Target 60,bull,1,42.2,65.8,77.3,74.4,Grasim
GFS Advanced,2007-12-06,2007-12-10,506.48,473.46,193,-6372.34,225.95,-6598.29,-6.75,Price < 50 EMA,bull,4,39.7,38.6,65.1,74.8,Grasim
GFS Advanced,2012-03-09,2012-03-26,377.92,371.18,242,-1629.47,216.88,-1846.34,-2.02,Price < 50 EMA,bull,17,36.1,42.9,67.6,63.9,Grasim
GFS Advanced,2012-11-07,2012-11-15,483.18,458.8,185,-4511.0,209.3,-4720.3,-5.28,Price < 50 EMA,bull,8,42.8,30.5,86.5,74.7,Grasim
GFS Advanced,2016-06-17,2016-06-28,629.7,649.46,135,2667.87,207.0,2460.87,2.89,RSI Target 60,bull,11,44.7,64.7,81.2,64.6,Grasim
GFS Advanced,2017-11-20,2017-11-21,1135.85,1110.63,77,-1942.42,207.67,-2150.1,-2.46,Price < 50 EMA,bull,1,41.4,34.5,60.4,82.6,Grasim
GFS Advanced,2021-04-30,2021-05-06,1330.82,1405.6,64,4785.89,209.56,4576.33,5.37,RSI Target 60,bull,6,43.4,68.6,73.6,79.1,Grasim
GFS Basic,2006-05-18,2006-05-22,169.65,133.29,559,-20325.09,205.01,-20530.1,-21.65,RSI Stop <30,bull,4,40.1,24.1,57.8,69.5,Hindalco
GFS Basic,2006-11-09,2006-11-17,147.6,133.92,511,-6987.39,175.7,-7163.09,-9.5,RSI Stop <30,bull,8,42.4,26.9,55.9,61.6,Hindalco
GFS Basic,2006-11-24,2006-12-07,136.4,140.51,503,2070.88,169.94,1900.94,2.77,RSI Target 60,bull,13,35.4,63.0,49.4,57.3,Hindalco
GFS Basic,2010-11-24,2010-12-07,188.86,200.71,373,4418.77,176.45,4242.32,6.02,RSI Target 60,bull,13,45.0,60.6,72.8,69.6,Hindalco
GFS Basic,2011-01-10,2011-02-23,222.74,187.96,334,-11616.51,168.62,-11785.13,-15.84,RSI Stop <30,bull,44,41.2,22.0,45.3,69.7,Hindalco
GFS Basic,2014-05-14,2014-05-19,137.91,139.84,459,886.54,156.91,729.62,1.15,RSI Target 60,bull,5,44.6,61.1,67.2,64.7,Hindalco
GFS Basic,2014-06-26,2014-07-01,154.66,161.17,413,2689.93,160.06,2529.86,3.96,RSI Target 60,bull,5,44.6,63.0,69.7,74.0,Hindalco
GFS Basic,2014-08-13,2014-08-25,172.89,151.61,384,-8171.37,154.4,-8325.76,-12.54,RSI Stop <30,bull,12,38.2,26.5,69.0,77.5,Hindalco
GFS Basic,2016-09-14,2016-10-03,142.29,145.45,411,1299.34,146.64,1152.7,1.97,RSI Target 60,bull,19,38.0,65.8,72.2,64.4,Hindalco
GFS Basic,2016-10-25,2016-11-03,144.7,153.67,411,3684.19,151.31,3532.88,5.94,RSI Target 60,bull,9,43.9,61.2,59.9,73.7,Hindalco
GFS Basic,2016-12-14,2016-12-23,172.58,150.36,364,-8085.34,146.55,-8231.89,-13.1,RSI Stop <30,bull,9,43.2,28.0,56.9,81.3,Hindalco
GFS Basic,2017-03-24,2017-05-26,184.43,187.27,299,848.0,138.76,709.24,1.29,RSI Target 60,bull,63,44.8,64.1,57.9,82.6,Hindalco
GFS Basic,2017-09-22,2017-09-27,233.3,221.55,239,-2809.16,136.33,-2945.49,-5.28,RSI Stop <30,bull,5,35.5,27.1,69.2,78.2,Hindalco
GFS Basic,2017-09-28,2017-10-12,223.24,250.75,237,6520.27,139.66,6380.61,12.06,RSI Target 60,bull,14,36.1,65.8,78.5,77.5,Hindalco
GFS Basic,2017-11-07,2017-11-24,260.64,238.61,226,-4976.89,141.07,-5117.97,-8.69,RSI Stop <30,bull,17,40.8,25.1,60.8,77.6,Hindalco
GFS Basic,2021-03-18,2021-03-24,322.06,306.5,168,-2614.48,132.86,-2747.34,-5.08,RSI Stop <30,bull,6,39.4,26.9,70.7,64.9,Hindalco
GFS Basic,2021-03-26,2021-04-05,308.88,338.23,167,4901.84,135.04,4766.8,9.24,RSI Target 60,bull,10,43.7,61.5,74.3,67.0,Hindalco
GFS Basic,2021-05-28,2021-06-03,375.07,385.06,149,1489.16,141.06,1348.1,2.41,RSI Target 60,bull,6,44.9,61.1,70.2,89.2,Hindalco
GFS Basic,2021-06-07,2021-06-21,386.22,354.58,148,-4682.51,137.5,-4820.02,-8.43,RSI Stop <30,bull,14,44.0,28.7,61.1,89.2,Hindalco
GFS Basic,2021-06-29,2021-07-07,371.69,379.71,142,1138.89,133.8,1005.09,1.9,RSI Target 60,bull,8,43.2,68.0,63.7,82.8,Hindalco
GFS Basic,2021-09-21,2021-09-29,451.12,479.95,119,3431.08,138.18,3292.89,6.13,RSI Target 60,bull,8,42.6,63.6,75.1,86.0,Hindalco
GFS Basic,2021-10-25,2021-11-08,478.34,456.3,119,-2622.77,139.11,-2761.88,-4.85,RSI Stop <30,bull,14,41.0,27.3,56.2,80.1,Hindalco
GFS Basic,2022-03-31,2022-04-12,604.73,526.76,89,-6938.91,127.75,-7066.65,-13.13,RSI Stop <30,bull,12,42.9,29.6,68.1,80.0,Hindalco
GFS Basic,2023-09-25,2023-11-13,475.8,480.95,100,514.79,121.6,393.18,0.83,RSI Target 60,bull,49,39.0,78.3,57.1,53.0,Hindalco
GFS Basic,2024-01-24,2024-02-08,554.81,593.22,86,3303.69,124.79,3178.9,6.66,RSI Target 60,bull,15,37.1,69.3,76.2,63.8,Hindalco
GFS Basic,2024-02-13,2024-02-20,594.31,504.73,85,-7614.51,119.7,-7734.21,-15.31,RSI Stop <30,bull,7,41.0,27.5,55.7,63.8,Hindalco
GFS Basic,2024-06-19,2024-06-25,679.44,676.29,64,-201.32,111.76,-313.07,-0.72,RSI Target 60,bull,6,37.8,64.1,85.0,72.6,Hindalco
GFS Basic,2024-06-26,2024-07-02,687.34,685.42,63,-120.97,111.44,-232.41,-0.54,RSI Target 60,bull,6,39.0,61.7,84.5,71.4,Hindalco
GFS Basic,2024-07-22,2024-08-05,677.17,606.05,63,-4480.42,105.5,-4585.92,-10.75,RSI Stop <30,bull,14,41.5,25.1,49.6,72.1,Hindalco
GFS Basic,2024-10-21,2024-10-31,751.32,680.71,51,-3600.78,96.75,-3697.53,-9.65,RSI Stop <30,bull,10,43.8,28.7,53.0,66.3,Hindalco
GFS Basic,2025-11-14,2025-11-19,816.91,790.55,43,-1133.21,92.22,-1225.43,-3.49,RSI Stop <30,bull,5,43.2,26.7,72.5,62.5,Hindalco
GFS Basic,2025-11-25,2025-12-08,788.49,819.04,43,1313.49,92.04,1221.45,3.6,RSI Target 60,bull,13,36.3,60.0,68.0,54.9,Hindalco
GFS Basic,2026-02-13,2026-02-18,967.03,898.8,36,-2456.38,90.15,-2546.54,-7.31,RSI Stop <30,bull,5,43.6,27.6,68.1,74.0,Hindalco
GFS Basic,2026-02-19,2026-03-06,907.45,958.42,36,1834.81,89.83,1744.98,5.34,RSI Target 60,bull,15,37.3,62.7,72.8,75.9,Hindalco
GFS Advanced,2011-01-11,2011-01-17,207.86,198.98,457,-4058.27,222.22,-4280.49,-4.51,Price < 50 EMA,bull,6,44.6,41.8,56.9,77.0,Hindalco
GFS Advanced,2016-09-14,2016-10-03,142.29,145.45,639,2020.14,219.48,1800.66,1.98,RSI Target 60,bull,19,38.0,65.8,72.2,64.4,Hindalco
GFS Advanced,2017-09-28,2017-10-12,223.24,250.75,414,11389.84,232.51,11157.33,12.07,RSI Target 60,bull,14,36.1,65.8,78.5,77.5,Hindalco
GFS Advanced,2021-03-18,2021-03-24,322.06,306.5,320,-4979.96,239.19,-5219.15,-5.06,RSI Stop <30,bull,6,39.4,26.9,70.7,64.9,Hindalco
GFS Advanced,2021-09-21,2021-09-29,451.12,479.95,217,6256.67,239.35,6017.32,6.15,RSI Target 60,bull,8,42.6,63.6,75.1,86.0,Hindalco
GFS Advanced,2024-01-24,2024-02-08,554.81,593.22,187,7183.6,253.32,6930.27,6.68,RSI Target 60,bull,15,37.1,69.3,76.2,63.8,Hindalco
GFS Advanced,2024-07-31,2024-08-02,656.72,639.35,168,-2919.62,257.48,-3177.1,-2.88,Price < 50 EMA,bull,2,40.5,35.0,49.6,72.1,Hindalco
GFS Basic,2008-01-10,2008-01-21,113.37,86.81,837,-22236.6,203.16,-22439.76,-23.65,RSI Stop <30,bull,11,38.3,24.0,65.3,87.2,IndusInd Bank
GFS Basic,2008-01-28,2008-03-05,88.53,78.7,832,-8184.31,170.54,-8354.85,-11.34,RSI Stop <30,bull,37,36.1,27.9,48.7,68.0,IndusInd Bank
GFS Basic,2009-11-03,2009-11-19,115.15,115.58,570,244.92,161.44,83.47,0.13,RSI Target 60,bull,16,44.1,60.4,73.5,72.9,IndusInd Bank
GFS Basic,2009-11-26,2009-11-27,114.47,109.54,575,-2832.71,158.66,-2991.37,-4.54,RSI Stop <30,bull,1,39.4,23.3,64.4,72.9,IndusInd Bank
GFS Basic,2009-12-30,2010-01-19,128.24,134.37,491,3013.06,158.37,2854.68,4.53,RSI Target 60,bull,20,44.8,65.9,63.3,88.3,IndusInd Bank
GFS Basic,2010-02-24,2010-03-03,140.51,149.63,467,4259.27,165.56,4093.71,6.24,RSI Target 60,bull,7,39.6,69.1,64.8,94.3,IndusInd Bank
GFS Basic,2010-08-02,2010-08-10,176.09,200.88,395,9791.08,180.04,9611.04,13.82,RSI Target 60,bull,8,40.6,62.5,60.4,99.3,IndusInd Bank
GFS Basic,2010-10-18,2010-11-01,250.39,262.11,314,3677.43,193.86,3483.57,4.43,RSI Target 60,bull,14,44.8,62.7,70.1,98.0,IndusInd Bank
GFS Basic,2011-04-27,2011-05-02,254.48,232.64,322,-7032.65,190.14,-7222.79,-8.81,RSI Stop <30,bull,5,42.5,29.0,60.0,70.6,IndusInd Bank
GFS Basic,2011-05-09,2011-05-11,231.72,230.57,324,-372.02,181.78,-553.8,-0.74,RSI Stop <30,bull,2,35.2,29.4,63.4,70.6,IndusInd Bank
GFS Basic,2011-05-19,2011-05-31,223.1,242.03,334,6324.03,187.47,6136.56,8.24,RSI Target 60,sideways,12,37.2,60.1,63.9,68.7,IndusInd Bank
GFS Basic,2011-06-16,2011-06-23,242.41,232.45,331,-3296.21,190.22,-3486.44,-4.35,RSI Stop <30,sideways,7,43.6,25.5,56.7,68.7,IndusInd Bank
GFS Basic,2012-04-27,2012-05-09,313.09,283.14,246,-7368.12,178.85,-7546.97,-9.8,RSI Stop <30,bull,12,44.0,23.9,62.3,69.4,IndusInd Bank
GFS Basic,2012-08-29,2012-09-05,303.51,290.39,230,-3019.16,167.33,-3186.49,-4.56,RSI Stop <30,bull,7,37.2,23.3,54.0,57.1,IndusInd Bank
GFS Basic,2012-10-23,2012-11-07,338.07,341.22,198,623.06,164.73,458.33,0.68,RSI Target 60,bull,15,42.9,70.3,70.1,67.0,IndusInd Bank
GFS Basic,2012-12-27,2013-01-02,397.18,402.36,169,875.16,165.4,709.76,1.06,RSI Target 60,bull,6,42.6,70.8,79.0,68.2,IndusInd Bank
GFS Basic,2013-01-21,2013-02-07,398.85,400.45,170,271.87,166.29,105.58,0.16,RSI Target 60,bull,17,43.2,62.0,76.5,77.4,IndusInd Bank
GFS Basic,2013-02-21,2013-03-01,414.81,372.58,164,-6925.75,159.33,-7085.08,-10.41,RSI Stop <30,bull,8,40.2,29.5,57.1,77.2,IndusInd Bank
GFS Basic,2013-06-05,2013-06-14,483.5,447.98,127,-4510.46,147.11,-4657.57,-7.59,RSI Stop <30,bull,9,44.8,28.2,60.4,76.8,IndusInd Bank
GFS Basic,2013-06-25,2013-07-10,436.08,463.74,130,3596.13,145.04,3451.09,6.09,RSI Target 60,bull,15,37.6,67.4,67.7,67.3,IndusInd Bank
GFS Basic,2014-06-05,2014-06-19,512.92,524.53,117,1357.68,150.1,1207.58,2.01,RSI Target 60,bull,14,35.5,60.4,69.8,60.7,IndusInd Bank
GFS Basic,2014-09-30,2014-10-17,595.33,621.99,103,2745.2,154.44,2590.76,4.23,RSI Target 60,bull,17,44.0,65.1,79.8,74.1,IndusInd Bank
GFS Basic,2015-02-19,2015-03-02,819.52,888.96,77,5346.96,161.1,5185.86,8.22,RSI Target 60,bull,11,43.4,76.9,76.3,87.1,IndusInd Bank
GFS Basic,2015-03-25,2015-03-26,844.58,809.76,81,-2820.52,164.43,-2984.95,-4.36,RSI Stop <30,bull,1,35.0,29.6,67.8,87.1,IndusInd Bank
GFS Basic,2015-03-27,2015-04-06,828.04,861.14,79,2615.09,163.41,2451.68,3.75,RSI Target 60,bull,10,44.5,62.1,71.3,93.0,IndusInd Bank
GFS Basic,2015-08-12,2015-09-03,901.6,802.82,75,-7407.99,157.92,-7565.91,-11.19,RSI Stop <30,bull,22,38.4,27.8,49.8,71.2,IndusInd Bank
GFS Basic,2016-06-21,2016-07-08,1053.02,1069.33,58,945.84,152.03,793.8,1.3,RSI Target 60,bull,17,44.4,61.4,79.2,67.0,IndusInd Bank
GFS Basic,2016-08-17,2016-09-06,1122.94,1164.47,55,2284.63,154.95,2129.69,3.45,RSI Target 60,bull,20,42.8,70.8,71.8,68.1,IndusInd Bank
GFS Basic,2016-09-27,2016-10-06,1153.62,1159.92,55,346.34,156.69,189.65,0.3,RSI Target 60,bull,9,44.9,62.0,65.8,64.3,IndusInd Bank
GFS Basic,2016-10-20,2016-10-21,1156.19,1161.96,55,317.51,156.97,160.54,0.25,RSI Target 60,bull,1,43.1,62.6,65.3,64.3,IndusInd Bank
GFS Basic,2016-10-25,2016-11-15,1162.88,1037.44,55,-6899.45,150.31,-7049.76,-11.02,RSI Stop <30,bull,21,35.4,26.0,51.2,75.3,IndusInd Bank
GFS Basic,2017-03-03,2017-03-16,1268.29,1306.46,45,1717.51,143.94,1573.57,2.76,RSI Target 60,bull,13,42.6,63.8,80.1,70.4,IndusInd Bank
GFS Basic,2017-05-04,2017-05-25,1378.92,1387.18,42,346.72,144.39,202.33,0.35,RSI Target 60,bull,21,42.7,63.6,61.1,86.6,IndusInd Bank
GFS Basic,2017-06-22,2017-06-30,1436.45,1403.64,41,-1344.92,144.82,-1489.73,-2.53,RSI Stop <30,bull,8,40.9,29.0,63.3,82.7,IndusInd Bank
GFS Basic,2017-07-03,2017-07-06,1409.37,1442.18,41,1345.03,145.14,1199.9,2.08,RSI Target 60,bull,3,42.9,63.9,63.3,82.7,IndusInd Bank
GFS Basic,2017-08-21,2017-09-01,1549.68,1612.2,38,2375.76,148.66,2227.1,3.78,RSI Target 60,bull,11,40.3,67.1,77.1,85.3,IndusInd Bank
GFS Basic,2017-09-27,2017-09-29,1627.4,1602.63,37,-916.74,148.19,-1064.93,-1.77,RSI Stop <30,bull,2,44.6,27.7,77.1,85.3,IndusInd Bank
GFS Basic,2017-10-03,2017-10-13,1616.91,1667.55,37,1873.65,150.22,1723.43,2.88,RSI Target 60,bull,10,38.1,62.7,80.9,84.5,IndusInd Bank
GFS Basic,2017-10-24,2017-11-02,1628.12,1550.51,37,-2871.38,146.22,-3017.61,-5.01,RSI Stop <30,bull,9,43.0,27.3,56.8,78.4,IndusInd Bank
GFS Basic,2018-05-23,2018-05-28,1841.78,1823.89,31,-554.71,141.64,-696.35,-1.22,RSI Target 60,bull,5,43.7,60.1,80.5,83.7,IndusInd Bank
GFS Basic,2018-06-08,2018-06-12,1851.75,1862.28,31,326.56,143.24,183.32,0.32,RSI Target 60,bull,4,44.9,64.4,75.2,82.7,IndusInd Bank
GFS Basic,2018-07-10,2018-07-30,1885.93,1891.68,30,172.61,141.24,31.37,0.06,RSI Target 60,bull,20,41.1,60.7,71.1,80.6,IndusInd Bank
GFS Basic,2018-08-21,2018-08-24,1922.21,1851.31,30,-2127.22,141.28,-2268.5,-3.93,RSI Stop <30,bull,3,43.0,19.8,51.4,81.4,IndusInd Bank
GFS Basic,2021-07-20,2021-08-02,999.71,953.64,56,-2580.2,137.07,-2717.27,-4.85,RSI Stop <30,bull,13,38.2,29.4,65.9,74.1,IndusInd Bank
GFS Basic,2021-08-03,2021-08-10,963.43,997.65,55,1882.06,135.04,1747.03,3.3,RSI Target 60,bull,7,40.4,64.8,62.6,74.1,IndusInd Bank
GFS Basic,2021-10-29,2021-11-23,1205.92,951.89,45,-11431.39,124.08,-11555.47,-21.29,RSI Stop <30,bull,25,42.7,12.4,49.2,72.5,IndusInd Bank
GFS Basic,2023-08-11,2023-08-24,1418.96,1408.8,31,-315.16,112.76,-427.92,-0.97,RSI Target 60,bull,13,42.3,65.1,75.7,71.8,IndusInd Bank
GFS Basic,2023-08-31,2023-09-05,1396.11,1407.41,31,350.52,111.87,238.65,0.55,RSI Target 60,bull,5,35.2,62.5,74.7,78.2,IndusInd Bank
GFS Basic,2023-09-28,2023-11-08,1423.91,1471.87,30,1438.61,111.75,1326.86,3.11,RSI Target 60,bull,41,44.2,63.9,60.6,71.3,IndusInd Bank
GFS Basic,2023-11-30,2023-12-13,1473.93,1489.61,30,470.33,114.08,356.24,0.81,RSI Target 60,bull,13,42.4,60.3,67.0,69.4,IndusInd Bank
GFS Basic,2024-01-19,2024-02-06,1622.41,1494.06,28,-3593.81,112.56,-3706.37,-8.16,RSI Stop <30,bull,18,43.9,27.7,59.1,71.3,IndusInd Bank
GFS Advanced,2013-01-22,2013-02-07,393.74,400.45,241,1618.35,227.87,1390.47,1.47,RSI Target 60,bull,16,39.0,62.0,76.5,77.4,IndusInd Bank
GFS Advanced,2016-06-23,2016-07-08,1037.88,1069.33,92,2892.95,230.51,2662.43,2.79,RSI Target 60,bull,15,42.9,61.4,79.2,67.0,IndusInd Bank
GFS Advanced,2017-06-28,2017-06-30,1426.95,1403.64,69,-1607.87,232.46,-1840.33,-1.87,RSI Stop <30,bull,2,38.3,29.0,63.3,82.7,IndusInd Bank
GFS Advanced,2017-07-03,2017-07-06,1409.37,1442.18,68,2230.79,230.61,2000.18,2.09,RSI Target 60,bull,3,42.9,63.9,63.3,82.7,IndusInd Bank
GFS Advanced,2021-08-03,2021-08-05,963.43,963.0,102,-44.08,233.66,-277.74,-0.28,Price < 50 EMA,bull,2,40.4,35.3,65.9,74.1,IndusInd Bank
GFS Basic,2020-08-10,2020-08-20,873.64,842.15,108,-3400.3,221.48,-3621.78,-3.84,RSI Stop <30,sideways,10,44.0,29.8,60.0,61.1,SBI Life
GFS Basic,2020-08-21,2020-10-23,854.76,761.03,107,-10028.52,208.18,-10236.7,-11.19,RSI Stop <30,sideways,63,44.2,26.9,34.8,50.7,SBI Life
GFS Basic,2021-05-31,2021-06-04,978.36,979.51,83,95.55,195.88,-100.33,-0.12,RSI Target 60,bull,4,36.5,64.4,73.4,74.0,SBI Life
GFS Basic,2021-09-22,2021-09-30,1185.48,1203.26,68,1208.95,195.72,1013.22,1.26,RSI Target 60,bull,8,41.5,65.6,77.7,72.7,SBI Life
GFS Basic,2021-10-13,2021-10-25,1204.37,1118.69,68,-5825.76,191.29,-6017.05,-7.35,RSI Stop <30,bull,12,43.2,28.1,63.9,72.7,SBI Life
GFS Basic,2021-10-27,2022-01-04,1167.99,1208.71,65,2646.83,186.78,2460.05,3.24,RSI Target 60,bull,69,43.7,63.9,45.8,83.1,SBI Life
GFS Basic,2022-08-23,2022-08-30,1302.34,1318.6,60,975.5,189.99,785.52,1.01,RSI Target 60,bull,7,40.9,63.5,76.9,65.7,SBI Life
GFS Basic,2022-09-16,2022-09-27,1307.9,1232.49,61,-4600.44,187.86,-4788.3,-6.0,RSI Stop <30,bull,11,41.5,29.5,76.9,65.8,SBI Life
GFS Basic,2023-12-20,2023-12-26,1441.38,1387.53,52,-2800.05,178.99,-2979.04,-3.97,RSI Stop <30,bull,6,42.7,27.3,52.3,65.8,SBI Life
GFS Basic,2023-12-29,2024-01-10,1438.34,1443.37,50,251.3,175.41,75.9,0.11,RSI Target 60,bull,12,40.0,62.1,66.0,64.6,SBI Life
GFS Basic,2024-01-18,2024-02-13,1438.34,1459.43,50,1054.31,176.24,878.07,1.22,RSI Target 60,bull,26,43.2,66.0,63.2,60.2,SBI Life
GFS Basic,2024-04-02,2024-04-10,1514.87,1497.66,48,-825.81,176.06,-1001.87,-1.38,RSI Target 60,bull,8,36.8,60.5,58.6,69.5,SBI Life
GFS Basic,2024-08-16,2024-08-26,1702.59,1789.45,42,3648.2,178.02,3470.18,4.85,RSI Target 60,bull,10,38.7,61.6,80.1,77.0,SBI Life
GFS Basic,2024-09-24,2024-10-11,1919.64,1728.49,39,-7454.85,173.98,-7628.83,-10.19,RSI Stop <30,bull,17,42.3,29.1,64.2,79.0,SBI Life
GFS Basic,2025-06-12,2025-06-23,1799.3,1815.17,38,602.99,167.9,435.09,0.64,RSI Target 60,bull,11,38.8,63.1,78.9,60.1,SBI Life
GFS Basic,2025-07-16,2025-08-06,1850.05,1850.8,37,27.61,167.48,-139.87,-0.2,RSI Target 60,bull,21,42.3,60.7,58.3,65.4,SBI Life
GFS Basic,2026-01-22,2026-02-18,2074.95,2055.71,33,-634.97,166.84,-801.8,-1.17,RSI Target 60,bull,27,39.7,67.7,55.3,80.1,SBI Life
GFS Basic,2020-08-10,2020-08-14,604.9,578.6,157,-4128.83,222.09,-4350.92,-4.58,RSI Stop <30,bull,4,41.6,24.6,63.3,64.0,HDFC Life
GFS Basic,2020-08-24,2020-08-31,600.02,565.85,151,-5159.51,211.32,-5370.84,-5.93,RSI Stop <30,bull,7,37.6,29.5,70.3,58.0,HDFC Life
GFS Basic,2023-09-28,2023-10-10,645.89,617.13,132,-3796.03,200.86,-3996.89,-4.69,RSI Stop <30,bull,12,38.8,29.0,43.4,59.8,HDFC Life
GFS Basic,2024-08-16,2024-08-27,689.04,737.14,118,5676.03,201.89,5474.14,6.73,RSI Target 60,bull,11,44.6,74.0,80.0,60.8,HDFC Life
GFS Basic,2025-06-17,2025-06-23,771.55,773.76,112,247.41,207.62,39.79,0.05,RSI Target 60,bull,6,40.7,60.5,78.0,61.8,HDFC Life
GFS Basic,2025-07-11,2025-07-16,788.39,755.57,110,-3610.42,204.31,-3814.72,-4.4,RSI Stop <30,bull,5,43.3,28.8,62.3,69.3,HDFC Life
GFS Basic,2006-05-22,2006-06-06,503.68,407.38,188,-18104.89,207.0,-18311.88,-19.34,RSI Stop <30,bull,15,37.2,25.5,55.1,88.6,Bajaj Auto
GFS Basic,2006-10-19,2006-10-26,492.71,430.67,157,-9740.24,177.14,-9917.38,-12.82,RSI Stop <30,bull,7,40.4,26.5,54.1,79.6,Bajaj Auto
GFS Basic,2007-02-27,2007-02-28,454.8,409.83,149,-6701.04,158.98,-6860.02,-10.12,RSI Stop <30,sideways,1,44.8,20.4,62.2,61.6,Bajaj Auto
GFS Basic,2009-08-10,2009-08-24,417.37,376.43,147,-6017.87,145.44,-6163.31,-10.05,RSI Stop <30,bull,14,37.4,27.8,70.4,73.3,Bajaj Auto
GFS Basic,2009-08-26,2009-08-28,385.74,402.82,144,2459.61,141.32,2318.29,4.17,RSI Target 60,bull,2,35.5,75.2,68.0,73.3,Bajaj Auto
GFS Basic,2009-10-27,2009-10-30,495.62,463.14,117,-3799.56,140.26,-3939.82,-6.79,RSI Stop <30,bull,3,43.3,23.3,62.2,80.8,Bajaj Auto
GFS Basic,2009-11-06,2009-11-17,492.43,506.93,110,1595.54,137.36,1458.18,2.69,RSI Target 60,bull,11,35.1,63.3,67.5,74.9,Bajaj Auto
GFS Basic,2010-01-06,2010-01-19,586.84,592.63,94,543.89,138.48,405.4,0.73,RSI Target 60,bull,13,39.0,65.1,58.8,81.4,Bajaj Auto
GFS Basic,2010-01-27,2010-01-29,600.65,583.1,93,-1632.09,137.78,-1769.86,-3.17,RSI Target 60,bull,2,44.3,61.8,68.2,81.4,Bajaj Auto
GFS Basic,2010-02-09,2010-02-17,579.85,613.62,93,3140.5,138.42,3002.08,5.57,RSI Target 60,bull,8,44.5,74.4,71.4,91.3,Bajaj Auto
GFS Basic,2010-05-25,2010-06-10,716.39,748.26,79,2517.25,143.71,2373.54,4.19,RSI Target 60,bull,16,42.7,66.4,73.2,92.1,Bajaj Auto
GFS Basic,2010-07-19,2010-07-22,826.89,844.96,71,1283.04,147.13,1135.91,1.93,RSI Target 60,bull,3,41.5,63.3,75.9,93.0,Bajaj Auto
GFS Basic,2010-08-17,2010-08-24,916.27,966.47,66,3312.92,153.15,3159.77,5.23,RSI Target 60,bull,7,42.7,62.6,83.4,92.6,Bajaj Auto
GFS Basic,2010-10-21,2010-10-25,1045.09,1011.1,60,-2039.27,152.56,-2191.83,-3.5,RSI Stop <30,bull,4,39.2,28.4,78.6,94.0,Bajaj Auto
GFS Basic,2010-10-29,2010-11-03,1020.2,1073.7,60,3210.09,154.68,3055.4,4.99,RSI Target 60,bull,5,39.9,64.1,78.3,94.5,Bajaj Auto
GFS Basic,2010-11-30,2010-12-13,1097.66,1015.68,58,-4754.82,151.88,-4906.7,-7.71,RSI Stop <30,bull,13,44.1,26.4,55.0,94.1,Bajaj Auto
GFS Basic,2011-05-03,2011-05-09,1016.36,879.33,58,-7947.77,138.1,-8085.86,-13.72,RSI Stop <30,bear,6,41.2,28.4,54.3,73.4,Bajaj Auto
GFS Basic,2011-08-19,2011-08-25,1018.98,1059.47,51,2065.0,132.96,1932.05,3.72,RSI Target 60,bull,6,41.7,65.3,61.9,65.8,Bajaj Auto
GFS Basic,2011-09-22,2011-09-26,1141.67,1053.6,47,-4139.22,130.29,-4269.5,-7.96,RSI Stop <30,bull,4,37.0,28.4,68.0,65.0,Bajaj Auto
GFS Basic,2011-09-27,2011-10-04,1084.01,1042.85,45,-1852.24,121.82,-1974.05,-4.05,RSI Stop <30,bull,7,36.2,28.8,64.5,59.6,Bajaj Auto
GFS Basic,2011-11-18,2011-11-21,1214.57,1133.37,39,-3166.57,117.32,-3283.89,-6.93,RSI Stop <30,bull,3,36.0,25.8,67.6,64.7,Bajaj Auto
GFS Basic,2011-11-24,2011-11-28,1126.61,1129.64,39,118.1,113.1,5.01,0.01,RSI Stop <30,bull,4,39.6,30.0,65.2,64.7,Bajaj Auto
GFS Basic,2011-11-29,2011-12-23,1164.98,1116.13,38,-1856.38,111.79,-1968.17,-4.45,RSI Stop <30,bull,24,38.5,27.8,48.0,59.0,Bajaj Auto
GFS Basic,2012-04-13,2012-04-18,1153.76,1198.17,37,1643.0,111.9,1531.09,3.59,RSI Target 60,bull,5,38.8,61.9,64.6,67.8,Bajaj Auto
GFS Basic,2012-04-26,2012-05-08,1178.92,1040.3,37,-5129.0,106.95,-5235.95,-12.0,RSI Stop <30,sideways,12,44.9,28.5,47.5,64.5,Bajaj Auto
GFS Basic,2012-08-29,2012-09-18,1243.63,1256.58,31,401.45,101.42,300.03,0.78,RSI Target 60,bull,20,41.5,74.9,73.8,60.8,Bajaj Auto
GFS Basic,2012-10-11,2012-10-29,1262.47,1300.63,31,1182.82,103.53,1079.29,2.76,RSI Target 60,bull,18,41.6,67.4,64.6,65.4,Bajaj Auto
GFS Basic,2013-01-15,2013-01-22,1541.58,1485.53,26,-1457.29,102.89,-1560.19,-3.89,RSI Stop <30,bull,7,43.9,21.7,69.6,67.2,Bajaj Auto
GFS Basic,2013-01-31,2013-02-26,1477.85,1380.94,26,-2519.72,98.11,-2617.83,-6.81,RSI Stop <30,bull,26,35.5,27.7,63.0,65.0,Bajaj Auto
GFS Basic,2013-02-27,2013-03-21,1437.92,1261.43,25,-4412.45,90.65,-4503.1,-12.53,RSI Stop <30,bull,22,37.0,16.6,44.2,66.0,Bajaj Auto
GFS Basic,2013-10-24,2013-11-20,1584.12,1453.52,20,-2611.93,83.04,-2694.97,-8.51,RSI Stop <30,bull,27,40.2,28.7,67.1,67.9,Bajaj Auto
GFS Basic,2014-12-04,2014-12-11,1978.76,1927.96,15,-761.91,80.51,-842.42,-2.84,RSI Stop <30,bull,7,44.6,26.0,73.7,68.7,Bajaj Auto
GFS Basic,2015-07-23,2015-08-24,2017.92,1681.11,14,-4715.36,73.23,-4788.6,-16.95,RSI Stop <30,bull,32,44.4,27.5,63.1,63.8,Bajaj Auto
GFS Basic,2016-09-21,2016-09-29,2325.08,2236.63,10,-884.45,66.09,-950.54,-4.09,RSI Stop <30,bull,8,42.4,27.4,69.5,64.3,Bajaj Auto
GFS Basic,2017-02-17,2017-03-06,2201.59,2265.47,10,638.84,64.92,573.91,2.61,RSI Target 60,sideways,17,38.6,64.1,68.7,57.8,Bajaj Auto
GFS Basic,2017-03-31,2017-04-06,2239.34,2205.12,10,-342.2,64.75,-406.94,-1.82,RSI Stop <30,bull,6,40.0,29.2,66.5,65.4,Bajaj Auto
GFS Basic,2017-04-07,2017-04-24,2214.17,2253.41,10,392.37,64.95,327.42,1.48,RSI Target 60,bull,17,36.9,61.1,60.7,65.4,Bajaj Auto
GFS Basic,2017-05-23,2017-06-13,2362.8,2227.6,10,-1351.97,66.44,-1418.42,-6.0,RSI Target 60,bull,21,39.2,63.3,52.4,66.2,Bajaj Auto
GFS Basic,2017-11-08,2017-11-27,2599.26,2622.64,8,187.01,61.74,125.27,0.6,RSI Target 60,bull,19,43.1,63.0,76.4,62.5,Bajaj Auto
GFS Basic,2017-12-04,2017-12-22,2679.75,2668.78,8,-87.81,62.89,-150.7,-0.7,RSI Target 60,bull,18,41.9,63.2,70.5,71.3,Bajaj Auto
GFS Basic,2018-01-09,2018-01-15,2645.57,2538.14,8,-859.4,61.48,-920.88,-4.35,RSI Stop <30,bull,6,40.5,22.5,52.1,71.5,Bajaj Auto
GFS Basic,2019-11-20,2019-12-11,2655.55,2734.16,8,628.88,63.2,565.68,2.66,RSI Target 60,bull,21,39.3,60.0,76.4,63.3,Bajaj Auto
GFS Basic,2019-12-23,2020-01-01,2712.74,2635.0,8,-621.95,62.92,-684.87,-3.16,RSI Stop <30,bull,9,41.5,26.6,71.0,66.5,Bajaj Auto
GFS Basic,2020-01-20,2020-01-24,2627.5,2571.47,8,-448.28,61.58,-509.87,-2.43,RSI Target 60,bull,4,35.5,60.2,49.0,66.5,Bajaj Auto
GFS Basic,2021-02-19,2021-02-22,3674.66,3471.31,5,-1016.74,55.11,-1071.85,-5.83,RSI Stop <30,bull,3,39.3,25.8,80.2,64.8,Bajaj Auto
GFS Basic,2021-03-02,2021-03-08,3376.13,3320.27,6,-335.17,60.01,-395.17,-1.95,RSI Stop <30,bull,6,35.4,27.9,69.8,60.8,Bajaj Auto
GFS Basic,2021-06-21,2021-07-07,3668.84,3660.71,5,-40.63,56.06,-96.69,-0.53,RSI Target 60,bull,16,44.0,64.3,77.8,79.7,Bajaj Auto
GFS Basic,2021-07-09,2021-07-22,3727.87,3484.34,5,-1217.69,55.5,-1273.19,-6.83,RSI Stop <30,bull,13,44.7,22.6,72.9,79.7,Bajaj Auto
GFS Basic,2023-03-01,2023-03-20,3515.32,3569.98,5,273.29,54.68,218.61,1.24,RSI Target 60,bear,19,39.1,69.7,59.5,61.4,Bajaj Auto
GFS Basic,2023-06-22,2023-07-05,4417.54,4728.37,4,1243.32,55.89,1187.42,6.72,RSI Target 60,bull,13,44.3,67.7,87.0,70.9,Bajaj Auto
GFS Basic,2023-07-26,2023-08-09,4752.31,4512.26,4,-960.22,56.59,-1016.8,-5.35,RSI Stop <30,bull,14,44.7,28.9,68.5,72.0,Bajaj Auto
GFS Basic,2023-08-28,2023-09-07,4497.75,4561.23,4,253.92,55.58,198.34,1.1,RSI Target 60,bull,10,41.0,60.5,58.8,65.4,Bajaj Auto
GFS Basic,2023-10-09,2023-10-19,4955.67,5301.33,3,1036.97,49.45,987.52,6.64,RSI Target 60,bull,10,40.8,76.5,58.9,67.8,Bajaj Auto
GFS Basic,2023-11-09,2023-11-15,5260.8,5353.64,3,278.51,50.7,227.81,1.44,RSI Target 60,bull,6,44.9,64.7,71.7,68.6,Bajaj Auto
GFS Basic,2024-04-19,2024-04-24,8835.99,8409.54,2,-852.9,53.73,-906.63,-5.13,RSI Stop <30,bull,5,37.0,24.4,66.8,92.6,Bajaj Auto
GFS Basic,2024-04-26,2024-05-28,8488.52,8692.52,2,408.0,53.49,354.51,2.09,RSI Target 60,bull,32,42.5,66.2,57.9,91.3,Bajaj Auto
GFS Basic,2024-06-27,2024-07-16,9426.23,9473.4,2,94.33,57.33,37.0,0.2,RSI Target 60,bull,19,41.2,61.5,58.3,91.2,Bajaj Auto
GFS Basic,2024-07-26,2024-08-01,9084.37,9485.24,2,801.74,56.54,745.2,4.1,RSI Target 60,bull,6,44.3,60.1,63.4,91.3,Bajaj Auto
GFS Basic,2024-08-05,2024-08-09,9494.24,9519.8,2,51.11,57.59,-6.48,-0.03,RSI Target 60,bull,4,42.6,62.8,63.1,91.3,Bajaj Auto
GFS Basic,2024-10-14,2024-10-15,11641.57,11231.1,1,-410.47,40.78,-451.26,-3.88,RSI Stop <30,bull,1,38.4,28.7,74.1,93.5,Bajaj Auto
GFS Basic,2026-03-04,2026-03-19,9946.47,8864.07,2,-2164.81,57.3,-2222.11,-11.17,RSI Stop <30,bull,15,43.6,27.9,45.6,67.2,Bajaj Auto
GFS Advanced,2006-05-23,2006-05-24,484.1,446.25,196,-7417.18,218.49,-7635.67,-8.05,Price < 50 EMA,bull,1,42.7,39.8,74.6,97.7,Bajaj Auto
GFS Advanced,2010-07-21,2010-07-22,823.58,844.96,106,2266.53,211.68,2054.85,2.35,RSI Target 60,bull,1,42.1,63.3,75.9,93.0,Bajaj Auto
GFS Advanced,2011-11-24,2011-11-28,1126.61,1129.64,79,239.24,213.36,25.88,0.03,RSI Stop <30,bull,4,39.6,30.0,65.2,64.7,Bajaj Auto
GFS Advanced,2011-11-29,2011-12-12,1164.98,1138.85,77,-2011.66,212.59,-2224.24,-2.48,Price < 50 EMA,bull,13,38.5,51.1,53.4,59.0,Bajaj Auto
GFS Advanced,2012-08-30,2012-09-18,1213.56,1256.58,72,3097.37,212.71,2884.66,3.3,RSI Target 60,bull,19,40.3,74.9,73.8,60.8,Bajaj Auto
GFS Advanced,2013-01-15,2013-01-22,1541.58,1485.53,58,-3250.89,210.65,-3461.54,-3.87,RSI Stop <30,bull,7,43.9,21.7,69.6,67.2,Bajaj Auto
GFS Advanced,2014-12-09,2014-12-11,1985.87,1927.96,43,-2490.1,202.51,-2692.61,-3.15,RSI Stop <30,bull,2,35.1,26.0,73.7,68.7,Bajaj Auto
GFS Advanced,2017-02-17,2017-02-28,2201.59,2165.52,38,-1370.57,199.82,-1570.39,-1.88,Price < 50 EMA,sideways,11,38.6,46.2,69.7,57.8,Bajaj Auto
GFS Advanced,2017-04-07,2017-04-19,2214.17,2207.01,37,-265.05,197.11,-462.16,-0.56,Price < 50 EMA,bull,12,36.9,46.6,63.5,65.4,Bajaj Auto
GFS Advanced,2021-06-22,2021-07-07,3671.16,3660.71,22,-229.75,194.57,-424.32,-0.53,RSI Target 60,bull,15,41.8,64.3,77.8,79.7,Bajaj Auto
GFS Advanced,2023-06-28,2023-07-05,4394.06,4728.37,18,6017.55,197.33,5820.23,7.36,RSI Target 60,bull,7,41.7,67.7,87.0,70.9,Bajaj Auto
GFS Advanced,2026-03-04,2026-03-09,9946.47,9378.31,8,-4545.3,187.45,-4732.74,-5.95,Price < 50 EMA,bull,5,43.6,42.6,71.5,67.2,Bajaj Auto
GFS Basic,2006-04-03,2006-04-10,72.96,76.26,1302,4290.51,230.87,4059.63,4.27,RSI Target 60,bull,7,40.7,63.3,68.8,84.6,UPL
GFS Basic,2006-04-13,2006-05-04,76.39,76.9,1294,659.97,235.67,424.3,0.43,RSI Target 60,bull,21,43.5,70.8,53.1,90.0,UPL
GFS Basic,2006-11-20,2006-11-24,84.45,90.2,1175,6754.27,242.84,6511.42,6.56,RSI Target 60,bull,4,44.9,65.6,83.5,73.8,UPL
GFS Basic,2006-12-13,2006-12-20,88.26,78.87,1194,-11222.02,237.89,-11459.91,-10.87,RSI Stop <30,bull,7,39.0,20.6,70.8,75.8,UPL
GFS Basic,2006-12-28,2007-01-12,83.44,83.05,1133,-435.78,224.96,-660.74,-0.7,RSI Target 60,bull,15,37.7,60.6,69.0,67.8,UPL
GFS Basic,2007-02-08,2007-02-19,91.28,90.04,1029,-1277.35,222.73,-1500.07,-1.6,RSI Target 60,bull,11,42.3,62.2,65.3,69.2,UPL
GFS Basic,2007-02-22,2007-03-23,90.18,92.15,1025,2021.3,222.84,1798.46,1.95,RSI Target 60,bull,29,37.5,75.0,63.5,64.6,UPL
GFS Basic,2007-10-11,2007-10-19,103.0,94.37,914,-7894.03,216.36,-8110.39,-8.61,RSI Stop <30,bull,8,36.6,28.4,57.0,74.1,UPL
GFS Basic,2007-11-02,2007-11-13,101.52,87.25,852,-12157.67,194.94,-12352.62,-14.28,RSI Stop <30,bull,11,40.4,25.4,49.3,66.0,UPL
GFS Basic,2010-02-26,2010-03-05,88.17,91.51,848,2833.58,184.42,2649.16,3.54,RSI Target 60,sideways,7,44.3,68.3,60.9,60.0,UPL
GFS Basic,2010-07-06,2010-07-07,102.18,97.39,756,-3618.57,183.25,-3801.81,-4.92,RSI Stop <30,bull,1,36.4,27.7,66.2,66.4,UPL
GFS Basic,2013-12-03,2013-12-10,100.66,105.94,731,3861.29,182.84,3678.44,5.0,RSI Target 60,bull,7,44.3,71.4,73.6,62.1,UPL
GFS Basic,2014-01-27,2014-02-05,123.54,112.54,624,-6868.6,179.53,-7048.13,-9.14,RSI Stop <30,bull,9,40.5,29.6,64.8,71.0,UPL
GFS Basic,2014-02-07,2014-03-10,114.07,111.94,617,-1311.24,170.37,-1481.61,-2.11,RSI Target 60,bull,31,35.5,60.9,60.3,66.3,UPL
GFS Basic,2014-06-13,2014-06-19,183.55,191.65,376,3044.75,171.85,2872.89,4.16,RSI Target 60,bull,6,42.1,62.6,79.9,85.0,UPL
GFS Basic,2014-07-18,2014-07-24,197.11,186.09,364,-4011.9,170.62,-4182.52,-5.83,RSI Stop <30,bull,6,38.8,18.6,73.3,85.9,UPL
GFS Basic,2014-08-07,2014-08-19,200.37,195.8,338,-1544.73,164.23,-1708.96,-2.52,RSI Target 60,bull,12,44.4,62.3,59.3,81.3,UPL
GFS Basic,2014-09-24,2014-09-25,217.41,201.0,304,-4986.88,157.04,-5143.92,-7.78,RSI Stop <30,bull,1,37.6,28.0,60.4,84.3,UPL
GFS Basic,2015-02-25,2015-03-19,253.98,256.3,241,558.95,151.93,407.01,0.66,RSI Target 60,bull,22,42.1,60.6,66.7,87.1,UPL
GFS Basic,2015-04-20,2015-05-07,273.09,292.02,225,4260.61,156.29,4104.32,6.68,RSI Target 60,bull,17,44.5,60.2,77.8,93.3,UPL
GFS Basic,2015-06-11,2015-07-01,314.96,327.45,208,2598.16,163.6,2434.56,3.72,RSI Target 60,bull,20,43.0,62.3,76.0,88.3,UPL
GFS Basic,2015-07-10,2015-07-29,319.39,318.08,212,-278.3,165.51,-443.81,-0.66,RSI Target 60,bull,19,40.3,60.8,72.0,88.3,UPL
GFS Basic,2016-05-20,2016-06-02,348.68,365.33,193,3213.73,168.21,3045.53,4.53,RSI Target 60,bull,13,41.0,60.5,83.4,64.4,UPL
GFS Basic,2016-06-15,2016-06-22,357.78,338.55,196,-3769.38,167.26,-3936.64,-5.61,RSI Stop <30,bull,7,45.0,22.4,76.9,64.4,UPL
GFS Basic,2016-10-04,2016-10-19,418.24,432.47,159,2261.93,165.45,2096.48,3.15,RSI Target 60,bull,15,42.0,60.7,80.6,62.4,UPL
GFS Basic,2016-11-07,2016-11-15,412.03,365.55,166,-7714.85,159.33,-7874.18,-11.51,RSI Stop <30,bull,8,42.6,26.4,57.0,67.6,UPL
GFS Basic,2017-02-17,2017-03-06,432.11,416.58,141,-2190.1,148.46,-2338.55,-3.84,RSI Stop <30,bull,17,37.9,26.9,59.7,73.0,UPL
GFS Basic,2017-05-19,2017-05-26,504.92,510.01,116,591.27,146.1,445.16,0.76,RSI Target 60,bull,7,43.1,61.5,75.7,82.9,UPL
GFS Basic,2017-06-23,2017-07-14,531.71,529.71,111,-222.47,146.26,-368.72,-0.62,RSI Target 60,bull,21,36.7,69.5,75.9,77.8,UPL
GFS Basic,2017-08-09,2017-08-22,542.4,488.81,108,-5788.02,139.51,-5927.53,-10.12,RSI Stop <30,bull,13,41.2,26.8,54.4,77.0,UPL
GFS Basic,2019-04-11,2019-04-16,587.75,579.96,90,-701.21,132.16,-833.37,-1.58,RSI Target 60,bull,5,44.8,65.0,81.1,66.8,UPL
GFS Basic,2019-06-17,2019-06-20,635.41,544.51,82,-7453.16,123.4,-7576.56,-14.54,RSI Stop <30,bull,3,40.8,19.8,76.1,73.5,UPL
GFS Basic,2021-06-22,2021-07-09,760.34,773.39,59,770.24,115.82,654.42,1.46,RSI Target 60,bull,17,38.3,69.5,71.7,77.1,UPL
GFS Basic,2021-08-02,2021-08-05,802.38,746.59,57,-3180.23,113.67,-3293.9,-7.2,RSI Stop <30,bull,3,41.2,21.5,81.9,79.4,UPL
GFS Basic,2022-01-31,2022-02-17,775.46,698.37,55,-4240.0,105.72,-4345.72,-10.19,RSI Stop <30,bull,17,39.3,29.7,52.3,72.9,UPL
GFS Basic,2025-05-13,2025-05-27,693.45,624.32,55,-3802.28,96.15,-3898.43,-10.22,RSI Stop <30,bull,14,41.6,29.3,52.5,72.2,UPL
GFS Basic,2025-09-10,2025-09-26,716.31,647.68,48,-3294.34,88.33,-3382.66,-9.84,RSI Stop <30,bull,16,42.2,18.0,53.0,66.5,UPL
GFS Basic,2025-12-16,2025-12-22,769.93,776.16,41,255.3,85.75,169.55,0.54,RSI Target 60,bull,6,44.7,62.0,64.3,63.1,UPL
GFS Advanced,2006-11-22,2006-11-24,79.49,90.2,1195,12798.1,239.68,12558.42,13.22,RSI Target 60,bull,2,43.8,65.6,83.5,73.8,UPL
GFS Advanced,2014-01-29,2014-01-30,116.02,110.91,921,-4710.24,247.91,-4958.14,-4.64,Price < 50 EMA,bull,1,41.7,37.0,75.7,75.3,UPL
GFS Advanced,2017-02-23,2017-03-02,436.13,427.17,234,-2096.75,239.94,-2336.69,-2.29,Price < 50 EMA,bull,7,40.1,30.9,65.9,73.0,UPL
GFS Advanced,2021-06-22,2021-07-09,760.34,773.39,131,1710.19,238.44,1471.75,1.48,RSI Target 60,bull,17,38.3,69.5,71.7,77.1,UPL
GFS Basic,2010-04-20,2010-04-23,137.35,144.01,691,4599.37,231.01,4368.36,4.6,RSI Target 60,bull,3,41.3,70.0,73.1,77.3,Adani Ports
GFS Basic,2010-05-03,2010-05-05,137.82,127.73,719,-7254.13,228.02,-7482.15,-7.55,RSI Stop <30,bull,2,42.2,29.9,70.4,76.4,Adani Ports
GFS Basic,2010-08-27,2010-08-30,147.87,140.76,622,-4417.06,215.13,-4632.19,-5.04,RSI Stop <30,bull,3,41.0,25.8,68.3,60.6,Adani Ports
GFS Basic,2010-09-01,2010-09-17,142.14,151.79,616,5946.64,216.06,5730.58,6.54,RSI Target 60,bull,16,39.0,67.6,73.2,64.4,Adani Ports
GFS Basic,2013-02-21,2013-03-25,143.63,119.54,648,-15610.13,205.99,-15816.12,-16.99,RSI Stop <30,bull,32,43.3,26.9,42.5,58.7,Adani Ports
GFS Basic,2013-11-08,2013-11-18,146.74,145.56,531,-627.11,187.84,-814.95,-1.05,RSI Target 60,sideways,10,44.1,67.3,58.2,65.1,Adani Ports
GFS Basic,2013-12-13,2013-12-19,148.95,157.22,518,4282.26,191.23,4091.03,5.3,RSI Target 60,bull,6,40.0,60.2,69.5,64.7,Adani Ports
GFS Basic,2013-12-30,2014-01-09,153.9,140.62,527,-6993.94,188.31,-7182.25,-8.86,RSI Stop <30,bull,10,40.2,22.7,56.2,63.3,Adani Ports
GFS Basic,2014-05-05,2014-05-13,181.1,211.1,410,12301.29,193.08,12108.21,16.31,RSI Target 60,bull,8,42.1,65.4,76.9,70.4,Adani Ports
GFS Basic,2014-07-25,2014-08-07,266.05,251.22,322,-4774.71,200.75,-4975.46,-5.81,RSI Stop <30,bull,13,44.5,28.2,62.1,80.0,Adani Ports
GFS Basic,2014-08-12,2014-08-19,257.23,271.04,315,4349.19,199.9,4149.29,5.12,RSI Target 60,bull,7,37.5,72.0,64.6,80.0,Adani Ports
GFS Basic,2014-09-23,2014-10-31,272.78,269.62,311,-980.13,202.83,-1182.96,-1.39,RSI Target 60,bull,38,38.4,60.8,56.2,91.6,Adani Ports
GFS Basic,2015-02-04,2015-02-27,318.36,326.82,263,2224.99,203.7,2021.29,2.41,RSI Target 60,bull,23,41.6,75.2,60.7,92.5,Adani Ports
GFS Basic,2015-03-09,2015-03-20,316.9,290.86,270,-7030.24,198.18,-7228.42,-8.45,RSI Stop <30,bull,11,44.2,27.3,57.0,93.7,Adani Ports
GFS Basic,2017-04-21,2017-04-26,317.25,307.71,249,-2376.31,188.41,-2564.72,-3.25,RSI Stop <30,bull,5,42.4,28.7,61.4,67.8,Adani Ports
GFS Basic,2017-04-28,2017-05-05,313.15,328.11,244,3648.63,188.91,3459.72,4.53,RSI Target 60,bull,7,37.3,69.3,65.9,68.5,Adani Ports
GFS Basic,2017-05-29,2017-06-12,334.2,339.43,238,1244.82,193.37,1051.44,1.32,RSI Target 60,bull,14,39.1,65.9,72.5,64.5,Adani Ports
GFS Basic,2017-08-21,2017-09-14,373.32,384.68,216,2454.83,197.07,2257.76,2.8,RSI Target 60,bull,24,39.7,67.3,63.0,80.6,Adani Ports
GFS Basic,2017-09-27,2017-10-16,376.61,388.21,220,2552.03,202.1,2349.94,2.84,RSI Target 60,bull,19,39.1,64.8,60.9,74.5,Adani Ports
GFS Basic,2021-03-18,2021-04-06,696.3,810.68,122,13953.57,218.56,13735.01,16.17,RSI Target 60,bull,19,43.2,68.7,79.6,75.9,Adani Ports
GFS Basic,2021-05-03,2021-05-10,737.58,742.66,133,676.19,234.02,442.17,0.45,RSI Target 60,bull,7,37.9,62.7,72.2,80.1,Adani Ports
GFS Basic,2021-09-24,2021-10-06,743.29,707.37,132,-4740.9,228.45,-4969.35,-5.06,RSI Stop <30,bull,12,44.2,27.5,54.4,82.5,Adani Ports
GFS Basic,2021-10-28,2021-11-04,739.91,697.31,127,-5410.86,218.54,-5629.4,-5.99,RSI Stop <30,sideways,7,38.7,19.0,51.7,75.8,Adani Ports
GFS Basic,2022-05-04,2022-05-12,843.87,696.91,105,-15430.61,196.25,-15626.86,-17.64,RSI Stop <30,bull,8,41.8,25.9,67.0,67.2,Adani Ports
GFS Basic,2024-03-14,2024-04-03,1296.75,1383.8,56,4874.71,181.75,4692.96,6.46,RSI Target 60,bull,20,42.9,62.7,79.7,92.9,Adani Ports
GFS Basic,2024-04-23,2024-04-24,1319.56,1307.84,59,-691.38,187.62,-879.0,-1.13,RSI Stop <30,bull,1,36.3,25.4,61.6,92.9,Adani Ports
GFS Basic,2024-04-26,2024-05-21,1325.46,1372.22,58,2712.07,188.98,2523.09,3.28,RSI Target 60,bull,25,35.8,62.4,58.1,93.3,Adani Ports
GFS Basic,2024-06-04,2024-06-25,1607.46,1448.38,49,-7795.14,182.29,-7977.43,-10.13,RSI Target 60,bull,21,44.8,86.2,68.1,93.8,Adani Ports
GFS Basic,2024-07-24,2024-07-26,1510.41,1534.51,47,1132.83,174.26,958.58,1.35,RSI Target 60,bull,2,42.0,60.1,71.8,93.8,Adani Ports
GFS Basic,2024-08-16,2024-09-06,1481.54,1434.7,49,-2295.02,174.28,-2469.3,-3.4,RSI Stop <30,bull,21,42.8,28.4,51.1,86.1,Adani Ports
GFS Basic,2006-05-12,2006-05-29,1029.2,794.75,92,-21568.79,203.4,-21772.19,-22.99,RSI Stop <30,bull,17,44.5,21.0,70.9,91.5,Shree Cement
GFS Basic,2006-12-01,2006-12-07,1263.79,1267.29,58,203.19,178.43,24.76,0.03,RSI Target 60,bull,6,40.9,62.7,89.6,78.7,Shree Cement
GFS Basic,2006-12-19,2007-01-02,1261.09,1331.32,58,4073.26,182.09,3891.17,5.32,RSI Target 60,bull,14,43.3,63.5,88.3,80.9,Shree Cement
GFS Basic,2007-01-23,2007-02-07,1359.11,1267.96,57,-5195.36,182.1,-5377.46,-6.94,RSI Stop <30,bull,15,39.5,24.3,78.2,77.2,Shree Cement
GFS Basic,2007-07-31,2007-08-03,1158.96,1146.63,62,-764.4,174.22,-938.62,-1.31,RSI Stop <30,bull,3,44.9,25.2,61.7,63.3,Shree Cement
GFS Basic,2007-08-07,2007-09-04,1149.91,1213.03,62,3913.32,177.82,3735.5,5.24,RSI Target 60,bull,28,37.9,64.1,57.3,64.4,Shree Cement
GFS Basic,2007-11-02,2007-11-14,1394.38,1249.25,54,-7836.7,174.54,-8011.24,-10.64,RSI Stop <30,bull,12,35.2,24.8,56.6,64.9,Shree Cement
GFS Basic,2009-08-17,2009-08-20,1522.54,1381.53,44,-6204.65,157.77,-6362.42,-9.5,RSI Stop <30,bull,3,42.7,28.7,86.0,76.2,Shree Cement
GFS Basic,2009-08-26,2009-09-18,1484.52,1569.29,41,3475.63,154.19,3321.44,5.46,RSI Target 60,bull,23,35.5,71.1,75.7,77.6,Shree Cement
GFS Basic,2009-10-14,2009-10-22,1429.75,1385.24,45,-2002.98,156.23,-2159.21,-3.36,RSI Stop <30,bull,8,40.8,23.0,67.1,79.1,Shree Cement
GFS Basic,2010-01-27,2010-01-28,1954.34,1845.33,32,-3488.3,150.69,-3638.99,-5.82,RSI Stop <30,bull,1,40.4,25.2,76.5,87.7,Shree Cement
GFS Basic,2010-02-15,2010-02-17,1884.54,1948.85,31,1993.65,147.22,1846.43,3.16,RSI Target 60,bull,2,36.8,66.4,69.2,89.8,Shree Cement
GFS Basic,2010-11-24,2010-11-25,1993.88,1895.93,30,-2938.35,145.21,-3083.57,-5.16,RSI Stop <30,sideways,1,39.0,21.7,69.2,64.0,Shree Cement
GFS Basic,2012-04-12,2012-04-23,2816.38,2621.15,20,-3904.64,136.46,-4041.1,-7.17,RSI Stop <30,bull,11,42.6,21.9,74.2,82.5,Shree Cement
GFS Basic,2012-04-30,2012-05-08,2835.28,2558.17,19,-5265.1,129.59,-5394.69,-10.01,RSI Stop <30,bull,8,38.9,24.3,66.8,70.5,Shree Cement
GFS Basic,2012-09-14,2012-09-20,3310.71,3351.21,14,567.08,118.92,448.16,0.97,RSI Target 60,bull,6,37.5,64.0,84.2,73.5,Shree Cement
GFS Basic,2012-11-19,2012-12-10,4061.75,4115.3,12,642.58,124.31,518.27,1.06,RSI Target 60,bull,21,44.2,64.2,79.5,80.7,Shree Cement
GFS Basic,2013-01-11,2013-03-04,4303.76,3958.03,11,-3803.04,116.6,-3919.63,-8.28,RSI Stop <30,bull,52,39.4,29.5,52.6,75.5,Shree Cement
GFS Basic,2013-06-06,2013-07-19,4535.65,4228.05,10,-3076.04,112.94,-3188.98,-7.03,RSI Stop <30,bull,43,38.1,23.5,60.5,70.7,Shree Cement
GFS Basic,2013-07-23,2013-08-02,4302.45,3984.92,10,-3175.35,107.65,-3283.0,-7.63,RSI Stop <30,sideways,10,44.8,29.7,46.9,72.4,Shree Cement
GFS Basic,2013-11-19,2013-11-22,4137.85,4086.05,9,-466.26,97.61,-563.87,-1.51,RSI Stop <30,sideways,3,35.1,27.9,59.0,60.8,Shree Cement
GFS Basic,2013-11-29,2014-01-06,4177.61,4247.87,9,632.33,99.54,532.79,1.42,RSI Target 60,bull,38,42.5,67.8,66.7,51.6,Shree Cement
GFS Basic,2014-05-06,2014-05-12,5480.51,5725.49,7,1714.84,102.36,1612.47,4.2,RSI Target 60,bull,6,39.2,65.9,81.1,64.0,Shree Cement
GFS Basic,2014-06-26,2014-06-27,7138.35,6881.33,5,-1285.08,93.32,-1378.4,-3.86,RSI Stop <30,bull,1,35.9,25.3,79.7,74.7,Shree Cement
GFS Basic,2014-06-30,2014-07-03,7047.61,7089.83,5,211.09,93.86,117.22,0.33,RSI Target 60,bull,3,37.0,61.7,79.7,74.3,Shree Cement
GFS Basic,2014-07-10,2014-07-21,6999.83,7019.57,5,98.67,93.21,5.46,0.02,RSI Target 60,bull,11,43.4,61.3,74.1,74.3,Shree Cement
GFS Basic,2014-07-25,2014-08-05,6848.85,7122.67,5,1369.11,92.85,1276.26,3.73,RSI Target 60,bull,11,35.8,61.6,72.9,73.0,Shree Cement
GFS Basic,2014-08-11,2014-08-14,7100.17,6986.16,5,-570.09,93.64,-663.73,-1.87,RSI Target 60,bull,3,43.7,65.8,72.8,73.0,Shree Cement
GFS Basic,2014-09-26,2014-10-13,8078.18,7911.29,5,-834.47,104.23,-938.69,-2.32,RSI Stop <30,bull,17,42.7,19.0,68.3,85.3,Shree Cement
GFS Basic,2014-10-14,2014-10-21,7982.83,8157.51,5,873.38,104.94,768.44,1.93,RSI Target 60,bull,7,39.5,61.2,70.6,85.3,Shree Cement
GFS Basic,2014-11-24,2014-12-09,8690.51,8886.12,4,782.42,93.4,689.02,1.98,RSI Target 60,bull,15,43.3,62.5,73.5,96.1,Shree Cement
GFS Basic,2015-03-09,2015-03-23,11019.96,10335.91,3,-2052.15,86.68,-2138.83,-6.47,RSI Stop <30,bull,14,44.2,27.4,76.9,98.4,Shree Cement
GFS Basic,2015-03-27,2015-04-17,10828.4,9610.51,3,-3653.68,83.74,-3737.42,-11.5,RSI Stop <30,bull,21,44.9,27.2,59.5,95.4,Shree Cement
GFS Basic,2016-09-15,2016-09-27,16860.12,16152.35,2,-1415.54,88.8,-1504.34,-4.46,RSI Stop <30,bull,12,43.6,24.3,83.2,74.1,Shree Cement
GFS Basic,2016-09-30,2016-10-03,16476.32,17202.5,2,1452.36,90.07,1362.29,4.13,RSI Target 60,bull,3,42.1,71.2,81.5,73.1,Shree Cement
GFS Basic,2017-05-17,2017-05-23,19784.64,17265.53,1,-2519.11,56.69,-2575.81,-13.02,RSI Stop <30,bull,6,44.4,27.4,66.9,82.8,Shree Cement
GFS Basic,2017-06-05,2017-06-13,17479.83,17504.59,1,24.76,54.21,-29.45,-0.17,RSI Target 60,bull,8,35.3,62.7,65.0,72.0,Shree Cement
GFS Basic,2017-06-20,2017-06-23,17411.99,16384.24,1,-1027.75,52.97,-1080.72,-6.21,RSI Stop <30,bull,3,42.5,9.3,52.8,72.0,Shree Cement
GFS Basic,2019-06-14,2019-06-17,20335.39,19455.51,1,-879.88,59.62,-939.5,-4.62,RSI Stop <30,bull,3,43.6,29.1,69.0,62.9,Shree Cement
GFS Basic,2019-06-18,2019-06-26,19968.63,21273.74,1,1305.12,61.06,1244.05,6.23,RSI Target 60,bull,8,35.7,66.6,72.6,62.9,Shree Cement
GFS Basic,2019-07-16,2019-07-26,20986.18,20856.45,1,-129.73,61.84,-191.57,-0.91,RSI Target 60,bull,10,43.9,62.0,61.6,61.9,Shree Cement
GFS Basic,2019-07-30,2019-08-01,20921.5,19498.1,1,-1423.4,60.35,-1483.75,-7.09,RSI Stop <30,bull,2,42.4,29.7,61.6,57.6,Shree Cement
GFS Basic,2019-12-11,2020-01-02,19841.09,20697.52,1,856.43,60.32,796.12,4.01,RSI Target 60,bull,22,43.4,70.4,59.9,68.9,Shree Cement
GFS Basic,2020-02-03,2020-02-04,23109.75,23868.85,1,759.1,67.48,691.62,2.99,RSI Target 60,bull,1,44.5,60.3,73.1,69.1,Shree Cement
GFS Basic,2020-02-25,2020-02-26,24089.81,22977.85,1,-1111.95,67.72,-1179.67,-4.9,RSI Stop <30,bull,1,38.3,29.1,80.3,69.1,Shree Cement
GFS Basic,2020-03-03,2020-03-12,22964.38,19852.48,1,-3111.9,63.14,-3175.04,-13.83,RSI Stop <30,bull,9,39.2,19.7,62.8,66.7,Shree Cement
GFS Basic,2020-12-14,2021-01-08,23483.94,25277.33,1,1793.4,69.38,1724.01,7.34,RSI Target 60,bull,25,40.8,62.6,75.3,59.4,Shree Cement
GFS Basic,2021-03-05,2021-03-30,28279.14,28490.24,1,211.11,78.4,132.71,0.47,RSI Target 60,bull,25,43.5,67.1,61.2,62.2,Shree Cement
GFS Basic,2021-09-23,2021-09-28,29712.27,28696.97,1,-1015.29,80.31,-1095.61,-3.69,RSI Stop <30,bull,5,41.5,25.2,56.1,64.8,Shree Cement
GFS Basic,2023-10-06,2023-10-13,25686.41,26562.08,1,875.67,73.32,802.34,3.12,RSI Target 60,bull,7,41.4,63.3,65.6,66.8,Shree Cement
GFS Basic,2023-10-31,2023-11-16,25743.85,25892.62,1,148.77,72.7,76.07,0.3,RSI Target 60,bull,16,42.2,60.2,62.1,63.4,Shree Cement
GFS Basic,2023-11-24,2023-12-01,25844.85,26735.59,1,890.74,73.69,817.05,3.16,RSI Target 60,bull,7,44.4,70.0,66.0,71.1,Shree Cement
GFS Basic,2024-01-02,2024-01-05,28468.94,26732.38,1,-1736.56,76.8,-1813.37,-6.37,RSI Stop <30,bull,3,37.3,24.1,57.7,71.5,Shree Cement
GFS Basic,2024-07-30,2024-08-07,27631.71,24921.72,1,-2709.98,73.93,-2783.91,-10.08,RSI Stop <30,bull,8,44.5,25.8,68.1,59.3,Shree Cement
GFS Advanced,2006-05-16,2006-05-19,968.42,857.66,98,-10855.25,214.98,-11070.23,-11.66,Price < 50 EMA,bull,3,35.9,38.5,77.3,91.5,Shree Cement
GFS Advanced,2007-08-07,2007-08-10,1149.91,1140.8,73,-664.97,201.18,-866.15,-1.03,Price < 50 EMA,bull,3,37.9,32.5,60.1,63.3,Shree Cement
GFS Advanced,2014-10-14,2014-10-21,7982.83,8157.51,10,1746.76,194.54,1552.23,1.94,RSI Target 60,bull,7,39.5,61.2,70.6,85.3,Shree Cement
GFS Advanced,2017-05-18,2017-05-23,19077.75,17265.53,4,-7248.88,177.4,-7426.28,-9.73,RSI Stop <30,bull,5,42.4,27.4,66.9,82.8,Shree Cement
GFS Advanced,2019-06-21,2019-06-26,20720.19,21273.74,3,1660.67,155.19,1505.49,2.42,RSI Target 60,bull,5,44.7,66.6,72.6,62.9,Shree Cement
GFS Advanced,2019-12-20,2020-01-02,19915.98,20697.52,3,2344.63,150.53,2194.1,3.67,RSI Target 60,bull,13,42.0,70.4,59.9,68.9,Shree Cement
