strategy,entry_date,exit_date,entry_price,exit_price,shares,gross_pnl,costs,net_pnl,pnl_pct,reason,regime,duration,rsi_entry_d,rsi_exit_d,rsi_weekly,rsi_monthly,signal_candle_high,signal_candle_low,instrument
GFS Basic,2006-05-23,2006-06-06,96.48,90.18,984,-6200.52,219.88,-6420.4,-6.76,Stop Loss (candle low),bull,14,43.7,25.9,74.3,88.7,96.43,90.6,Reliance
GFS Basic,2006-12-01,2006-12-07,126.36,129.43,703,2156.15,214.96,1941.19,2.19,RSI Target 60,bull,6,38.1,68.6,83.0,85.1,126.3,123.86,Reliance
GFS Basic,2006-12-13,2007-01-03,123.69,127.79,733,3004.82,219.92,2784.9,3.07,RSI Target 60,bull,21,42.2,68.2,75.1,87.0,123.63,119.48,Reliance
GFS Basic,2007-02-28,2007-03-02,137.42,130.94,679,-4402.8,218.12,-4620.92,-4.95,Stop Loss (candle low),bull,2,38.4,34.4,58.7,86.1,137.35,132.42,Reliance
GFS Basic,2007-06-12,2007-07-06,172.02,171.65,517,-190.09,212.76,-402.85,-0.45,RSI Target 60,bull,24,37.4,60.6,80.1,81.7,171.93,166.91,Reliance
GFS Basic,2007-07-09,2007-07-13,172.78,177.99,512,2666.48,214.68,2451.8,2.77,RSI Target 60,bull,4,43.8,69.5,83.6,81.7,172.69,170.76,Reliance
GFS Basic,2007-08-13,2007-08-16,184.57,174.58,492,-4918.63,212.03,-5130.66,-5.65,Stop Loss (candle low),bull,3,41.5,31.1,68.7,87.9,184.48,181.45,Reliance
GFS Basic,2007-12-19,2008-01-04,279.84,300.45,307,6327.44,212.8,6114.64,7.12,RSI Target 60,bull,16,41.9,62.7,74.8,96.0,279.7,266.18,Reliance
GFS Basic,2013-02-07,2013-02-08,184.76,180.71,497,-2010.68,217.3,-2227.98,-2.43,Stop Loss (candle low),bull,1,38.9,24.9,59.5,60.2,184.67,181.72,Reliance
GFS Basic,2014-05-05,2014-05-09,203.2,211.28,441,3562.38,218.16,3344.22,3.73,RSI Target 60,bull,4,40.1,65.5,77.1,60.5,203.1,195.91,Reliance
GFS Basic,2014-06-23,2014-06-26,223.71,216.43,415,-3021.89,218.51,-3240.4,-3.49,Stop Loss (candle low),bull,3,35.6,23.3,65.3,71.5,223.6,219.01,Reliance
GFS Basic,2017-03-29,2017-04-03,276.23,301.07,325,8071.0,223.19,7847.81,8.74,RSI Target 60,bull,5,39.4,66.1,79.7,67.1,276.1,270.12,Reliance
GFS Basic,2017-05-09,2017-05-19,292.38,288.85,332,-1173.17,229.82,-1403.0,-1.45,Stop Loss (candle low),bull,10,39.3,28.4,73.6,75.1,292.23,289.15,Reliance
GFS Basic,2017-06-05,2017-06-06,293.99,287.52,326,-2109.24,226.12,-2335.37,-2.44,Stop Loss (candle low),bull,1,42.1,39.0,64.5,67.6,293.84,288.19,Reliance
GFS Basic,2017-08-14,2017-08-22,350.14,344.39,267,-1534.55,221.49,-1756.04,-1.88,Stop Loss (candle low),bull,8,44.4,39.6,70.1,82.2,349.96,344.6,Reliance
GFS Basic,2017-10-03,2017-10-13,355.26,386.96,259,8209.91,228.31,7981.6,8.67,RSI Target 60,bull,10,41.2,68.5,70.0,77.0,355.09,346.74,Reliance
GFS Basic,2017-11-20,2017-11-27,408.52,420.03,244,2809.06,239.74,2569.32,2.58,RSI Target 60,bull,7,44.0,65.7,69.7,81.8,408.31,399.57,Reliance
GFS Basic,2017-12-14,2017-12-22,408.76,406.37,249,-596.44,240.89,-837.33,-0.82,RSI Target 60,bull,8,36.4,61.4,59.6,79.1,408.56,401.22,Reliance
GFS Basic,2018-07-03,2018-07-12,435.32,481.06,232,10612.71,250.75,10361.96,10.26,RSI Target 60,bull,9,43.8,64.0,62.2,71.2,435.1,426.84,Reliance
GFS Basic,2019-04-11,2019-04-18,601.96,616.0,184,2584.0,264.14,2319.86,2.09,RSI Target 60,bull,7,44.1,60.0,81.9,67.9,601.66,590.69,Reliance
GFS Basic,2019-04-23,2019-05-02,610.86,624.49,185,2522.37,269.07,2253.3,1.99,RSI Target 60,bull,9,43.0,68.0,80.2,69.2,610.55,598.25,Reliance
GFS Basic,2020-01-02,2020-01-06,689.69,671.36,167,-3060.89,268.11,-3329.0,-2.89,Stop Loss (candle low),bull,4,43.8,38.0,80.3,71.3,689.35,676.06,Reliance
GFS Basic,2020-08-24,2020-09-10,954.72,1048.72,117,10997.09,274.95,10722.15,9.6,RSI Target 60,bull,17,38.1,73.9,80.4,72.6,954.25,938.36,Reliance
GFS Basic,2020-10-07,2020-10-13,1047.5,1033.62,116,-1609.21,283.68,-1892.89,-1.56,RSI Target 60,bull,6,40.2,62.1,71.3,77.9,1046.97,1006.11,Reliance
GFS Basic,2021-11-01,2021-11-03,1163.59,1129.5,103,-3511.22,278.02,-3789.24,-3.16,Stop Loss (candle low),bull,2,35.8,24.6,72.2,63.1,1163.01,1134.28,Reliance
GFS Basic,2024-03-18,2024-04-08,1431.85,1474.32,81,3440.21,276.62,3163.59,2.73,RSI Target 60,bull,21,39.0,67.6,70.7,79.5,1431.13,1405.41,Reliance
GFS Basic,2024-04-19,2024-05-03,1463.9,1422.75,82,-3374.26,278.58,-3652.84,-3.04,Stop Loss (candle low),bull,14,40.8,32.1,61.4,78.9,1463.17,1431.71,Reliance
GFS Advanced,2006-05-23,2006-06-06,96.48,90.18,984,-6200.52,219.88,-6420.4,-6.76,Stop Loss (candle low),bull,14,43.7,25.9,74.3,88.7,96.43,90.6,Reliance
GFS Advanced,2006-12-01,2006-12-07,126.36,129.43,703,2156.15,214.96,1941.19,2.19,RSI Target 60,bull,6,38.1,68.6,83.0,85.1,126.3,123.86,Reliance
GFS Advanced,2007-06-14,2007-06-15,171.13,168.84,530,-1213.26,215.62,-1428.88,-1.58,Stop Loss (candle low),bull,1,43.4,41.7,79.4,88.4,171.04,169.15,Reliance
GFS Advanced,2007-08-13,2007-08-16,184.57,174.58,484,-4838.65,208.83,-5047.49,-5.65,Stop Loss (candle low),bull,3,41.5,31.1,68.7,87.9,184.48,181.45,Reliance
GFS Advanced,2007-12-24,2008-01-04,281.36,300.45,300,5729.46,208.84,5520.63,6.54,RSI Target 60,bull,11,38.4,62.7,74.8,96.0,281.22,270.84,Reliance
GFS Advanced,2013-02-07,2013-02-08,184.76,180.71,486,-1966.18,212.83,-2179.01,-2.43,Stop Loss (candle low),bull,1,38.9,24.9,59.5,60.2,184.67,181.72,Reliance
GFS Advanced,2014-06-23,2014-06-26,223.71,216.43,392,-2854.41,207.25,-3061.66,-3.49,Stop Loss (candle low),bull,3,35.6,23.3,65.3,71.5,223.6,219.01,Reliance
GFS Advanced,2017-03-29,2017-04-03,276.23,301.07,307,7623.99,211.68,7412.31,8.74,RSI Target 60,bull,5,39.4,66.1,79.7,67.1,276.1,270.12,Reliance
GFS Advanced,2017-08-14,2017-08-22,350.14,344.39,262,-1505.82,217.63,-1723.44,-1.88,Stop Loss (candle low),bull,8,44.4,39.6,70.1,82.2,349.96,344.6,Reliance
GFS Advanced,2017-11-20,2017-11-27,408.52,420.03,220,2532.76,217.67,2315.09,2.58,RSI Target 60,bull,7,44.0,65.7,69.7,81.8,408.31,399.57,Reliance
GFS Advanced,2017-12-14,2017-12-22,408.76,406.37,226,-541.35,220.06,-761.4,-0.82,RSI Target 60,bull,8,36.4,61.4,59.6,79.1,408.56,401.22,Reliance
GFS Advanced,2018-07-03,2018-07-12,435.32,481.06,210,9606.33,228.43,9377.91,10.26,RSI Target 60,bull,9,43.8,64.0,62.2,71.2,435.1,426.84,Reliance
GFS Advanced,2020-01-07,2020-01-27,686.81,673.62,146,-1924.82,236.16,-2160.98,-2.16,Stop Loss (candle low),bull,20,43.5,45.6,64.2,71.3,686.46,676.73,Reliance
GFS Advanced,2021-11-11,2021-11-16,1170.19,1145.1,84,-2107.65,231.58,-2339.23,-2.38,Stop Loss (candle low),bull,5,40.0,30.4,75.8,63.1,1169.61,1153.13,Reliance
GFS Advanced,2024-03-18,2024-04-08,1431.85,1474.32,67,2845.61,231.46,2614.15,2.72,RSI Target 60,bull,21,39.0,67.6,70.7,79.5,1431.13,1405.41,Reliance
GFS Basic,2006-05-25,2006-06-01,156.85,141.09,605,-9535.01,216.33,-9751.34,-10.28,Stop Loss (candle low),bull,7,38.2,29.2,65.1,60.5,156.77,144.03,TCS
GFS Basic,2006-11-13,2006-11-14,179.77,183.95,476,1992.18,207.54,1784.63,2.09,RSI Target 60,bull,1,42.5,63.6,70.7,76.8,179.68,177.27,TCS
GFS Basic,2006-12-13,2007-01-02,189.92,207.6,460,8135.35,217.9,7917.46,9.06,RSI Target 60,bull,20,43.3,63.1,72.4,83.4,189.82,179.64,TCS
GFS Basic,2007-02-12,2007-02-28,216.67,198.9,438,-7781.81,218.16,-7999.97,-8.43,Stop Loss (candle low),bull,16,38.6,28.7,73.5,72.5,216.56,208.34,TCS
GFS Basic,2010-02-03,2010-02-05,265.44,253.48,329,-3937.12,205.32,-4142.44,-4.74,Stop Loss (candle low),bull,2,36.8,25.9,62.5,88.9,265.31,257.68,TCS
GFS Basic,2010-08-31,2010-09-15,303.42,327.11,274,6491.18,206.81,6284.38,7.56,RSI Target 60,bull,15,40.4,63.6,70.8,91.4,303.27,296.86,TCS
GFS Basic,2010-11-25,2010-12-09,373.65,384.27,239,2539.43,216.41,2323.03,2.6,RSI Target 60,bull,14,42.7,65.5,78.5,91.5,373.46,360.8,TCS
GFS Basic,2011-02-25,2011-03-03,401.25,412.77,228,2625.0,221.35,2403.65,2.63,RSI Target 60,bull,6,44.4,65.7,60.2,82.5,401.05,390.53,TCS
GFS Basic,2011-11-22,2011-12-05,398.18,429.01,235,7243.92,230.77,7013.15,7.49,RSI Target 60,bear,13,36.5,60.6,67.5,65.7,397.98,383.98,TCS
GFS Basic,2011-12-23,2012-01-09,422.55,425.52,237,704.89,238.6,466.3,0.47,RSI Target 60,bull,17,40.7,61.6,62.4,60.9,422.33,413.8,TCS
GFS Basic,2012-07-20,2012-08-06,453.58,454.57,222,220.63,239.32,-18.69,-0.02,RSI Target 60,bull,17,40.7,65.2,56.9,59.7,453.35,442.9,TCS
GFS Basic,2012-09-20,2012-09-24,495.02,476.97,203,-3663.45,234.84,-3898.29,-3.88,Stop Loss (candle low),bull,4,41.9,41.4,53.9,63.6,494.77,477.77,TCS
GFS Basic,2013-04-12,2013-04-15,567.07,547.16,171,-3404.32,227.29,-3631.6,-3.75,Stop Loss (candle low),bull,3,40.3,37.1,73.1,77.5,566.78,549.35,TCS
GFS Basic,2013-08-22,2013-08-29,675.98,731.65,138,7682.47,230.59,7451.88,7.99,RSI Target 60,bull,7,44.8,64.6,76.4,73.9,675.64,637.0,TCS
GFS Basic,2013-09-20,2013-09-24,748.48,728.79,134,-2638.03,235.47,-2873.5,-2.87,Stop Loss (candle low),bull,4,39.8,41.1,79.4,77.0,748.11,729.36,TCS
GFS Basic,2013-11-06,2013-11-13,792.81,771.48,123,-2623.76,229.31,-2853.07,-2.93,Stop Loss (candle low),bull,7,38.0,49.0,68.8,74.7,792.41,775.26,TCS
GFS Basic,2014-01-30,2014-02-04,840.83,811.46,113,-3319.3,223.03,-3542.33,-3.73,Stop Loss (candle low),bull,5,44.7,30.6,67.0,75.3,840.41,826.03,TCS
GFS Basic,2014-03-13,2014-03-18,831.39,800.39,110,-3410.62,215.02,-3625.65,-3.96,Stop Loss (candle low),bull,5,44.7,42.3,59.5,78.1,830.98,805.99,TCS
GFS Basic,2014-08-13,2014-08-19,981.35,944.91,90,-3279.32,208.2,-3487.52,-3.95,Stop Loss (candle low),bull,6,41.7,21.3,77.2,79.7,980.86,957.12,TCS
GFS Basic,2015-03-20,2015-03-25,1019.57,1001.33,83,-1513.49,201.81,-1715.31,-2.03,Stop Loss (candle low),bull,5,44.3,25.8,61.3,67.5,1019.06,1003.32,TCS
GFS Basic,2018-02-21,2018-02-28,1258.2,1245.63,66,-829.28,199.01,-1028.29,-1.24,RSI Target 60,bull,7,42.6,62.3,66.1,68.6,1257.57,1214.85,TCS
GFS Basic,2019-03-01,2019-03-12,1671.55,1676.09,49,222.19,197.57,24.62,0.03,RSI Target 60,bull,11,41.9,68.4,54.6,70.1,1670.72,1649.35,TCS
GFS Basic,2019-07-08,2019-07-10,1839.55,1770.04,44,-3058.45,192.03,-3250.47,-4.02,Stop Loss (candle low),bull,2,35.8,22.2,61.0,68.8,1838.63,1790.11,TCS
GFS Basic,2020-11-04,2020-11-23,2389.37,2389.08,33,-9.36,190.54,-199.9,-0.25,RSI Target 60,bull,19,39.2,61.5,74.4,62.5,2388.17,2288.89,TCS
GFS Basic,2021-02-10,2021-02-15,2831.52,2758.79,28,-2036.3,189.4,-2225.7,-2.81,Stop Loss (candle low),bull,5,40.9,35.5,75.1,79.7,2830.1,2774.12,TCS
GFS Basic,2021-10-04,2021-10-08,3351.36,3482.51,23,3016.44,189.75,2826.69,3.67,RSI Target 60,bull,4,37.7,62.0,73.1,78.8,3349.68,3280.58,TCS
GFS Basic,2021-10-18,2021-10-21,3241.58,3131.77,24,-2635.32,185.48,-2820.8,-3.63,Stop Loss (candle low),bull,3,37.7,34.6,63.6,78.8,3239.96,3192.9,TCS
GFS Basic,2022-02-09,2022-02-11,3358.62,3281.55,23,-1772.62,185.16,-1957.77,-2.53,Stop Loss (candle low),bull,2,37.5,38.6,57.7,68.8,3356.94,3326.98,TCS
GFS Basic,2023-10-04,2023-10-19,3297.45,3216.72,22,-1776.22,174.7,-1950.92,-2.69,Stop Loss (candle low),bull,15,41.2,40.4,62.9,60.6,3295.8,3228.51,TCS
GFS Basic,2024-08-09,2024-08-12,4029.46,3970.54,18,-1060.48,175.41,-1235.89,-1.7,Stop Loss (candle low),bull,3,44.4,40.2,65.9,74.8,4027.44,3979.91,TCS
GFS Basic,2024-09-10,2024-09-18,4300.67,4112.97,16,-3003.22,165.13,-3168.35,-4.6,Stop Loss (candle low),bull,8,43.8,31.7,74.2,76.1,4298.52,4202.21,TCS
GFS Advanced,2006-12-22,2007-01-02,193.08,207.6,492,7145.33,233.83,6911.49,7.28,RSI Target 60,bull,11,41.4,63.1,72.4,83.4,192.98,187.58,TCS
GFS Advanced,2007-02-12,2007-02-28,216.67,198.9,468,-8314.81,232.05,-8546.86,-8.43,Stop Loss (candle low),bull,16,38.6,28.7,73.5,72.5,216.56,208.34,TCS
GFS Advanced,2010-08-31,2010-09-15,303.42,327.11,307,7272.97,229.87,7043.1,7.56,RSI Target 60,bull,15,40.4,63.6,70.8,91.4,303.27,296.86,TCS
GFS Advanced,2011-12-23,2012-01-09,422.55,425.52,236,701.92,237.66,464.26,0.47,RSI Target 60,bull,17,40.7,61.6,62.4,60.9,422.33,413.8,TCS
GFS Advanced,2013-09-23,2013-09-30,743.7,724.4,135,-2606.34,235.74,-2842.08,-2.83,Stop Loss (candle low),bull,7,36.8,38.4,81.9,73.2,743.33,728.98,TCS
GFS Advanced,2013-11-06,2013-11-13,792.81,771.48,123,-2623.76,229.31,-2853.07,-2.93,Stop Loss (candle low),bull,7,38.0,49.0,68.8,74.7,792.41,775.26,TCS
GFS Advanced,2014-01-30,2014-02-04,840.83,811.46,113,-3319.3,223.03,-3542.33,-3.73,Stop Loss (candle low),bull,5,44.7,30.6,67.0,75.3,840.41,826.03,TCS
GFS Advanced,2015-03-20,2015-03-25,1019.57,1001.33,90,-1641.14,217.54,-1858.68,-2.03,Stop Loss (candle low),bull,5,44.3,25.8,61.3,67.5,1019.06,1003.32,TCS
GFS Advanced,2019-03-06,2019-03-12,1679.89,1676.09,53,-201.54,212.97,-414.51,-0.47,RSI Target 60,bull,6,43.6,68.4,54.6,70.1,1679.05,1653.27,TCS
GFS Advanced,2020-11-04,2020-11-23,2389.37,2389.08,37,-10.49,211.78,-222.27,-0.25,RSI Target 60,bull,19,39.2,61.5,74.4,62.5,2388.17,2288.89,TCS
GFS Advanced,2021-02-10,2021-02-15,2831.52,2758.79,31,-2254.48,208.05,-2462.53,-2.81,Stop Loss (candle low),bull,5,40.9,35.5,75.1,79.7,2830.1,2774.12,TCS
GFS Advanced,2021-10-04,2021-10-08,3351.36,3482.51,25,3278.74,204.91,3073.83,3.67,RSI Target 60,bull,4,37.7,62.0,73.1,78.8,3349.68,3280.58,TCS
GFS Advanced,2022-02-09,2022-02-11,3358.62,3281.55,26,-2003.83,207.31,-2211.13,-2.53,Stop Loss (candle low),bull,2,37.5,38.6,57.7,68.8,3356.94,3326.98,TCS
GFS Advanced,2023-10-04,2023-10-18,3297.45,3237.75,26,-1552.19,204.24,-1756.43,-2.05,Price < 50 EMA,bull,14,41.2,37.5,62.9,60.6,3295.8,3228.51,TCS
GFS Advanced,2024-08-09,2024-08-12,4029.46,3970.54,21,-1237.23,202.09,-1439.32,-1.7,Stop Loss (candle low),bull,3,44.4,40.2,65.9,74.8,4027.44,3979.91,TCS
GFS Advanced,2024-09-10,2024-09-18,4300.67,4112.97,19,-3566.33,193.22,-3759.54,-4.6,Stop Loss (candle low),bull,8,43.8,31.7,74.2,76.1,4298.52,4202.21,TCS
GFS Basic,2006-04-28,2006-05-03,35.19,36.97,2699,4782.73,231.37,4551.36,4.79,RSI Target 60,bull,5,42.6,60.8,62.3,67.7,35.18,31.73,HDFC Bank
GFS Basic,2006-12-12,2007-01-10,46.03,43.04,2157,-6453.09,229.28,-6682.37,-6.73,Stop Loss (candle low),bull,29,39.9,40.3,63.5,80.6,46.01,43.14,HDFC Bank
GFS Basic,2007-06-20,2007-06-29,48.45,49.76,1918,2503.68,224.44,2279.24,2.45,RSI Target 60,bull,9,36.8,66.8,65.3,71.1,48.43,47.17,HDFC Bank
GFS Basic,2007-08-02,2007-08-06,50.47,49.14,1885,-2499.75,224.13,-2723.88,-2.86,Stop Loss (candle low),bull,4,35.4,36.7,65.5,76.9,50.44,49.47,HDFC Bank
GFS Basic,2007-10-19,2007-10-24,62.54,65.69,1479,4653.25,225.71,4427.54,4.79,RSI Target 60,bull,5,40.6,61.2,60.7,79.4,62.51,58.07,HDFC Bank
GFS Basic,2009-12-16,2009-12-17,75.12,73.41,1288,-2209.37,228.05,-2437.42,-2.52,Stop Loss (candle low),bull,1,37.4,35.9,80.4,68.3,75.08,73.56,HDFC Bank
GFS Basic,2010-05-26,2010-06-10,81.47,84.69,1159,3733.36,229.02,3504.34,3.71,RSI Target 60,bull,15,40.8,65.9,61.2,80.1,81.43,79.59,HDFC Bank
GFS Basic,2010-11-03,2010-11-08,104.94,103.22,931,-1599.54,230.77,-1830.32,-1.87,Stop Loss (candle low),bull,5,41.4,42.0,63.6,72.9,104.88,103.91,HDFC Bank
GFS Basic,2011-05-06,2011-05-30,102.64,101.99,935,-608.35,227.96,-836.31,-0.87,RSI Target 60,bull,24,43.0,63.5,57.2,65.5,102.59,98.34,HDFC Bank
GFS Basic,2011-06-21,2011-06-28,104.42,107.84,912,3113.25,230.18,2883.07,3.03,RSI Target 60,bull,7,37.6,63.4,70.1,63.2,104.37,102.45,HDFC Bank
GFS Basic,2011-07-27,2011-07-28,112.25,108.43,872,-3328.56,229.4,-3557.96,-3.63,Stop Loss (candle low),bull,1,42.6,36.1,62.7,64.5,112.19,109.48,HDFC Bank
GFS Basic,2012-07-25,2012-07-26,130.39,126.9,725,-2533.49,222.78,-2756.27,-2.92,Stop Loss (candle low),bull,1,43.6,38.8,64.9,64.7,130.32,128.67,HDFC Bank
GFS Basic,2012-08-31,2012-09-06,134.7,131.91,682,-1904.33,217.5,-2121.83,-2.31,Stop Loss (candle low),bull,6,38.7,33.4,83.2,63.2,134.63,132.15,HDFC Bank
GFS Basic,2012-12-19,2013-01-07,154.74,149.86,581,-2832.76,212.18,-3044.93,-3.39,Stop Loss (candle low),bull,19,41.5,43.1,68.1,71.8,154.66,151.27,HDFC Bank
GFS Basic,2014-04-07,2014-04-17,165.71,162.53,525,-1666.04,206.93,-1872.97,-2.15,Stop Loss (candle low),bull,10,43.6,31.4,67.2,62.0,165.62,163.53,HDFC Bank
GFS Basic,2014-07-24,2014-07-28,192.68,189.19,442,-1541.73,202.98,-1744.71,-2.05,Stop Loss (candle low),bull,4,43.0,50.2,70.5,64.5,192.58,189.98,HDFC Bank
GFS Basic,2014-08-12,2014-08-22,184.57,193.11,453,3868.13,205.14,3662.99,4.38,RSI Target 60,bull,10,35.0,63.3,58.5,64.1,184.48,180.63,HDFC Bank
GFS Basic,2014-12-15,2014-12-16,215.57,211.13,404,-1796.19,207.01,-2003.2,-2.3,Stop Loss (candle low),bull,1,42.7,36.8,74.7,84.4,215.47,211.64,HDFC Bank
GFS Basic,2015-02-19,2015-02-25,247.67,240.02,344,-2630.98,201.93,-2832.92,-3.33,Stop Loss (candle low),bull,6,44.9,44.3,79.5,87.6,247.55,242.61,HDFC Bank
GFS Basic,2015-03-11,2015-03-13,242.42,237.79,340,-1575.06,196.86,-1771.92,-2.15,Stop Loss (candle low),bull,2,44.5,41.0,67.0,83.9,242.3,239.47,HDFC Bank
GFS Basic,2015-08-05,2015-08-12,252.48,245.96,320,-2084.39,192.71,-2277.1,-2.82,Stop Loss (candle low),bull,7,39.6,29.7,72.2,82.0,252.35,249.35,HDFC Bank
GFS Basic,2015-12-14,2015-12-29,243.77,247.69,322,1260.72,191.07,1069.65,1.36,RSI Target 60,bull,15,44.6,65.4,56.0,67.3,243.65,238.99,HDFC Bank
GFS Basic,2016-06-15,2016-07-01,269.31,272.09,295,818.03,192.73,625.3,0.79,RSI Target 60,bull,16,40.2,62.7,78.4,66.1,269.18,264.98,HDFC Bank
GFS Basic,2016-10-27,2016-11-04,291.49,288.12,275,-927.44,192.5,-1119.94,-1.4,Weekly RSI < 50,bull,8,37.8,43.9,49.4,71.2,291.35,283.59,HDFC Bank
GFS Basic,2017-05-18,2017-05-19,362.1,361.68,218,-91.53,190.65,-282.19,-0.36,RSI Target 60,bull,1,43.2,61.1,88.9,88.0,361.92,358.64,HDFC Bank
GFS Basic,2017-08-23,2017-08-29,415.04,407.21,190,-1487.83,189.03,-1676.85,-2.13,Stop Loss (candle low),bull,6,44.1,37.2,82.5,88.7,414.83,408.1,HDFC Bank
GFS Basic,2017-09-29,2017-10-11,425.32,417.47,181,-1421.32,184.93,-1606.25,-2.09,Stop Loss (candle low),bull,12,44.3,29.6,72.6,87.1,425.11,418.89,HDFC Bank
GFS Basic,2017-12-07,2017-12-22,424.06,437.64,178,2417.23,185.57,2231.65,2.96,RSI Target 60,bull,15,44.7,61.2,54.9,89.2,423.85,420.49,HDFC Bank
GFS Basic,2018-01-09,2018-01-16,436.49,443.12,178,1180.09,189.21,990.89,1.28,RSI Target 60,bull,7,42.8,64.4,63.0,91.1,436.27,432.59,HDFC Bank
GFS Basic,2018-08-07,2018-08-13,501.45,490.89,157,-1657.58,188.56,-1846.14,-2.34,Stop Loss (candle low),bull,6,39.5,34.3,64.3,81.9,501.2,494.73,HDFC Bank
GFS Basic,2019-01-25,2019-01-28,495.69,489.13,155,-1017.14,185.02,-1202.16,-1.56,Stop Loss (candle low),bull,3,42.3,43.9,69.5,63.8,495.45,490.5,HDFC Bank
GFS Basic,2019-04-11,2019-05-02,531.64,552.89,142,3017.21,186.22,2830.99,3.75,RSI Target 60,bull,21,40.6,60.3,68.2,69.4,531.37,524.99,HDFC Bank
GFS Basic,2019-06-24,2019-06-26,574.56,582.79,136,1119.83,190.13,929.7,1.19,RSI Target 60,bull,2,43.3,65.2,69.1,72.0,574.27,569.12,HDFC Bank
GFS Basic,2019-07-10,2019-07-22,566.85,542.5,140,-3410.23,188.15,-3598.38,-4.53,Stop Loss (candle low),bull,12,43.0,16.7,61.9,71.5,566.57,558.79,HDFC Bank
GFS Basic,2020-01-23,2020-01-27,590.79,574.27,128,-2114.41,181.19,-2295.6,-3.04,Stop Loss (candle low),bull,4,41.7,31.3,53.3,77.4,590.49,582.7,HDFC Bank
GFS Basic,2021-07-20,2021-07-26,691.92,681.98,106,-1053.43,177.23,-1230.65,-1.68,Stop Loss (candle low),bull,6,39.0,37.1,52.7,72.6,691.58,682.75,HDFC Bank
GFS Basic,2021-09-23,2021-09-27,748.08,772.57,97,2376.12,179.04,2197.07,3.03,RSI Target 60,bull,4,44.8,63.8,65.5,72.2,747.7,733.07,HDFC Bank
GFS Basic,2021-11-01,2021-11-03,766.64,751.82,97,-1436.98,179.09,-1616.08,-2.17,Stop Loss (candle low),bull,2,44.1,38.5,65.3,71.9,766.25,752.82,HDFC Bank
GFS Basic,2024-01-16,2024-01-17,819.82,747.91,89,-6400.25,170.84,-6571.09,-9.01,Stop Loss (candle low),sideways,1,42.5,22.1,64.2,63.5,819.41,806.57,HDFC Bank
GFS Basic,2025-08-20,2025-08-22,996.5,981.81,67,-984.17,162.68,-1146.85,-1.72,Stop Loss (candle low),bull,2,39.8,38.1,56.6,80.4,996.0,989.01,HDFC Bank
GFS Basic,2025-12-16,2025-12-17,999.2,983.51,66,-1035.63,160.81,-1196.44,-1.81,Stop Loss (candle low),bull,1,43.8,34.5,64.1,71.0,998.7,989.6,HDFC Bank
GFS Advanced,2006-12-26,2007-01-08,44.64,44.17,2128,-998.3,225.4,-1223.7,-1.29,Price < 50 EMA,bull,13,37.7,42.8,63.5,80.6,44.62,43.27,HDFC Bank
GFS Advanced,2007-08-08,2007-08-10,51.79,49.05,1811,-4957.86,218.62,-5176.48,-5.52,Stop Loss (candle low),bull,2,43.3,32.4,63.1,76.9,51.76,49.68,HDFC Bank
GFS Advanced,2007-10-19,2007-10-24,62.54,65.69,1421,4470.77,217.46,4253.31,4.79,RSI Target 60,bull,5,40.6,61.2,60.7,79.4,62.51,58.07,HDFC Bank
GFS Advanced,2009-12-24,2009-12-29,75.79,74.52,1226,-1549.25,220.2,-1769.45,-1.9,Price < 50 EMA,bull,5,36.6,33.3,64.5,68.3,75.75,73.96,HDFC Bank
GFS Advanced,2010-05-28,2010-06-01,84.14,81.47,1084,-2895.06,215.01,-3110.07,-3.41,Stop Loss (candle low),bull,4,43.9,30.4,62.6,80.1,84.1,82.79,HDFC Bank
GFS Advanced,2010-11-03,2010-11-08,104.94,103.22,841,-1444.92,209.95,-1654.86,-1.88,Stop Loss (candle low),bull,5,41.4,42.0,63.6,72.9,104.88,103.91,HDFC Bank
GFS Advanced,2011-06-21,2011-06-28,104.42,107.84,830,2833.33,210.86,2622.47,3.03,RSI Target 60,bull,7,37.6,63.4,70.1,63.2,104.37,102.45,HDFC Bank
GFS Advanced,2011-07-27,2011-07-28,112.25,108.43,795,-3034.64,210.49,-3245.14,-3.64,Stop Loss (candle low),bull,1,42.6,36.1,62.7,64.5,112.19,109.48,HDFC Bank
GFS Advanced,2012-07-25,2012-07-26,130.39,126.9,660,-2306.35,204.18,-2510.53,-2.92,Stop Loss (candle low),bull,1,43.6,38.8,64.9,64.7,130.32,128.67,HDFC Bank
GFS Advanced,2012-12-26,2013-01-07,153.75,149.86,544,-2115.0,199.0,-2314.01,-2.77,Stop Loss (candle low),bull,12,38.9,43.1,68.1,71.8,153.67,150.96,HDFC Bank
GFS Advanced,2014-07-24,2014-07-28,192.68,189.19,423,-1475.45,194.92,-1670.37,-2.05,Stop Loss (candle low),bull,4,43.0,50.2,70.5,64.5,192.58,189.98,HDFC Bank
GFS Advanced,2014-12-15,2014-12-16,215.57,211.13,371,-1649.47,191.35,-1840.82,-2.3,Stop Loss (candle low),bull,1,42.7,36.8,74.7,84.4,215.47,211.64,HDFC Bank
GFS Advanced,2015-02-19,2015-02-25,247.67,240.02,315,-2409.18,186.2,-2595.39,-3.33,Stop Loss (candle low),bull,6,44.9,44.3,79.5,87.6,247.55,242.61,HDFC Bank
GFS Advanced,2015-03-11,2015-03-13,242.42,237.79,312,-1445.35,181.91,-1627.26,-2.15,Stop Loss (candle low),bull,2,44.5,41.0,67.0,83.9,242.3,239.47,HDFC Bank
GFS Advanced,2015-08-05,2015-08-12,252.48,245.96,294,-1915.04,178.3,-2093.34,-2.82,Stop Loss (candle low),bull,7,39.6,29.7,72.2,82.0,252.35,249.35,HDFC Bank
GFS Advanced,2016-06-15,2016-07-01,269.31,272.09,268,743.16,176.49,566.67,0.79,RSI Target 60,bull,16,40.2,62.7,78.4,66.1,269.18,264.98,HDFC Bank
GFS Advanced,2017-08-23,2017-08-29,415.04,407.21,175,-1370.37,175.31,-1545.68,-2.13,Stop Loss (candle low),bull,6,44.1,37.2,82.5,88.7,414.83,408.1,HDFC Bank
GFS Advanced,2017-09-29,2017-10-11,425.32,417.47,167,-1311.38,171.81,-1483.19,-2.09,Stop Loss (candle low),bull,12,44.3,29.6,72.6,87.1,425.11,418.89,HDFC Bank
GFS Advanced,2018-01-09,2018-01-16,436.49,443.12,160,1060.76,171.63,889.13,1.27,RSI Target 60,bull,7,42.8,64.4,63.0,91.1,436.27,432.59,HDFC Bank
GFS Advanced,2018-08-07,2018-08-13,501.45,490.89,141,-1488.65,170.91,-1659.56,-2.35,Stop Loss (candle low),bull,6,39.5,34.3,64.3,81.9,501.2,494.73,HDFC Bank
GFS Advanced,2019-04-11,2019-05-02,531.64,552.89,130,2762.23,171.78,2590.46,3.75,RSI Target 60,bull,21,40.6,60.3,68.2,69.4,531.37,524.99,HDFC Bank
GFS Advanced,2021-11-01,2021-11-03,766.64,751.82,93,-1377.73,172.34,-1550.07,-2.17,Stop Loss (candle low),bull,2,44.1,38.5,65.3,71.9,766.25,752.82,HDFC Bank
GFS Advanced,2024-01-16,2024-01-17,819.82,747.91,85,-6112.6,163.85,-6276.45,-9.01,Stop Loss (candle low),sideways,1,42.5,22.1,64.2,63.5,819.41,806.57,HDFC Bank
GFS Basic,2006-05-09,2006-05-15,131.11,126.49,724,-3347.01,222.81,-3569.82,-3.76,Stop Loss (candle low),bull,6,40.6,44.3,66.7,71.1,131.05,127.7,Infosys
GFS Basic,2006-12-14,2006-12-18,180.27,181.46,508,606.73,219.46,387.27,0.42,RSI Target 60,bull,4,43.8,60.2,87.1,86.4,180.18,176.28,Infosys
GFS Basic,2006-12-22,2007-01-02,178.09,185.39,516,3765.99,223.44,3542.55,3.85,RSI Target 60,bull,11,44.9,60.9,80.1,87.0,178.01,176.21,Infosys
GFS Basic,2007-01-24,2007-01-31,184.3,183.32,517,-504.33,226.55,-730.88,-0.77,RSI Target 60,bull,7,42.7,60.7,65.9,86.2,184.21,179.55,Infosys
GFS Basic,2009-10-12,2009-11-03,190.17,182.16,497,-3980.83,221.23,-4202.06,-4.45,Stop Loss (candle low),bull,22,38.6,36.7,61.1,62.0,190.07,185.15,Infosys
GFS Basic,2010-11-02,2010-11-09,263.05,265.14,344,720.36,217.16,503.2,0.56,RSI Target 60,bull,7,41.4,61.7,69.3,76.7,262.92,258.64,Infosys
GFS Basic,2013-09-19,2013-10-09,275.19,281.69,331,2153.09,219.97,1933.11,2.12,RSI Target 60,bull,20,43.1,71.8,78.4,64.3,275.05,271.04,Infosys
GFS Basic,2013-11-05,2013-11-07,300.15,305.96,309,1795.25,223.29,1571.96,1.69,RSI Target 60,bull,2,43.9,64.3,73.8,66.5,300.0,294.6,Infosys
GFS Basic,2013-12-10,2013-12-16,309.21,314.58,305,1639.99,226.6,1413.39,1.5,RSI Target 60,bull,6,44.8,71.7,79.2,65.0,309.05,303.58,Infosys
GFS Basic,2014-01-09,2014-01-13,317.61,333.97,301,4923.83,232.87,4690.95,4.91,RSI Target 60,bull,4,44.6,65.0,85.8,70.1,317.45,311.45,Infosys
GFS Basic,2014-02-14,2014-02-21,334.21,341.78,299,2262.35,239.74,2022.61,2.02,RSI Target 60,bull,7,39.1,65.0,72.6,71.5,334.04,328.34,Infosys
GFS Basic,2014-09-24,2014-10-01,339.57,355.4,300,4749.31,246.62,4502.68,4.42,RSI Target 60,bull,7,43.9,64.8,69.9,65.6,339.4,332.39,Infosys
GFS Basic,2015-04-08,2015-04-20,410.91,396.96,259,-3614.38,248.08,-3862.47,-3.63,Stop Loss (candle low),bull,12,44.5,47.9,57.7,61.7,410.71,404.57,Infosys
GFS Basic,2015-09-02,2015-09-04,421.89,405.95,243,-3873.07,239.13,-4112.2,-4.01,Stop Loss (candle low),bull,2,39.2,37.8,58.9,67.7,421.68,412.02,Infosys
GFS Basic,2018-02-08,2018-02-09,460.81,445.39,214,-3299.64,231.05,-3530.69,-3.58,Stop Loss (candle low),bull,1,44.6,40.8,69.1,62.1,460.58,448.37,Infosys
GFS Basic,2018-04-05,2018-04-06,462.78,452.56,206,-2105.43,225.0,-2330.42,-2.44,Stop Loss (candle low),bull,1,39.3,34.0,61.6,64.6,462.55,453.41,Infosys
GFS Basic,2018-10-05,2018-10-10,602.49,576.34,154,-4027.2,217.34,-4244.54,-4.57,Stop Loss (candle low),bull,5,44.1,44.2,65.9,81.2,602.19,583.62,Infosys
GFS Basic,2019-02-22,2019-03-07,618.01,604.64,144,-1925.57,211.1,-2136.67,-2.4,Stop Loss (candle low),bull,13,36.8,42.4,71.1,77.2,617.7,608.86,Infosys
GFS Basic,2019-09-24,2019-10-22,678.06,545.83,128,-16925.13,190.66,-17115.8,-19.72,Stop Loss (candle low),bull,28,43.9,24.4,56.8,70.9,677.72,648.84,Infosys
GFS Basic,2020-08-26,2020-08-28,831.53,814.16,85,-1476.55,170.87,-1647.41,-2.33,Stop Loss (candle low),bull,2,39.1,40.8,86.9,66.3,831.12,816.9,Infosys
GFS Basic,2021-02-10,2021-02-17,1148.82,1127.39,60,-1285.75,167.17,-1452.93,-2.11,Stop Loss (candle low),bull,7,39.5,51.4,71.5,79.2,1148.25,1129.41,Infosys
GFS Basic,2021-03-01,2021-03-03,1131.34,1182.16,60,3049.58,169.34,2880.24,4.24,RSI Target 60,bull,2,36.4,62.4,65.6,78.7,1130.77,1107.77,Infosys
GFS Basic,2021-07-20,2021-07-27,1386.77,1425.27,51,1963.62,174.53,1789.08,2.53,RSI Target 60,bull,7,40.7,62.2,80.5,92.3,1386.07,1367.86,Infosys
GFS Basic,2021-09-09,2021-09-22,1508.91,1526.97,48,866.79,177.18,689.61,0.95,RSI Target 60,bull,13,39.9,61.0,83.5,94.0,1508.16,1496.06,Infosys
GFS Basic,2021-10-01,2021-10-18,1494.71,1593.89,48,4760.8,179.7,4581.11,6.39,RSI Target 60,bull,17,44.5,61.5,66.4,89.4,1493.96,1477.47,Infosys
GFS Basic,2021-11-08,2021-11-12,1563.69,1597.3,49,1646.87,187.3,1459.57,1.9,RSI Target 60,bull,4,43.8,65.4,64.1,93.2,1562.91,1528.03,Infosys
GFS Basic,2024-03-06,2024-03-19,1526.11,1469.35,51,-2894.91,185.29,-3080.2,-3.96,Stop Loss (candle low),bull,13,36.0,29.8,65.8,62.0,1525.35,1483.04,Infosys
GFS Basic,2024-08-12,2024-08-26,1732.81,1800.81,43,2924.03,183.94,2740.09,3.68,RSI Target 60,bull,14,44.3,74.0,77.5,75.4,1731.94,1697.1,Infosys
GFS Basic,2024-09-20,2024-10-09,1839.94,1874.33,42,1444.59,188.55,1256.04,1.63,RSI Target 60,bull,19,37.8,67.8,74.1,71.8,1839.02,1792.41,Infosys
GFS Basic,2024-10-24,2024-10-30,1810.15,1749.43,44,-2671.91,189.55,-2861.46,-3.59,Stop Loss (candle low),bull,6,42.0,35.1,55.8,71.8,1809.25,1785.31,Infosys
GFS Advanced,2006-12-14,2006-12-18,180.27,181.46,526,628.23,226.69,401.53,0.42,RSI Target 60,bull,4,43.8,60.2,87.1,86.4,180.18,176.28,Infosys
GFS Advanced,2007-01-24,2007-01-31,184.3,183.32,517,-504.33,226.55,-730.88,-0.77,RSI Target 60,bull,7,42.7,60.7,65.9,86.2,184.21,179.55,Infosys
GFS Advanced,2009-10-12,2009-11-03,190.17,182.16,497,-3980.83,221.23,-4202.06,-4.45,Stop Loss (candle low),bull,22,38.6,36.7,61.1,62.0,190.07,185.15,Infosys
GFS Advanced,2010-11-02,2010-11-09,263.05,265.14,344,720.36,217.16,503.2,0.56,RSI Target 60,bull,7,41.4,61.7,69.3,76.7,262.92,258.64,Infosys
GFS Advanced,2013-09-23,2013-10-09,276.0,281.69,330,1878.78,219.67,1659.11,1.82,RSI Target 60,bull,16,44.8,71.8,78.4,64.3,275.86,271.84,Infosys
GFS Advanced,2013-11-05,2013-11-07,300.15,305.96,309,1795.25,223.29,1571.96,1.69,RSI Target 60,bull,2,43.9,64.3,73.8,66.5,300.0,294.6,Infosys
GFS Advanced,2014-02-14,2014-02-21,334.21,341.78,281,2126.15,226.23,1899.93,2.02,RSI Target 60,bull,7,39.1,65.0,72.6,71.5,334.04,328.34,Infosys
GFS Advanced,2018-02-08,2018-02-09,460.81,445.39,208,-3207.13,225.0,-3432.13,-3.58,Stop Loss (candle low),bull,1,44.6,40.8,69.1,62.1,460.58,448.37,Infosys
GFS Advanced,2019-02-22,2019-03-07,618.01,604.64,150,-2005.8,219.25,-2225.05,-2.4,Stop Loss (candle low),bull,13,36.8,42.4,71.1,77.2,617.7,608.86,Infosys
GFS Advanced,2019-10-04,2019-10-07,677.17,669.67,133,-998.11,214.44,-1212.55,-1.35,Price < 50 EMA,bull,3,39.1,38.6,61.9,70.9,676.83,667.55,Infosys
GFS Advanced,2020-08-26,2020-08-28,831.53,814.16,107,-1858.71,211.12,-2069.83,-2.33,Stop Loss (candle low),bull,2,39.1,40.8,86.9,66.3,831.12,816.9,Infosys
GFS Advanced,2021-02-10,2021-02-17,1148.82,1127.39,76,-1628.62,207.66,-1836.28,-2.1,Stop Loss (candle low),bull,7,39.5,51.4,71.5,79.2,1148.25,1129.41,Infosys
GFS Advanced,2021-07-20,2021-07-27,1386.77,1425.27,61,2348.64,205.75,2142.89,2.53,RSI Target 60,bull,7,40.7,62.2,80.5,92.3,1386.07,1367.86,Infosys
GFS Advanced,2021-09-09,2021-09-22,1508.91,1526.97,58,1047.37,210.9,836.48,0.96,RSI Target 60,bull,13,39.9,61.0,83.5,94.0,1508.16,1496.06,Infosys
GFS Advanced,2024-08-12,2024-08-26,1732.81,1800.81,51,3468.03,215.31,3252.72,3.68,RSI Target 60,bull,14,44.3,74.0,77.5,75.4,1731.94,1697.1,Infosys
GFS Advanced,2024-09-25,2024-09-30,1827.06,1800.28,50,-1339.1,216.95,-1556.05,-1.7,Stop Loss (candle low),bull,5,40.6,40.3,74.9,71.8,1826.15,1801.43,Infosys
GFS Basic,2006-12-06,2006-12-11,127.53,119.05,744,-6304.98,219.64,-6524.63,-6.88,Stop Loss (candle low),bull,5,42.7,33.9,95.2,69.1,127.47,124.93,ICICI Bank
GFS Basic,2006-12-21,2007-01-02,124.76,130.16,711,3845.5,216.43,3629.08,4.09,RSI Target 60,bull,12,44.7,69.2,88.7,80.8,124.69,121.12,ICICI Bank
GFS Basic,2007-11-22,2007-12-10,170.35,186.45,541,8709.98,229.15,8480.83,9.2,RSI Target 60,bull,18,36.5,64.8,68.1,74.5,170.26,159.14,ICICI Bank
GFS Basic,2008-01-02,2008-01-07,190.78,199.81,525,4738.56,242.82,4495.74,4.49,RSI Target 60,bull,5,43.8,67.6,61.1,74.1,190.69,176.74,ICICI Bank
GFS Basic,2010-05-17,2010-05-19,137.24,124.92,761,-9380.46,237.7,-9618.16,-9.21,Stop Loss (candle low),bull,2,39.9,25.3,62.7,81.9,137.17,133.79,ICICI Bank
GFS Basic,2010-12-01,2010-12-07,181.3,170.74,526,-5554.25,221.49,-5775.75,-6.06,Stop Loss (candle low),bull,6,36.4,36.0,71.2,65.9,181.21,176.01,ICICI Bank
GFS Basic,2011-05-13,2011-05-17,168.74,159.86,533,-4732.34,210.29,-4942.63,-5.5,Stop Loss (candle low),bear,4,41.3,36.0,63.5,65.6,168.66,160.72,ICICI Bank
GFS Basic,2014-06-30,2014-07-10,238.93,231.73,356,-2561.69,201.69,-2763.38,-3.25,Stop Loss (candle low),bull,10,39.0,48.4,69.3,61.8,238.81,232.23,ICICI Bank
GFS Basic,2014-08-08,2014-08-18,240.71,255.37,343,5030.44,204.01,4826.43,5.85,RSI Target 60,bull,10,39.7,60.2,59.8,63.0,240.59,235.54,ICICI Bank
GFS Basic,2014-09-19,2014-09-23,263.28,256.67,331,-2185.51,206.72,-2392.23,-2.75,Stop Loss (candle low),bull,4,43.8,41.1,63.1,69.1,263.14,259.68,ICICI Bank
GFS Basic,2014-12-17,2015-01-02,282.52,302.22,300,5908.77,209.8,5698.97,6.72,RSI Target 60,bull,16,38.6,61.6,77.0,77.3,282.38,266.27,ICICI Bank
GFS Basic,2015-01-12,2015-01-14,290.25,281.03,311,-2866.06,212.95,-3079.02,-3.41,Stop Loss (candle low),bull,2,41.0,39.0,70.9,77.3,290.1,282.53,ICICI Bank
GFS Basic,2017-08-04,2017-08-09,285.9,278.99,305,-2107.61,206.92,-2314.54,-2.65,Stop Loss (candle low),bull,5,41.3,40.3,77.8,78.2,285.76,282.16,ICICI Bank
GFS Basic,2018-02-08,2018-02-09,325.21,313.7,262,-3015.54,201.55,-3217.09,-3.78,Stop Loss (candle low),bull,1,41.6,31.6,53.8,79.5,325.05,316.34,ICICI Bank
GFS Basic,2019-01-30,2019-02-11,355.81,337.57,230,-4196.19,192.84,-4389.03,-5.36,Stop Loss (candle low),bull,12,39.3,37.7,50.4,59.7,355.64,338.49,ICICI Bank
GFS Basic,2019-05-09,2019-05-13,372.32,362.88,209,-1972.34,186.21,-2158.54,-2.77,Stop Loss (candle low),bull,4,43.7,33.5,61.9,66.6,372.14,364.09,ICICI Bank
GFS Basic,2019-06-18,2019-06-25,411.27,418.19,184,1272.9,184.81,1088.09,1.44,RSI Target 60,bull,7,39.5,62.0,63.0,77.1,411.07,400.3,ICICI Bank
GFS Basic,2020-01-08,2020-01-27,510.3,519.36,150,1359.06,186.84,1172.22,1.53,RSI Target 60,bull,19,37.6,60.3,81.3,84.7,510.05,497.85,ICICI Bank
GFS Basic,2020-01-30,2020-02-03,516.69,498.38,151,-2763.87,185.84,-2949.71,-3.78,Stop Loss (candle low),bull,4,42.9,34.4,71.7,80.7,516.43,506.7,ICICI Bank
GFS Basic,2021-09-21,2021-10-01,693.43,671.26,108,-2394.18,179.27,-2573.45,-3.44,Stop Loss (candle low),bull,10,44.9,43.3,62.3,81.4,693.08,673.24,ICICI Bank
GFS Basic,2022-10-06,2022-10-11,870.59,849.14,83,-1780.36,174.06,-1954.42,-2.7,Stop Loss (candle low),bull,5,41.0,35.3,81.1,64.1,870.16,851.53,ICICI Bank
GFS Basic,2022-11-15,2022-11-22,892.02,900.93,79,703.95,172.66,531.29,0.75,RSI Target 60,bull,7,41.2,60.1,62.9,64.6,891.58,876.65,ICICI Bank
GFS Basic,2023-06-08,2023-06-15,928.0,903.76,77,-1866.36,172.19,-2038.55,-2.85,Stop Loss (candle low),bull,7,38.1,31.3,67.6,68.4,927.54,912.15,ICICI Bank
GFS Basic,2023-08-14,2023-09-01,947.85,952.6,73,347.2,169.45,177.75,0.26,RSI Target 60,bull,18,35.2,62.5,58.1,70.3,947.37,930.28,ICICI Bank
GFS Basic,2024-03-26,2024-04-09,1072.12,1088.65,65,1074.52,171.31,903.21,1.3,RSI Target 60,bull,14,43.5,64.5,76.7,80.0,1071.59,1059.05,ICICI Bank
GFS Basic,2024-04-19,2024-04-25,1055.24,1095.24,66,2640.1,172.83,2467.26,3.54,RSI Target 60,bull,6,43.9,62.7,65.3,80.0,1054.71,1030.68,ICICI Bank
GFS Basic,2024-07-26,2024-08-05,1200.93,1153.11,60,-2868.76,172.48,-3041.24,-4.22,Stop Loss (candle low),bull,10,38.6,29.3,64.9,76.8,1200.33,1166.24,ICICI Bank
GFS Basic,2025-06-16,2025-06-18,1418.77,1401.08,49,-866.53,168.92,-1035.46,-1.49,Stop Loss (candle low),bull,2,43.2,35.2,71.7,79.6,1418.06,1402.67,ICICI Bank
GFS Basic,2025-07-16,2025-07-21,1418.97,1453.85,48,1674.4,168.42,1505.98,2.21,RSI Target 60,bull,5,44.8,63.6,64.8,77.5,1418.26,1407.53,ICICI Bank
GFS Advanced,2006-12-06,2006-12-11,127.53,119.05,744,-6304.98,219.64,-6524.63,-6.88,Stop Loss (candle low),bull,5,42.7,33.9,95.2,69.1,127.47,124.93,ICICI Bank
GFS Advanced,2006-12-21,2007-01-02,124.76,130.16,711,3845.5,216.43,3629.08,4.09,RSI Target 60,bull,12,44.7,69.2,88.7,80.8,124.69,121.12,ICICI Bank
GFS Advanced,2007-11-22,2007-12-10,170.35,186.45,541,8709.98,229.15,8480.83,9.2,RSI Target 60,bull,18,36.5,64.8,68.1,74.5,170.26,159.14,ICICI Bank
GFS Advanced,2010-12-01,2010-12-07,181.3,170.74,553,-5839.36,232.07,-6071.43,-6.06,Stop Loss (candle low),bull,6,36.4,36.0,71.2,65.9,181.21,176.01,ICICI Bank
GFS Advanced,2014-08-08,2014-08-18,240.71,255.37,392,5749.08,230.97,5518.11,5.85,RSI Target 60,bull,10,39.7,60.2,59.8,63.0,240.59,235.54,ICICI Bank
GFS Advanced,2015-01-12,2015-01-13,290.25,284.37,343,-2016.49,234.47,-2250.96,-2.26,Price < 50 EMA,bull,1,41.0,41.3,70.9,77.3,290.1,282.53,ICICI Bank
GFS Advanced,2017-08-04,2017-08-09,285.9,278.99,341,-2356.38,229.54,-2585.92,-2.65,Stop Loss (candle low),bull,5,41.3,40.3,77.8,78.2,285.76,282.16,ICICI Bank
GFS Advanced,2018-02-08,2018-02-09,325.21,313.7,292,-3360.84,222.87,-3583.71,-3.77,Stop Loss (candle low),bull,1,41.6,31.6,53.8,79.5,325.05,316.34,ICICI Bank
GFS Advanced,2020-01-16,2020-01-17,522.54,514.33,175,-1436.34,217.05,-1653.39,-1.81,Stop Loss (candle low),bull,1,41.2,41.4,82.2,84.7,522.28,515.45,ICICI Bank
GFS Advanced,2022-10-07,2022-10-11,863.56,849.14,104,-1499.73,213.35,-1713.08,-1.91,Stop Loss (candle low),bull,4,42.3,35.3,81.1,64.1,863.13,851.29,ICICI Bank
GFS Advanced,2023-06-20,2023-06-23,906.57,900.74,97,-565.67,210.16,-775.82,-0.88,Price < 50 EMA,bull,3,35.3,30.9,74.2,68.4,906.12,892.25,ICICI Bank
GFS Advanced,2023-08-14,2023-08-17,947.85,935.83,92,-1104.96,207.97,-1312.93,-1.51,Price < 50 EMA,bull,3,35.2,33.2,60.0,68.9,947.37,930.28,ICICI Bank
GFS Advanced,2024-04-19,2024-04-25,1055.24,1095.24,82,3280.12,211.02,3069.11,3.55,RSI Target 60,bull,6,43.9,62.7,65.3,80.0,1054.71,1030.68,ICICI Bank
GFS Advanced,2024-08-20,2024-08-26,1181.28,1203.41,75,1659.57,213.93,1445.64,1.63,RSI Target 60,bull,6,42.8,69.2,64.3,76.8,1180.69,1160.46,ICICI Bank
GFS Advanced,2025-06-16,2025-06-18,1418.77,1401.08,64,-1131.8,215.94,-1347.74,-1.48,Stop Loss (candle low),bull,2,43.2,35.2,71.7,79.6,1418.06,1402.67,ICICI Bank
GFS Basic,2006-05-17,2006-05-18,186.21,171.58,510,-7464.6,218.64,-7683.24,-8.09,Stop Loss (candle low),bull,1,39.5,30.7,80.6,84.9,186.12,180.05,HUL
GFS Basic,2008-05-16,2008-05-21,175.07,168.33,500,-3372.65,206.36,-3579.01,-4.09,Stop Loss (candle low),bull,5,41.7,29.3,73.5,77.3,174.99,170.47,HUL
GFS Basic,2008-10-13,2008-10-27,171.81,153.44,490,-9000.5,193.08,-9193.58,-10.92,Stop Loss (candle low),bull,14,39.3,35.4,54.1,66.1,171.72,156.96,HUL
GFS Basic,2009-08-13,2009-08-14,195.31,189.15,386,-2377.45,180.4,-2557.85,-3.39,Stop Loss (candle low),bull,1,42.9,32.9,60.6,62.8,195.22,190.04,HUL
GFS Basic,2010-11-29,2010-12-09,228.8,220.27,319,-2722.16,174.7,-2896.87,-3.97,Stop Loss (candle low),bull,10,41.4,33.9,67.9,61.2,228.68,224.42,HUL
GFS Basic,2011-07-20,2011-07-26,257.03,252.11,273,-1341.81,169.87,-1511.68,-2.15,Stop Loss (candle low),bull,6,38.3,51.9,74.7,71.4,256.9,254.08,HUL
GFS Basic,2012-01-12,2012-01-16,308.87,300.21,223,-1931.61,166.39,-2098.0,-3.05,Stop Loss (candle low),bull,4,36.0,25.0,68.8,74.7,308.72,301.88,HUL
GFS Basic,2012-05-23,2012-05-28,333.68,324.38,200,-1861.65,161.71,-2023.36,-3.03,Stop Loss (candle low),bull,5,38.3,31.7,65.9,79.3,333.52,325.74,HUL
GFS Basic,2012-07-10,2012-07-24,352.04,373.41,184,3931.89,163.35,3768.54,5.82,RSI Target 60,bull,14,44.5,80.1,61.8,82.3,351.87,345.26,HUL
GFS Basic,2012-10-30,2012-11-09,435.01,424.64,157,-1627.58,165.41,-1793.0,-2.63,Stop Loss (candle low),bull,10,44.0,22.1,70.3,90.2,434.79,426.07,HUL
GFS Basic,2013-06-25,2013-07-05,473.06,489.0,141,2247.29,165.89,2081.4,3.12,RSI Target 60,bull,10,44.6,65.0,85.9,73.4,472.83,466.33,HUL
GFS Basic,2014-10-07,2014-10-10,616.86,596.14,111,-2300.63,165.11,-2465.73,-3.6,Stop Loss (candle low),bull,3,36.0,32.3,67.3,69.6,616.55,599.98,HUL
GFS Basic,2014-10-28,2014-11-03,595.86,617.34,111,2383.59,164.78,2218.81,3.35,RSI Target 60,bull,6,41.5,61.0,66.3,67.7,595.56,585.21,HUL
GFS Basic,2014-12-17,2014-12-19,645.68,630.1,106,-1651.62,165.71,-1817.33,-2.66,Stop Loss (candle low),bull,2,39.2,21.7,50.7,72.3,645.36,634.36,HUL
GFS Basic,2015-02-11,2015-03-03,754.18,775.75,88,1897.85,164.78,1733.06,2.61,RSI Target 60,bull,20,36.4,61.2,65.0,77.8,753.8,738.12,HUL
GFS Basic,2015-03-23,2015-03-24,760.07,740.29,90,-1780.57,165.5,-1946.07,-2.84,Stop Loss (candle low),bull,1,41.3,39.4,60.7,77.8,759.69,744.58,HUL
GFS Basic,2017-10-06,2017-10-17,1060.81,1121.46,62,3760.13,165.38,3594.75,5.47,RSI Target 60,bull,11,40.8,66.7,66.9,73.7,1060.28,1042.74,HUL
GFS Basic,2017-11-06,2017-11-07,1101.11,1086.54,63,-917.93,168.54,-1086.46,-1.57,Stop Loss (candle low),bull,1,39.0,37.0,61.6,77.1,1100.56,1087.2,HUL
GFS Basic,2017-12-04,2017-12-08,1122.7,1167.93,61,2758.95,170.38,2588.57,3.78,RSI Target 60,bull,4,43.4,67.1,65.4,84.7,1122.14,1092.7,HUL
GFS Basic,2018-02-08,2018-03-05,1178.7,1144.25,60,-2067.35,170.35,-2237.7,-3.16,Stop Loss (candle low),bull,25,42.1,38.3,60.5,86.1,1178.11,1149.09,HUL
GFS Basic,2018-12-26,2019-01-30,1606.12,1546.26,43,-2573.87,166.14,-2740.01,-3.97,Stop Loss (candle low),bull,35,38.9,35.2,68.5,78.9,1605.31,1553.31,HUL
GFS Basic,2019-06-27,2019-07-08,1607.74,1575.58,41,-1318.4,160.45,-1478.85,-2.24,Stop Loss (candle low),bull,11,35.9,36.4,65.3,66.8,1606.94,1581.6,HUL
GFS Basic,2019-11-11,2019-11-15,1898.62,1858.48,34,-1365.01,157.37,-1522.38,-2.36,Stop Loss (candle low),bull,4,41.8,30.9,64.5,68.5,1897.68,1867.82,HUL
GFS Basic,2020-03-05,2020-03-09,2042.01,1916.1,31,-3903.28,151.96,-4055.24,-6.41,Stop Loss (candle low),bull,4,41.3,35.2,62.3,64.8,2040.99,1970.61,HUL
GFS Basic,2020-08-26,2020-08-28,1998.33,1965.23,30,-992.79,147.53,-1140.32,-1.9,Stop Loss (candle low),bull,2,39.2,35.6,65.3,64.8,1997.33,1972.59,HUL
GFS Basic,2021-09-30,2021-10-07,2507.06,2471.32,23,-822.07,142.62,-964.69,-1.67,Stop Loss (candle low),bull,7,35.6,42.3,65.5,64.3,2505.81,2482.94,HUL
GFS Advanced,2006-05-17,2006-05-18,186.21,171.58,510,-7464.6,218.64,-7683.24,-8.09,Stop Loss (candle low),bull,1,39.5,30.7,80.6,84.9,186.12,180.05,HUL
GFS Advanced,2008-05-16,2008-05-21,175.07,168.33,500,-3372.65,206.36,-3579.01,-4.09,Stop Loss (candle low),bull,5,41.7,29.3,73.5,77.3,174.99,170.47,HUL
GFS Advanced,2009-08-24,2009-08-26,198.93,193.72,423,-2201.99,200.04,-2402.03,-2.85,Price < 50 EMA,bull,2,35.8,40.3,66.1,62.8,198.83,192.36,HUL
GFS Advanced,2010-11-29,2010-12-09,228.8,220.27,358,-3054.97,194.19,-3249.15,-3.97,Stop Loss (candle low),bull,10,41.4,33.9,67.9,61.2,228.68,224.42,HUL
GFS Advanced,2012-01-12,2012-01-16,308.87,300.21,255,-2208.79,188.07,-2396.86,-3.04,Stop Loss (candle low),bull,4,36.0,25.0,68.8,74.7,308.72,301.88,HUL
GFS Advanced,2012-05-30,2012-06-04,329.33,320.45,232,-2059.37,182.98,-2242.36,-2.93,Stop Loss (candle low),bull,5,37.1,32.8,64.9,79.8,329.16,321.73,HUL
GFS Advanced,2012-11-23,2012-11-29,427.76,439.89,174,2110.89,182.92,1927.97,2.59,RSI Target 60,bull,6,42.4,62.6,61.9,90.2,427.54,420.67,HUL
GFS Advanced,2013-07-02,2013-07-05,474.83,489.0,160,2267.38,186.51,2080.87,2.74,RSI Target 60,bull,3,39.6,65.0,85.9,73.4,474.59,469.54,HUL
GFS Advanced,2014-10-07,2014-10-10,616.86,596.14,126,-2611.52,185.35,-2796.87,-3.6,Stop Loss (candle low),bull,3,36.0,32.3,67.3,69.6,616.55,599.98,HUL
GFS Advanced,2015-02-11,2015-03-03,754.18,775.75,100,2156.64,185.16,1971.48,2.61,RSI Target 60,bull,20,36.4,61.2,65.0,77.8,753.8,738.12,HUL
GFS Advanced,2015-03-23,2015-03-24,760.07,740.29,102,-2017.98,185.52,-2203.5,-2.84,Stop Loss (candle low),bull,1,41.3,39.4,60.7,77.8,759.69,744.58,HUL
GFS Advanced,2017-10-06,2017-10-17,1060.81,1121.46,71,4305.96,187.16,4118.8,5.47,RSI Target 60,bull,11,40.8,66.7,66.9,73.7,1060.28,1042.74,HUL
GFS Advanced,2019-01-10,2019-01-11,1606.52,1578.42,49,-1376.89,188.84,-1565.73,-1.99,Stop Loss (candle low),bull,1,35.7,38.9,72.4,78.9,1605.72,1586.98,HUL
GFS Advanced,2019-11-11,2019-11-15,1898.62,1858.48,41,-1646.04,186.61,-1832.65,-2.35,Stop Loss (candle low),bull,4,41.8,30.9,64.5,68.5,1897.68,1867.82,HUL
GFS Advanced,2021-10-05,2021-10-07,2516.01,2471.32,30,-1340.55,181.67,-1522.23,-2.02,Stop Loss (candle low),bull,2,40.7,42.3,65.5,64.3,2514.75,2486.69,HUL
GFS Basic,2006-04-28,2006-05-03,36.68,37.82,2590,2952.52,229.47,2723.05,2.87,RSI Target 60,bull,5,44.4,60.4,80.3,88.9,36.66,34.44,ITC
GFS Basic,2006-09-20,2006-10-03,34.61,34.55,2819,-175.27,231.96,-407.22,-0.42,RSI Target 60,bull,13,43.2,60.2,63.5,68.3,34.59,33.31,ITC
GFS Basic,2006-11-09,2006-11-14,34.58,33.86,2810,-2035.1,229.17,-2264.27,-2.33,Stop Loss (candle low),bull,5,38.4,48.3,68.9,68.1,34.56,34.1,ITC
GFS Basic,2007-10-11,2007-10-19,35.72,33.08,2661,-7016.42,219.27,-7235.7,-7.61,Stop Loss (candle low),bull,8,44.6,34.7,61.5,60.1,35.7,33.85,ITC
GFS Basic,2009-08-18,2009-08-28,44.62,46.31,1976,3334.64,214.72,3119.92,3.54,RSI Target 60,bull,10,40.8,60.4,72.5,61.4,44.6,42.91,ITC
GFS Basic,2009-09-15,2009-10-05,45.14,46.69,2019,3129.54,221.1,2908.44,3.19,RSI Target 60,bull,20,37.3,62.3,65.8,65.0,45.12,43.9,ITC
GFS Basic,2009-11-16,2009-11-23,50.7,52.61,1851,3529.06,227.55,3301.51,3.52,RSI Target 60,bull,7,40.4,70.2,64.9,68.7,50.68,49.45,ITC
GFS Basic,2010-05-03,2010-05-06,52.23,50.7,1857,-2841.12,227.93,-3069.06,-3.16,Stop Loss (candle low),bull,3,40.6,29.9,63.3,73.6,52.21,51.13,ITC
GFS Basic,2010-07-22,2010-07-29,60.67,62.95,1551,3542.6,228.1,3314.5,3.52,RSI Target 60,bull,7,40.1,65.8,80.2,78.9,60.64,54.08,ITC
GFS Basic,2010-10-08,2010-10-20,70.45,68.21,1380,-3094.73,228.17,-3322.91,-3.42,Stop Loss (candle low),bull,12,42.7,25.9,71.9,79.2,70.42,68.86,ITC
GFS Basic,2011-05-09,2011-05-25,75.92,76.78,1239,1062.98,225.46,837.52,0.89,RSI Target 60,bull,16,37.9,61.4,74.0,83.9,75.88,73.93,ITC
GFS Basic,2011-08-22,2011-09-12,84.42,81.59,1124,-3179.89,222.9,-3402.79,-3.59,Stop Loss (candle low),bull,21,41.8,44.8,58.7,74.2,84.38,81.74,ITC
GFS Basic,2012-05-07,2012-05-08,99.49,94.36,921,-4726.04,214.06,-4940.09,-5.39,Stop Loss (candle low),bull,1,42.3,22.3,79.2,81.9,99.44,97.04,ITC
GFS Basic,2012-05-30,2012-05-31,97.56,95.38,891,-1939.55,206.48,-2146.03,-2.47,Stop Loss (candle low),bull,1,41.7,44.1,68.0,69.9,97.51,95.86,ITC
GFS Basic,2012-09-21,2012-09-24,112.32,108.52,756,-2874.62,201.05,-3075.67,-3.62,Stop Loss (candle low),bull,3,43.0,38.0,61.0,73.4,112.27,108.94,ITC
GFS Basic,2014-04-07,2014-04-29,149.54,146.59,548,-1616.33,195.77,-1812.09,-2.21,Stop Loss (candle low),bull,22,36.3,44.5,61.0,61.8,149.47,146.74,ITC
GFS Basic,2014-05-09,2014-05-13,150.58,155.45,533,2594.66,196.37,2398.29,2.99,RSI Target 60,bull,4,39.3,60.4,61.2,61.9,150.5,147.0,ITC
GFS Basic,2017-02-23,2017-03-17,184.97,193.77,446,3927.58,202.72,3724.86,4.52,RSI Target 60,bull,22,39.4,69.7,74.6,65.9,184.87,180.23,ITC
GFS Basic,2017-04-11,2017-04-26,194.9,200.42,441,2435.94,208.85,2227.08,2.59,RSI Target 60,bull,15,42.8,64.4,66.4,71.6,194.8,187.26,ITC
GFS Basic,2017-06-23,2017-06-28,219.18,215.78,402,-1368.07,209.71,-1577.78,-1.79,Stop Loss (candle low),bull,5,41.5,44.5,70.5,79.7,219.07,215.95,ITC
GFS Basic,2017-07-19,2017-07-31,205.17,199.61,422,-2345.64,205.3,-2550.94,-2.95,Stop Loss (candle low),bull,12,42.1,27.0,57.6,64.1,205.07,200.28,ITC
GFS Basic,2019-05-08,2019-05-10,216.74,212.5,388,-1648.6,200.5,-1849.1,-2.2,Stop Loss (candle low),bull,2,41.9,35.4,62.3,61.6,216.64,213.14,ITC
GFS Basic,2021-10-11,2021-10-14,193.81,207.4,425,5775.81,204.36,5571.45,6.76,RSI Target 60,bull,3,43.7,73.4,69.2,65.8,193.72,187.31,ITC
GFS Basic,2022-05-02,2022-05-11,219.19,211.64,400,-3018.25,207.03,-3225.28,-3.68,Stop Loss (candle low),bull,9,44.2,45.4,76.0,72.5,219.08,212.8,ITC
GFS Basic,2022-06-17,2022-07-01,224.23,241.14,378,6390.57,210.31,6180.27,7.29,RSI Target 60,bull,14,40.9,74.9,68.6,81.7,224.12,219.26,ITC
GFS Basic,2022-10-12,2022-10-19,281.36,293.72,322,3978.17,220.78,3757.39,4.15,RSI Target 60,bull,7,42.7,67.2,75.7,89.9,281.22,275.4,ITC
GFS Basic,2022-11-22,2022-12-09,289.47,289.52,325,16.22,224.41,-208.18,-0.22,RSI Target 60,bull,17,38.7,60.0,60.2,84.4,289.33,284.69,ITC
GFS Basic,2023-03-16,2023-03-17,329.89,323.7,285,-1764.4,222.43,-1986.83,-2.11,Stop Loss (candle low),bull,1,43.7,40.9,65.9,91.8,329.73,324.82,ITC
GFS Basic,2023-03-27,2023-04-06,331.66,333.87,277,612.51,220.12,392.39,0.43,RSI Target 60,bull,10,39.7,60.6,76.3,92.0,331.49,324.39,ITC
GFS Basic,2023-08-07,2023-08-11,402.76,395.48,229,-1666.37,218.56,-1884.93,-2.04,Stop Loss (candle low),bull,4,39.5,31.7,59.4,93.1,402.56,397.42,ITC
GFS Basic,2024-01-24,2024-01-25,412.33,401.56,220,-2368.82,214.46,-2583.28,-2.85,Stop Loss (candle low),bull,1,37.3,32.9,64.8,76.0,412.12,403.72,ITC
GFS Basic,2024-05-29,2024-05-30,387.28,379.24,227,-1824.45,208.8,-2033.25,-2.31,Stop Loss (candle low),bear,1,41.7,48.8,75.6,64.4,387.08,380.71,ITC
GFS Basic,2024-10-03,2024-10-04,470.4,458.85,183,-2112.13,204.44,-2316.56,-2.69,Stop Loss (candle low),bull,1,41.8,38.4,76.0,62.9,470.16,463.0,ITC
GFS Advanced,2006-09-20,2006-10-03,34.61,34.55,2744,-170.6,226.19,-396.8,-0.42,RSI Target 60,bull,13,43.2,60.2,63.5,68.3,34.59,33.31,ITC
GFS Advanced,2007-10-11,2007-10-19,35.72,33.08,2649,-6984.78,218.35,-7203.14,-7.61,Stop Loss (candle low),bull,8,44.6,34.7,61.5,60.1,35.7,33.85,ITC
GFS Advanced,2009-08-18,2009-08-28,44.62,46.31,1967,3319.45,213.81,3105.64,3.54,RSI Target 60,bull,10,40.8,60.4,72.5,61.4,44.6,42.91,ITC
GFS Advanced,2010-05-03,2010-05-06,52.23,50.7,1737,-2657.53,214.19,-2871.72,-3.17,Stop Loss (candle low),bull,3,40.6,29.9,63.3,73.6,52.21,51.13,ITC
GFS Advanced,2010-10-08,2010-10-20,70.45,68.21,1249,-2800.96,207.97,-3008.93,-3.42,Stop Loss (candle low),bull,12,42.7,25.9,71.9,79.2,70.42,68.86,ITC
GFS Advanced,2011-05-09,2011-05-25,75.92,76.78,1121,961.74,205.45,756.3,0.89,RSI Target 60,bull,16,37.9,61.4,74.0,83.9,75.88,73.93,ITC
GFS Advanced,2011-08-22,2011-08-26,84.42,81.86,1017,-2602.26,203.43,-2805.68,-3.27,Price < 50 EMA,bull,4,41.8,50.7,66.2,83.4,84.38,81.74,ITC
GFS Advanced,2012-05-07,2012-05-08,99.49,94.36,836,-4289.87,195.72,-4485.58,-5.39,Stop Loss (candle low),bull,1,42.3,22.3,79.2,81.9,99.44,97.04,ITC
GFS Advanced,2014-04-07,2014-04-28,149.54,147.33,527,-1168.46,189.25,-1357.72,-1.72,Price < 50 EMA,bull,21,36.3,45.1,61.0,61.8,149.47,146.74,ITC
GFS Advanced,2017-02-23,2017-03-17,184.97,193.77,419,3689.81,191.38,3498.43,4.51,RSI Target 60,bull,22,39.4,69.7,74.6,65.9,184.87,180.23,ITC
GFS Advanced,2017-04-11,2017-04-26,194.9,200.42,415,2292.32,197.44,2094.88,2.59,RSI Target 60,bull,15,42.8,64.4,66.4,71.6,194.8,187.26,ITC
GFS Advanced,2017-06-23,2017-06-28,219.18,215.78,378,-1286.39,198.11,-1484.5,-1.79,Stop Loss (candle low),bull,5,41.5,44.5,70.5,79.7,219.07,215.95,ITC
GFS Advanced,2021-10-11,2021-10-14,193.81,207.4,420,5707.86,202.14,5505.73,6.76,RSI Target 60,bull,3,43.7,73.4,69.2,65.8,193.72,187.31,ITC
GFS Advanced,2022-05-02,2022-05-11,219.19,211.64,395,-2980.52,204.64,-3185.16,-3.68,Stop Loss (candle low),bull,9,44.2,45.4,76.0,72.5,219.08,212.8,ITC
GFS Advanced,2022-06-27,2022-07-01,229.75,241.14,364,4145.43,205.47,3939.96,4.71,RSI Target 60,bull,4,45.0,74.9,68.6,81.7,229.64,226.0,ITC
GFS Advanced,2022-10-12,2022-10-19,281.36,293.72,310,3829.92,213.12,3616.79,4.15,RSI Target 60,bull,7,42.7,67.2,75.7,89.9,281.22,275.4,ITC
GFS Advanced,2022-11-22,2022-12-02,289.47,285.92,314,-1116.02,216.16,-1332.18,-1.47,Price < 50 EMA,bull,10,38.7,27.7,62.8,84.4,289.33,284.69,ITC
GFS Advanced,2023-03-27,2023-04-06,331.66,333.87,270,597.03,214.94,382.09,0.43,RSI Target 60,bull,10,39.7,60.6,76.3,92.0,331.49,324.39,ITC
GFS Advanced,2023-08-07,2023-08-08,402.76,398.65,223,-915.2,213.97,-1129.17,-1.26,Price < 50 EMA,bull,1,39.5,33.4,62.6,93.1,402.56,397.42,ITC
GFS Basic,2006-12-26,2007-01-03,93.24,94.25,1018,1035.41,227.32,808.09,0.85,RSI Target 60,bull,8,37.8,67.8,72.9,69.7,93.19,90.17,SBI
GFS Basic,2007-01-11,2007-02-01,86.45,89.64,1107,3533.93,231.66,3302.27,3.45,RSI Target 60,bull,21,35.0,61.4,61.9,61.6,86.41,84.35,SBI
GFS Basic,2008-01-01,2008-01-08,180.54,185.6,547,2766.32,237.65,2528.66,2.56,RSI Target 60,bull,7,45.0,69.3,63.4,82.6,180.45,177.44,SBI
GFS Basic,2008-01-23,2008-02-11,178.06,163.7,568,-8152.53,231.63,-8384.16,-8.29,Stop Loss (candle low),bull,19,44.9,52.0,53.6,77.2,177.97,163.8,SBI
GFS Basic,2009-11-06,2009-11-17,183.42,193.51,508,5125.65,227.7,4897.95,5.26,RSI Target 60,bull,11,41.8,62.3,69.1,66.9,183.33,177.39,SBI
GFS Basic,2009-11-27,2010-01-06,186.96,189.81,524,1489.43,234.58,1254.84,1.28,RSI Target 60,bull,40,41.6,60.2,54.4,78.5,186.87,176.41,SBI
GFS Basic,2010-05-26,2010-06-11,181.06,195.32,547,7802.13,243.49,7558.64,7.63,RSI Target 60,bull,16,39.2,62.6,74.2,78.0,180.96,178.03,SBI
GFS Basic,2010-06-30,2010-07-01,193.18,188.84,550,-2390.21,248.96,-2639.18,-2.48,Stop Loss (candle low),bull,1,44.3,34.1,67.7,76.4,193.09,189.9,SBI
GFS Basic,2010-09-03,2010-09-09,233.04,249.09,445,7141.59,253.18,6888.41,6.64,RSI Target 60,bull,6,42.3,68.6,79.5,78.8,232.92,229.66,SBI
GFS Basic,2010-10-21,2010-11-04,268.17,286.6,411,7574.73,268.1,7306.63,6.63,RSI Target 60,bull,14,42.5,72.1,78.5,81.9,268.04,259.27,SBI
GFS Basic,2013-01-31,2013-02-01,211.75,207.72,554,-2230.52,273.7,-2504.21,-2.13,Stop Loss (candle low),bull,1,42.4,38.1,66.6,65.5,211.64,208.05,SBI
GFS Basic,2014-07-16,2014-07-21,230.65,224.79,498,-2918.78,267.56,-3186.34,-2.77,Stop Loss (candle low),bull,5,43.0,36.9,65.2,60.1,230.54,225.93,SBI
GFS Basic,2014-12-22,2015-01-06,275.25,267.18,406,-3276.59,260.27,-3536.86,-3.16,Stop Loss (candle low),bull,15,41.5,54.8,82.3,75.5,275.11,270.25,SBI
GFS Basic,2017-04-24,2017-05-04,263.36,273.33,412,4109.07,260.7,3848.38,3.55,RSI Target 60,bull,10,40.5,60.7,70.9,89.2,263.22,256.74,SBI
GFS Basic,2017-06-07,2017-06-12,269.11,262.8,417,-2631.14,261.97,-2893.11,-2.58,Stop Loss (candle low),bull,5,40.7,48.1,64.6,86.6,268.97,264.87,SBI
GFS Basic,2017-06-15,2017-06-22,263.84,271.6,414,3212.61,261.39,2951.22,2.7,RSI Target 60,bull,7,39.8,67.5,59.7,86.6,263.71,259.48,SBI
GFS Basic,2017-12-11,2017-12-13,294.77,288.94,380,-2214.71,261.95,-2476.66,-2.21,Stop Loss (candle low),bull,2,39.7,31.8,61.0,64.8,294.62,290.6,SBI
GFS Basic,2018-01-04,2018-01-10,286.37,277.69,383,-3323.96,255.61,-3579.58,-3.26,Stop Loss (candle low),bull,6,43.3,27.8,66.5,61.1,286.23,279.58,SBI
GFS Basic,2019-06-20,2019-06-26,319.65,330.31,333,3548.22,255.54,3292.68,3.09,RSI Target 60,bull,6,42.6,72.5,74.6,67.7,319.49,309.51,SBI
GFS Basic,2019-07-26,2019-07-30,319.56,302.08,343,-5993.36,252.69,-6246.05,-5.7,Stop Loss (candle low),bull,4,41.0,33.0,62.9,69.4,319.4,314.03,SBI
GFS Basic,2019-12-11,2019-12-27,291.49,311.03,355,6935.69,252.47,6683.22,6.46,RSI Target 60,sideways,16,36.9,64.2,59.7,61.6,291.35,284.05,SBI
GFS Basic,2021-07-01,2021-07-07,394.76,402.88,278,2257.91,261.54,1996.37,1.82,RSI Target 60,bull,6,40.9,60.9,68.7,77.7,394.56,388.27,SBI
GFS Basic,2021-11-17,2021-11-22,470.88,452.73,237,-4302.8,258.87,-4561.67,-4.09,Stop Loss (candle low),bull,5,39.6,42.5,67.9,83.8,470.65,457.01,SBI
GFS Basic,2022-08-23,2022-09-09,495.83,523.08,217,5912.99,260.55,5652.44,5.25,RSI Target 60,bull,17,43.7,69.1,75.2,66.2,495.58,480.45,SBI
GFS Basic,2022-09-30,2022-10-18,508.04,531.68,222,5249.08,271.4,4977.68,4.41,RSI Target 60,bull,18,38.0,60.6,63.0,64.9,507.78,487.91,SBI
GFS Basic,2022-11-29,2022-11-30,578.91,569.49,203,-1911.69,274.5,-2186.18,-1.86,Stop Loss (candle low),bull,1,43.7,46.8,77.9,69.9,578.62,573.89,SBI
GFS Basic,2023-01-23,2023-01-25,569.4,537.59,203,-6457.66,265.5,-6723.15,-5.82,Stop Loss (candle low),bull,2,41.0,30.0,66.8,66.7,569.12,560.51,SBI
GFS Basic,2023-06-16,2023-06-21,554.37,545.77,197,-1694.34,256.26,-1950.6,-1.79,Stop Loss (candle low),bull,5,36.1,30.8,60.9,65.8,554.1,546.45,SBI
GFS Basic,2024-03-18,2024-04-05,711.8,736.96,150,3774.44,256.5,3517.93,3.29,RSI Target 60,bull,18,38.3,60.9,70.9,72.2,711.44,695.86,SBI
GFS Basic,2025-12-09,2025-12-23,964.48,971.41,114,790.26,260.48,529.78,0.48,RSI Target 60,bull,14,39.8,62.1,89.3,68.8,964.0,949.97,SBI
GFS Advanced,2006-12-26,2007-01-03,93.24,94.25,1018,1035.41,227.32,808.09,0.85,RSI Target 60,bull,8,37.8,67.8,72.9,69.7,93.19,90.17,SBI
GFS Advanced,2007-01-22,2007-01-23,91.9,87.49,1042,-4595.33,223.36,-4818.69,-5.03,Stop Loss (candle low),bull,1,44.8,35.7,68.3,69.7,91.85,90.76,SBI
GFS Advanced,2008-01-01,2008-01-08,180.54,185.6,505,2553.91,220.58,2333.33,2.56,RSI Target 60,bull,7,45.0,69.3,63.4,82.6,180.45,177.44,SBI
GFS Advanced,2009-11-09,2009-11-17,191.58,193.51,487,939.02,223.63,715.39,0.77,RSI Target 60,bull,8,41.5,62.3,69.1,66.9,191.48,181.92,SBI
GFS Advanced,2009-12-01,2009-12-15,189.35,179.49,496,-4891.32,218.97,-5110.29,-5.44,Stop Loss (candle low),bull,14,40.3,31.3,65.5,66.8,189.26,184.65,SBI
GFS Advanced,2010-06-30,2010-07-01,193.18,188.84,461,-2003.43,211.16,-2214.59,-2.49,Stop Loss (candle low),bull,1,44.3,34.1,67.7,76.4,193.09,189.9,SBI
GFS Advanced,2010-09-03,2010-09-09,233.04,249.09,373,5986.09,214.69,5771.4,6.64,RSI Target 60,bull,6,42.3,68.6,79.5,78.8,232.92,229.66,SBI
GFS Advanced,2010-10-22,2010-10-29,269.22,262.99,343,-2136.59,218.32,-2354.91,-2.55,Stop Loss (candle low),bull,7,44.8,39.9,78.5,82.7,269.08,264.69,SBI
GFS Advanced,2014-12-22,2015-01-06,275.25,267.18,328,-2647.1,213.21,-2860.31,-3.17,Stop Loss (candle low),bull,15,41.5,54.8,82.3,75.5,275.11,270.25,SBI
GFS Advanced,2017-04-24,2017-05-04,263.36,273.33,332,3311.2,213.06,3098.14,3.54,RSI Target 60,bull,10,40.5,60.7,70.9,89.2,263.22,256.74,SBI
GFS Advanced,2017-06-07,2017-06-12,269.11,262.8,336,-2120.05,214.06,-2334.12,-2.58,Stop Loss (candle low),bull,5,40.7,48.1,64.6,86.6,268.97,264.87,SBI
GFS Advanced,2017-12-11,2017-12-13,294.77,288.94,299,-1742.63,209.38,-1952.01,-2.21,Stop Loss (candle low),bull,2,39.7,31.8,61.0,64.8,294.62,290.6,SBI
GFS Advanced,2019-06-20,2019-06-26,319.65,330.31,270,2876.94,210.1,2666.84,3.09,RSI Target 60,bull,6,42.6,72.5,74.6,67.7,319.49,309.51,SBI
GFS Advanced,2019-12-19,2019-12-27,304.28,311.03,292,1971.34,214.81,1756.52,1.98,RSI Target 60,sideways,8,40.1,64.2,59.7,61.6,304.13,299.27,SBI
GFS Advanced,2021-07-01,2021-07-07,394.76,402.88,229,1859.93,218.15,1641.79,1.82,RSI Target 60,bull,6,40.9,60.9,68.7,77.7,394.56,388.27,SBI
GFS Advanced,2021-11-17,2021-11-22,470.88,452.73,195,-3540.28,215.71,-3755.99,-4.09,Stop Loss (candle low),bull,5,39.6,42.5,67.9,83.8,470.65,457.01,SBI
GFS Advanced,2022-08-23,2022-09-09,495.83,523.08,178,4850.29,216.48,4633.8,5.25,RSI Target 60,bull,17,43.7,69.1,75.2,66.2,495.58,480.45,SBI
GFS Advanced,2022-11-29,2022-11-30,578.91,569.49,160,-1506.75,219.6,-1726.35,-1.86,Stop Loss (candle low),bull,1,43.7,46.8,77.9,69.9,578.62,573.89,SBI
GFS Advanced,2023-01-23,2023-01-24,569.4,561.84,160,-1210.3,216.53,-1426.83,-1.57,Price < 50 EMA,bull,1,41.0,41.7,66.8,66.7,569.12,560.51,SBI
GFS Advanced,2023-06-16,2023-06-21,554.37,545.77,162,-1393.31,213.46,-1606.77,-1.79,Stop Loss (candle low),bull,5,36.1,30.8,60.9,65.8,554.1,546.45,SBI
GFS Advanced,2024-03-22,2024-03-26,722.31,713.16,122,-1116.79,210.0,-1326.79,-1.51,Stop Loss (candle low),bull,4,39.4,35.4,66.8,63.9,721.95,714.46,SBI
GFS Advanced,2025-12-09,2025-12-23,964.48,971.41,90,623.89,208.87,415.02,0.48,RSI Target 60,bull,14,39.8,62.1,89.3,68.8,964.0,949.97,SBI
GFS Basic,2006-04-26,2006-05-03,171.78,175.83,553,2240.32,228.75,2011.57,2.12,RSI Target 60,bull,7,43.4,61.4,68.1,79.4,171.7,162.3,Bharti Airtel
GFS Basic,2006-12-21,2007-01-02,255.29,262.63,379,2782.63,233.22,2549.41,2.63,RSI Target 60,bull,12,43.0,61.4,85.8,86.2,255.16,243.44,Bharti Airtel
GFS Basic,2007-02-28,2007-03-22,306.68,323.1,323,5303.6,240.95,5062.65,5.11,RSI Target 60,bull,22,38.4,65.8,60.4,90.0,306.53,277.39,Bharti Airtel
GFS Basic,2007-04-03,2007-04-09,307.18,315.09,339,2681.93,249.51,2432.42,2.34,RSI Target 60,bull,6,41.6,62.9,62.4,90.6,307.02,300.12,Bharti Airtel
GFS Basic,2007-06-05,2007-06-11,348.95,335.89,305,-3983.05,247.71,-4230.76,-3.98,Stop Loss (candle low),bull,6,44.8,29.8,63.5,91.2,348.78,337.14,Bharti Airtel
GFS Basic,2011-05-13,2011-05-25,311.91,307.81,328,-1345.0,241.28,-1586.28,-1.55,RSI Target 60,bull,12,44.7,61.2,69.8,63.9,311.76,302.36,Bharti Airtel
GFS Basic,2011-07-18,2011-07-21,329.67,329.0,306,-202.76,239.29,-442.05,-0.44,RSI Target 60,bull,3,44.2,61.2,62.2,64.1,329.5,324.88,Bharti Airtel
GFS Basic,2017-03-31,2017-04-03,302.09,292.79,332,-3086.4,235.0,-3321.4,-3.31,Stop Loss (candle low),bull,3,36.4,33.7,71.0,62.0,301.93,295.53,Bharti Airtel
GFS Basic,2017-08-11,2017-08-14,359.33,350.85,270,-2288.12,228.55,-2516.67,-2.59,Stop Loss (candle low),bull,3,44.5,30.1,85.0,64.5,359.15,352.1,Bharti Airtel
GFS Basic,2017-09-08,2017-09-15,348.02,340.07,272,-2161.83,223.45,-2385.28,-2.52,Stop Loss (candle low),bull,7,35.9,16.4,62.0,63.5,347.85,340.59,Bharti Airtel
GFS Basic,2017-11-27,2017-12-01,429.64,415.78,215,-2981.88,217.51,-3199.39,-3.46,Stop Loss (candle low),bull,4,38.7,38.7,59.4,77.8,429.43,421.66,Bharti Airtel
GFS Basic,2018-01-19,2018-01-24,430.03,394.61,208,-7368.37,206.46,-7574.83,-8.47,Stop Loss (candle low),bull,5,35.7,25.2,61.7,79.6,429.82,415.22,Bharti Airtel
GFS Basic,2020-03-05,2020-03-09,507.56,474.14,162,-5414.39,192.44,-5606.83,-6.82,Stop Loss (candle low),bull,4,43.8,18.9,64.9,93.8,507.3,493.63,Bharti Airtel
GFS Basic,2020-06-25,2020-07-03,539.12,555.54,143,2348.08,189.08,2159.0,2.8,RSI Target 60,bull,8,39.8,63.6,68.8,78.0,538.85,525.49,Bharti Airtel
GFS Basic,2020-08-04,2020-08-13,529.22,513.33,149,-2367.64,188.11,-2555.75,-3.24,Stop Loss (candle low),bull,9,38.7,35.1,59.5,75.5,528.96,521.53,Bharti Airtel
GFS Basic,2021-02-24,2021-02-26,551.04,533.42,139,-2448.98,183.0,-2631.99,-3.44,Stop Loss (candle low),bull,2,37.4,30.0,63.2,60.2,550.76,541.95,Bharti Airtel
GFS Basic,2021-10-05,2021-11-02,687.87,697.44,107,1023.95,179.95,844.0,1.15,RSI Target 60,bull,28,44.0,62.0,70.1,69.5,687.52,664.66,Bharti Airtel
GFS Basic,2022-12-09,2022-12-16,821.7,807.29,91,-1311.41,180.14,-1491.55,-1.99,Stop Loss (candle low),bull,7,36.0,38.9,64.7,66.5,821.29,808.47,Bharti Airtel
GFS Basic,2023-06-20,2023-06-23,818.86,838.74,89,1769.77,179.12,1590.66,2.18,RSI Target 60,bull,3,40.4,61.5,80.8,60.6,818.45,811.32,Bharti Airtel
GFS Basic,2023-08-21,2023-09-06,862.38,867.73,87,465.28,182.54,282.74,0.38,RSI Target 60,bull,16,42.1,64.0,66.2,69.2,861.95,841.9,Bharti Airtel
GFS Basic,2023-10-09,2023-10-10,915.71,934.81,82,1565.78,183.82,1381.96,1.84,RSI Target 60,bull,1,41.4,68.7,62.6,74.2,915.26,903.46,Bharti Airtel
GFS Basic,2023-12-26,2023-12-28,989.17,1021.9,77,2519.66,187.2,2332.46,3.06,RSI Target 60,bull,2,35.7,65.9,61.5,71.3,988.68,975.52,Bharti Airtel
GFS Basic,2024-02-13,2024-03-05,1110.04,1152.21,71,2993.62,193.57,2800.05,3.55,RSI Target 60,bull,21,39.4,69.9,77.1,75.6,1109.49,1088.04,Bharti Airtel
GFS Basic,2024-05-15,2024-05-23,1300.73,1354.43,62,3329.6,197.99,3131.61,3.88,RSI Target 60,bull,8,42.2,68.9,77.2,88.3,1300.08,1262.21,Bharti Airtel
GFS Basic,2024-08-16,2024-08-20,1479.38,1436.42,57,-2448.77,200.18,-2648.95,-3.14,Stop Loss (candle low),bull,4,44.4,46.6,76.6,89.2,1478.64,1455.2,Bharti Airtel
GFS Basic,2024-10-14,2024-10-24,1696.72,1663.7,48,-1584.88,194.67,-1779.55,-2.19,RSI Target 60,bull,10,37.2,61.0,71.6,91.2,1695.87,1664.59,Bharti Airtel
GFS Basic,2024-10-30,2024-10-31,1638.13,1598.43,49,-1945.3,191.69,-2136.99,-2.66,Stop Loss (candle low),bull,1,36.8,29.4,65.9,85.5,1637.31,1603.59,Bharti Airtel
GFS Basic,2025-05-14,2025-05-16,1856.12,1798.06,42,-2438.4,186.04,-2624.44,-3.37,Stop Loss (candle low),bull,2,42.6,49.5,60.7,83.0,1855.19,1804.21,Bharti Airtel
GFS Basic,2025-07-15,2025-07-18,1927.85,1900.05,39,-1084.41,181.29,-1265.7,-1.68,Stop Loss (candle low),bull,3,44.0,27.4,62.3,81.7,1926.89,1906.3,Bharti Airtel
GFS Basic,2025-12-12,2026-01-01,2088.14,2109.34,35,742.04,178.51,563.53,0.77,RSI Target 60,bull,20,35.0,61.4,62.9,76.9,2087.1,2049.57,Bharti Airtel
GFS Advanced,2006-12-22,2007-01-02,256.95,262.63,369,2097.54,228.2,1869.34,1.97,RSI Target 60,bull,11,44.7,61.4,85.8,86.2,256.82,250.5,Bharti Airtel
GFS Advanced,2007-03-08,2007-03-16,316.63,296.95,305,-5999.92,223.71,-6223.63,-6.44,Stop Loss (candle low),bull,8,42.8,46.6,60.4,90.0,316.47,297.72,Bharti Airtel
GFS Advanced,2007-04-03,2007-04-09,307.18,315.09,295,2333.83,219.12,2114.71,2.33,RSI Target 60,bull,6,41.6,62.9,62.4,90.6,307.02,300.12,Bharti Airtel
GFS Advanced,2007-06-14,2007-06-18,341.04,334.9,272,-1669.31,219.74,-1889.04,-2.04,Price < 50 EMA,bull,4,43.5,38.7,58.7,91.2,340.87,330.8,Bharti Airtel
GFS Advanced,2011-05-13,2011-05-25,311.91,307.81,291,-1193.28,215.79,-1409.07,-1.55,RSI Target 60,bull,12,44.7,61.2,69.8,63.9,311.76,302.36,Bharti Airtel
GFS Advanced,2017-08-11,2017-08-14,359.33,350.85,249,-2110.16,211.97,-2322.13,-2.6,Stop Loss (candle low),bull,3,44.5,30.1,85.0,64.5,359.15,352.1,Bharti Airtel
GFS Advanced,2020-03-05,2020-03-09,507.56,474.14,172,-5748.61,203.37,-5951.98,-6.82,Stop Loss (candle low),bull,4,43.8,18.9,64.9,93.8,507.3,493.63,Bharti Airtel
GFS Advanced,2021-02-24,2021-02-26,551.04,533.42,148,-2607.55,193.86,-2801.41,-3.44,Stop Loss (candle low),bull,2,37.4,30.0,63.2,60.2,550.76,541.95,Bharti Airtel
GFS Advanced,2021-10-08,2021-10-12,684.05,670.48,115,-1561.52,188.53,-1750.04,-2.22,Stop Loss (candle low),bull,4,41.9,37.3,74.9,64.5,683.71,672.97,Bharti Airtel
GFS Advanced,2022-12-09,2022-12-16,821.7,807.29,94,-1354.65,185.57,-1540.22,-1.99,Stop Loss (candle low),bull,7,36.0,38.9,64.7,66.5,821.29,808.47,Bharti Airtel
GFS Advanced,2023-06-20,2023-06-23,818.86,838.74,92,1829.43,184.64,1644.79,2.18,RSI Target 60,bull,3,40.4,61.5,80.8,60.6,818.45,811.32,Bharti Airtel
GFS Advanced,2023-08-21,2023-08-29,862.38,842.99,90,-1745.42,186.0,-1931.41,-2.49,Price < 50 EMA,bull,8,42.1,33.6,71.7,71.4,861.95,841.9,Bharti Airtel
GFS Advanced,2023-10-09,2023-10-10,915.71,934.81,82,1565.78,183.82,1381.96,1.84,RSI Target 60,bull,1,41.4,68.7,62.6,74.2,915.26,903.46,Bharti Airtel
GFS Advanced,2023-12-26,2023-12-28,989.17,1021.9,77,2519.66,187.2,2332.46,3.06,RSI Target 60,bull,2,35.7,65.9,61.5,71.3,988.68,975.52,Bharti Airtel
GFS Advanced,2024-02-13,2024-03-05,1110.04,1152.21,71,2993.62,193.57,2800.05,3.55,RSI Target 60,bull,21,39.4,69.9,77.1,75.6,1109.49,1088.04,Bharti Airtel
GFS Advanced,2024-05-15,2024-05-23,1300.73,1354.43,63,3383.3,200.94,3182.36,3.88,RSI Target 60,bull,8,42.2,68.9,77.2,88.3,1300.08,1262.21,Bharti Airtel
GFS Advanced,2024-10-14,2024-10-24,1696.72,1663.7,50,-1650.91,202.14,-1853.06,-2.18,RSI Target 60,bull,10,37.2,61.0,71.6,91.2,1695.87,1664.59,Bharti Airtel
GFS Advanced,2025-05-21,2025-06-05,1812.26,1862.29,45,2251.31,198.89,2052.42,2.52,RSI Target 60,bull,15,43.5,73.9,69.1,80.6,1811.36,1789.44,Bharti Airtel
GFS Advanced,2025-07-15,2025-07-18,1927.85,1900.05,44,-1223.44,202.56,-1426.0,-1.68,Stop Loss (candle low),bull,3,44.0,27.4,62.3,81.7,1926.89,1906.3,Bharti Airtel
GFS Advanced,2025-12-12,2026-01-01,2088.14,2109.34,40,848.04,201.82,646.22,0.77,RSI Target 60,bull,20,35.0,61.4,62.9,76.9,2087.1,2049.57,Bharti Airtel
GFS Basic,2006-12-06,2006-12-12,18.95,18.35,5013,-2991.28,223.33,-3214.61,-3.38,Stop Loss (candle low),bull,6,43.5,47.9,73.2,73.5,18.94,18.54,Kotak Bank
GFS Basic,2007-03-08,2007-03-14,22.29,21.12,4124,-4816.7,214.63,-5031.33,-5.47,Stop Loss (candle low),bull,6,37.0,42.3,63.3,73.2,22.28,21.14,Kotak Bank
GFS Basic,2007-06-14,2007-06-21,28.17,30.98,3094,8691.2,218.01,8473.19,9.72,RSI Target 60,bull,7,43.1,63.0,79.6,78.4,28.15,27.25,Kotak Bank
GFS Basic,2007-08-16,2007-08-23,34.49,30.79,2760,-10210.23,216.31,-10426.54,-10.95,Stop Loss (candle low),bull,7,38.8,28.1,61.5,85.4,34.48,30.96,Kotak Bank
GFS Basic,2007-10-22,2007-10-26,42.33,50.56,2015,16588.72,222.04,16366.69,19.19,RSI Target 60,bull,4,38.2,61.7,67.5,90.4,42.3,39.87,Kotak Bank
GFS Basic,2007-12-20,2008-01-07,58.05,68.3,1737,17804.12,257.83,17546.29,17.4,RSI Target 60,bull,18,39.9,61.4,70.6,93.1,58.02,55.34,Kotak Bank
GFS Basic,2010-11-04,2010-11-12,49.01,47.25,2398,-4206.21,272.12,-4478.33,-3.81,Stop Loss (candle low),bull,8,39.8,41.1,66.4,69.8,48.98,47.89,Kotak Bank
GFS Basic,2010-12-08,2010-12-09,46.4,44.75,2441,-4034.02,262.86,-4296.88,-3.79,Stop Loss (candle low),bull,1,43.4,46.0,64.9,67.5,46.38,44.85,Kotak Bank
GFS Basic,2012-11-01,2012-11-21,60.88,62.33,1793,2608.02,260.58,2347.44,2.15,RSI Target 60,bull,20,42.2,69.3,64.2,64.2,60.84,59.14,Kotak Bank
GFS Basic,2012-12-26,2013-01-11,64.8,62.4,1719,-4129.47,258.59,-4388.06,-3.94,Stop Loss (candle low),bull,16,40.9,33.7,46.7,61.8,64.77,63.4,Kotak Bank
GFS Basic,2013-02-22,2013-02-27,66.47,64.73,1613,-2815.1,250.67,-3065.78,-2.86,Stop Loss (candle low),bull,5,43.4,26.7,63.7,68.7,66.44,65.12,Kotak Bank
GFS Basic,2013-06-06,2013-06-10,77.13,74.65,1352,-3358.24,243.58,-3601.82,-3.45,Stop Loss (candle low),bull,4,42.8,45.6,69.2,70.7,77.09,75.28,Kotak Bank
GFS Basic,2014-06-05,2014-06-12,86.68,92.57,1164,6858.08,246.64,6611.44,6.55,RSI Target 60,bull,7,37.5,66.4,78.5,66.0,86.64,84.57,Kotak Bank
GFS Basic,2014-07-02,2014-07-07,89.02,86.42,1204,-3129.29,250.27,-3379.56,-3.15,Stop Loss (candle low),bull,5,40.1,32.8,64.0,63.9,88.98,87.56,Kotak Bank
GFS Basic,2014-10-13,2014-10-22,100.6,105.49,1033,5047.23,251.49,4795.74,4.61,RSI Target 60,bull,9,36.7,67.6,71.0,79.6,100.55,98.08,Kotak Bank
GFS Basic,2015-02-02,2015-02-04,135.09,128.16,803,-5566.87,250.63,-5817.5,-5.36,Stop Loss (candle low),bull,2,44.2,24.7,76.7,84.8,135.03,129.44,Kotak Bank
GFS Basic,2016-01-14,2016-01-18,137.36,132.55,749,-3606.08,240.23,-3846.31,-3.74,Stop Loss (candle low),sideways,4,41.0,31.4,53.2,77.5,137.3,133.66,Kotak Bank
GFS Basic,2016-06-23,2016-06-24,149.12,145.76,666,-2242.08,233.71,-2475.79,-2.49,Stop Loss (candle low),bull,1,37.8,34.3,65.1,62.0,149.05,146.6,Kotak Bank
GFS Basic,2016-09-23,2016-09-26,159.82,156.55,606,-1981.6,228.5,-2210.1,-2.28,Stop Loss (candle low),bull,3,41.1,35.1,61.8,64.7,159.74,157.61,Kotak Bank
GFS Basic,2016-11-17,2016-11-21,155.61,151.58,609,-2454.8,223.37,-2678.17,-2.83,Stop Loss (candle low),bull,4,35.4,27.0,53.8,70.3,155.53,152.25,Kotak Bank
GFS Basic,2017-06-30,2017-07-19,191.26,197.71,482,3109.41,223.4,2886.01,3.13,RSI Target 60,bull,19,38.1,75.7,75.8,73.0,191.16,186.02,Kotak Bank
GFS Basic,2018-02-16,2018-02-26,211.4,219.77,449,3757.9,230.15,3527.75,3.72,RSI Target 60,bull,10,40.7,63.3,60.2,80.2,211.29,206.98,Kotak Bank
GFS Basic,2018-07-25,2018-08-02,262.39,254.71,375,-2881.29,231.0,-3112.3,-3.16,Stop Loss (candle low),bull,8,36.0,11.2,70.8,74.6,262.26,257.46,Kotak Bank
GFS Basic,2019-01-17,2019-01-22,243.98,257.01,391,5093.48,232.6,4860.89,5.1,RSI Target 60,sideways,5,42.4,64.1,60.2,63.6,243.86,238.75,Kotak Bank
GFS Basic,2019-06-25,2019-07-05,297.0,301.86,337,1639.91,239.44,1400.46,1.4,RSI Target 60,bull,10,40.2,64.3,75.4,65.0,296.85,291.88,Kotak Bank
GFS Basic,2019-07-10,2019-07-17,295.13,305.49,343,3555.13,243.96,3311.17,3.27,RSI Target 60,bull,7,39.8,63.1,69.8,65.0,294.98,290.65,Kotak Bank
GFS Basic,2019-08-06,2019-08-09,297.68,304.99,351,2568.21,250.17,2318.03,2.22,RSI Target 60,bull,3,42.1,63.5,66.4,61.5,297.53,288.98,Kotak Bank
GFS Basic,2020-01-21,2020-02-11,324.93,333.93,328,2952.51,255.22,2697.29,2.53,RSI Target 60,bull,21,39.1,66.0,58.3,74.1,324.76,315.56,Kotak Bank
GFS Basic,2021-01-14,2021-01-15,379.6,371.04,288,-2465.6,255.72,-2721.32,-2.49,Stop Loss (candle low),bull,1,37.0,26.2,79.4,62.1,379.41,372.47,Kotak Bank
GFS Basic,2021-10-11,2021-10-21,399.73,426.96,267,7271.71,260.03,7011.68,6.57,RSI Target 60,bull,10,43.6,71.0,67.8,67.4,399.53,387.38,Kotak Bank
GFS Basic,2021-11-12,2021-11-18,414.68,403.2,273,-3133.54,263.65,-3397.19,-3.0,Stop Loss (candle low),bull,6,40.4,41.1,66.0,67.2,414.47,408.9,Kotak Bank
GFS Basic,2023-06-09,2023-06-13,378.57,369.87,291,-2531.3,257.51,-2788.81,-2.53,Stop Loss (candle low),bull,4,40.6,42.5,63.7,60.4,378.38,370.81,Kotak Bank
GFS Basic,2025-04-16,2025-04-21,430.04,447.54,250,4375.13,258.77,4116.36,3.83,RSI Target 60,bull,5,42.0,61.5,83.1,64.0,429.82,421.96,Kotak Bank
GFS Basic,2025-05-09,2025-05-21,423.72,413.58,263,-2668.77,260.2,-2928.97,-2.63,Stop Loss (candle low),bull,12,38.6,29.6,64.9,72.8,423.51,414.31,Kotak Bank
GFS Basic,2025-11-17,2025-11-21,424.19,417.35,256,-1751.24,254.83,-2006.07,-1.85,Stop Loss (candle low),bull,4,36.3,44.7,60.6,63.1,423.98,418.27,Kotak Bank
GFS Advanced,2007-03-08,2007-03-09,22.29,21.55,4261,-3174.86,223.12,-3397.97,-3.58,Price < 50 EMA,bull,1,37.0,32.0,63.3,73.2,22.28,21.14,Kotak Bank
GFS Advanced,2007-06-14,2007-06-21,28.17,30.98,3257,9149.07,228.69,8920.39,9.72,RSI Target 60,bull,7,43.1,63.0,79.6,78.4,28.15,27.25,Kotak Bank
GFS Advanced,2007-12-24,2008-01-07,59.33,68.3,1689,15148.27,253.7,14894.57,14.86,RSI Target 60,bull,14,42.6,61.4,70.6,93.1,59.3,57.2,Kotak Bank
GFS Advanced,2010-11-04,2010-11-12,49.01,47.25,2334,-4093.95,265.26,-4359.21,-3.81,Stop Loss (candle low),bull,8,39.8,41.1,66.4,69.8,48.98,47.89,Kotak Bank
GFS Advanced,2012-11-01,2012-11-21,60.88,62.33,1811,2634.2,263.04,2371.16,2.15,RSI Target 60,bull,20,42.2,69.3,64.2,64.2,60.84,59.14,Kotak Bank
GFS Advanced,2012-12-26,2013-01-11,64.8,62.4,1736,-4170.31,260.99,-4431.3,-3.94,Stop Loss (candle low),bull,16,40.9,33.7,46.7,61.8,64.77,63.4,Kotak Bank
GFS Advanced,2013-06-06,2013-06-10,77.13,74.65,1404,-3487.4,252.36,-3739.76,-3.45,Stop Loss (candle low),bull,4,42.8,45.6,69.2,70.7,77.09,75.28,Kotak Bank
GFS Advanced,2014-07-02,2014-07-07,89.02,86.42,1176,-3056.52,244.8,-3301.32,-3.15,Stop Loss (candle low),bull,5,40.1,32.8,64.0,63.9,88.98,87.56,Kotak Bank
GFS Advanced,2014-10-13,2014-10-16,100.6,98.4,1010,-2221.35,238.82,-2460.17,-2.42,Price < 50 EMA,bull,3,36.7,31.7,66.8,79.6,100.55,98.08,Kotak Bank
GFS Advanced,2015-02-18,2015-02-24,130.35,134.0,761,2778.06,238.63,2539.42,2.56,RSI Target 60,bull,6,40.4,62.1,70.2,84.8,130.28,127.4,Kotak Bank
GFS Advanced,2016-06-23,2016-06-24,149.12,145.76,681,-2292.58,238.63,-2531.2,-2.49,Stop Loss (candle low),bull,1,37.8,34.3,65.1,62.0,149.05,146.6,Kotak Bank
GFS Advanced,2017-07-04,2017-07-19,191.26,197.71,519,3348.09,239.38,3108.72,3.13,RSI Target 60,bull,15,44.1,75.7,75.8,73.0,191.16,187.46,Kotak Bank
GFS Advanced,2018-02-16,2018-02-26,211.4,219.77,483,4042.47,246.42,3796.05,3.72,RSI Target 60,bull,10,40.7,63.3,60.2,80.2,211.29,206.98,Kotak Bank
GFS Advanced,2021-10-11,2021-10-21,399.73,426.96,264,7190.01,257.28,6932.72,6.57,RSI Target 60,bull,10,43.6,71.0,67.8,67.4,399.53,387.38,Kotak Bank
GFS Advanced,2021-11-24,2021-11-26,403.71,391.22,278,-3470.27,261.13,-3731.4,-3.32,Stop Loss (candle low),bull,2,42.3,40.0,63.8,67.2,403.51,392.36,Kotak Bank
GFS Advanced,2025-04-16,2025-04-21,430.04,447.54,253,4427.63,261.69,4165.94,3.83,RSI Target 60,bull,5,42.0,61.5,83.1,64.0,429.82,421.96,Kotak Bank
GFS Advanced,2025-05-12,2025-05-13,432.44,422.42,260,-2604.26,262.48,-2866.74,-2.55,Stop Loss (candle low),bull,1,36.6,28.9,66.2,72.8,432.22,424.52,Kotak Bank
GFS Advanced,2025-11-19,2025-11-21,422.21,417.35,260,-1263.54,257.96,-1521.5,-1.39,Stop Loss (candle low),bull,2,36.7,44.7,60.6,63.1,422.0,417.69,Kotak Bank
GFS Basic,2006-03-31,2006-04-05,214.46,228.26,442,6097.61,232.29,5865.32,6.19,RSI Target 60,bull,5,40.3,61.7,84.9,87.5,214.35,208.84,L&T
GFS Basic,2007-08-10,2007-08-16,429.72,408.6,234,-4941.81,233.66,-5175.47,-5.15,Stop Loss (candle low),bull,6,38.0,35.6,78.6,91.4,429.51,413.65,L&T
GFS Basic,2007-11-23,2007-12-11,727.96,755.54,131,3613.88,230.99,3382.9,3.55,RSI Target 60,bull,18,37.4,60.8,73.4,92.9,727.59,708.39,L&T
GFS Basic,2007-12-24,2008-01-08,722.67,763.77,136,5589.32,239.52,5349.79,5.44,RSI Target 60,bull,15,44.1,66.3,68.4,92.9,722.31,708.93,L&T
GFS Basic,2008-01-25,2008-02-01,688.3,655.37,151,-4972.29,241.14,-5213.43,-5.02,Weekly RSI < 50,bull,7,37.9,36.9,47.2,80.1,687.95,626.89,L&T
GFS Basic,2009-10-26,2009-11-03,576.46,544.49,171,-5467.75,228.72,-5696.47,-5.78,Stop Loss (candle low),bull,8,36.2,27.8,56.7,56.7,576.17,554.12,L&T
GFS Basic,2010-04-30,2010-05-03,580.39,568.0,161,-1994.88,220.91,-2215.79,-2.37,Stop Loss (candle low),bull,3,44.1,46.7,66.2,76.3,580.1,571.6,L&T
GFS Basic,2010-08-04,2010-08-20,648.97,671.49,140,3153.27,220.5,2932.78,3.23,RSI Target 60,bull,16,37.9,64.9,74.5,65.1,648.64,633.65,L&T
GFS Basic,2010-10-20,2010-11-03,729.78,772.13,129,5463.47,230.19,5233.27,5.56,RSI Target 60,bull,14,44.3,69.5,57.7,67.8,729.42,713.53,L&T
GFS Basic,2010-11-23,2010-11-25,739.69,694.97,134,-5992.46,229.38,-6221.84,-6.28,Stop Loss (candle low),bull,2,44.8,22.5,66.0,67.8,739.32,715.04,L&T
GFS Basic,2014-06-30,2014-07-03,959.24,979.15,97,1931.38,224.1,1707.28,1.83,RSI Target 60,bull,3,43.3,62.4,78.5,74.9,958.76,934.25,L&T
GFS Basic,2014-07-14,2014-07-30,898.83,851.61,105,-4958.12,219.92,-5178.03,-5.49,Stop Loss (candle low),bull,16,39.8,33.1,68.7,74.9,898.38,866.42,L&T
GFS Basic,2017-07-07,2017-07-13,992.13,1029.39,90,3352.84,217.23,3135.61,3.51,RSI Target 60,bull,6,41.7,64.9,65.2,70.9,991.64,975.16,L&T
GFS Basic,2018-02-09,2018-02-19,1192.06,1148.75,78,-3378.22,218.45,-3596.68,-3.87,Stop Loss (candle low),bull,10,42.7,27.7,58.0,84.3,1191.46,1168.79,L&T
GFS Basic,2021-06-25,2021-06-30,1451.94,1423.22,61,-1751.89,210.33,-1962.22,-2.22,Stop Loss (candle low),bull,5,42.0,45.1,61.1,82.2,1451.22,1429.82,L&T
GFS Basic,2021-08-24,2021-08-30,1549.08,1592.37,56,2424.49,210.61,2213.87,2.55,RSI Target 60,bull,6,44.5,60.8,69.8,83.6,1548.31,1518.23,L&T
GFS Basic,2022-02-10,2022-02-11,1834.87,1794.91,48,-1918.19,209.06,-2127.25,-2.42,Stop Loss (candle low),bull,1,37.8,39.4,47.7,89.8,1833.96,1804.26,L&T
GFS Basic,2022-09-22,2022-09-23,1853.12,1803.91,47,-2312.98,206.48,-2519.46,-2.89,Stop Loss (candle low),bull,1,40.5,30.0,78.4,69.8,1852.19,1819.6,L&T
GFS Basic,2022-12-29,2022-12-30,2062.15,2026.33,41,-1468.64,201.69,-1670.33,-1.98,Stop Loss (candle low),bull,1,41.9,36.2,69.9,65.9,2061.12,2034.44,L&T
GFS Basic,2023-02-07,2023-02-08,2112.18,2070.09,39,-1641.42,196.68,-1838.1,-2.23,Stop Loss (candle low),bull,1,41.9,25.4,65.8,65.6,2111.13,2088.75,L&T
GFS Basic,2023-11-06,2023-11-13,2929.92,2995.28,28,1830.03,199.53,1630.5,1.99,RSI Target 60,bull,7,35.9,61.7,75.5,80.1,2928.45,2876.14,L&T
GFS Basic,2024-02-06,2024-02-08,3371.27,3277.27,24,-2256.21,192.79,-2449.0,-3.03,Stop Loss (candle low),bull,2,42.7,36.4,70.6,84.8,3369.59,3279.28,L&T
GFS Advanced,2006-03-31,2006-04-05,214.46,228.26,442,6097.61,232.29,5865.32,6.19,RSI Target 60,bull,5,40.3,61.7,84.9,87.5,214.35,208.84,L&T
GFS Advanced,2007-08-10,2007-08-16,429.72,408.6,234,-4941.81,233.66,-5175.47,-5.15,Stop Loss (candle low),bull,6,38.0,35.6,78.6,91.4,429.51,413.65,L&T
GFS Advanced,2007-11-23,2007-12-11,727.96,755.54,131,3613.88,230.99,3382.9,3.55,RSI Target 60,bull,18,37.4,60.8,73.4,92.9,727.59,708.39,L&T
GFS Advanced,2007-12-24,2008-01-08,722.67,763.77,136,5589.32,239.52,5349.79,5.44,RSI Target 60,bull,15,44.1,66.3,68.4,92.9,722.31,708.93,L&T
GFS Advanced,2010-04-30,2010-05-03,580.39,568.0,179,-2217.91,243.9,-2461.8,-2.37,Stop Loss (candle low),bull,3,44.1,46.7,66.2,76.3,580.1,571.6,L&T
GFS Advanced,2010-08-04,2010-08-16,648.97,638.65,156,-1609.61,238.63,-1848.24,-1.83,Price < 50 EMA,bull,12,37.9,33.3,72.2,65.1,648.64,633.65,L&T
GFS Advanced,2010-10-20,2010-11-03,729.78,772.13,136,5759.93,241.85,5518.08,5.56,RSI Target 60,bull,14,44.3,69.5,57.7,67.8,729.42,713.53,L&T
GFS Advanced,2010-11-23,2010-11-24,739.69,724.7,142,-2128.05,246.53,-2374.59,-2.26,Price < 50 EMA,bull,1,44.8,32.0,66.0,67.8,739.32,715.04,L&T
GFS Advanced,2014-06-30,2014-07-03,959.24,979.15,107,2130.49,245.62,1884.87,1.84,RSI Target 60,bull,3,43.3,62.4,78.5,74.9,958.76,934.25,L&T
GFS Advanced,2014-07-14,2014-07-30,898.83,851.61,116,-5477.54,241.35,-5718.89,-5.48,Stop Loss (candle low),bull,16,39.8,33.1,68.7,74.9,898.38,866.42,L&T
GFS Advanced,2017-07-10,2017-07-13,1004.32,1029.39,98,2456.65,236.59,2220.06,2.26,RSI Target 60,bull,3,41.1,64.9,65.2,70.9,1003.82,987.74,L&T
GFS Advanced,2018-02-09,2018-02-19,1192.06,1148.75,84,-3638.09,234.08,-3872.16,-3.87,Stop Loss (candle low),bull,10,42.7,27.7,58.0,84.3,1191.46,1168.79,L&T
GFS Advanced,2021-06-25,2021-06-30,1451.94,1423.22,67,-1924.21,229.51,-2153.72,-2.21,Stop Loss (candle low),bull,5,42.0,45.1,61.1,82.2,1451.22,1429.82,L&T
GFS Advanced,2021-08-24,2021-08-30,1549.08,1592.37,61,2640.96,228.05,2412.91,2.55,RSI Target 60,bull,6,44.5,60.8,69.8,83.6,1548.31,1518.23,L&T
GFS Advanced,2022-10-04,2022-10-20,1829.15,1849.86,53,1097.65,231.9,865.76,0.89,RSI Target 60,bull,16,36.4,61.3,71.0,62.0,1828.23,1782.97,L&T
GFS Advanced,2022-12-29,2022-12-30,2062.15,2026.33,47,-1683.56,228.96,-1912.53,-1.97,Stop Loss (candle low),bull,1,41.9,36.2,69.9,65.9,2061.12,2034.44,L&T
GFS Advanced,2023-02-07,2023-02-08,2112.18,2070.09,45,-1893.95,224.58,-2118.53,-2.23,Stop Loss (candle low),bull,1,41.9,25.4,65.8,65.6,2111.13,2088.75,L&T
GFS Advanced,2023-11-06,2023-11-13,2929.92,2995.28,32,2091.46,225.84,1865.62,1.99,RSI Target 60,bull,7,35.9,61.7,75.5,80.1,2928.45,2876.14,L&T
GFS Advanced,2024-02-06,2024-02-07,3371.27,3335.43,28,-1003.59,224.06,-1227.65,-1.3,Price < 50 EMA,bull,1,42.7,38.9,70.6,84.8,3369.59,3279.28,L&T
GFS Basic,2006-04-04,2006-04-07,65.08,61.19,1459,-5666.29,220.45,-5886.74,-6.2,Stop Loss (candle low),bull,3,43.2,38.4,68.1,77.8,65.05,62.92,Axis Bank
GFS Basic,2006-12-15,2007-01-02,81.98,82.61,1090,690.1,214.61,475.49,0.53,RSI Target 60,bull,18,37.0,62.0,79.8,77.1,81.93,79.36,Axis Bank
GFS Basic,2007-07-25,2007-08-10,110.92,104.92,810,-4855.74,209.95,-5065.68,-5.64,Stop Loss (candle low),bull,16,42.9,35.7,69.4,79.7,110.86,106.84,Axis Bank
GFS Basic,2007-12-07,2007-12-13,167.52,173.08,507,2821.5,206.99,2614.51,3.08,RSI Target 60,bull,6,40.4,64.8,81.4,86.8,167.43,164.14,Axis Bank
GFS Basic,2008-02-06,2008-02-08,194.05,175.12,451,-8538.14,200.96,-8739.1,-9.99,Stop Loss (candle low),bull,2,42.9,42.9,53.8,88.2,193.95,180.98,Axis Bank
GFS Basic,2009-09-15,2009-09-23,166.86,167.42,474,265.98,191.36,74.62,0.09,RSI Target 60,bull,8,42.6,61.2,64.6,62.2,166.77,163.61,Axis Bank
GFS Basic,2009-12-17,2010-01-07,172.87,182.49,458,4408.96,195.84,4213.13,5.32,RSI Target 60,bull,21,44.5,64.5,57.0,67.4,172.78,166.65,Axis Bank
GFS Basic,2010-02-09,2010-02-17,192.54,194.22,432,726.58,200.92,525.66,0.63,RSI Target 60,bull,8,40.3,66.7,61.0,77.5,192.44,184.38,Axis Bank
GFS Basic,2010-04-19,2010-04-21,212.03,225.18,395,5192.28,206.82,4985.45,5.95,RSI Target 60,bull,2,37.7,67.4,67.0,83.4,211.93,205.3,Axis Bank
GFS Basic,2010-05-20,2010-05-25,225.94,213.93,391,-4695.02,206.78,-4901.8,-5.55,Stop Loss (candle low),bull,5,42.2,40.7,65.2,91.1,225.83,217.3,Axis Bank
GFS Basic,2010-06-02,2010-06-14,222.07,230.95,377,3349.89,204.84,3145.04,3.76,RSI Target 60,bull,12,35.4,66.9,63.9,88.5,221.96,214.78,Axis Bank
GFS Basic,2010-08-13,2010-08-24,245.81,252.21,353,2258.82,210.49,2048.32,2.36,RSI Target 60,bull,11,35.0,63.1,59.1,84.9,245.69,242.62,Axis Bank
GFS Basic,2010-10-21,2010-10-27,278.42,265.98,318,-3957.9,207.98,-4165.88,-4.71,Stop Loss (candle low),bull,6,37.9,31.0,59.5,84.9,278.28,268.36,Axis Bank
GFS Basic,2013-02-19,2013-02-21,273.21,265.21,310,-2481.21,200.97,-2682.18,-3.17,Stop Loss (candle low),bull,2,35.7,28.4,76.0,71.0,273.08,269.02,Axis Bank
GFS Basic,2014-08-07,2014-08-08,374.38,358.96,219,-3376.83,194.03,-3570.85,-4.36,Stop Loss (candle low),bull,1,42.1,27.9,64.3,62.9,374.19,367.71,Axis Bank
GFS Basic,2015-07-28,2015-08-20,550.63,520.23,143,-4346.48,185.8,-4532.29,-5.76,Stop Loss (candle low),bull,23,44.9,26.9,58.8,79.6,550.35,536.86,Axis Bank
GFS Basic,2018-02-08,2018-02-09,574.08,554.27,129,-2555.47,177.25,-2732.72,-3.69,Stop Loss (candle low),bull,1,43.4,37.4,54.8,77.0,573.79,556.4,Axis Bank
GFS Basic,2018-09-25,2018-10-03,616.77,568.88,116,-5554.82,168.56,-5723.38,-8.0,Stop Loss (candle low),bull,8,41.4,23.2,70.1,60.6,616.46,586.08,Axis Bank
GFS Basic,2019-01-29,2019-01-30,667.71,686.88,99,1897.34,164.19,1733.15,2.62,RSI Target 60,bull,1,44.0,63.6,73.7,60.1,667.38,645.72,Axis Bank
GFS Basic,2019-02-22,2019-03-07,701.0,729.43,97,2757.39,169.29,2588.1,3.81,RSI Target 60,bull,13,41.2,66.6,70.7,63.1,700.65,687.13,Axis Bank
GFS Basic,2019-05-06,2019-05-07,749.71,737.48,94,-1149.75,170.75,-1320.49,-1.87,Stop Loss (candle low),bull,1,44.2,45.4,70.1,71.9,749.34,739.72,Axis Bank
GFS Basic,2019-07-03,2019-07-05,807.53,802.35,85,-440.31,167.41,-607.72,-0.89,RSI Target 60,bull,2,44.1,68.0,56.2,76.0,807.12,796.78,Axis Bank
GFS Basic,2019-12-09,2019-12-27,731.21,756.61,94,2387.32,170.55,2216.77,3.23,RSI Target 60,sideways,18,43.2,68.6,63.3,61.7,730.85,706.69,Axis Bank
GFS Basic,2020-01-17,2020-01-20,739.73,723.81,95,-1512.24,169.93,-1682.17,-2.39,Stop Loss (candle low),bull,3,42.8,37.9,64.0,66.4,739.36,727.45,Axis Bank
GFS Basic,2023-07-19,2023-07-28,968.81,947.93,71,-1482.19,166.65,-1648.85,-2.4,Stop Loss (candle low),bull,9,43.4,43.4,67.7,69.4,968.32,954.47,Axis Bank
GFS Basic,2023-12-29,2024-01-02,1105.6,1090.93,61,-895.24,164.27,-1059.52,-1.57,Stop Loss (candle low),bull,4,38.5,32.2,61.1,67.6,1105.05,1091.63,Axis Bank
GFS Basic,2024-01-17,2024-01-24,1113.75,1056.9,59,-3353.83,157.88,-3511.71,-5.34,Stop Loss (candle low),bull,7,41.5,41.1,66.4,67.6,1113.19,1076.91,Axis Bank
GFS Basic,2024-05-21,2024-05-22,1144.46,1123.61,55,-1146.85,154.02,-1300.87,-2.07,Stop Loss (candle low),bull,1,40.3,32.8,61.9,75.9,1143.89,1126.8,Axis Bank
GFS Advanced,2006-04-04,2006-04-07,65.08,61.19,1459,-5666.29,220.45,-5886.74,-6.2,Stop Loss (candle low),bull,3,43.2,38.4,68.1,77.8,65.05,62.92,Axis Bank
GFS Advanced,2006-12-15,2007-01-02,81.98,82.61,1090,690.1,214.61,475.49,0.53,RSI Target 60,bull,18,37.0,62.0,79.8,77.1,81.93,79.36,Axis Bank
GFS Advanced,2007-07-25,2007-08-10,110.92,104.92,810,-4855.74,209.95,-5065.68,-5.64,Stop Loss (candle low),bull,16,42.9,35.7,69.4,79.7,110.86,106.84,Axis Bank
GFS Advanced,2008-02-06,2008-02-08,194.05,175.12,438,-8292.02,195.61,-8487.64,-9.99,Stop Loss (candle low),bull,2,42.9,42.9,53.8,88.2,193.95,180.98,Axis Bank
GFS Advanced,2010-02-09,2010-02-17,192.54,194.22,399,671.08,186.74,484.33,0.63,RSI Target 60,bull,8,40.3,66.7,61.0,77.5,192.44,184.38,Axis Bank
GFS Advanced,2010-05-21,2010-05-25,225.02,213.93,344,-3814.21,183.39,-3997.6,-5.16,Stop Loss (candle low),bull,4,44.9,40.7,65.2,91.1,224.91,215.59,Axis Bank
GFS Advanced,2010-06-02,2010-06-14,222.07,230.95,331,2941.15,181.72,2759.43,3.75,RSI Target 60,bull,12,35.4,66.9,63.9,88.5,221.96,214.78,Axis Bank
GFS Advanced,2010-08-13,2010-08-24,245.81,252.21,310,1983.66,186.72,1796.94,2.36,RSI Target 60,bull,11,35.0,63.1,59.1,84.9,245.69,242.62,Axis Bank
GFS Advanced,2013-02-19,2013-02-21,273.21,265.21,285,-2281.11,186.0,-2467.12,-3.17,Stop Loss (candle low),bull,2,35.7,28.4,76.0,71.0,273.08,269.02,Axis Bank
GFS Advanced,2014-08-07,2014-08-08,374.38,358.96,202,-3114.7,180.16,-3294.86,-4.36,Stop Loss (candle low),bull,1,42.1,27.9,64.3,62.9,374.19,367.71,Axis Bank
GFS Advanced,2018-02-08,2018-02-09,574.08,554.27,126,-2496.04,173.49,-2669.53,-3.69,Stop Loss (candle low),bull,1,43.4,37.4,54.8,77.0,573.79,556.4,Axis Bank
GFS Advanced,2019-01-29,2019-01-30,667.71,686.88,104,1993.17,171.71,1821.46,2.62,RSI Target 60,bull,1,44.0,63.6,73.7,60.1,667.38,645.72,Axis Bank
GFS Advanced,2019-02-22,2019-03-07,701.0,729.43,102,2899.53,177.23,2722.3,3.81,RSI Target 60,bull,13,41.2,66.6,70.7,63.1,700.65,687.13,Axis Bank
GFS Advanced,2019-05-06,2019-05-07,749.71,737.48,99,-1210.9,179.01,-1389.91,-1.87,Stop Loss (candle low),bull,1,44.2,45.4,70.1,71.9,749.34,739.72,Axis Bank
GFS Advanced,2019-07-03,2019-07-05,807.53,802.35,90,-466.21,176.35,-642.56,-0.88,RSI Target 60,bull,2,44.1,68.0,56.2,76.0,807.12,796.78,Axis Bank
GFS Advanced,2023-12-29,2024-01-02,1105.6,1090.93,65,-953.94,174.04,-1127.99,-1.57,Stop Loss (candle low),bull,4,38.5,32.2,61.1,67.6,1105.05,1091.63,Axis Bank
GFS Basic,2006-04-25,2006-04-26,51.67,50.22,1838,-2657.97,223.61,-2881.57,-3.03,Stop Loss (candle low),bull,1,40.6,37.1,60.4,85.0,51.64,50.29,Asian Paints
GFS Basic,2006-09-01,2006-09-08,52.95,53.71,1742,1315.79,221.68,1094.1,1.19,RSI Target 60,bull,7,39.3,66.3,65.8,75.5,52.93,51.86,Asian Paints
GFS Basic,2006-10-23,2006-11-01,54.85,56.98,1700,3617.33,226.29,3391.04,3.64,RSI Target 60,bull,9,39.9,61.1,75.4,72.4,54.82,53.83,Asian Paints
GFS Basic,2007-02-12,2007-02-23,66.23,60.59,1457,-8219.01,221.25,-8440.26,-8.75,Stop Loss (candle low),bull,11,44.2,31.0,55.0,78.8,66.2,62.45,Asian Paints
GFS Basic,2007-06-28,2007-06-29,70.03,67.72,1263,-2917.81,208.86,-3126.66,-3.54,Stop Loss (candle low),bull,1,41.6,39.6,63.5,71.2,70.0,68.13,Asian Paints
GFS Basic,2007-09-03,2007-09-06,80.33,78.57,1064,-1864.2,203.33,-2067.53,-2.42,Stop Loss (candle low),bull,3,39.5,58.7,68.0,84.1,80.29,78.66,Asian Paints
GFS Basic,2007-10-17,2007-10-25,80.54,92.43,1037,12328.89,213.7,12115.19,14.51,RSI Target 60,bull,8,43.9,73.6,59.4,84.9,80.5,77.32,Asian Paints
GFS Basic,2008-01-28,2008-02-05,96.0,102.34,990,6276.55,233.02,6043.53,6.36,RSI Target 60,bull,8,37.6,60.7,65.1,84.8,95.95,84.3,Asian Paints
GFS Basic,2008-05-23,2008-05-30,103.84,108.18,970,4216.24,243.52,3972.72,3.94,RSI Target 60,bull,7,35.1,69.6,80.2,79.5,103.78,103.06,Asian Paints
GFS Basic,2009-09-18,2009-09-30,119.88,121.28,872,1219.61,248.9,970.72,0.93,RSI Target 60,bull,12,42.1,60.7,70.2,59.9,119.82,116.69,Asian Paints
GFS Basic,2010-06-02,2010-06-08,182.11,194.07,579,6923.69,256.81,6666.88,6.32,RSI Target 60,bull,6,45.0,67.7,74.1,96.2,182.02,175.42,Asian Paints
GFS Basic,2010-10-21,2010-10-26,231.29,226.54,483,-2294.12,261.19,-2555.31,-2.29,Stop Loss (candle low),bull,5,44.9,27.9,60.7,90.3,231.17,228.13,Asian Paints
GFS Basic,2011-06-27,2011-07-01,276.4,292.72,395,6446.71,264.62,6182.09,5.66,RSI Target 60,bull,4,42.5,71.9,79.6,74.2,276.26,258.85,Asian Paints
GFS Basic,2011-07-28,2011-08-01,277.9,270.98,414,-2863.05,268.02,-3131.07,-2.72,Stop Loss (candle low),bull,4,43.1,45.3,68.9,72.5,277.76,274.34,Asian Paints
GFS Basic,2012-06-27,2012-06-28,339.48,334.85,330,-1525.29,262.69,-1787.99,-1.6,Stop Loss (candle low),bull,1,38.9,38.3,87.3,75.2,339.31,336.02,Asian Paints
GFS Basic,2012-07-12,2012-07-17,335.9,327.14,329,-2881.52,257.92,-3139.44,-2.84,Stop Loss (candle low),bull,5,37.4,40.1,75.0,70.5,335.73,328.98,Asian Paints
GFS Basic,2013-01-17,2013-01-31,388.97,403.01,276,3875.01,257.91,3617.1,3.37,RSI Target 60,bull,14,43.0,68.2,72.9,77.3,388.78,382.76,Asian Paints
GFS Basic,2013-02-22,2013-02-26,408.04,393.96,272,-3827.29,258.0,-4085.29,-3.68,Stop Loss (candle low),bull,4,37.6,29.4,81.2,77.3,407.83,400.71,Asian Paints
GFS Basic,2013-04-26,2013-04-30,428.81,419.14,249,-2407.5,250.1,-2657.61,-2.49,Stop Loss (candle low),bull,4,42.5,56.9,63.0,73.5,428.59,420.12,Asian Paints
GFS Basic,2013-11-25,2013-11-26,470.26,458.21,222,-2674.03,244.55,-2918.58,-2.8,Stop Loss (candle low),bull,1,37.8,31.6,69.7,68.2,470.02,461.33,Asian Paints
GFS Basic,2014-08-28,2014-09-01,576.47,573.98,176,-438.26,240.34,-678.59,-0.67,RSI Target 60,bull,4,43.6,61.3,67.4,64.6,576.18,565.09,Asian Paints
GFS Basic,2014-09-30,2014-10-20,584.24,591.79,173,1305.98,241.29,1064.69,1.05,RSI Target 60,bull,20,41.5,62.2,64.1,62.2,583.95,568.76,Asian Paints
GFS Basic,2015-02-09,2015-03-17,751.91,759.75,136,1066.02,243.68,822.35,0.8,RSI Target 60,bull,36,44.0,61.4,53.3,79.1,751.54,715.89,Asian Paints
GFS Basic,2016-02-19,2016-03-10,790.42,824.51,130,4431.52,248.26,4183.26,4.07,RSI Target 60,bull,20,41.0,68.4,51.9,59.5,790.03,763.92,Asian Paints
GFS Basic,2016-06-22,2016-06-27,917.56,902.61,116,-1734.46,250.06,-1984.52,-1.86,Stop Loss (candle low),bull,5,35.4,29.1,69.3,67.7,917.1,906.5,Asian Paints
GFS Basic,2016-08-26,2016-09-06,1045.62,1115.54,100,6991.84,254.93,6736.91,6.44,RSI Target 60,bull,11,42.5,70.2,77.2,84.8,1045.1,1010.76,Asian Paints
GFS Basic,2017-05-25,2017-06-09,1045.85,1073.36,106,2916.35,264.7,2651.65,2.39,RSI Target 60,bull,15,41.1,63.4,76.1,67.5,1045.33,1012.35,Asian Paints
GFS Basic,2018-06-08,2018-06-21,1208.63,1179.65,94,-2723.34,264.97,-2988.31,-2.63,Stop Loss (candle low),bull,13,44.0,36.2,80.8,72.1,1208.02,1191.91,Asian Paints
GFS Basic,2018-08-20,2018-08-23,1348.58,1313.11,82,-2909.04,258.05,-3167.09,-2.86,Stop Loss (candle low),bull,3,43.0,33.7,70.2,73.0,1347.91,1316.17,Asian Paints
GFS Basic,2019-01-28,2019-02-01,1314.03,1375.19,82,5015.22,259.97,4755.26,4.41,RSI Target 60,bull,4,43.3,65.8,80.3,66.0,1313.38,1289.93,Asian Paints
GFS Basic,2019-02-26,2019-03-11,1329.15,1339.9,84,903.11,264.37,638.74,0.57,RSI Target 60,bull,13,35.9,66.9,55.1,64.9,1328.48,1301.02,Asian Paints
GFS Basic,2019-04-11,2019-05-07,1352.72,1309.7,83,-3570.44,261.13,-3831.57,-3.41,Stop Loss (candle low),bull,26,44.3,41.8,57.6,68.8,1352.04,1328.76,Asian Paints
GFS Basic,2019-09-09,2019-09-16,1467.39,1443.43,74,-1772.57,254.79,-2027.36,-1.87,Stop Loss (candle low),bull,7,38.4,37.1,65.3,66.9,1466.65,1446.18,Asian Paints
GFS Basic,2020-03-03,2020-03-16,1736.82,1606.62,62,-8072.19,246.26,-8318.45,-7.72,Stop Loss (candle low),bull,13,36.0,34.2,57.2,73.7,1735.95,1686.41,Asian Paints
GFS Basic,2020-09-25,2020-10-06,1869.35,1996.44,53,6735.68,242.47,6493.2,6.55,RSI Target 60,bull,11,41.2,60.2,79.8,72.0,1868.42,1822.59,Asian Paints
GFS Basic,2020-11-18,2020-11-19,2116.41,2068.08,50,-2416.17,247.98,-2664.15,-2.52,Stop Loss (candle low),bull,1,44.6,41.6,78.1,75.1,2115.35,2072.29,Asian Paints
GFS Basic,2021-01-19,2021-01-25,2563.25,2405.08,40,-6326.72,236.62,-6563.34,-6.4,Stop Loss (candle low),bull,6,41.1,29.2,73.7,80.8,2561.96,2477.83,Asian Paints
GFS Basic,2021-08-13,2021-08-16,2889.1,2856.79,33,-1066.15,226.09,-1292.24,-1.36,Stop Loss (candle low),bull,3,37.7,39.7,76.1,77.7,2887.65,2858.42,Asian Paints
GFS Advanced,2006-09-01,2006-09-08,52.95,53.71,1794,1355.06,227.84,1127.22,1.19,RSI Target 60,bull,7,39.3,66.3,65.8,75.5,52.93,51.86,Asian Paints
GFS Advanced,2006-10-23,2006-11-01,54.85,56.98,1751,3725.85,232.62,3493.23,3.64,RSI Target 60,bull,9,39.9,61.1,75.4,72.4,54.82,53.83,Asian Paints
GFS Advanced,2007-02-12,2007-02-22,66.23,62.46,1500,-5657.64,230.23,-5887.87,-5.93,Price < 50 EMA,bull,10,44.2,34.6,69.1,78.8,66.2,62.45,Asian Paints
GFS Advanced,2007-06-28,2007-06-29,70.03,67.72,1339,-3093.38,220.5,-3313.88,-3.53,Stop Loss (candle low),bull,1,41.6,39.6,63.5,71.2,70.0,68.13,Asian Paints
GFS Advanced,2008-01-28,2008-02-05,96.0,102.34,944,5984.91,222.91,5762.01,6.36,RSI Target 60,bull,8,37.6,60.7,65.1,84.8,95.95,84.3,Asian Paints
GFS Advanced,2009-09-18,2009-09-30,119.88,121.28,801,1120.31,229.88,890.43,0.93,RSI Target 60,bull,12,42.1,60.7,70.2,59.9,119.82,116.69,Asian Paints
GFS Advanced,2011-06-27,2011-07-01,276.4,292.72,350,5712.27,236.22,5476.05,5.66,RSI Target 60,bull,4,42.5,71.9,79.6,74.2,276.26,258.85,Asian Paints
GFS Advanced,2011-08-04,2011-08-12,275.86,285.22,370,3465.19,245.73,3219.45,3.15,RSI Target 60,bull,8,35.9,62.5,68.6,72.5,275.72,265.97,Asian Paints
GFS Advanced,2012-06-27,2012-06-28,339.48,334.85,309,-1428.23,246.95,-1675.18,-1.6,Stop Loss (candle low),bull,1,38.9,38.3,87.3,75.2,339.31,336.02,Asian Paints
GFS Advanced,2012-07-12,2012-07-13,335.9,331.21,308,-1444.52,243.74,-1688.25,-1.63,Price < 50 EMA,bull,1,37.4,41.6,75.0,70.5,335.73,328.98,Asian Paints
GFS Advanced,2013-11-25,2013-11-26,470.26,458.21,216,-2601.76,238.35,-2840.11,-2.8,Stop Loss (candle low),bull,1,37.8,31.6,69.7,68.2,470.02,461.33,Asian Paints
GFS Advanced,2014-10-01,2014-10-16,584.97,571.96,169,-2199.16,232.74,-2431.9,-2.46,Stop Loss (candle low),bull,15,41.3,45.9,64.9,62.2,584.68,572.46,Asian Paints
GFS Advanced,2015-02-09,2015-02-24,751.91,730.65,129,-2743.45,228.03,-2971.48,-3.06,Price < 50 EMA,bull,15,44.0,45.3,69.2,84.8,751.54,715.89,Asian Paints
GFS Advanced,2016-06-22,2016-06-27,917.56,902.61,102,-1525.13,221.73,-1746.86,-1.87,Stop Loss (candle low),bull,5,35.4,29.1,69.3,67.7,917.1,906.5,Asian Paints
GFS Advanced,2017-05-26,2017-06-09,1067.97,1073.36,86,463.31,219.91,243.4,0.27,RSI Target 60,bull,14,40.7,63.4,76.1,67.5,1067.44,1043.87,Asian Paints
GFS Advanced,2018-06-08,2018-06-21,1208.63,1179.65,76,-2201.85,217.17,-2419.02,-2.63,Stop Loss (candle low),bull,13,44.0,36.2,80.8,72.1,1208.02,1191.91,Asian Paints
GFS Advanced,2018-08-20,2018-08-23,1348.58,1313.11,67,-2376.9,213.65,-2590.55,-2.87,Stop Loss (candle low),bull,3,43.0,33.7,70.2,73.0,1347.91,1316.17,Asian Paints
GFS Advanced,2019-09-09,2019-09-16,1467.39,1443.43,59,-1413.26,206.26,-1619.52,-1.87,Stop Loss (candle low),bull,7,38.4,37.1,65.3,66.9,1466.65,1446.18,Asian Paints
GFS Advanced,2020-09-25,2020-10-06,1869.35,1996.44,46,5846.06,212.47,5633.58,6.55,RSI Target 60,bull,11,41.2,60.2,79.8,72.0,1868.42,1822.59,Asian Paints
GFS Advanced,2020-11-18,2020-11-19,2116.41,2068.08,43,-2077.91,215.41,-2293.32,-2.52,Stop Loss (candle low),bull,1,44.6,41.6,78.1,75.1,2115.35,2072.29,Asian Paints
GFS Basic,2006-10-23,2006-10-31,834.24,840.35,113,690.57,225.53,465.04,0.49,RSI Target 60,bull,8,40.7,61.3,81.5,76.8,833.82,813.09,Maruti
GFS Basic,2006-11-13,2006-11-15,800.17,785.92,119,-1696.45,225.17,-1921.62,-2.02,Stop Loss (candle low),bull,2,43.6,35.5,65.4,76.8,799.77,788.26,Maruti
GFS Basic,2007-11-02,2007-11-21,902.97,833.3,103,-7176.12,214.57,-7390.69,-7.95,Stop Loss (candle low),bull,19,35.4,31.6,66.5,65.2,902.52,846.18,Maruti
GFS Basic,2009-08-18,2009-08-27,1164.84,1249.17,74,6240.06,213.35,6026.72,6.99,RSI Target 60,bull,9,42.2,63.3,81.6,74.0,1164.26,1117.14,Maruti
GFS Basic,2009-10-20,2009-10-21,1384.56,1329.71,66,-3619.97,214.65,-3834.62,-4.2,Stop Loss (candle low),bull,1,38.2,34.4,67.8,88.5,1383.87,1336.6,Maruti
GFS Basic,2013-05-30,2013-06-03,1479.55,1408.52,59,-4190.6,204.97,-4395.57,-5.04,Stop Loss (candle low),bull,4,35.0,30.5,61.1,58.2,1478.81,1439.77,Maruti
GFS Basic,2014-07-21,2014-07-22,2326.29,2270.13,36,-2021.65,199.34,-2220.98,-2.65,Stop Loss (candle low),bull,1,44.5,31.8,72.4,68.9,2325.12,2280.25,Maruti
GFS Basic,2014-10-13,2014-10-22,2705.97,2882.16,30,5285.48,201.2,5084.27,6.26,RSI Target 60,bull,9,41.8,64.8,79.4,87.3,2704.62,2653.42,Maruti
GFS Basic,2015-02-11,2015-03-02,3151.64,3366.79,27,5809.1,210.45,5598.65,6.58,RSI Target 60,bull,19,35.1,70.8,64.3,88.3,3150.07,3089.71,Maruti
GFS Basic,2015-03-25,2015-03-26,3295.2,3230.72,28,-1805.43,218.49,-2023.93,-2.19,Stop Loss (candle low),bull,1,36.3,29.4,63.7,88.3,3293.56,3241.47,Maruti
GFS Basic,2015-08-26,2015-09-01,3888.15,3706.36,23,-4181.2,209.72,-4390.93,-4.91,Stop Loss (candle low),bull,6,36.2,26.6,66.7,90.8,3886.21,3751.94,Maruti
GFS Basic,2015-10-16,2015-10-27,4075.05,4103.83,21,604.38,206.12,398.26,0.47,RSI Target 60,bull,11,43.5,60.0,55.6,92.4,4073.01,3998.02,Maruti
GFS Basic,2015-12-08,2015-12-09,4183.57,4087.49,20,-1921.55,199.27,-2120.82,-2.53,Stop Loss (candle low),bull,1,43.0,45.5,61.4,81.8,4181.48,4124.82,Maruti
GFS Basic,2016-08-29,2016-08-31,4526.31,4643.89,18,2116.35,198.57,1917.78,2.35,RSI Target 60,bull,2,43.4,72.0,82.8,61.8,4524.05,4490.67,Maruti
GFS Basic,2016-11-09,2016-11-11,5107.85,4717.95,16,-6238.43,190.48,-6428.91,-7.87,Stop Loss (candle low),bull,2,37.1,25.0,55.3,67.5,5105.3,4874.86,Maruti
GFS Basic,2017-03-06,2017-03-07,5495.84,5411.04,14,-1187.13,185.08,-1372.21,-1.78,Stop Loss (candle low),bull,1,44.1,46.4,79.7,62.6,5493.09,5432.64,Maruti
GFS Basic,2017-08-23,2017-09-01,6981.56,7250.66,11,2960.15,189.06,2771.1,3.61,RSI Target 60,bull,9,39.9,63.2,70.9,87.4,6978.07,6892.8,Maruti
GFS Basic,2017-09-29,2017-10-03,7439.54,7321.2,11,-1301.79,195.84,-1497.63,-1.83,Stop Loss (candle low),bull,4,40.8,36.2,74.1,86.6,7435.83,7355.26,Maruti
GFS Basic,2018-01-12,2018-01-16,8820.98,8651.87,9,-1521.93,190.17,-1712.1,-2.16,Stop Loss (candle low),bull,4,35.1,31.8,80.3,88.2,8816.57,8682.55,Maruti
GFS Basic,2018-02-05,2018-02-22,8472.82,8013.34,9,-4135.34,180.5,-4315.84,-5.66,Stop Loss (candle low),bull,17,40.9,27.2,63.1,95.4,8468.59,8063.41,Maruti
GFS Basic,2018-08-03,2018-08-13,8575.01,8428.02,8,-1175.99,166.56,-1342.55,-1.96,Stop Loss (candle low),bull,10,44.4,28.1,63.3,74.9,8570.73,8492.19,Maruti
GFS Basic,2018-09-05,2018-09-06,8388.79,8202.35,8,-1491.47,162.92,-1654.39,-2.47,Stop Loss (candle low),sideways,1,40.6,33.3,69.9,69.8,8384.59,8231.15,Maruti
GFS Basic,2021-08-06,2021-08-10,6917.82,6750.34,10,-1674.8,167.33,-1842.12,-2.66,Stop Loss (candle low),sideways,4,42.3,39.9,63.5,64.0,6914.37,6789.49,Maruti
GFS Basic,2022-08-23,2022-09-12,8506.41,8663.51,8,1256.79,167.86,1088.94,1.6,RSI Target 60,bull,20,42.7,64.2,78.1,64.4,8502.16,8310.62,Maruti
GFS Basic,2022-10-07,2022-10-11,8592.48,8427.22,8,-1322.09,166.72,-1488.81,-2.17,Stop Loss (candle low),bull,4,38.7,34.3,60.4,67.6,8588.18,8453.27,Maruti
GFS Basic,2023-06-28,2023-07-05,9301.01,9696.66,7,2769.6,162.88,2606.72,4.0,RSI Target 60,bull,7,42.0,67.5,78.1,67.4,9296.36,9153.48,Maruti
GFS Basic,2023-07-25,2023-08-04,9495.24,9276.69,7,-1529.81,161.45,-1691.26,-2.54,Stop Loss (candle low),bull,10,40.2,42.7,66.9,66.2,9490.49,9332.27,Maruti
GFS Basic,2023-10-05,2023-10-25,10070.93,10372.26,7,2109.31,174.18,1935.14,2.75,RSI Target 60,bull,20,41.1,71.1,74.5,66.7,10065.9,9902.23,Maruti
GFS Basic,2023-11-02,2023-11-20,10143.54,10350.13,7,1446.1,174.62,1271.48,1.79,RSI Target 60,bull,18,38.8,63.0,71.7,62.1,10138.47,9992.35,Maruti
GFS Basic,2024-03-14,2024-03-20,11236.83,11696.9,6,2760.47,168.02,2592.45,3.85,RSI Target 60,bull,6,42.4,73.1,64.6,77.3,11231.21,11070.87,Maruti
GFS Basic,2024-05-14,2024-05-16,12589.95,12242.02,6,-2087.59,181.03,-2268.62,-3.0,Stop Loss (candle low),bull,2,43.6,37.2,79.6,84.4,12583.66,12392.62,Maruti
GFS Basic,2024-06-05,2024-06-25,12368.45,11868.76,5,-2498.43,150.17,-2648.6,-4.28,Stop Loss (candle low),bull,20,44.5,48.3,58.3,83.2,12362.27,11877.09,Maruti
GFS Basic,2025-11-17,2025-11-24,15899.95,15950.02,4,200.3,156.87,43.43,0.07,RSI Target 60,bull,7,35.7,61.3,76.0,69.2,15892.0,15647.17,Maruti
GFS Advanced,2007-11-02,2007-11-05,902.97,868.58,105,-3611.14,222.28,-3833.42,-4.04,Price < 50 EMA,bull,3,35.4,30.2,63.7,65.2,902.52,846.18,Maruti
GFS Advanced,2009-08-18,2009-08-27,1164.84,1249.17,78,6577.36,224.05,6353.31,6.99,RSI Target 60,bull,9,42.2,63.3,81.6,74.0,1164.26,1117.14,Maruti
GFS Advanced,2009-10-20,2009-10-21,1384.56,1329.71,70,-3839.36,226.73,-4066.09,-4.2,Stop Loss (candle low),bull,1,38.2,34.4,67.8,88.5,1383.87,1336.6,Maruti
GFS Advanced,2014-07-21,2014-07-22,2326.29,2270.13,40,-2246.27,219.78,-2466.06,-2.65,Stop Loss (candle low),bull,1,44.5,31.8,72.4,68.9,2325.12,2280.25,Maruti
GFS Advanced,2014-10-13,2014-10-22,2705.97,2882.16,33,5814.02,219.79,5594.23,6.26,RSI Target 60,bull,9,41.8,64.8,79.4,87.3,2704.62,2653.42,Maruti
GFS Advanced,2015-02-19,2015-02-20,3282.58,3217.93,29,-1874.79,224.93,-2099.72,-2.21,Stop Loss (candle low),bull,1,42.7,42.3,63.0,90.3,3280.94,3231.36,Maruti
GFS Advanced,2015-03-25,2015-03-26,3295.2,3230.72,28,-1805.43,218.49,-2023.93,-2.19,Stop Loss (candle low),bull,1,36.3,29.4,63.7,88.3,3293.56,3241.47,Maruti
GFS Advanced,2015-10-20,2015-10-23,4125.93,3997.88,22,-2817.15,214.12,-3031.27,-3.34,Stop Loss (candle low),bull,3,39.2,37.9,55.6,92.4,4123.87,4053.32,Maruti
GFS Advanced,2015-12-08,2015-12-09,4183.57,4087.49,21,-2017.63,208.47,-2226.1,-2.53,Stop Loss (candle low),bull,1,43.0,45.5,61.4,81.8,4181.48,4124.82,Maruti
GFS Advanced,2016-08-29,2016-08-31,4526.31,4643.89,19,2233.93,208.75,2025.17,2.35,RSI Target 60,bull,2,43.4,72.0,82.8,61.8,4524.05,4490.67,Maruti
GFS Advanced,2017-03-06,2017-03-07,5495.84,5411.04,16,-1356.72,209.33,-1566.05,-1.78,Stop Loss (candle low),bull,1,44.1,46.4,79.7,62.6,5493.09,5432.64,Maruti
GFS Advanced,2017-08-23,2017-09-01,6981.56,7250.66,12,3229.26,204.85,3024.41,3.61,RSI Target 60,bull,9,39.9,63.2,70.9,87.4,6978.07,6892.8,Maruti
GFS Advanced,2017-10-10,2017-10-11,7371.82,7262.59,12,-1310.73,210.55,-1521.28,-1.72,Stop Loss (candle low),bull,1,36.9,34.7,71.1,86.6,7368.13,7318.42,Maruti
GFS Advanced,2018-08-03,2018-08-09,8575.01,8488.53,10,-864.85,204.99,-1069.84,-1.25,Price < 50 EMA,bull,6,44.4,43.9,61.0,74.9,8570.73,8492.19,Maruti
GFS Advanced,2022-08-23,2022-09-12,8506.41,8663.51,10,1570.99,205.99,1365.0,1.6,RSI Target 60,bull,20,42.7,64.2,78.1,64.4,8502.16,8310.62,Maruti
GFS Advanced,2022-10-10,2022-10-11,8622.45,8427.22,10,-1952.3,204.92,-2157.22,-2.5,Price < 50 EMA,bull,1,38.4,34.3,60.4,67.6,8618.14,8401.84,Maruti
GFS Advanced,2023-10-05,2023-10-25,10070.93,10372.26,8,2410.64,196.87,2213.77,2.75,RSI Target 60,bull,20,41.1,71.1,74.5,66.7,10065.9,9902.23,Maruti
GFS Advanced,2024-05-14,2024-05-16,12589.95,12242.02,7,-2435.52,208.65,-2644.17,-3.0,Stop Loss (candle low),bull,2,43.6,37.2,79.6,84.4,12583.66,12392.62,Maruti
GFS Advanced,2024-06-05,2024-06-19,12368.45,11991.7,7,-2637.27,204.99,-2842.26,-3.28,Price < 50 EMA,bull,14,44.5,37.9,67.7,83.2,12362.27,11877.09,Maruti
GFS Basic,2006-03-31,2006-04-12,4.33,4.14,21962,-4067.07,222.22,-4289.29,-4.52,RSI Target 60,bear,12,37.3,60.3,65.1,85.2,4.32,4.03,Bajaj Finance
GFS Basic,2006-04-18,2006-04-26,4.03,3.87,22556,-3724.8,213.52,-3938.32,-4.33,Stop Loss (candle low),bear,8,35.1,38.0,63.2,85.2,4.03,3.88,Bajaj Finance
GFS Basic,2009-10-28,2009-11-17,2.44,2.65,35708,7393.9,216.73,7177.17,8.23,RSI Target 60,bull,20,43.4,69.6,63.6,71.8,2.44,2.22,Bajaj Finance
GFS Basic,2010-06-04,2010-06-08,4.22,4.04,22275,-4082.8,219.98,-4302.79,-4.58,Stop Loss (candle low),bull,4,42.6,43.5,83.3,93.4,4.22,4.06,Bajaj Finance
GFS Basic,2010-10-29,2010-11-08,7.06,7.22,12736,2087.48,217.3,1870.18,2.08,RSI Target 60,bull,10,42.7,69.8,86.8,95.4,7.06,6.6,Bajaj Finance
GFS Basic,2011-04-27,2011-04-29,6.35,6.24,14435,-1547.85,217.48,-1765.33,-1.93,Stop Loss (candle low),sideways,2,40.9,35.8,60.2,75.2,6.35,6.27,Bajaj Finance
GFS Basic,2012-05-10,2012-05-29,7.93,7.65,11348,-3247.19,211.98,-3459.16,-3.84,Stop Loss (candle low),bull,19,42.6,44.2,58.0,67.7,7.93,7.65,Bajaj Finance
GFS Basic,2012-09-04,2012-09-17,9.9,10.3,8763,3564.36,211.74,3352.62,3.87,RSI Target 60,bull,13,36.9,61.7,79.7,77.3,9.89,9.58,Bajaj Finance
GFS Basic,2012-12-12,2012-12-18,12.07,11.83,7449,-1751.28,213.31,-1964.6,-2.19,Stop Loss (candle low),bull,6,38.9,15.1,73.1,89.3,12.06,11.86,Bajaj Finance
GFS Basic,2013-06-07,2013-06-11,14.31,14.15,6153,-967.54,209.97,-1177.51,-1.34,RSI Target 60,bull,4,37.9,62.9,63.8,80.9,14.3,13.69,Bajaj Finance
GFS Basic,2013-07-01,2013-07-11,13.69,13.87,6348,1105.87,209.63,896.24,1.03,RSI Target 60,bull,10,41.1,60.2,67.6,73.8,13.69,13.13,Bajaj Finance
GFS Basic,2013-07-22,2013-07-24,13.17,12.56,6665,-4031.83,206.2,-4238.02,-4.83,Stop Loss (candle low),bull,2,40.2,37.3,62.7,73.8,13.16,12.6,Bajaj Finance
GFS Basic,2014-01-30,2014-02-04,14.45,14.17,5795,-1608.45,199.75,-1808.2,-2.16,Stop Loss (candle low),bull,5,38.9,39.2,78.0,56.7,14.44,14.21,Bajaj Finance
GFS Basic,2014-05-16,2014-05-22,17.24,19.55,4758,11005.17,209.01,10796.17,13.16,RSI Target 60,bull,6,43.0,65.4,71.2,66.5,17.23,16.74,Bajaj Finance
GFS Basic,2014-12-05,2014-12-09,31.08,31.35,2969,806.6,221.2,585.4,0.63,RSI Target 60,bull,4,44.1,73.9,74.7,96.9,31.06,29.89,Bajaj Finance
GFS Basic,2015-03-17,2015-03-23,39.76,38.5,2335,-2951.87,218.59,-3170.46,-3.41,Stop Loss (candle low),bull,6,44.6,14.7,71.0,97.6,39.74,38.68,Bajaj Finance
GFS Basic,2015-07-13,2015-07-29,49.78,52.62,1804,5138.23,220.2,4918.03,5.48,RSI Target 60,bull,16,40.6,78.7,60.1,97.9,49.75,48.76,Bajaj Finance
GFS Basic,2015-09-10,2015-09-14,49.54,49.81,1907,519.01,225.81,293.21,0.31,RSI Target 60,bull,4,39.4,61.9,61.4,86.6,49.52,47.78,Bajaj Finance
GFS Basic,2016-01-19,2016-02-05,55.3,64.8,1714,16294.21,242.83,16051.38,16.94,RSI Target 60,bull,17,39.0,64.7,77.1,84.6,55.27,51.75,Bajaj Finance
GFS Basic,2016-05-05,2016-05-11,69.77,72.59,1577,4462.21,264.44,4197.77,3.82,RSI Target 60,bull,6,44.3,68.3,65.3,82.7,69.73,67.54,Bajaj Finance
GFS Basic,2016-06-23,2016-06-30,75.17,77.58,1516,3660.79,272.34,3388.45,2.97,RSI Target 60,bull,7,39.8,68.2,65.4,87.5,75.13,73.49,Bajaj Finance
GFS Basic,2016-09-28,2016-09-29,108.26,100.7,1082,-8180.11,267.16,-8447.27,-7.21,Stop Loss (candle low),bull,1,42.6,26.7,83.3,90.4,108.21,106.03,Bajaj Finance
GFS Basic,2017-09-28,2017-10-13,180.75,190.12,604,5655.81,263.8,5392.02,4.94,RSI Target 60,bull,15,43.0,62.3,87.6,79.7,180.66,174.34,Bajaj Finance
GFS Basic,2017-10-27,2017-11-10,178.19,169.87,641,-5333.76,263.62,-5597.38,-4.9,Stop Loss (candle low),bull,14,37.1,37.2,51.6,76.5,178.1,170.59,Bajaj Finance
GFS Basic,2018-05-07,2018-05-09,185.33,180.0,588,-3136.82,254.25,-3391.06,-3.11,Stop Loss (candle low),bull,2,39.6,35.0,62.0,81.9,185.24,180.68,Bajaj Finance
GFS Basic,2018-09-07,2018-09-10,268.56,255.06,393,-5307.75,244.37,-5552.13,-5.26,Stop Loss (candle low),bull,3,41.1,34.4,78.5,88.3,268.43,260.61,Bajaj Finance
GFS Basic,2019-01-21,2019-01-28,254.37,239.73,395,-5781.72,232.62,-6014.33,-5.99,Stop Loss (candle low),bull,7,41.3,41.4,76.7,66.3,254.24,246.37,Bajaj Finance
GFS Basic,2019-05-09,2019-05-14,292.03,281.01,324,-3568.33,221.89,-3790.22,-4.01,Stop Loss (candle low),bull,5,44.7,39.8,62.0,74.5,291.88,281.32,Bajaj Finance
GFS Basic,2019-12-11,2019-12-20,396.5,403.98,230,1719.69,219.77,1499.93,1.64,RSI Target 60,bull,9,41.6,71.5,69.8,82.6,396.3,389.17,Bajaj Finance
GFS Basic,2020-01-23,2020-01-24,407.14,409.73,227,587.25,221.32,365.94,0.4,RSI Target 60,bull,1,43.8,73.7,52.5,82.2,406.94,399.03,Bajaj Finance
GFS Basic,2021-07-05,2021-07-07,597.44,606.89,155,1465.21,222.63,1242.58,1.34,RSI Target 60,bull,2,42.4,62.3,64.9,79.8,597.14,588.04,Bajaj Finance
GFS Basic,2021-11-08,2021-11-11,757.15,730.85,124,-3260.95,220.59,-3481.54,-3.71,Stop Loss (candle low),bull,3,42.0,38.7,70.9,81.5,756.77,734.12,Bajaj Finance
GFS Basic,2021-11-23,2021-11-26,704.62,667.54,128,-4746.46,210.84,-4957.3,-5.5,Stop Loss (candle low),bull,3,38.8,28.4,52.2,81.5,704.27,679.02,Bajaj Finance
GFS Basic,2022-08-24,2022-08-25,712.94,693.6,120,-2320.68,203.04,-2523.72,-2.95,Stop Loss (candle low),sideways,1,43.7,41.1,79.8,62.1,712.58,702.74,Bajaj Finance
GFS Basic,2025-05-12,2025-05-21,899.13,914.9,93,1465.95,202.67,1263.28,1.51,RSI Target 60,bull,9,44.2,65.1,63.6,66.1,898.68,877.89,Bajaj Finance
GFS Basic,2025-06-04,2025-06-05,904.4,892.95,93,-1064.73,201.14,-1265.86,-1.51,Stop Loss (candle low),bull,1,42.7,41.5,66.1,65.3,903.95,896.0,Bajaj Finance
GFS Basic,2025-11-06,2025-11-11,1053.33,1004.7,79,-3841.69,196.27,-4037.96,-4.85,Stop Loss (candle low),bull,5,42.2,32.5,74.7,72.4,1052.8,1034.48,Bajaj Finance
GFS Advanced,2009-10-28,2009-11-17,2.44,2.65,38909,8056.72,234.78,7821.94,8.23,RSI Target 60,bull,20,43.4,69.6,63.6,71.8,2.44,2.22,Bajaj Finance
GFS Advanced,2010-06-04,2010-06-08,4.22,4.04,24273,-4449.02,238.34,-4687.36,-4.58,Stop Loss (candle low),bull,4,42.6,43.5,83.3,93.4,4.22,4.06,Bajaj Finance
GFS Advanced,2012-09-04,2012-09-17,9.9,10.3,9900,4026.84,237.23,3789.61,3.87,RSI Target 60,bull,13,36.9,61.7,79.7,77.3,9.89,9.58,Bajaj Finance
GFS Advanced,2012-12-12,2012-12-18,12.07,11.83,8415,-1978.39,238.99,-2217.38,-2.18,Stop Loss (candle low),bull,6,38.9,15.1,73.1,89.3,12.06,11.86,Bajaj Finance
GFS Advanced,2013-06-07,2013-06-11,14.31,14.15,6951,-1093.02,235.22,-1328.24,-1.34,RSI Target 60,bull,4,37.9,62.9,63.8,80.9,14.3,13.69,Bajaj Finance
GFS Advanced,2013-07-01,2013-07-11,13.69,13.87,7172,1249.42,234.85,1014.57,1.03,RSI Target 60,bull,10,41.1,60.2,67.6,73.8,13.69,13.13,Bajaj Finance
GFS Advanced,2014-12-05,2014-12-09,31.08,31.35,3191,866.91,236.59,630.32,0.64,RSI Target 60,bull,4,44.1,73.9,74.7,96.9,31.06,29.89,Bajaj Finance
GFS Advanced,2015-07-15,2015-07-29,50.15,52.62,1989,4913.96,242.1,4671.86,4.68,RSI Target 60,bull,14,39.4,78.7,60.1,97.9,50.13,49.17,Bajaj Finance
GFS Advanced,2016-01-22,2016-02-05,56.64,64.8,1839,15007.04,262.35,14744.69,14.15,RSI Target 60,bull,14,42.3,64.7,77.1,84.6,56.61,55.66,Bajaj Finance
GFS Advanced,2016-05-06,2016-05-11,70.7,72.59,1672,3172.26,281.29,2890.97,2.45,RSI Target 60,bull,5,44.7,68.3,65.3,82.7,70.66,69.01,Bajaj Finance
GFS Advanced,2016-09-28,2016-09-29,108.26,100.7,1117,-8444.71,275.3,-8720.02,-7.21,Stop Loss (candle low),bull,1,42.6,26.7,83.3,90.4,108.21,106.03,Bajaj Finance
GFS Advanced,2017-10-05,2017-10-13,183.73,190.12,613,3918.28,269.66,3648.62,3.24,RSI Target 60,bull,8,43.1,62.3,87.6,79.7,183.64,180.61,Bajaj Finance
GFS Advanced,2017-11-06,2017-11-07,179.77,175.47,646,-2779.23,270.52,-3049.75,-2.63,Stop Loss (candle low),bull,1,40.1,40.1,61.5,76.5,179.68,176.37,Bajaj Finance
GFS Advanced,2018-05-07,2018-05-09,185.33,180.0,611,-3259.51,263.59,-3523.11,-3.11,Stop Loss (candle low),bull,2,39.6,35.0,62.0,81.9,185.24,180.68,Bajaj Finance
GFS Advanced,2018-09-07,2018-09-10,268.56,255.06,409,-5523.85,253.7,-5777.54,-5.26,Stop Loss (candle low),bull,3,41.1,34.4,78.5,88.3,268.43,260.61,Bajaj Finance
GFS Advanced,2019-12-13,2019-12-20,399.85,403.98,261,1077.4,248.36,829.05,0.79,RSI Target 60,bull,7,42.2,71.5,69.8,82.6,399.65,394.75,Bajaj Finance
GFS Advanced,2021-11-08,2021-11-11,757.15,730.85,138,-3629.12,243.76,-3872.88,-3.71,Stop Loss (candle low),bull,3,42.0,38.7,70.9,81.5,756.77,734.12,Bajaj Finance
GFS Advanced,2022-08-24,2022-08-25,712.94,693.6,142,-2746.14,237.45,-2983.59,-2.95,Stop Loss (candle low),sideways,1,43.7,41.1,79.8,62.1,712.58,702.74,Bajaj Finance
GFS Advanced,2025-11-06,2025-11-11,1053.33,1004.7,93,-4522.5,228.33,-4750.83,-4.85,Stop Loss (candle low),bull,5,42.2,32.5,74.7,72.4,1052.8,1034.48,Bajaj Finance
GFS Basic,2011-05-26,2011-06-08,167.97,176.28,565,4699.26,231.09,4468.17,4.71,RSI Target 60,bull,13,44.7,60.3,68.8,79.9,167.88,164.52,Nestle
GFS Basic,2011-06-30,2011-07-04,174.73,187.02,568,6984.66,243.11,6741.56,6.79,RSI Target 60,bull,4,44.5,64.9,72.8,79.4,174.64,169.03,Nestle
GFS Basic,2011-07-22,2011-07-25,182.96,179.01,577,-2274.32,247.56,-2521.88,-2.39,Stop Loss (candle low),bull,3,40.1,46.8,68.9,79.4,182.86,179.4,Nestle
GFS Basic,2011-08-04,2011-08-08,182.75,174.29,565,-4777.06,239.82,-5016.88,-4.86,Stop Loss (candle low),bull,4,44.0,35.0,58.2,80.6,182.65,178.73,Nestle
GFS Basic,2011-09-23,2011-10-07,183.38,177.68,537,-3058.75,230.99,-3289.74,-3.34,Weekly RSI < 50,bull,14,37.6,54.0,46.9,75.3,183.29,176.32,Nestle
GFS Basic,2011-11-24,2011-12-02,178.87,178.04,533,-444.73,226.73,-671.47,-0.7,Weekly RSI < 50,bull,8,36.7,34.5,44.5,70.3,178.78,176.03,Nestle
GFS Basic,2012-05-14,2012-05-30,200.21,189.98,473,-4838.04,220.76,-5058.8,-5.34,Stop Loss (candle low),bull,16,36.0,47.3,56.2,84.5,200.11,191.98,Nestle
GFS Basic,2012-11-21,2012-12-10,198.62,205.37,452,3050.53,218.0,2832.53,3.16,RSI Target 60,bull,19,44.3,72.2,56.8,66.3,198.53,196.54,Nestle
GFS Basic,2013-06-12,2013-06-17,225.39,218.09,410,-2992.73,217.58,-3210.32,-3.47,Stop Loss (candle low),bull,5,37.1,32.9,64.1,64.5,225.28,218.89,Nestle
GFS Basic,2013-08-02,2013-08-06,237.3,220.64,377,-6280.0,207.63,-6487.63,-7.25,Stop Loss (candle low),bull,4,43.6,20.9,66.8,63.4,237.18,224.6,Nestle
GFS Basic,2013-11-27,2013-11-29,240.62,222.72,346,-6193.47,193.93,-6387.39,-7.67,Stop Loss (candle low),bull,2,41.5,22.8,58.2,62.6,240.5,223.2,Nestle
GFS Basic,2014-09-26,2014-09-30,271.31,260.96,285,-2947.65,184.1,-3131.75,-4.05,Stop Loss (candle low),bull,4,42.3,38.3,83.6,59.6,271.17,264.43,Nestle
GFS Basic,2015-02-13,2015-03-03,311.04,310.66,239,-90.51,180.43,-270.94,-0.36,RSI Target 60,bull,18,39.2,63.1,65.1,75.1,310.88,299.0,Nestle
GFS Basic,2015-03-25,2015-03-26,310.91,299.67,238,-2676.14,177.0,-2853.14,-3.86,Stop Loss (candle low),bull,1,35.0,28.6,70.8,75.1,310.76,305.22,Nestle
GFS Basic,2017-04-18,2017-04-19,283.62,280.11,251,-879.89,172.61,-1052.5,-1.48,Stop Loss (candle low),bear,1,41.6,36.5,66.4,60.4,283.48,280.72,Nestle
GFS Basic,2017-05-18,2017-06-05,293.1,300.34,240,1738.87,173.45,1565.42,2.23,RSI Target 60,bull,18,39.7,69.5,57.8,60.2,292.95,289.25,Nestle
GFS Basic,2017-07-27,2017-08-01,307.49,299.84,233,-1780.94,172.7,-1953.63,-2.73,Stop Loss (candle low),bull,5,44.1,39.4,66.8,58.2,307.33,301.16,Nestle
GFS Basic,2017-11-30,2017-12-08,345.56,355.13,202,1932.12,172.45,1759.67,2.52,RSI Target 60,bull,8,42.6,63.5,70.6,68.3,345.39,334.98,Nestle
GFS Basic,2018-01-02,2018-01-09,357.06,350.23,200,-1366.17,172.61,-1538.78,-2.15,Stop Loss (candle low),bull,7,44.3,41.3,69.4,65.3,356.88,353.1,Nestle
GFS Basic,2019-07-23,2019-08-09,535.2,557.97,131,2981.92,174.22,2807.69,4.0,RSI Target 60,bull,17,40.0,76.1,75.0,62.8,534.94,516.93,Nestle
GFS Basic,2019-11-25,2019-12-02,678.99,677.27,107,-183.86,176.59,-360.45,-0.5,RSI Target 60,bull,7,40.6,66.1,71.1,79.7,678.65,658.54,Nestle
GFS Basic,2019-12-13,2019-12-20,672.71,693.93,107,2270.53,177.64,2092.89,2.91,RSI Target 60,bull,7,45.0,60.7,72.1,79.7,672.38,654.36,Nestle
GFS Basic,2020-01-10,2020-01-16,688.11,717.13,108,3133.7,183.72,2949.98,3.97,RSI Target 60,bull,6,44.6,68.3,66.1,79.6,687.77,680.48,Nestle
GFS Basic,2020-03-11,2020-03-12,757.36,726.97,102,-3099.58,183.79,-3283.37,-4.25,Stop Loss (candle low),bull,1,43.8,29.6,68.6,79.7,756.98,736.65,Nestle
GFS Basic,2021-01-14,2021-01-15,862.19,842.64,86,-1680.79,178.36,-1859.16,-2.51,Stop Loss (candle low),bull,1,39.3,33.4,67.6,71.6,861.76,852.8,Nestle
GFS Basic,2021-11-08,2021-11-15,913.46,930.74,79,1364.91,177.11,1187.8,1.65,RSI Target 60,bull,7,43.7,69.5,62.3,66.3,913.0,892.67,Nestle
GFS Basic,2022-08-29,2022-09-05,949.85,924.92,77,-1919.42,175.87,-2095.29,-2.86,Stop Loss (candle low),bull,7,41.4,42.6,69.7,63.0,949.37,926.14,Nestle
GFS Basic,2023-05-29,2023-06-07,1061.91,1085.98,67,1613.09,175.11,1437.98,2.02,RSI Target 60,bull,9,39.2,65.0,82.8,70.1,1061.37,1046.38,Nestle
GFS Basic,2023-07-26,2023-07-27,1112.93,1083.92,65,-1885.95,174.13,-2060.09,-2.85,Stop Loss (candle low),bull,1,42.8,37.7,81.9,70.6,1112.38,1102.21,Nestle
GFS Basic,2024-01-17,2024-01-18,1249.99,1221.81,56,-1578.14,169.25,-1747.39,-2.5,Stop Loss (candle low),bull,1,39.9,31.1,69.9,77.3,1249.37,1233.24,Nestle
GFS Advanced,2011-05-26,2011-06-08,167.97,176.28,565,4699.26,231.09,4468.17,4.71,RSI Target 60,bull,13,44.7,60.3,68.8,79.9,167.88,164.52,Nestle
GFS Advanced,2011-07-22,2011-07-25,182.96,179.01,542,-2136.36,233.47,-2369.84,-2.39,Stop Loss (candle low),bull,3,40.1,46.8,68.9,79.4,182.86,179.4,Nestle
GFS Advanced,2012-05-14,2012-05-16,200.21,194.12,484,-2948.52,227.61,-3176.13,-3.28,Price < 50 EMA,bull,2,36.0,27.4,62.8,84.5,200.11,191.98,Nestle
GFS Advanced,2013-06-13,2013-06-17,223.41,218.09,420,-2234.07,221.53,-2455.6,-2.62,Stop Loss (candle low),bull,4,36.4,32.9,64.1,64.5,223.3,219.32,Nestle
GFS Advanced,2013-08-02,2013-08-06,237.3,220.64,386,-6429.92,212.22,-6642.14,-7.25,Stop Loss (candle low),bull,4,43.6,20.9,66.8,63.4,237.18,224.6,Nestle
GFS Advanced,2014-09-26,2014-09-30,271.31,260.96,314,-3247.58,201.28,-3448.86,-4.05,Stop Loss (candle low),bull,4,42.3,38.3,83.6,59.6,271.17,264.43,Nestle
GFS Advanced,2015-03-25,2015-03-26,310.91,299.67,263,-2957.25,193.98,-3151.23,-3.85,Stop Loss (candle low),bull,1,35.0,28.6,70.8,75.1,310.76,305.22,Nestle
GFS Advanced,2019-07-26,2019-08-02,534.22,521.8,147,-1825.78,187.95,-2013.72,-2.56,Stop Loss (candle low),bull,7,44.4,47.5,57.8,62.8,533.95,524.47,Nestle
GFS Advanced,2020-01-10,2020-01-16,688.11,717.13,112,3249.77,189.96,3059.81,3.97,RSI Target 60,bull,6,44.6,68.3,66.1,79.6,687.77,680.48,Nestle
GFS Advanced,2021-01-14,2021-01-15,862.19,842.64,92,-1798.06,189.74,-1987.79,-2.51,Stop Loss (candle low),bull,1,39.3,33.4,67.6,71.6,861.76,852.8,Nestle
GFS Advanced,2023-05-29,2023-06-07,1061.91,1085.98,73,1757.54,189.42,1568.13,2.02,RSI Target 60,bull,9,39.2,65.0,82.8,70.1,1061.37,1046.38,Nestle
GFS Advanced,2023-07-26,2023-07-27,1112.93,1083.92,71,-2060.04,188.79,-2248.83,-2.85,Stop Loss (candle low),bull,1,42.8,37.7,81.9,70.6,1112.38,1102.21,Nestle
GFS Advanced,2024-01-17,2024-01-18,1249.99,1221.81,62,-1747.22,185.74,-1932.96,-2.49,Stop Loss (candle low),bull,1,39.9,31.1,69.9,77.3,1249.37,1233.24,Nestle
GFS Basic,2006-12-26,2007-01-02,47.73,49.21,1990,2931.8,229.45,2702.35,2.84,RSI Target 60,bull,7,44.0,62.4,70.6,69.1,47.71,45.95,HCL Tech
GFS Basic,2007-02-13,2007-02-19,51.64,53.62,1889,3755.94,235.97,3519.97,3.61,RSI Target 60,bull,6,43.4,61.7,66.6,64.8,51.61,46.56,HCL Tech
GFS Basic,2009-10-21,2009-10-29,55.76,52.8,1809,-5347.33,233.92,-5581.26,-5.53,RSI Target 60,bull,8,41.6,60.1,77.8,69.1,55.73,53.07,HCL Tech
GFS Basic,2010-09-01,2010-09-20,66.92,72.64,1428,8161.5,236.16,7925.34,8.29,RSI Target 60,bull,19,40.8,69.2,67.3,74.3,66.89,64.84,HCL Tech
GFS Basic,2010-11-01,2010-11-12,70.87,69.67,1455,-1752.87,242.67,-1995.54,-1.94,Weekly RSI < 50,bull,11,40.5,35.6,45.8,65.7,70.84,69.24,HCL Tech
GFS Basic,2011-02-14,2011-02-18,85.23,79.53,1187,-6764.98,233.15,-6998.13,-6.92,Stop Loss (candle low),bull,4,36.1,33.7,65.1,74.1,85.19,80.82,HCL Tech
GFS Basic,2011-05-24,2011-06-03,86.35,89.4,1095,3334.96,228.9,3106.06,3.29,RSI Target 60,bull,10,40.7,62.8,73.2,71.4,86.31,84.13,HCL Tech
GFS Basic,2011-06-24,2011-07-07,86.39,88.92,1129,2847.46,235.03,2612.43,2.68,RSI Target 60,bull,13,41.2,69.2,59.2,64.6,86.35,82.56,HCL Tech
GFS Basic,2012-12-24,2012-12-27,114.9,111.89,870,-2621.81,234.75,-2856.56,-2.86,Stop Loss (candle low),bull,3,43.7,49.9,63.8,78.6,114.84,112.25,HCL Tech
GFS Basic,2013-02-07,2013-02-11,120.69,118.34,806,-1890.63,229.53,-2120.16,-2.18,Stop Loss (candle low),bull,4,35.3,31.2,61.7,83.8,120.63,119.44,HCL Tech
GFS Basic,2013-04-05,2013-04-09,137.37,132.88,693,-3116.93,223.65,-3340.59,-3.51,Stop Loss (candle low),bull,4,38.4,30.1,69.6,85.4,137.3,133.19,HCL Tech
GFS Basic,2013-08-22,2013-08-29,163.3,183.1,564,11172.21,231.57,10940.64,11.88,RSI Target 60,bull,7,41.1,72.4,88.0,80.9,163.21,156.84,HCL Tech
GFS Basic,2013-11-01,2013-11-06,202.08,195.23,507,-3470.23,239.4,-3709.63,-3.62,Stop Loss (candle low),bull,5,40.7,37.2,71.8,86.0,201.98,197.58,HCL Tech
GFS Basic,2013-11-26,2013-12-09,192.79,206.11,513,6832.08,242.19,6589.89,6.66,RSI Target 60,bull,13,37.0,60.4,60.6,84.3,192.7,188.19,HCL Tech
GFS Basic,2014-04-01,2014-04-04,259.99,253.99,404,-2424.57,246.23,-2670.8,-2.54,Stop Loss (candle low),bull,3,40.1,44.3,61.9,78.7,259.86,254.37,HCL Tech
GFS Basic,2014-08-19,2014-08-22,283.42,292.83,362,3403.74,246.85,3156.89,3.08,RSI Target 60,bull,3,39.5,67.2,69.8,84.0,283.28,280.14,HCL Tech
GFS Basic,2014-09-17,2014-09-19,300.52,307.29,351,2379.14,252.19,2126.95,2.02,RSI Target 60,bull,2,41.8,61.1,76.1,84.7,300.37,293.94,HCL Tech
GFS Basic,2015-03-30,2015-04-01,365.53,348.37,294,-5044.22,248.91,-5293.14,-4.93,Stop Loss (candle low),bull,2,40.3,32.4,71.7,69.6,365.35,354.17,HCL Tech
GFS Basic,2017-08-10,2017-08-14,349.6,339.04,293,-3093.77,239.75,-3333.52,-3.25,Stop Loss (candle low),bull,4,35.4,28.5,62.4,70.1,349.43,343.26,HCL Tech
GFS Basic,2018-02-21,2018-03-12,375.61,383.09,265,1983.05,238.57,1744.48,1.75,RSI Target 60,bull,19,38.3,68.3,69.7,62.9,375.42,361.06,HCL Tech
GFS Basic,2019-03-15,2019-03-28,413.07,432.23,244,4676.29,244.15,4432.14,4.4,RSI Target 60,bull,13,38.8,60.8,61.8,61.0,412.86,402.66,HCL Tech
GFS Basic,2020-02-26,2020-02-27,474.88,461.52,221,-2952.69,245.48,-3198.17,-3.05,Stop Loss (candle low),bull,1,42.5,34.6,60.7,63.2,474.64,463.49,HCL Tech
GFS Basic,2020-09-02,2020-09-14,569.95,643.99,179,13253.73,255.77,12997.96,12.74,RSI Target 60,bull,12,37.4,79.3,83.2,64.4,569.66,556.69,HCL Tech
GFS Basic,2020-11-04,2020-11-10,685.73,658.96,167,-4470.41,265.18,-4735.58,-4.14,Stop Loss (candle low),bull,6,38.1,32.5,74.6,72.0,685.39,659.7,HCL Tech
GFS Basic,2021-02-08,2021-02-18,788.81,774.7,139,-1960.9,256.95,-2217.85,-2.02,RSI Target 60,bull,10,44.7,63.3,67.3,73.0,788.41,769.18,HCL Tech
GFS Basic,2021-02-25,2021-02-26,763.98,743.12,141,-2941.88,251.66,-3193.54,-2.96,Stop Loss (candle low),bull,1,43.5,32.6,63.4,73.0,763.6,753.5,HCL Tech
GFS Basic,2021-10-13,2021-10-18,1064.12,1021.73,98,-4154.03,242.76,-4396.79,-4.22,Stop Loss (candle low),bull,5,40.6,37.0,72.7,85.0,1063.59,1040.18,HCL Tech
GFS Basic,2023-07-21,2023-08-01,1043.1,1040.78,96,-222.97,237.62,-460.6,-0.46,RSI Target 60,bull,11,36.1,61.5,63.3,59.6,1042.58,1001.01,HCL Tech
GFS Basic,2023-10-13,2023-10-20,1158.95,1161.57,86,225.15,237.05,-11.9,-0.01,RSI Target 60,bull,7,43.8,62.8,66.9,72.4,1158.37,1104.82,HCL Tech
GFS Basic,2024-01-05,2024-01-10,1329.25,1377.07,75,3586.21,240.58,3345.62,3.36,RSI Target 60,bull,5,38.5,61.0,79.1,78.0,1328.59,1312.28,HCL Tech
GFS Basic,2024-09-20,2024-09-27,1679.01,1717.51,61,2348.23,245.36,2102.87,2.05,RSI Target 60,bull,7,40.3,63.2,82.0,72.6,1678.17,1634.88,HCL Tech
GFS Basic,2024-10-03,2024-10-09,1720.08,1718.74,61,-81.72,248.41,-330.12,-0.31,RSI Target 60,bull,6,44.0,62.5,77.3,76.7,1719.22,1681.04,HCL Tech
GFS Basic,2025-01-08,2025-01-10,1854.98,1907.24,56,2926.18,249.2,2676.98,2.58,RSI Target 60,bull,2,44.9,64.5,67.1,75.4,1854.06,1811.12,HCL Tech
GFS Advanced,2006-12-26,2007-01-02,47.73,49.21,1990,2931.8,229.45,2702.35,2.84,RSI Target 60,bull,7,44.0,62.4,70.6,69.1,47.71,45.95,HCL Tech
GFS Advanced,2007-02-13,2007-02-19,51.64,53.62,1889,3755.94,235.97,3519.97,3.61,RSI Target 60,bull,6,43.4,61.7,66.6,64.8,51.61,46.56,HCL Tech
GFS Advanced,2009-10-23,2009-10-27,57.13,54.43,1766,-4757.01,234.59,-4991.6,-4.95,Stop Loss (candle low),bull,4,43.5,52.2,77.8,69.1,57.1,54.63,HCL Tech
GFS Advanced,2011-02-15,2011-02-17,85.24,81.25,1128,-4507.33,224.33,-4731.66,-4.92,Stop Loss (candle low),bull,2,36.4,36.3,66.0,74.1,85.2,82.1,HCL Tech
GFS Advanced,2013-02-07,2013-02-11,120.69,118.34,759,-1780.38,217.04,-1997.42,-2.18,Stop Loss (candle low),bull,4,35.3,31.2,61.7,83.8,120.63,119.44,HCL Tech
GFS Advanced,2013-04-05,2013-04-09,137.37,132.88,653,-2937.02,211.63,-3148.65,-3.51,Stop Loss (candle low),bull,4,38.4,30.1,69.6,85.4,137.3,133.19,HCL Tech
GFS Advanced,2013-08-22,2013-08-29,163.3,183.1,531,10518.52,218.92,10299.6,11.88,RSI Target 60,bull,7,41.1,72.4,88.0,80.9,163.21,156.84,HCL Tech
GFS Advanced,2013-11-01,2013-11-06,202.08,195.23,477,-3264.89,226.15,-3491.04,-3.62,Stop Loss (candle low),bull,5,40.7,37.2,71.8,86.0,201.98,197.58,HCL Tech
GFS Advanced,2013-11-29,2013-12-09,197.45,206.11,472,4088.72,226.67,3862.05,4.14,RSI Target 60,bull,10,39.8,60.4,60.6,84.3,197.35,191.53,HCL Tech
GFS Advanced,2014-04-01,2014-04-04,259.99,253.99,372,-2232.52,227.94,-2460.47,-2.54,Stop Loss (candle low),bull,3,40.1,44.3,61.9,78.7,259.86,254.37,HCL Tech
GFS Advanced,2014-08-19,2014-08-22,283.42,292.83,333,3131.06,228.3,2902.76,3.08,RSI Target 60,bull,3,39.5,67.2,69.8,84.0,283.28,280.14,HCL Tech
GFS Advanced,2014-09-17,2014-09-19,300.52,307.29,323,2189.35,233.3,1956.05,2.02,RSI Target 60,bull,2,41.8,61.1,76.1,84.7,300.37,293.94,HCL Tech
GFS Advanced,2015-03-30,2015-04-01,365.53,348.37,271,-4649.61,230.64,-4880.25,-4.93,Stop Loss (candle low),bull,2,40.3,32.4,71.7,69.6,365.35,354.17,HCL Tech
GFS Advanced,2020-09-02,2020-09-14,569.95,643.99,165,12217.12,236.97,11980.16,12.74,RSI Target 60,bull,12,37.4,79.3,83.2,64.4,569.66,556.69,HCL Tech
GFS Advanced,2021-02-08,2021-02-18,788.81,774.7,134,-1890.36,248.26,-2138.62,-2.02,RSI Target 60,bull,10,44.7,63.3,67.3,73.0,788.41,769.18,HCL Tech
GFS Advanced,2024-01-05,2024-01-10,1329.25,1377.07,78,3729.66,249.59,3480.06,3.36,RSI Target 60,bull,5,38.5,61.0,79.1,78.0,1328.59,1312.28,HCL Tech
GFS Basic,2006-09-18,2006-09-29,46.1,46.76,2060,1354.84,227.78,1127.06,1.19,RSI Target 60,bull,11,42.0,66.8,61.7,64.8,46.08,45.35,Wipro
GFS Basic,2006-12-14,2006-12-29,51.27,53.98,1873,5076.58,233.97,4842.61,5.04,RSI Target 60,bull,15,40.9,60.5,67.6,72.0,51.24,48.47,Wipro
GFS Basic,2007-03-01,2007-03-02,53.42,51.15,1884,-4262.94,234.54,-4497.48,-4.47,Weekly RSI < 50,bull,1,40.3,35.5,47.4,60.7,53.39,48.11,Wipro
GFS Basic,2009-10-23,2009-10-28,54.8,57.63,1758,4963.41,234.57,4728.84,4.91,RSI Target 60,bull,5,42.7,70.2,76.1,65.0,54.78,53.43,Wipro
GFS Basic,2013-11-11,2013-11-14,79.26,79.06,1272,-255.85,239.1,-494.94,-0.49,RSI Target 60,bull,3,36.4,68.3,62.7,64.6,79.22,77.88,Wipro
GFS Basic,2014-02-20,2014-02-24,93.35,94.4,1075,1129.48,239.51,889.98,0.89,RSI Target 60,bull,4,43.2,66.7,78.7,71.7,93.31,91.7,Wipro
GFS Basic,2014-03-21,2014-03-25,94.47,89.64,1071,-5177.0,234.81,-5411.81,-5.35,Stop Loss (candle low),bull,4,37.1,33.3,64.0,73.0,94.43,90.54,Wipro
GFS Basic,2014-08-19,2014-08-22,91.2,91.86,1053,694.22,229.46,464.77,0.48,RSI Target 60,bull,3,42.1,70.4,72.6,75.6,91.15,89.72,Wipro
GFS Basic,2015-03-24,2015-03-26,109.65,105.11,880,-3990.27,225.62,-4215.89,-4.37,Stop Loss (candle low),bull,2,40.8,35.8,77.6,63.1,109.59,106.98,Wipro
GFS Basic,2018-10-09,2018-10-23,110.88,106.07,834,-4013.24,216.67,-4229.91,-4.57,Stop Loss (candle low),bull,14,41.7,29.5,71.2,60.0,110.83,106.96,Wipro
GFS Basic,2019-06-26,2019-06-27,132.28,129.44,669,-1899.5,210.01,-2109.51,-2.38,Stop Loss (candle low),bull,1,39.4,24.8,62.5,70.7,132.21,130.56,Wipro
GFS Basic,2021-02-01,2021-02-18,195.87,199.9,441,1776.77,209.12,1567.65,1.81,RSI Target 60,bull,17,38.5,62.7,78.8,79.5,195.77,188.47,Wipro
GFS Basic,2021-02-24,2021-02-26,196.8,189.44,447,-3286.93,207.41,-3494.34,-3.97,Stop Loss (candle low),bull,2,44.8,30.4,66.5,79.5,196.7,191.5,Wipro
GFS Basic,2021-06-30,2021-07-01,253.27,249.03,334,-1418.49,201.85,-1620.33,-1.92,Stop Loss (candle low),bull,1,44.8,41.6,84.7,95.6,253.15,250.25,Wipro
GFS Basic,2021-09-29,2021-10-14,298.8,327.01,278,7843.08,208.05,7635.03,9.19,RSI Target 60,bull,15,35.8,60.1,74.3,94.0,298.65,289.66,Wipro
GFS Basic,2021-11-12,2021-11-22,306.19,297.37,295,-2603.31,213.36,-2816.67,-3.12,Stop Loss (candle low),bull,10,38.2,48.2,57.0,96.4,306.04,298.18,Wipro
GFS Basic,2024-03-14,2024-03-19,243.33,231.82,360,-4143.53,205.7,-4349.23,-4.96,Stop Loss (candle low),bull,5,39.2,25.3,72.9,73.1,243.21,231.96,Wipro
GFS Basic,2024-07-25,2024-08-05,237.98,227.21,351,-3783.2,197.04,-3980.23,-4.76,Stop Loss (candle low),bull,11,41.3,25.4,57.7,66.5,237.87,231.09,Wipro
GFS Basic,2024-12-31,2025-01-03,284.17,275.88,280,-2322.55,189.74,-2512.29,-3.16,Stop Loss (candle low),bull,3,40.0,32.3,64.1,79.0,284.03,276.63,Wipro
GFS Advanced,2006-09-18,2006-09-29,46.1,46.76,2060,1354.84,227.78,1127.06,1.19,RSI Target 60,bull,11,42.0,66.8,61.7,64.8,46.08,45.35,Wipro
GFS Advanced,2006-12-14,2006-12-20,51.27,49.46,1873,-3374.69,225.21,-3599.9,-3.75,Price < 50 EMA,bull,6,40.9,30.2,63.2,72.0,51.24,48.47,Wipro
GFS Advanced,2009-10-23,2009-10-28,54.8,57.63,1690,4771.42,226.09,4545.34,4.91,RSI Target 60,bull,5,42.7,70.2,76.1,65.0,54.78,53.43,Wipro
GFS Advanced,2013-11-11,2013-11-14,79.26,79.06,1223,-245.99,230.48,-476.47,-0.49,RSI Target 60,bull,3,36.4,68.3,62.7,64.6,79.22,77.88,Wipro
GFS Advanced,2015-03-24,2015-03-26,109.65,105.11,880,-3990.27,225.62,-4215.89,-4.37,Stop Loss (candle low),bull,2,40.8,35.8,77.6,63.1,109.59,106.98,Wipro
GFS Advanced,2018-10-09,2018-10-23,110.88,106.07,834,-4013.24,216.67,-4229.91,-4.57,Stop Loss (candle low),bull,14,41.7,29.5,71.2,60.0,110.83,106.96,Wipro
GFS Advanced,2021-02-01,2021-02-18,195.87,199.9,451,1817.06,213.52,1603.54,1.82,RSI Target 60,bull,17,38.5,62.7,78.8,79.5,195.77,188.47,Wipro
GFS Advanced,2021-02-24,2021-02-26,196.8,189.44,457,-3360.47,211.7,-3572.17,-3.97,Stop Loss (candle low),bull,2,44.8,30.4,66.5,79.5,196.7,191.5,Wipro
GFS Advanced,2021-10-07,2021-10-14,299.75,327.01,288,7852.33,215.3,7637.03,8.85,RSI Target 60,bull,7,37.9,60.1,74.3,94.0,299.6,294.07,Wipro
GFS Advanced,2024-03-14,2024-03-19,243.33,231.82,385,-4431.28,218.92,-4650.2,-4.96,Stop Loss (candle low),bull,5,39.2,25.3,72.9,73.1,243.21,231.96,Wipro
GFS Advanced,2024-07-25,2024-08-02,237.98,235.24,375,-1029.05,212.58,-1241.64,-1.39,Price < 50 EMA,bull,8,41.3,28.6,57.7,66.5,237.87,231.09,Wipro
GFS Advanced,2024-12-31,2025-01-03,284.17,275.88,310,-2571.4,208.43,-2779.83,-3.16,Stop Loss (candle low),bull,3,40.0,32.3,64.1,79.0,284.03,276.63,Wipro
GFS Basic,2006-05-25,2006-05-30,619.31,571.4,153,-7330.16,218.3,-7548.46,-7.97,Stop Loss (candle low),bull,5,35.1,29.6,64.6,79.8,619.0,583.16,UltraCemco
GFS Basic,2007-01-25,2007-01-29,973.65,926.96,90,-4201.6,205.71,-4407.3,-5.03,Stop Loss (candle low),bull,4,37.6,38.6,65.2,80.1,973.16,928.84,UltraCemco
GFS Basic,2010-01-29,2010-02-11,876.96,933.84,95,5403.22,206.06,5197.16,6.24,RSI Target 60,bull,13,36.9,62.7,66.8,88.7,876.52,841.56,UltraCemco
GFS Basic,2010-04-19,2010-04-28,1034.8,1006.0,85,-2447.25,208.25,-2655.51,-3.02,Stop Loss (candle low),bull,9,44.6,26.4,56.4,89.9,1034.28,1012.35,UltraCemco
GFS Basic,2010-12-16,2011-01-04,1001.83,1023.55,85,1846.15,206.48,1639.67,1.93,RSI Target 60,bull,19,37.7,61.0,59.0,66.1,1001.33,981.11,UltraCemco
GFS Basic,2011-10-05,2011-10-10,1053.66,1024.47,83,-2422.72,207.16,-2629.88,-3.01,Stop Loss (candle low),bull,5,39.1,35.4,68.7,62.9,1053.14,1029.15,UltraCemco
GFS Basic,2011-11-24,2011-12-07,1091.56,1152.17,77,4667.05,206.94,4460.1,5.31,RSI Target 60,bull,13,43.4,62.7,63.7,55.0,1091.02,1034.39,UltraCemco
GFS Basic,2012-04-17,2012-04-24,1387.43,1336.8,64,-3240.01,209.29,-3449.3,-3.88,Stop Loss (candle low),bull,7,41.7,30.5,77.1,74.2,1386.74,1337.56,UltraCemco
GFS Basic,2012-09-04,2012-09-18,1594.16,1712.14,53,6252.68,209.56,6043.11,7.15,RSI Target 60,bull,14,41.2,65.8,90.2,90.2,1593.37,1570.9,UltraCemco
GFS Basic,2012-11-06,2012-11-15,1921.66,1820.37,47,-4760.36,211.1,-4971.47,-5.5,Stop Loss (candle low),bull,9,44.1,26.8,83.6,91.6,1920.7,1911.39,UltraCemco
GFS Basic,2014-07-21,2014-07-23,2423.37,2336.61,35,-3036.78,200.67,-3237.45,-3.82,Stop Loss (candle low),bull,2,36.2,29.6,60.2,64.8,2422.16,2348.47,UltraCemco
GFS Basic,2015-02-09,2015-03-02,2862.88,3223.31,29,10452.42,210.65,10241.76,12.34,RSI Target 60,bull,21,36.1,73.4,77.0,78.0,2861.45,2813.15,UltraCemco
GFS Basic,2016-09-27,2016-09-29,3827.81,3714.61,24,-2716.96,216.66,-2933.62,-3.19,Stop Loss (candle low),bull,2,35.9,31.8,72.9,71.3,3825.9,3753.76,UltraCemco
GFS Basic,2016-11-03,2016-11-04,3787.13,3708.11,24,-1896.33,215.34,-2111.68,-2.32,Stop Loss (candle low),bull,1,40.6,28.5,54.6,73.2,3785.23,3733.56,UltraCemco
GFS Basic,2017-06-02,2017-06-05,4096.39,4019.42,21,-1616.31,204.82,-1821.13,-2.12,Stop Loss (candle low),bull,3,35.7,28.2,67.6,66.1,4094.34,4038.9,UltraCemco
GFS Basic,2021-05-07,2021-05-10,6350.95,6227.02,13,-1611.0,197.13,-1808.13,-2.19,Stop Loss (candle low),bull,3,41.5,45.7,65.5,69.2,6347.77,6238.55,UltraCemco
GFS Basic,2021-08-17,2021-08-31,7265.47,7654.24,11,4276.45,197.36,4079.09,5.1,RSI Target 60,bull,14,39.4,62.4,78.4,87.4,7261.84,7132.0,UltraCemco
GFS Basic,2021-09-21,2021-09-29,7520.59,7294.71,11,-2484.71,196.59,-2681.3,-3.24,Stop Loss (candle low),bull,8,35.8,18.5,68.3,87.4,7516.83,7343.52,UltraCemco
GFS Basic,2023-07-24,2023-08-31,8110.93,8192.48,10,815.51,196.42,619.1,0.76,RSI Target 60,bull,38,40.0,61.7,60.6,84.4,8106.88,7949.74,UltraCemco
GFS Basic,2024-01-19,2024-01-23,10010.57,9706.63,8,-2431.52,190.78,-2622.29,-3.27,Stop Loss (candle low),bull,4,37.3,37.2,70.5,94.3,10005.57,9720.45,UltraCemco
GFS Basic,2024-02-16,2024-02-28,9831.98,9680.91,8,-1208.54,188.87,-1397.41,-1.78,Stop Loss (candle low),bull,12,41.2,37.3,65.9,86.4,9827.06,9726.47,UltraCemco
GFS Basic,2024-03-07,2024-03-19,9601.69,9333.66,8,-2144.28,183.81,-2328.09,-3.03,Stop Loss (candle low),bull,12,40.2,33.2,53.3,83.4,9596.89,9448.04,UltraCemco
GFS Basic,2024-07-22,2024-08-01,11435.06,11903.06,7,3276.0,196.6,3079.4,3.85,RSI Target 60,bull,10,38.5,63.5,70.6,85.1,11429.34,11089.21,UltraCemco
GFS Basic,2024-08-16,2024-09-04,11259.29,11501.75,7,1697.23,192.23,1505.0,1.91,RSI Target 60,bull,19,42.9,75.9,61.8,75.8,11253.67,10875.79,UltraCemco
GFS Advanced,2010-01-29,2010-02-11,876.96,933.84,108,6142.61,232.16,5910.45,6.24,RSI Target 60,bull,13,36.9,62.7,66.8,88.7,876.52,841.56,UltraCemco
GFS Advanced,2010-04-19,2010-04-28,1034.8,1006.0,97,-2792.74,235.49,-3028.23,-3.02,Stop Loss (candle low),bull,9,44.6,26.4,56.4,89.9,1034.28,1012.35,UltraCemco
GFS Advanced,2011-11-24,2011-11-25,1091.56,1056.01,89,-3164.23,227.94,-3392.17,-3.49,Price < 50 EMA,bull,1,43.4,41.3,65.3,62.0,1091.02,1034.39,UltraCemco
GFS Advanced,2012-04-17,2012-04-24,1387.43,1336.8,68,-3442.51,221.42,-3663.92,-3.88,Stop Loss (candle low),bull,7,41.7,30.5,77.1,74.2,1386.74,1337.56,UltraCemco
GFS Advanced,2012-09-04,2012-09-18,1594.16,1712.14,57,6724.58,224.22,6500.36,7.15,RSI Target 60,bull,14,41.2,65.8,90.2,90.2,1593.37,1570.9,UltraCemco
GFS Advanced,2012-11-09,2012-11-15,1951.43,1820.37,49,-6421.55,221.16,-6642.71,-6.95,Stop Loss (candle low),bull,6,44.6,26.8,83.6,91.6,1950.45,1907.64,UltraCemco
GFS Advanced,2015-02-09,2015-03-02,2862.88,3223.31,31,11173.27,224.12,10949.15,12.34,RSI Target 60,bull,21,36.1,73.4,77.0,78.0,2861.45,2813.15,UltraCemco
GFS Advanced,2017-06-02,2017-06-05,4096.39,4019.42,24,-1847.21,231.89,-2079.1,-2.11,Stop Loss (candle low),bull,3,35.7,28.2,67.6,66.1,4094.34,4038.9,UltraCemco
GFS Advanced,2021-08-17,2021-08-31,7265.47,7654.24,13,5053.98,230.46,4823.53,5.11,RSI Target 60,bull,14,39.4,62.4,78.4,87.4,7261.84,7132.0,UltraCemco
GFS Advanced,2021-09-21,2021-09-24,7520.59,7350.36,13,-2212.97,230.3,-2443.26,-2.5,Price < 50 EMA,bull,3,35.8,21.2,68.3,87.4,7516.83,7343.52,UltraCemco
GFS Advanced,2023-08-18,2023-08-25,8150.22,7969.34,12,-2170.6,230.42,-2401.02,-2.45,Stop Loss (candle low),bull,7,43.2,43.8,60.6,75.8,8146.15,8062.5,UltraCemco
GFS Advanced,2024-07-25,2024-08-01,11342.95,11903.06,8,4480.9,221.62,4259.28,4.69,RSI Target 60,bull,7,40.3,63.5,70.6,85.1,11337.28,11148.16,UltraCemco
GFS Advanced,2024-08-23,2024-09-04,11313.97,11501.75,9,1690.02,243.36,1446.66,1.42,RSI Target 60,bull,12,39.0,75.9,61.8,75.8,11308.32,11128.31,UltraCemco
GFS Basic,2006-10-13,2006-10-27,55.79,56.81,1702,1729.83,228.14,1501.7,1.58,RSI Target 60,sideways,14,39.9,66.0,72.1,61.9,55.76,54.5,ONGC
GFS Basic,2010-07-16,2010-08-18,102.13,103.82,944,1590.33,231.22,1359.11,1.41,RSI Target 60,bull,33,38.6,60.4,78.7,56.2,102.08,98.66,ONGC
GFS Basic,2010-10-05,2010-10-15,115.2,109.58,848,-4766.68,227.47,-4994.15,-5.11,Stop Loss (candle low),bull,10,44.3,13.3,57.3,67.5,115.14,110.69,ONGC
GFS Basic,2013-02-12,2013-02-26,114.9,108.87,809,-4879.59,216.83,-5096.42,-5.48,Stop Loss (candle low),bull,14,39.9,39.6,72.8,68.6,114.84,111.23,ONGC
GFS Basic,2013-03-25,2013-04-12,112.12,111.23,786,-696.78,210.44,-907.21,-1.03,RSI Target 60,bull,18,42.0,61.7,58.6,60.5,112.06,108.35,ONGC
GFS Basic,2014-06-30,2014-07-08,158.74,147.45,549,-6198.72,202.57,-6401.29,-7.35,Stop Loss (candle low),bull,8,44.4,33.4,66.4,67.8,158.66,154.35,ONGC
GFS Basic,2016-11-15,2016-11-23,115.69,112.93,701,-1933.58,193.54,-2127.13,-2.62,RSI Target 60,bull,8,37.4,60.2,75.0,64.3,115.63,108.73,ONGC
GFS Basic,2016-12-27,2017-01-12,115.65,120.77,684,3501.63,194.74,3306.89,4.18,RSI Target 60,bull,16,40.1,62.5,72.1,64.8,115.59,113.59,ONGC
GFS Basic,2017-02-14,2017-03-09,120.22,116.09,684,-2824.58,195.13,-3019.71,-3.67,Stop Loss (candle low),bull,23,42.3,37.3,57.3,65.9,120.16,117.43,ONGC
GFS Basic,2017-11-20,2017-12-06,112.9,109.91,703,-2100.53,189.53,-2290.05,-2.89,Stop Loss (candle low),bull,16,41.5,43.1,67.8,56.0,112.84,111.07,ONGC
GFS Basic,2021-07-01,2021-07-08,87.69,85.63,881,-1817.35,185.13,-2002.48,-2.59,Stop Loss (candle low),bull,7,39.5,42.3,68.5,67.9,87.65,85.81,ONGC
GFS Basic,2021-10-28,2021-11-24,116.66,118.23,646,1015.15,183.85,831.3,1.1,RSI Target 60,bull,27,37.8,60.8,76.3,76.0,116.6,110.49,ONGC
GFS Basic,2021-12-02,2021-12-17,111.56,107.4,682,-2834.71,181.47,-3016.18,-3.96,Stop Loss (candle low),bull,15,44.0,41.5,66.0,82.5,111.5,108.17,ONGC
GFS Basic,2022-02-25,2022-03-07,125.01,145.56,586,12040.29,190.6,11849.7,16.18,RSI Target 60,bull,10,38.0,66.9,67.4,79.1,124.95,122.08,ONGC
GFS Basic,2022-03-28,2022-03-29,138.65,133.14,609,-3356.07,199.49,-3555.56,-4.21,Stop Loss (candle low),bull,1,37.3,39.7,78.2,79.1,138.58,135.98,ONGC
GFS Basic,2022-04-11,2022-04-12,134.64,131.5,602,-1885.53,193.49,-2079.02,-2.57,Stop Loss (candle low),bull,1,44.0,41.1,70.5,82.4,134.57,132.01,ONGC
GFS Basic,2023-10-10,2023-10-26,159.13,155.87,497,-1620.71,189.4,-1810.11,-2.29,Stop Loss (candle low),bull,16,43.4,45.1,69.2,81.8,159.05,156.86,ONGC
GFS Basic,2024-03-14,2024-04-04,238.27,242.21,325,1283.36,188.74,1094.62,1.41,RSI Target 60,bull,21,41.3,63.8,75.8,92.1,238.15,226.19,ONGC
GFS Basic,2024-05-08,2024-05-09,252.6,238.84,310,-4265.24,184.92,-4450.16,-5.68,Stop Loss (candle low),bull,1,41.6,38.9,75.9,92.3,252.47,245.23,ONGC
GFS Advanced,2010-07-16,2010-08-18,102.13,103.82,930,1566.74,228.02,1338.72,1.41,RSI Target 60,bull,33,38.6,60.4,78.7,56.2,102.08,98.66,ONGC
GFS Advanced,2010-10-05,2010-10-15,115.2,109.58,835,-4693.61,224.22,-4917.83,-5.11,Stop Loss (candle low),bull,10,44.3,13.3,57.3,67.5,115.14,110.69,ONGC
GFS Advanced,2013-02-12,2013-02-26,114.9,108.87,797,-4807.21,213.84,-5021.05,-5.48,Stop Loss (candle low),bull,14,39.9,39.6,72.8,68.6,114.84,111.23,ONGC
GFS Advanced,2014-06-30,2014-07-08,158.74,147.45,546,-6164.85,201.55,-6366.4,-7.35,Stop Loss (candle low),bull,8,44.4,33.4,66.4,67.8,158.66,154.35,ONGC
GFS Advanced,2016-11-17,2016-11-23,112.27,112.93,719,470.48,195.21,275.28,0.34,RSI Target 60,bull,6,37.0,60.2,75.0,64.3,112.22,109.02,ONGC
GFS Advanced,2016-12-27,2017-01-12,115.65,120.77,700,3583.54,198.94,3384.6,4.18,RSI Target 60,bull,16,40.1,62.5,72.1,64.8,115.59,113.59,ONGC
GFS Advanced,2017-11-20,2017-12-06,112.9,109.91,746,-2229.01,200.18,-2429.19,-2.88,Stop Loss (candle low),bull,16,41.5,43.1,67.8,56.0,112.84,111.07,ONGC
GFS Advanced,2021-07-01,2021-07-08,87.69,85.63,934,-1926.68,195.34,-2122.02,-2.59,Stop Loss (candle low),bull,7,39.5,42.3,68.5,67.9,87.65,85.81,ONGC
GFS Advanced,2021-10-28,2021-11-24,116.66,118.23,685,1076.43,194.02,882.41,1.1,RSI Target 60,bull,27,37.8,60.8,76.3,76.0,116.6,110.49,ONGC
GFS Advanced,2022-02-25,2022-03-07,125.01,145.56,646,13273.09,208.54,13064.55,16.18,RSI Target 60,bull,10,38.0,66.9,67.4,79.1,124.95,122.08,ONGC
GFS Advanced,2022-03-28,2022-03-29,138.65,133.14,672,-3703.25,218.54,-3921.79,-4.21,Stop Loss (candle low),bull,1,37.3,39.7,78.2,79.1,138.58,135.98,ONGC
GFS Advanced,2024-03-18,2024-04-04,237.09,242.21,377,1930.44,215.96,1714.48,1.92,RSI Target 60,bull,17,43.9,63.8,75.8,92.1,236.97,231.9,ONGC
GFS Advanced,2024-05-08,2024-05-09,252.6,238.84,360,-4953.18,212.27,-5165.46,-5.68,Stop Loss (candle low),bull,1,41.6,38.9,75.9,92.3,252.47,245.23,ONGC
GFS Basic,2012-03-21,2012-03-22,35.85,34.78,2649,-2826.78,223.45,-3050.23,-3.21,Stop Loss (candle low),bull,1,37.1,33.1,67.9,64.8,35.83,34.93,Power Grid
GFS Basic,2012-04-27,2012-05-04,36.05,34.95,2554,-2809.52,217.01,-3026.53,-3.29,Stop Loss (candle low),bull,7,43.9,34.7,56.9,61.6,36.03,35.28,Power Grid
GFS Basic,2012-10-22,2012-10-23,39.48,38.86,2260,-1397.83,212.16,-1609.99,-1.8,Stop Loss (candle low),bull,1,44.0,49.1,67.4,65.5,39.46,39.03,Power Grid
GFS Basic,2014-08-06,2014-08-21,46.54,47.03,1884,918.79,211.13,707.66,0.81,RSI Target 60,bull,15,44.5,60.2,65.7,62.8,46.52,45.27,Power Grid
GFS Basic,2014-11-26,2014-12-03,48.95,47.76,1805,-2161.68,209.45,-2371.14,-2.68,Stop Loss (candle low),bull,7,44.0,34.4,63.4,74.5,48.93,48.05,Power Grid
GFS Basic,2015-03-12,2015-03-13,53.34,51.26,1614,-3359.05,203.15,-3562.21,-4.14,Stop Loss (candle low),bull,1,41.9,38.7,61.2,78.2,53.31,51.76,Power Grid
GFS Basic,2016-09-22,2016-09-23,64.66,63.03,1279,-2075.84,196.95,-2272.79,-2.75,Stop Loss (candle low),bull,1,43.9,39.2,75.0,71.2,64.63,63.12,Power Grid
GFS Basic,2016-10-25,2016-10-26,64.17,62.87,1255,-1631.67,192.61,-1824.29,-2.27,Stop Loss (candle low),bull,1,43.2,38.3,72.3,66.9,64.14,62.91,Power Grid
GFS Basic,2017-02-16,2017-02-27,72.96,69.4,1080,-3850.55,186.45,-4037.0,-5.12,Stop Loss (candle low),bull,11,44.3,38.3,59.1,76.8,72.93,71.68,Power Grid
GFS Basic,2017-09-07,2017-09-08,77.9,76.72,962,-1131.33,180.69,-1312.02,-1.75,Stop Loss (candle low),bull,1,43.4,31.1,57.1,73.5,77.86,76.89,Power Grid
GFS Basic,2021-03-12,2021-03-19,96.09,100.03,767,3026.07,182.24,2843.82,3.86,RSI Target 60,bull,7,44.1,67.6,67.9,65.2,96.04,93.6,Power Grid
GFS Basic,2021-12-22,2021-12-23,124.02,127.16,616,1934.99,187.1,1747.89,2.29,RSI Target 60,bull,1,42.7,62.3,67.8,89.8,123.96,120.84,Power Grid
GFS Basic,2022-02-21,2022-02-24,124.95,119.87,625,-3175.21,185.58,-3360.79,-4.3,Stop Loss (candle low),bull,3,36.5,31.7,70.4,89.3,124.89,122.66,Power Grid
GFS Basic,2022-03-24,2022-03-30,132.61,136.18,565,2016.12,183.92,1832.2,2.45,RSI Target 60,bull,6,39.5,63.0,61.8,88.8,132.55,130.47,Power Grid
GFS Basic,2022-05-19,2022-06-16,144.2,135.71,531,-4506.51,180.81,-4687.32,-6.12,Stop Loss (candle low),bull,28,43.7,36.0,57.2,92.0,144.12,139.03,Power Grid
GFS Basic,2023-01-03,2023-01-04,140.36,136.88,514,-1788.95,173.8,-1962.75,-2.72,Stop Loss (candle low),bull,1,43.5,41.0,62.2,66.1,140.29,139.02,Power Grid
GFS Basic,2023-03-28,2023-04-13,148.26,153.49,474,2478.69,174.07,2304.62,3.28,RSI Target 60,bull,16,39.3,64.6,63.7,61.4,148.19,145.19,Power Grid
GFS Basic,2023-05-23,2023-06-01,157.2,154.69,461,-1158.93,175.17,-1334.1,-1.84,Stop Loss (candle low),bull,9,41.3,30.1,71.3,61.3,157.12,154.92,Power Grid
GFS Basic,2023-07-18,2023-07-28,161.95,171.42,440,4164.38,178.0,3986.38,5.59,RSI Target 60,bull,10,42.4,61.3,66.9,64.3,161.87,159.07,Power Grid
GFS Basic,2024-01-18,2024-01-24,217.06,226.5,345,3257.79,185.12,3072.68,4.1,RSI Target 60,bull,6,42.8,62.5,79.0,82.4,216.95,207.96,Power Grid
GFS Basic,2024-03-14,2024-03-19,251.3,242.26,310,-2803.51,185.54,-2989.05,-3.84,Stop Loss (candle low),bull,5,38.8,25.5,66.4,91.3,251.18,243.85,Power Grid
GFS Basic,2024-06-05,2024-06-25,281.87,306.24,266,6481.13,188.66,6292.47,8.39,RSI Target 60,bull,20,43.3,74.8,80.2,89.4,281.73,261.15,Power Grid
GFS Basic,2024-08-23,2024-09-04,318.11,313.97,255,-1055.11,194.5,-1249.61,-1.54,Stop Loss (candle low),bull,12,36.8,53.2,60.6,87.8,317.95,314.4,Power Grid
GFS Advanced,2012-03-21,2012-03-22,35.85,34.78,2649,-2826.78,223.45,-3050.23,-3.21,Stop Loss (candle low),bull,1,37.1,33.1,67.9,64.8,35.83,34.93,Power Grid
GFS Advanced,2012-10-22,2012-10-23,39.48,38.86,2332,-1442.36,218.43,-1660.8,-1.8,Stop Loss (candle low),bull,1,44.0,49.1,67.4,65.5,39.46,39.03,Power Grid
GFS Advanced,2014-08-06,2014-08-21,46.54,47.03,1945,948.54,217.46,731.07,0.81,RSI Target 60,bull,15,44.5,60.2,65.7,62.8,46.52,45.27,Power Grid
GFS Advanced,2014-11-27,2014-12-01,49.58,48.16,1839,-2619.62,215.24,-2834.86,-3.11,Stop Loss (candle low),bull,4,42.2,34.1,63.4,74.5,49.56,48.51,Power Grid
GFS Advanced,2015-03-12,2015-03-13,53.34,51.26,1659,-3452.71,208.39,-3661.1,-4.14,Stop Loss (candle low),bull,1,41.9,38.7,61.2,78.2,53.31,51.76,Power Grid
GFS Advanced,2016-09-22,2016-09-23,64.66,63.03,1315,-2134.27,202.06,-2336.33,-2.75,Stop Loss (candle low),bull,1,43.9,39.2,75.0,71.2,64.63,63.12,Power Grid
GFS Advanced,2016-10-25,2016-10-26,64.17,62.87,1290,-1677.18,197.56,-1874.73,-2.26,Stop Loss (candle low),bull,1,43.2,38.3,72.3,66.9,64.14,62.91,Power Grid
GFS Advanced,2017-02-16,2017-02-27,72.96,69.4,1110,-3957.51,191.21,-4148.71,-5.12,Stop Loss (candle low),bull,11,44.3,38.3,59.1,76.8,72.93,71.68,Power Grid
GFS Advanced,2021-12-22,2021-12-23,124.02,127.16,621,1950.69,188.49,1762.2,2.29,RSI Target 60,bull,1,42.7,62.3,67.8,89.8,123.96,120.84,Power Grid
GFS Advanced,2022-03-24,2022-03-30,132.61,136.18,594,2119.6,192.57,1927.03,2.45,RSI Target 60,bull,6,39.5,63.0,61.8,88.8,132.55,130.47,Power Grid
GFS Advanced,2022-05-19,2022-05-23,144.2,140.88,559,-1851.31,192.54,-2043.85,-2.54,Price < 50 EMA,bull,4,43.7,43.3,66.1,91.9,144.12,139.03,Power Grid
GFS Advanced,2023-04-10,2023-04-13,152.45,153.49,516,538.0,190.69,347.31,0.44,RSI Target 60,bull,3,44.1,64.6,63.7,61.4,152.37,149.37,Power Grid
GFS Advanced,2023-07-20,2023-07-28,163.38,171.42,483,3881.25,194.71,3686.53,4.67,RSI Target 60,bull,8,39.6,61.3,66.9,64.3,163.3,160.86,Power Grid
GFS Advanced,2024-03-20,2024-04-04,248.26,259.7,332,3799.38,202.43,3596.95,4.36,RSI Target 60,bull,15,37.8,64.7,70.1,87.9,248.14,242.21,Power Grid
GFS Basic,2007-05-09,2007-05-25,72.26,75.63,1314,4427.87,230.92,4196.95,4.42,RSI Target 60,bull,16,42.3,63.8,77.5,65.5,72.23,69.32,NTPC
GFS Basic,2007-06-26,2007-06-27,71.38,69.46,1386,-2660.27,232.43,-2892.7,-2.92,Stop Loss (candle low),bull,1,43.3,36.3,62.1,63.7,71.35,70.57,NTPC
GFS Basic,2007-11-30,2007-12-12,111.25,116.6,865,4622.44,233.97,4388.47,4.56,RSI Target 60,bull,12,41.6,73.5,72.3,86.6,111.2,106.83,NTPC
GFS Basic,2015-03-20,2015-04-13,83.38,88.35,1204,5985.99,244.62,5741.38,5.72,RSI Target 60,bull,24,35.3,67.1,61.0,58.2,83.34,80.15,NTPC
GFS Basic,2016-09-08,2016-09-09,94.69,92.73,1117,-2192.88,248.09,-2440.98,-2.31,Stop Loss (candle low),bull,1,40.4,39.2,64.5,61.5,94.64,92.87,NTPC
GFS Basic,2017-02-16,2017-02-21,101.41,102.29,1021,895.47,246.35,649.12,0.63,RSI Target 60,bull,5,40.5,60.3,72.6,69.7,101.36,100.27,NTPC
GFS Basic,2017-09-29,2017-10-06,100.98,105.74,1031,4911.98,251.77,4660.21,4.48,RSI Target 60,bull,7,38.9,71.6,67.0,62.4,100.93,99.26,NTPC
GFS Basic,2017-12-14,2018-01-02,106.96,107.46,1015,501.15,257.1,244.04,0.22,RSI Target 60,bull,19,44.6,60.0,64.9,72.4,106.91,104.24,NTPC
GFS Basic,2021-08-11,2021-08-20,97.82,95.09,1112,-3026.74,253.9,-3280.64,-3.02,Stop Loss (candle low),bull,9,42.4,38.5,54.3,63.3,97.77,95.43,NTPC
GFS Basic,2021-10-29,2021-11-29,117.35,108.33,900,-8120.92,241.61,-8362.53,-7.92,Stop Loss (candle low),bull,31,35.6,26.9,62.8,68.1,117.29,110.08,NTPC
GFS Basic,2022-05-09,2022-05-10,140.98,137.0,693,-2754.45,229.58,-2984.03,-3.05,Stop Loss (candle low),bull,1,41.5,39.8,73.2,74.6,140.91,137.44,NTPC
GFS Basic,2022-09-29,2022-10-17,145.39,151.31,652,3858.34,229.98,3628.36,3.83,RSI Target 60,bull,18,38.4,76.0,71.3,69.1,145.32,141.92,NTPC
GFS Basic,2023-03-31,2023-04-13,163.53,159.5,601,-2424.77,231.22,-2655.99,-2.7,Stop Loss (candle low),bull,13,35.5,41.4,67.5,71.9,163.45,160.93,NTPC
GFS Basic,2023-10-10,2023-10-25,221.58,216.87,432,-2033.64,225.94,-2259.58,-2.36,Stop Loss (candle low),bull,15,42.1,45.2,81.1,89.4,221.47,218.46,NTPC
GFS Basic,2024-03-14,2024-03-15,311.84,301.38,300,-3137.79,219.97,-3357.76,-3.59,Stop Loss (candle low),bull,1,37.0,35.1,62.9,93.8,311.68,301.57,NTPC
GFS Basic,2024-06-24,2024-06-25,347.8,343.83,260,-1031.78,215.21,-1246.98,-1.38,RSI Target 60,bull,1,38.1,73.5,66.2,92.5,347.62,338.78,NTPC
GFS Basic,2024-09-10,2024-09-23,383.95,411.37,232,6361.06,219.86,6141.2,6.89,RSI Target 60,bull,13,40.4,63.8,65.8,94.8,383.76,374.3,NTPC
GFS Basic,2024-10-18,2024-10-23,409.47,392.11,232,-4027.39,222.26,-4249.65,-4.47,Stop Loss (candle low),bull,5,41.0,30.5,63.8,94.8,409.27,398.02,NTPC
GFS Advanced,2007-05-09,2007-05-10,72.26,69.81,1314,-3221.39,222.99,-3444.38,-3.63,Price < 50 EMA,bull,1,42.3,17.7,78.8,65.5,72.23,69.32,NTPC
GFS Advanced,2015-03-23,2015-03-25,84.62,82.76,1084,-2009.59,217.08,-2226.67,-2.43,Price < 50 EMA,bull,2,40.2,40.5,61.9,60.6,84.57,81.56,NTPC
GFS Advanced,2017-12-18,2017-12-27,107.17,106.61,836,-466.15,213.95,-680.1,-0.76,Price < 50 EMA,bull,9,36.4,54.8,67.4,78.8,107.12,104.42,NTPC
GFS Advanced,2022-05-09,2022-05-10,140.98,137.0,631,-2508.02,210.41,-2718.43,-3.06,Stop Loss (candle low),bull,1,41.5,39.8,73.2,74.6,140.91,137.44,NTPC
GFS Advanced,2022-10-03,2022-10-17,147.55,151.31,585,2199.48,209.42,1990.07,2.31,RSI Target 60,bull,14,38.2,76.0,71.3,69.1,147.47,142.77,NTPC
GFS Advanced,2023-03-31,2023-04-13,163.53,159.5,539,-2174.62,208.95,-2383.58,-2.7,Stop Loss (candle low),bull,13,35.5,41.4,67.5,71.9,163.45,160.93,NTPC
GFS Advanced,2023-10-10,2023-10-25,221.58,216.87,388,-1826.51,204.49,-2031.0,-2.36,Stop Loss (candle low),bull,15,42.1,45.2,81.1,89.4,221.47,218.46,NTPC
GFS Advanced,2024-04-01,2024-04-04,328.48,337.92,255,2406.74,203.96,2202.77,2.63,RSI Target 60,bull,3,42.9,80.6,63.9,93.7,328.32,320.29,NTPC
GFS Advanced,2024-10-18,2024-10-23,409.47,392.11,210,-3645.48,202.64,-3848.12,-4.48,Stop Loss (candle low),bull,5,41.0,30.5,63.8,94.8,409.27,398.02,NTPC
GFS Basic,2006-04-27,2006-05-04,128.49,130.09,739,1175.72,227.56,948.16,1.0,RSI Target 60,bull,7,40.7,67.0,68.3,86.5,128.43,121.33,M&M
GFS Basic,2006-09-21,2006-09-26,130.28,132.29,736,1477.04,229.94,1247.1,1.3,RSI Target 60,bull,5,44.3,60.2,65.7,86.9,130.22,128.22,M&M
GFS Basic,2006-12-15,2006-12-29,161.78,180.6,600,11287.98,242.73,11045.25,11.38,RSI Target 60,bull,14,42.3,65.8,84.3,88.7,161.7,157.26,M&M
GFS Basic,2007-02-07,2007-02-12,189.44,175.1,567,-8132.8,245.6,-8378.39,-7.8,Stop Loss (candle low),bull,5,38.0,34.8,73.7,90.2,189.35,180.9,M&M
GFS Basic,2009-08-18,2009-08-19,162.03,155.19,614,-4199.89,232.06,-4431.95,-4.45,Stop Loss (candle low),bull,1,40.1,35.5,72.3,63.4,161.95,155.42,M&M
GFS Basic,2009-12-14,2009-12-15,222.47,213.15,428,-3989.98,222.79,-4212.77,-4.42,Stop Loss (candle low),bull,1,42.8,40.4,68.5,76.6,222.36,215.55,M&M
GFS Basic,2009-12-23,2009-12-31,219.94,226.63,415,2775.93,221.04,2554.89,2.8,RSI Target 60,bull,8,44.5,60.9,74.7,89.1,219.83,212.32,M&M
GFS Basic,2010-10-25,2010-10-28,307.03,312.18,305,1568.97,225.05,1343.91,1.44,RSI Target 60,bull,3,39.8,61.2,70.6,80.5,306.88,298.57,M&M
GFS Basic,2010-12-20,2011-01-04,321.76,332.71,295,3228.04,229.61,2998.44,3.16,RSI Target 60,bull,15,43.8,61.8,64.1,82.7,321.6,308.75,M&M
GFS Basic,2011-10-05,2011-10-17,344.37,351.75,284,2096.25,234.84,1861.42,1.9,RSI Target 60,bull,12,44.2,61.9,63.4,60.9,344.2,336.13,M&M
GFS Basic,2011-11-16,2011-11-18,338.22,319.38,294,-5538.94,230.56,-5769.5,-5.8,Stop Loss (candle low),bull,2,45.0,26.9,49.8,66.9,338.05,326.82,M&M
GFS Basic,2012-10-18,2012-11-01,370.49,396.21,254,6532.64,231.21,6301.43,6.7,RSI Target 60,bull,14,43.7,63.0,76.1,61.9,370.3,362.61,M&M
GFS Basic,2014-06-24,2014-06-27,529.13,515.42,189,-2591.28,234.88,-2826.16,-2.83,Stop Loss (candle low),bull,3,37.6,31.9,72.1,72.9,528.86,518.32,M&M
GFS Basic,2014-07-23,2014-07-30,543.7,552.22,179,1524.94,233.18,1291.76,1.33,RSI Target 60,bull,7,43.4,67.5,70.0,63.6,543.43,532.56,M&M
GFS Basic,2014-09-16,2014-09-23,623.78,609.13,158,-2316.0,231.95,-2547.95,-2.59,Stop Loss (candle low),bull,7,39.9,29.4,63.3,71.2,623.47,615.0,M&M
GFS Basic,2016-08-26,2016-09-01,659.55,668.69,146,1334.37,230.7,1103.67,1.15,RSI Target 60,bull,6,35.3,61.1,68.6,58.8,659.22,651.04,M&M
GFS Basic,2017-06-22,2017-06-23,648.01,633.1,150,-2236.31,229.01,-2465.33,-2.54,Stop Loss (candle low),bull,1,40.3,31.6,59.2,62.7,647.69,635.63,M&M
GFS Basic,2018-01-09,2018-01-11,712.21,712.1,133,-14.38,225.81,-240.19,-0.25,RSI Target 60,bull,2,40.0,73.6,77.8,60.8,711.85,703.32,M&M
GFS Basic,2018-02-09,2018-02-19,700.4,673.09,135,-3687.02,221.63,-3908.64,-4.13,Stop Loss (candle low),bull,10,44.3,34.6,64.3,71.1,700.05,689.2,M&M
GFS Basic,2018-05-22,2018-05-30,778.22,834.05,117,6532.71,224.43,6308.28,6.93,RSI Target 60,bull,8,38.7,63.3,71.0,70.9,777.83,754.45,M&M
GFS Basic,2018-06-20,2018-06-21,845.02,820.73,114,-2769.96,226.53,-2996.49,-3.11,Stop Loss (candle low),bull,1,43.3,43.5,81.9,75.0,844.6,828.95,M&M
GFS Basic,2018-09-17,2018-09-24,896.46,839.05,105,-6027.73,218.26,-6245.98,-6.64,Stop Loss (candle low),bull,7,42.4,34.5,69.0,76.6,896.01,877.02,M&M
GFS Basic,2021-03-08,2021-03-17,818.32,798.05,107,-2168.87,207.66,-2376.53,-2.71,Stop Loss (candle low),bull,9,37.2,46.6,59.7,65.9,817.91,800.96,M&M
GFS Basic,2021-11-09,2021-11-12,873.91,904.28,98,2976.08,208.73,2767.35,3.23,RSI Target 60,bull,3,41.7,64.8,74.4,76.7,873.47,831.76,M&M
GFS Basic,2021-12-10,2021-12-13,838.39,812.96,105,-2669.77,208.19,-2877.96,-3.27,Stop Loss (candle low),bull,3,36.0,32.1,62.8,70.2,837.97,819.71,M&M
GFS Basic,2022-09-29,2022-10-07,1236.37,1206.79,69,-2041.2,202.79,-2243.99,-2.63,Stop Loss (candle low),bull,8,40.0,47.4,67.2,79.7,1235.75,1213.46,M&M
GFS Basic,2023-07-28,2023-08-17,1449.39,1548.84,57,5668.35,204.79,5463.56,6.61,RSI Target 60,bull,20,36.6,76.5,78.7,69.7,1448.67,1427.27,M&M
GFS Basic,2023-10-11,2023-10-25,1536.25,1544.51,57,470.73,210.41,260.33,0.3,RSI Target 60,bull,14,35.8,64.7,51.4,67.4,1535.48,1515.86,M&M
GFS Basic,2024-07-15,2024-07-31,2718.53,2883.18,32,5268.92,214.11,5054.82,5.81,RSI Target 60,bull,16,35.4,68.9,76.1,89.9,2717.17,2685.17,M&M
GFS Basic,2024-08-08,2024-08-26,2696.2,2769.45,34,2490.74,221.62,2269.12,2.48,RSI Target 60,bull,18,44.1,61.5,59.5,89.9,2694.85,2634.01,M&M
GFS Basic,2025-06-03,2025-06-12,3041.89,2993.64,31,-1495.89,223.33,-1719.22,-1.82,Stop Loss (candle low),sideways,9,44.5,50.7,68.0,68.8,3040.37,3001.37,M&M
GFS Basic,2025-07-14,2025-07-21,3106.35,3245.08,30,4161.72,226.73,3934.99,4.22,RSI Target 60,bull,7,44.2,64.1,73.3,68.5,3104.8,3052.07,M&M
GFS Basic,2025-08-11,2025-08-18,3231.61,3381.41,30,4493.81,235.42,4258.38,4.39,RSI Target 60,bull,7,39.4,67.6,62.4,64.7,3230.0,3128.73,M&M
GFS Basic,2025-12-11,2025-12-15,3670.93,3606.2,27,-1747.94,233.77,-1981.72,-2.0,Stop Loss (candle low),bull,4,41.1,43.6,55.9,65.2,3669.1,3614.09,M&M
GFS Advanced,2006-04-27,2006-05-04,128.49,130.09,739,1175.72,227.56,948.16,1.0,RSI Target 60,bull,7,40.7,67.0,68.3,86.5,128.43,121.33,M&M
GFS Advanced,2006-09-21,2006-09-26,130.28,132.29,736,1477.04,229.94,1247.1,1.3,RSI Target 60,bull,5,44.3,60.2,65.7,86.9,130.22,128.22,M&M
GFS Advanced,2009-08-18,2009-08-19,162.03,155.19,599,-4097.29,226.77,-4324.05,-4.46,Stop Loss (candle low),bull,1,40.1,35.5,72.3,63.4,161.95,155.42,M&M
GFS Advanced,2010-12-22,2010-12-23,326.07,319.97,285,-1737.46,220.04,-1957.5,-2.11,Stop Loss (candle low),bull,1,36.1,37.9,62.9,82.9,325.91,320.33,M&M
GFS Advanced,2011-10-05,2011-10-17,344.37,351.75,264,1948.63,219.38,1729.25,1.9,RSI Target 60,bull,12,44.2,61.9,63.4,60.9,344.2,336.13,M&M
GFS Advanced,2012-10-18,2012-11-01,370.49,396.21,250,6429.77,227.82,6201.95,6.7,RSI Target 60,bull,14,43.7,63.0,76.1,61.9,370.3,362.61,M&M
GFS Advanced,2014-06-24,2014-06-27,529.13,515.42,186,-2550.15,231.39,-2781.54,-2.83,Stop Loss (candle low),bull,3,37.6,31.9,72.1,72.9,528.86,518.32,M&M
GFS Advanced,2014-09-22,2014-09-23,622.59,609.13,154,-2072.72,226.24,-2298.96,-2.4,Stop Loss (candle low),bull,1,42.1,29.4,63.3,71.2,622.27,611.11,M&M
GFS Advanced,2018-01-09,2018-01-11,712.21,712.1,131,-14.16,222.64,-236.81,-0.25,RSI Target 60,bull,2,40.0,73.6,77.8,60.8,711.85,703.32,M&M
GFS Advanced,2018-05-23,2018-05-30,776.83,834.05,120,6867.57,229.6,6637.98,7.12,RSI Target 60,bull,7,38.5,63.3,71.0,70.9,776.44,762.16,M&M
GFS Advanced,2018-06-20,2018-06-21,845.02,820.73,118,-2867.15,233.94,-3101.09,-3.11,Stop Loss (candle low),bull,1,43.3,43.5,81.9,75.0,844.6,828.95,M&M
GFS Advanced,2018-09-17,2018-09-24,896.46,839.05,108,-6199.95,224.05,-6424.0,-6.64,Stop Loss (candle low),bull,7,42.4,34.5,69.0,76.6,896.01,877.02,M&M
GFS Advanced,2021-03-08,2021-03-17,818.32,798.05,111,-2249.95,214.85,-2464.8,-2.71,Stop Loss (candle low),bull,9,37.2,46.6,59.7,65.9,817.91,800.96,M&M
GFS Advanced,2022-09-30,2022-10-07,1250.75,1206.79,70,-3077.56,206.7,-3284.26,-3.75,Price < 50 EMA,bull,7,43.4,47.4,67.2,79.7,1250.13,1201.14,M&M
GFS Advanced,2024-07-15,2024-07-31,2718.53,2883.18,31,5104.27,207.89,4896.37,5.81,RSI Target 60,bull,16,35.4,68.9,76.1,89.9,2717.17,2685.17,M&M
GFS Advanced,2024-08-14,2024-08-26,2751.23,2769.45,32,583.08,211.58,371.5,0.42,RSI Target 60,bull,12,44.5,61.5,59.5,89.9,2749.86,2692.31,M&M
GFS Advanced,2025-08-11,2025-08-18,3231.61,3381.41,27,4044.43,213.42,3831.01,4.39,RSI Target 60,bull,7,39.4,67.6,62.4,64.7,3230.0,3128.73,M&M
GFS Basic,2006-11-10,2006-11-16,35.27,34.1,2693,-3168.77,223.13,-3391.9,-3.57,Stop Loss (candle low),bull,6,40.1,37.5,74.9,63.6,35.25,34.18,Titan
GFS Basic,2007-08-03,2007-08-10,53.53,51.37,1714,-3712.75,215.39,-3928.14,-4.28,Stop Loss (candle low),bull,7,35.3,34.0,58.0,66.7,53.51,51.74,Titan
GFS Basic,2007-11-26,2007-12-12,69.73,68.43,1262,-1631.53,209.19,-1840.71,-2.09,RSI Target 60,bull,16,36.2,60.1,68.1,69.9,69.69,66.27,Titan
GFS Basic,2010-06-07,2010-06-14,104.78,103.26,823,-1253.26,205.66,-1458.93,-1.69,RSI Target 60,bull,7,41.3,67.7,81.2,97.7,104.73,102.01,Titan
GFS Basic,2011-05-11,2011-05-20,183.65,192.12,462,3913.83,207.93,3705.9,4.37,RSI Target 60,bull,9,42.9,65.3,92.5,87.8,183.55,180.09,Titan
GFS Basic,2011-06-30,2011-07-14,205.13,210.82,431,2451.14,214.34,2236.8,2.53,RSI Target 60,bull,14,39.9,63.1,71.9,84.4,205.03,197.32,Titan
GFS Basic,2012-03-29,2012-04-04,215.39,232.58,420,7218.57,223.84,6994.73,7.73,RSI Target 60,bull,6,42.7,61.3,75.4,60.9,215.28,200.9,Titan
GFS Basic,2012-04-24,2012-04-25,225.1,214.47,431,-4581.11,226.18,-4807.29,-4.96,Stop Loss (candle low),bull,1,42.0,27.0,70.9,60.9,224.99,219.61,Titan
GFS Basic,2012-10-31,2012-11-01,245.84,268.17,376,8394.21,229.44,8164.77,8.83,RSI Target 60,bull,1,43.7,62.2,80.0,65.8,245.72,240.94,Titan
GFS Basic,2012-12-18,2012-12-21,272.01,263.33,369,-3206.23,235.06,-3441.29,-3.43,Stop Loss (candle low),bull,3,37.2,28.5,68.3,73.3,271.88,266.1,Titan
GFS Basic,2014-07-15,2014-07-31,314.36,325.55,308,3445.97,234.06,3211.9,3.32,RSI Target 60,bull,16,42.4,62.9,71.9,56.6,314.21,306.18,Titan
GFS Basic,2014-10-17,2014-10-30,366.49,400.34,273,9242.36,247.24,8995.12,8.99,RSI Target 60,bull,13,42.5,60.1,76.1,70.9,366.31,352.28,Titan
GFS Basic,2014-11-14,2014-11-19,361.66,349.75,300,-3573.49,252.73,-3826.22,-3.53,Stop Loss (candle low),bull,5,41.7,28.4,63.4,76.1,361.48,355.81,Titan
GFS Basic,2015-02-24,2015-02-27,407.48,415.57,257,2078.72,250.2,1828.53,1.75,RSI Target 60,bull,3,43.9,61.9,71.2,80.9,407.28,399.01,Titan
GFS Basic,2015-03-03,2015-03-05,403.04,387.31,265,-4166.74,248.35,-4415.1,-4.13,Stop Loss (candle low),bull,2,44.7,39.6,71.2,81.2,402.84,391.8,Titan
GFS Basic,2017-06-27,2017-07-03,503.58,514.88,203,2292.89,244.87,2048.02,2.0,RSI Target 60,bull,6,42.0,61.2,71.0,73.1,503.33,489.83,Titan
GFS Basic,2018-01-25,2018-01-31,880.59,844.97,118,-4203.12,241.88,-4445.0,-4.28,Stop Loss (candle low),bull,6,41.8,34.6,83.8,94.7,880.15,851.97,Titan
GFS Basic,2018-05-15,2018-05-31,918.67,874.66,109,-4797.6,232.88,-5030.48,-5.02,Stop Loss (candle low),bull,16,39.8,27.7,71.2,78.4,918.21,883.55,Titan
GFS Basic,2019-02-28,2019-03-11,1009.99,1043.53,94,3152.79,229.57,2923.22,3.08,RSI Target 60,bull,11,35.5,66.1,72.6,62.3,1009.48,977.99,Titan
GFS Basic,2019-11-07,2019-11-11,1157.07,1133.07,84,-2016.03,229.23,-2245.25,-2.31,Stop Loss (candle low),bull,4,35.6,24.6,57.6,69.1,1156.49,1133.81,Titan
GFS Basic,2020-03-05,2020-03-09,1241.62,1179.88,77,-4753.43,222.86,-4976.29,-5.21,Stop Loss (candle low),bull,4,40.1,25.0,59.3,63.5,1241.0,1217.88,Titan
GFS Basic,2021-07-26,2021-08-02,1715.21,1747.73,53,1723.51,219.13,1504.38,1.65,RSI Target 60,bull,7,43.3,62.5,75.7,80.1,1714.35,1677.14,Titan
GFS Basic,2021-11-30,2021-12-06,2360.22,2294.03,39,-2581.36,217.21,-2798.56,-3.04,Stop Loss (candle low),bull,6,35.0,27.6,69.4,83.7,2359.04,2304.98,Titan
GFS Basic,2023-07-24,2023-08-03,2975.68,2882.51,30,-2794.84,210.81,-3005.65,-3.37,Stop Loss (candle low),bull,10,37.1,23.8,73.3,68.3,2974.19,2931.33,Titan
GFS Basic,2023-10-05,2023-10-19,3212.4,3262.48,27,1352.08,209.47,1142.61,1.32,RSI Target 60,bull,14,44.7,68.6,58.0,74.4,3210.8,3143.64,Titan
GFS Basic,2024-02-06,2024-02-23,3557.36,3667.03,24,2632.21,207.78,2424.42,2.84,RSI Target 60,bull,17,36.9,70.3,70.5,81.4,3555.58,3507.77,Titan
GFS Basic,2024-10-04,2024-10-07,3744.41,3576.69,24,-4025.2,210.86,-4236.06,-4.71,Stop Loss (candle low),bull,3,40.6,36.7,60.7,69.8,3742.54,3612.32,Titan
GFS Basic,2026-02-04,2026-02-10,4162.08,4266.97,20,2097.71,202.48,1895.23,2.28,RSI Target 60,bull,6,42.9,65.6,69.1,62.6,4160.0,4064.17,Titan
GFS Advanced,2006-11-10,2006-11-15,35.27,34.66,2693,-1641.0,224.71,-1865.72,-1.96,Price < 50 EMA,bull,5,40.1,45.3,74.9,63.6,35.25,34.18,Titan
GFS Advanced,2007-08-08,2007-08-09,54.92,51.8,1697,-5299.47,216.96,-5516.44,-5.92,Stop Loss (candle low),bull,1,36.7,34.6,60.0,66.7,54.9,53.1,Titan
GFS Advanced,2007-12-03,2007-12-10,71.09,67.67,1237,-4228.25,206.37,-4434.63,-5.04,Stop Loss (candle low),bull,7,44.5,49.1,68.1,69.9,71.06,69.66,Titan
GFS Advanced,2011-05-11,2011-05-20,183.65,192.12,456,3863.0,205.43,3657.57,4.37,RSI Target 60,bull,9,42.9,65.3,92.5,87.8,183.55,180.09,Titan
GFS Advanced,2011-07-04,2011-07-14,203.04,210.82,429,3336.33,212.35,3123.98,3.59,RSI Target 60,bull,10,42.9,63.1,71.9,84.4,202.94,197.23,Titan
GFS Advanced,2012-12-19,2012-12-20,277.1,268.87,325,-2672.74,212.69,-2885.42,-3.2,Stop Loss (candle low),bull,1,35.7,28.6,77.4,73.3,276.96,270.85,Titan
GFS Advanced,2014-07-15,2014-07-31,314.36,325.55,278,3110.32,212.76,2897.56,3.32,RSI Target 60,bull,16,42.4,62.9,71.9,56.6,314.21,306.18,Titan
GFS Advanced,2015-02-24,2015-02-27,407.48,415.57,221,1787.54,217.3,1570.24,1.74,RSI Target 60,bull,3,43.9,61.9,71.2,80.9,407.28,399.01,Titan
GFS Advanced,2017-06-27,2017-07-03,503.58,514.88,182,2055.69,221.13,1834.57,2.0,RSI Target 60,bull,6,42.0,61.2,71.0,73.1,503.33,489.83,Titan
GFS Advanced,2018-05-16,2018-05-21,913.86,889.38,102,-2496.76,219.88,-2716.64,-2.91,Stop Loss (candle low),bull,5,40.2,29.6,75.9,88.0,913.4,889.96,Titan
GFS Advanced,2019-03-05,2019-03-11,1015.99,1043.53,89,2450.36,218.81,2231.55,2.47,RSI Target 60,bull,6,41.0,66.1,72.6,62.3,1015.49,991.8,Titan
GFS Advanced,2020-03-05,2020-03-09,1241.62,1179.88,74,-4568.24,214.77,-4783.01,-5.21,Stop Loss (candle low),bull,4,40.1,25.0,59.3,63.5,1241.0,1217.88,Titan
GFS Advanced,2021-12-07,2021-12-15,2356.12,2291.91,37,-2375.86,206.59,-2582.45,-2.96,Stop Loss (candle low),bull,8,35.6,42.3,62.9,83.7,2354.95,2294.08,Titan
GFS Advanced,2023-07-24,2023-08-03,2975.68,2882.51,28,-2608.52,197.78,-2806.3,-3.37,Stop Loss (candle low),bull,10,37.1,23.8,73.3,68.3,2974.19,2931.33,Titan
GFS Advanced,2024-02-15,2024-02-23,3611.1,3667.03,23,1286.54,201.23,1085.31,1.31,RSI Target 60,bull,8,37.6,70.3,70.5,81.4,3609.29,3546.9,Titan
GFS Advanced,2026-02-04,2026-02-10,4162.08,4266.97,20,2097.71,202.48,1895.23,2.28,RSI Target 60,bull,6,42.9,65.6,69.1,62.6,4160.0,4064.17,Titan
GFS Basic,2006-04-28,2006-05-04,70.76,73.59,1342,3797.05,230.29,3566.76,3.76,RSI Target 60,bull,6,44.7,63.3,77.2,85.8,70.73,62.49,Sun Pharma
GFS Basic,2006-05-10,2006-05-12,73.29,70.08,1342,-4318.22,229.43,-4547.65,-4.62,Stop Loss (candle low),bull,2,44.6,45.6,64.3,85.8,73.26,70.54,Sun Pharma
GFS Basic,2006-05-26,2006-05-31,70.17,64.52,1340,-7560.41,216.43,-7776.85,-8.27,Stop Loss (candle low),bull,5,37.6,34.7,62.6,77.7,70.13,64.89,Sun Pharma
GFS Basic,2006-10-12,2006-11-10,74.25,76.83,1167,3013.7,211.01,2802.69,3.23,RSI Target 60,bull,29,40.3,66.2,86.6,72.2,74.21,71.77,Sun Pharma
GFS Basic,2006-12-13,2007-01-03,76.67,79.96,1165,3832.32,217.8,3614.52,4.05,RSI Target 60,bull,21,39.1,67.3,60.1,78.7,76.63,72.97,Sun Pharma
GFS Basic,2007-02-13,2007-02-23,83.13,78.54,1116,-5118.1,216.19,-5334.29,-5.75,Stop Loss (candle low),bull,10,37.3,27.5,49.9,78.2,83.09,79.83,Sun Pharma
GFS Basic,2007-06-26,2007-06-27,91.84,88.63,955,-3058.22,207.06,-3265.28,-3.72,Stop Loss (candle low),bull,1,35.1,32.6,63.1,71.1,91.79,90.0,Sun Pharma
GFS Basic,2007-12-07,2007-12-11,98.83,99.24,856,352.98,203.7,149.28,0.18,RSI Target 60,bull,4,42.1,67.2,78.5,63.3,98.78,94.44,Sun Pharma
GFS Basic,2008-01-09,2008-01-21,98.48,92.58,860,-5074.1,198.28,-5272.38,-6.23,Stop Loss (candle low),bull,12,43.8,23.5,62.5,68.5,98.43,94.36,Sun Pharma
GFS Basic,2008-05-26,2008-06-02,121.38,126.37,656,3276.37,195.67,3080.7,3.87,RSI Target 60,bull,7,40.3,62.6,72.0,70.4,121.32,113.68,Sun Pharma
GFS Basic,2008-06-26,2008-07-23,119.82,126.17,689,4375.39,203.33,4172.06,5.05,RSI Target 60,bull,27,40.1,60.2,52.0,68.9,119.76,111.42,Sun Pharma
GFS Basic,2010-09-08,2010-09-16,164.71,165.0,525,153.29,207.65,-54.36,-0.06,RSI Target 60,bull,8,36.5,65.1,57.1,76.3,164.63,154.93,Sun Pharma
GFS Basic,2011-08-08,2011-08-09,226.29,216.15,382,-3874.6,203.41,-4078.01,-4.72,Stop Loss (candle low),bull,1,42.0,38.1,61.2,79.4,226.18,217.0,Sun Pharma
GFS Basic,2012-01-06,2012-01-10,228.46,233.36,362,1774.22,200.95,1573.27,1.9,RSI Target 60,bull,4,37.3,71.1,62.2,60.9,228.34,223.94,Sun Pharma
GFS Basic,2012-05-18,2012-05-24,266.48,257.13,315,-2945.33,198.81,-3144.15,-3.75,Stop Loss (candle low),bull,6,41.2,36.5,61.1,76.7,266.35,257.52,Sun Pharma
GFS Basic,2012-07-20,2012-07-23,283.92,278.71,286,-1490.04,194.23,-1684.28,-2.07,Stop Loss (candle low),bull,3,39.8,37.1,62.0,71.4,283.78,280.86,Sun Pharma
GFS Basic,2012-09-06,2012-09-10,298.54,310.86,266,3277.55,195.2,3082.36,3.88,RSI Target 60,bull,4,41.2,60.1,79.9,71.7,298.39,291.67,Sun Pharma
GFS Basic,2012-11-01,2012-11-15,320.44,311.16,257,-2384.81,195.86,-2580.68,-3.13,Stop Loss (candle low),bull,14,36.6,36.9,62.6,76.8,320.28,313.36,Sun Pharma
GFS Basic,2013-01-25,2013-02-05,333.61,340.85,240,1737.26,195.06,1542.2,1.93,RSI Target 60,bull,11,42.9,63.6,57.7,77.0,333.45,318.34,Sun Pharma
GFS Basic,2013-06-14,2013-06-26,437.93,427.12,186,-2010.03,194.26,-2204.29,-2.71,Stop Loss (candle low),bull,12,38.6,22.8,63.2,90.6,437.71,428.4,Sun Pharma
GFS Basic,2013-10-30,2013-10-31,568.76,556.26,139,-1736.46,189.21,-1925.67,-2.44,Stop Loss (candle low),bull,1,35.9,34.5,62.6,83.2,568.47,560.51,Sun Pharma
GFS Basic,2014-03-12,2014-03-13,555.59,523.51,139,-4458.87,182.32,-4641.19,-6.01,Stop Loss (candle low),bull,1,43.1,35.9,60.5,77.9,555.31,531.59,Sun Pharma
GFS Basic,2014-09-29,2014-10-01,769.44,787.89,95,1752.98,179.58,1573.4,2.15,RSI Target 60,bull,2,43.6,61.3,76.9,72.7,769.06,739.57,Sun Pharma
GFS Basic,2015-04-21,2015-04-27,892.63,847.94,83,-3709.21,176.13,-3885.34,-5.24,Stop Loss (candle low),bull,6,43.6,17.4,57.3,78.7,892.18,851.23,Sun Pharma
GFS Basic,2021-01-25,2021-01-28,560.75,532.23,126,-3593.87,168.62,-3762.49,-5.33,Stop Loss (candle low),bull,3,43.0,36.4,68.7,66.7,560.47,534.73,Sun Pharma
GFS Basic,2021-02-23,2021-03-17,579.32,556.29,116,-2671.52,161.9,-2833.42,-4.22,Stop Loss (candle low),bull,22,39.8,43.4,61.7,68.1,579.03,563.18,Sun Pharma
GFS Basic,2021-06-02,2021-06-16,645.74,636.01,100,-973.05,157.82,-1130.87,-1.75,Stop Loss (candle low),bull,14,38.5,29.6,67.5,84.5,645.42,637.53,Sun Pharma
GFS Basic,2021-08-24,2021-09-13,742.78,744.27,85,127.43,155.77,-28.34,-0.04,RSI Target 60,bull,20,35.7,60.9,72.6,85.0,742.4,719.43,Sun Pharma
GFS Basic,2021-09-22,2021-09-27,739.0,727.82,86,-961.74,155.57,-1117.31,-1.76,Stop Loss (candle low),bull,5,37.7,36.0,73.9,85.0,738.63,729.2,Sun Pharma
GFS Basic,2021-10-25,2021-10-27,784.12,787.01,79,228.2,153.22,74.97,0.12,RSI Target 60,bull,2,42.2,62.1,72.4,83.8,783.73,758.82,Sun Pharma
GFS Basic,2021-11-01,2021-11-22,777.05,735.17,80,-3350.94,150.0,-3500.94,-5.63,Stop Loss (candle low),bull,21,40.7,41.5,53.2,81.4,776.66,750.66,Sun Pharma
GFS Basic,2022-05-06,2022-05-11,852.33,821.77,69,-2108.49,143.84,-2252.33,-3.83,Stop Loss (candle low),bull,5,35.9,33.3,60.1,84.7,851.9,828.21,Sun Pharma
GFS Basic,2022-11-21,2022-11-29,977.84,1012.59,58,2015.96,143.45,1872.5,3.3,RSI Target 60,bull,8,43.2,73.5,72.0,67.3,977.35,958.24,Sun Pharma
GFS Basic,2022-12-13,2023-01-05,961.95,980.14,61,1109.23,146.88,962.35,1.64,RSI Target 60,bull,23,41.1,63.4,67.0,65.4,961.47,945.03,Sun Pharma
GFS Basic,2023-09-05,2023-09-12,1108.93,1116.84,54,427.25,148.85,278.41,0.46,RSI Target 60,bull,7,43.7,60.5,75.0,70.8,1108.37,1079.73,Sun Pharma
GFS Basic,2023-10-09,2023-10-26,1106.78,1076.32,54,-1644.83,146.44,-1791.27,-3.0,Stop Loss (candle low),bull,17,40.4,43.2,64.8,67.9,1106.23,1081.49,Sun Pharma
GFS Basic,2024-04-15,2024-04-23,1515.89,1456.07,38,-2273.18,140.99,-2414.17,-4.19,Stop Loss (candle low),bull,8,43.2,14.0,68.0,81.1,1515.14,1474.85,Sun Pharma
GFS Basic,2024-10-18,2024-10-23,1888.84,1809.67,29,-2295.94,134.68,-2430.62,-4.44,Stop Loss (candle low),bull,5,39.1,32.8,87.5,80.1,1887.89,1842.48,Sun Pharma
GFS Advanced,2006-04-28,2006-05-04,70.76,73.59,1342,3797.05,230.29,3566.76,3.76,RSI Target 60,bull,6,44.7,63.3,77.2,85.8,70.73,62.49,Sun Pharma
GFS Advanced,2006-05-26,2006-05-29,70.17,66.35,1402,-5354.93,228.39,-5583.32,-5.68,Price < 50 EMA,bull,3,37.6,34.4,62.6,85.8,70.13,64.89,Sun Pharma
GFS Advanced,2006-10-17,2006-11-10,74.81,76.83,1244,2514.76,224.75,2290.01,2.46,RSI Target 60,bull,24,44.0,66.2,86.6,72.2,74.77,72.73,Sun Pharma
GFS Advanced,2007-02-13,2007-02-22,83.13,81.01,1145,-2426.17,224.33,-2650.5,-2.78,Price < 50 EMA,bull,9,37.3,33.8,63.7,78.2,83.09,79.83,Sun Pharma
GFS Advanced,2008-05-27,2008-06-02,122.88,126.37,754,2634.87,223.95,2410.92,2.6,RSI Target 60,bull,6,39.3,62.6,72.0,70.4,122.82,118.44,Sun Pharma
GFS Advanced,2012-05-18,2012-05-22,266.48,259.5,356,-2484.03,223.57,-2707.6,-2.85,Price < 50 EMA,bull,4,41.2,40.6,61.1,76.7,266.35,257.52,Sun Pharma
GFS Advanced,2012-07-20,2012-07-23,283.92,278.71,325,-1693.23,218.63,-1911.86,-2.07,Stop Loss (candle low),bull,3,39.8,37.1,62.0,71.4,283.78,280.86,Sun Pharma
GFS Advanced,2012-09-06,2012-09-10,298.54,310.86,303,3733.45,220.21,3513.24,3.88,RSI Target 60,bull,4,41.2,60.1,79.9,71.7,298.39,291.67,Sun Pharma
GFS Advanced,2012-11-01,2012-11-15,320.44,311.16,293,-2718.87,221.15,-2940.02,-3.13,Stop Loss (candle low),bull,14,36.6,36.9,62.6,76.8,320.28,313.36,Sun Pharma
GFS Advanced,2013-10-30,2013-10-31,568.76,556.26,160,-1998.8,215.48,-2214.28,-2.43,Stop Loss (candle low),bull,1,35.9,34.5,62.6,83.2,568.47,560.51,Sun Pharma
GFS Advanced,2021-02-23,2021-03-17,579.32,556.29,153,-3523.64,208.65,-3732.29,-4.21,Stop Loss (candle low),bull,22,39.8,43.4,61.7,68.1,579.03,563.18,Sun Pharma
GFS Advanced,2021-06-02,2021-06-16,645.74,636.01,132,-1284.42,203.41,-1487.83,-1.75,Stop Loss (candle low),bull,14,38.5,29.6,67.5,84.5,645.42,637.53,Sun Pharma
GFS Advanced,2021-08-24,2021-09-13,742.78,744.27,113,169.4,202.02,-32.62,-0.04,RSI Target 60,bull,20,35.7,60.9,72.6,85.0,742.4,719.43,Sun Pharma
GFS Advanced,2021-09-22,2021-09-27,739.0,727.82,113,-1263.69,199.59,-1463.28,-1.75,Stop Loss (candle low),bull,5,37.7,36.0,73.9,85.0,738.63,729.2,Sun Pharma
GFS Advanced,2021-10-25,2021-10-27,784.12,787.01,105,303.3,198.6,104.7,0.13,RSI Target 60,bull,2,42.2,62.1,72.4,83.8,783.73,758.82,Sun Pharma
GFS Advanced,2021-11-01,2021-11-03,777.05,751.57,106,-2700.97,195.57,-2896.54,-3.52,Price < 50 EMA,bull,2,40.7,28.6,67.6,81.4,776.66,750.66,Sun Pharma
GFS Advanced,2022-11-21,2022-11-29,977.84,1012.59,81,2815.39,194.26,2621.13,3.31,RSI Target 60,bull,8,43.2,73.5,72.0,67.3,977.35,958.24,Sun Pharma
GFS Advanced,2022-12-14,2022-12-16,968.38,958.39,85,-848.82,197.37,-1046.18,-1.27,Stop Loss (candle low),bull,2,35.2,33.7,67.1,67.5,967.89,959.26,Sun Pharma
GFS Advanced,2023-09-05,2023-09-12,1108.93,1116.84,73,577.58,195.82,381.76,0.47,RSI Target 60,bull,7,43.7,60.5,75.0,70.8,1108.37,1079.73,Sun Pharma
GFS Advanced,2023-10-09,2023-10-23,1106.78,1094.6,74,-900.94,196.4,-1097.34,-1.34,Price < 50 EMA,bull,14,40.4,41.9,64.8,67.9,1106.23,1081.49,Sun Pharma
GFS Advanced,2024-04-15,2024-04-18,1515.89,1487.21,53,-1520.14,192.29,-1712.44,-2.13,Price < 50 EMA,bull,3,43.2,23.3,71.4,81.1,1515.14,1474.85,Sun Pharma
GFS Advanced,2024-10-18,2024-10-23,1888.84,1809.67,41,-3245.98,184.06,-3430.04,-4.43,Stop Loss (candle low),bull,5,39.1,32.8,87.5,80.1,1887.89,1842.48,Sun Pharma
GFS Basic,2011-08-08,2011-08-18,126.96,115.59,748,-8509.13,217.55,-8726.68,-9.19,Stop Loss (candle low),bull,10,38.1,21.1,66.3,60.4,126.9,119.89,Tech Mahindra
GFS Basic,2012-10-29,2012-11-16,164.62,160.24,526,-2307.27,205.37,-2512.64,-2.9,Stop Loss (candle low),bull,18,45.0,43.7,61.4,70.6,164.54,160.59,Tech Mahindra
GFS Basic,2013-02-06,2013-02-20,174.61,185.1,482,5058.35,207.59,4850.75,5.76,RSI Target 60,bull,14,40.5,64.5,60.8,76.7,174.52,170.29,Tech Mahindra
GFS Basic,2013-03-28,2013-04-02,189.65,180.52,468,-4270.89,208.13,-4479.03,-5.05,Stop Loss (candle low),bull,5,37.4,25.3,76.0,76.0,189.55,182.4,Tech Mahindra
GFS Basic,2013-09-17,2013-10-03,233.32,242.45,362,3306.23,206.44,3099.78,3.67,RSI Target 60,bull,16,37.7,63.8,79.8,78.8,233.2,225.34,Tech Mahindra
GFS Basic,2013-12-06,2013-12-12,299.79,294.92,292,-1422.96,208.39,-1631.34,-1.86,Stop Loss (candle low),bull,6,37.7,50.7,75.6,80.6,299.64,295.12,Tech Mahindra
GFS Basic,2014-01-31,2014-02-17,318.17,322.04,270,1046.49,207.31,839.17,0.98,RSI Target 60,bull,17,38.0,61.2,66.0,85.2,318.01,304.46,Tech Mahindra
GFS Basic,2014-03-12,2014-03-28,319.58,324.34,271,1289.23,209.12,1080.1,1.25,Weekly RSI < 50,bull,16,44.2,50.1,48.9,85.5,319.42,313.61,Tech Mahindra
GFS Basic,2014-10-10,2014-10-16,425.35,410.86,206,-2986.06,206.95,-3193.02,-3.64,Stop Loss (candle low),bull,6,38.0,28.5,62.5,90.1,425.14,411.92,Tech Mahindra
GFS Basic,2014-12-11,2014-12-15,468.98,444.79,180,-4354.16,198.41,-4552.57,-5.39,Stop Loss (candle low),bull,4,40.7,33.5,56.9,92.2,468.75,455.55,Tech Mahindra
GFS Basic,2015-02-20,2015-02-23,504.21,495.23,159,-1428.96,192.0,-1620.97,-2.02,Stop Loss (candle low),bull,3,44.3,38.7,63.6,89.0,503.96,497.99,Tech Mahindra
GFS Basic,2015-03-10,2015-03-19,507.72,489.85,155,-2769.21,187.34,-2956.55,-3.76,Stop Loss (candle low),bull,9,43.5,50.0,65.1,85.8,507.46,490.72,Tech Mahindra
GFS Basic,2017-12-04,2017-12-05,368.75,352.04,206,-3441.74,180.57,-3622.31,-4.77,Stop Loss (candle low),bull,1,43.0,35.3,63.0,60.4,368.57,352.46,Tech Mahindra
GFS Basic,2018-02-21,2018-03-05,452.8,477.19,160,3903.38,180.37,3723.01,5.14,RSI Target 60,bull,12,44.2,62.1,72.3,65.5,452.57,428.56,Tech Mahindra
GFS Basic,2018-04-05,2018-04-12,470.02,493.8,162,3851.36,188.53,3662.83,4.81,RSI Target 60,bull,7,42.5,61.1,71.4,73.1,469.79,457.3,Tech Mahindra
GFS Basic,2018-09-28,2018-10-04,585.41,556.86,136,-3882.83,188.23,-4071.06,-5.11,Stop Loss (candle low),bull,6,40.6,42.5,62.4,85.4,585.12,560.85,Tech Mahindra
GFS Basic,2019-03-15,2019-03-26,625.29,596.24,121,-3515.58,179.82,-3695.4,-4.88,Stop Loss (candle low),bull,11,37.7,31.8,64.0,79.7,624.98,608.81,Tech Mahindra
GFS Basic,2019-05-16,2019-05-17,615.42,607.15,117,-967.99,174.34,-1142.33,-1.59,Weekly RSI < 50,bull,1,36.5,35.8,44.5,70.3,615.11,604.44,Tech Mahindra
GFS Basic,2021-10-04,2021-10-19,1211.99,1325.82,58,6602.24,178.38,6423.86,9.14,RSI Target 60,bull,15,41.7,65.8,77.6,85.6,1211.38,1181.92,Tech Mahindra
GFS Basic,2022-01-14,2022-01-18,1521.23,1444.85,50,-3819.2,180.4,-3999.6,-5.26,Stop Loss (candle low),bull,4,40.7,28.3,72.4,88.6,1520.47,1475.95,Tech Mahindra
GFS Basic,2023-10-11,2023-10-12,1159.72,1121.01,63,-2438.46,175.17,-2613.63,-3.58,Stop Loss (candle low),bull,1,38.1,26.1,60.1,67.6,1159.14,1142.76,Tech Mahindra
GFS Basic,2024-02-12,2024-02-14,1259.37,1222.09,56,-2087.25,169.89,-2257.14,-3.2,Stop Loss (candle low),bull,2,38.1,29.4,68.0,69.9,1258.74,1239.3,Tech Mahindra
GFS Basic,2024-10-04,2024-10-14,1588.58,1629.45,43,1757.39,168.95,1588.44,2.33,RSI Target 60,bull,10,43.2,62.6,76.5,74.1,1587.79,1531.73,Tech Mahindra
GFS Basic,2025-07-08,2025-07-09,1627.58,1597.27,43,-1303.42,169.5,-1472.92,-2.1,Stop Loss (candle low),sideways,1,39.3,40.4,69.8,68.6,1626.77,1601.42,Tech Mahindra
GFS Advanced,2012-10-29,2012-11-16,164.62,160.24,577,-2530.98,223.79,-2754.77,-2.9,Stop Loss (candle low),bull,18,45.0,43.7,61.4,70.6,164.54,160.59,Tech Mahindra
GFS Advanced,2013-02-06,2013-02-20,174.61,185.1,529,5551.59,226.34,5325.25,5.77,RSI Target 60,bull,14,40.5,64.5,60.8,76.7,174.52,170.29,Tech Mahindra
GFS Advanced,2013-12-06,2013-12-12,299.79,294.92,325,-1583.77,230.2,-1813.98,-1.86,Stop Loss (candle low),bull,6,37.7,50.7,75.6,80.6,299.64,295.12,Tech Mahindra
GFS Advanced,2014-03-24,2014-03-28,326.83,324.34,292,-727.01,226.65,-953.66,-1.0,Weekly RSI < 50,bull,4,40.8,50.1,48.9,85.5,326.67,319.98,Tech Mahindra
GFS Advanced,2014-12-11,2014-12-15,468.98,444.79,202,-4886.33,220.78,-5107.12,-5.39,Stop Loss (candle low),bull,4,40.7,33.5,56.9,92.2,468.75,455.55,Tech Mahindra
GFS Advanced,2015-02-20,2015-02-23,504.21,495.23,178,-1599.72,213.12,-1812.83,-2.02,Stop Loss (candle low),bull,3,44.3,38.7,63.6,89.0,503.96,497.99,Tech Mahindra
GFS Advanced,2018-04-05,2018-04-12,470.02,493.8,187,4445.71,215.26,4230.45,4.81,RSI Target 60,bull,7,42.5,61.1,71.4,73.1,469.79,457.3,Tech Mahindra
GFS Advanced,2018-09-28,2018-10-04,585.41,556.86,157,-4482.38,214.93,-4697.31,-5.11,Stop Loss (candle low),bull,6,40.6,42.5,62.4,85.4,585.12,560.85,Tech Mahindra
GFS Advanced,2019-03-15,2019-03-26,625.29,596.24,140,-4067.61,205.65,-4273.26,-4.88,Stop Loss (candle low),bull,11,37.7,31.8,64.0,79.7,624.98,608.81,Tech Mahindra
GFS Advanced,2021-10-04,2021-10-19,1211.99,1325.82,69,7854.39,209.3,7645.09,9.14,RSI Target 60,bull,15,41.7,65.8,77.6,85.6,1211.38,1181.92,Tech Mahindra
GFS Advanced,2022-01-14,2022-01-18,1521.23,1444.85,59,-4506.65,210.11,-4716.76,-5.26,Stop Loss (candle low),bull,4,40.7,28.3,72.4,88.6,1520.47,1475.95,Tech Mahindra
GFS Advanced,2023-10-11,2023-10-12,1159.72,1121.01,74,-2864.23,203.07,-3067.3,-3.57,Stop Loss (candle low),bull,1,38.1,26.1,60.1,67.6,1159.14,1142.76,Tech Mahindra
GFS Advanced,2024-02-27,2024-02-28,1234.81,1215.43,67,-1298.64,197.83,-1496.48,-1.81,Price < 50 EMA,bull,1,43.9,43.5,63.2,69.9,1234.2,1213.4,Tech Mahindra
GFS Advanced,2025-07-08,2025-07-09,1627.58,1597.27,50,-1515.6,194.6,-1710.2,-2.1,Stop Loss (candle low),sideways,1,39.3,40.4,69.8,68.6,1626.77,1601.42,Tech Mahindra
GFS Basic,2006-10-26,2006-11-01,8.6,8.29,11052,-3374.57,222.94,-3597.51,-3.79,Stop Loss (candle low),bull,6,45.0,39.0,74.1,64.4,8.59,8.35,Adani Ent.
GFS Basic,2007-01-02,2007-01-04,14.56,14.06,6290,-3163.5,215.54,-3379.04,-3.69,Stop Loss (candle low),bull,2,41.7,44.2,86.2,77.9,14.55,14.13,Adani Ent.
GFS Basic,2007-06-07,2007-06-08,14.94,14.61,5916,-1962.29,209.67,-2171.96,-2.46,Stop Loss (candle low),bull,1,42.1,48.5,64.9,76.3,14.93,14.62,Adani Ent.
GFS Basic,2007-08-28,2007-08-30,21.35,20.89,4042,-1835.63,205.18,-2040.81,-2.37,Stop Loss (candle low),bull,2,41.7,35.9,72.9,74.9,21.34,21.01,Adani Ent.
GFS Basic,2008-06-25,2008-07-01,41.31,36.95,2042,-8909.39,193.57,-9102.96,-10.79,Stop Loss (candle low),sideways,6,39.6,31.6,57.1,60.0,41.29,38.37,Adani Ent.
GFS Basic,2010-02-05,2010-02-15,60.18,62.32,1258,2688.56,186.36,2502.19,3.3,RSI Target 60,bull,10,42.9,62.2,67.4,79.0,60.15,56.3,Adani Ent.
GFS Basic,2010-03-12,2010-03-22,62.19,59.32,1255,-3594.96,185.03,-3780.0,-4.84,Stop Loss (candle low),bull,10,39.2,38.5,62.4,80.6,62.15,60.51,Adani Ent.
GFS Basic,2010-06-04,2010-06-07,71.02,68.53,1049,-2613.29,178.18,-2791.47,-3.75,Stop Loss (candle low),bull,3,37.0,30.3,62.7,82.0,70.99,69.31,Adani Ent.
GFS Basic,2010-10-01,2010-11-01,87.36,95.11,822,6366.07,181.51,6184.56,8.61,RSI Target 60,bull,31,35.8,65.8,77.2,86.6,87.32,83.95,Adani Ent.
GFS Basic,2014-06-06,2014-06-10,71.99,70.14,1079,-2000.48,185.88,-2186.36,-2.81,Stop Loss (candle low),bull,4,39.1,43.3,82.4,80.6,71.95,70.31,Adani Ent.
GFS Basic,2014-06-23,2014-06-27,64.98,61.88,1164,-3606.88,179.68,-3786.56,-5.01,Stop Loss (candle low),bull,4,37.6,23.4,64.5,80.6,64.95,63.7,Adani Ent.
GFS Basic,2015-03-12,2015-03-13,95.32,91.53,755,-2861.71,172.28,-3033.99,-4.22,Stop Loss (candle low),bull,1,40.2,36.9,74.1,85.6,95.27,93.76,Adani Ent.
GFS Basic,2017-05-08,2017-05-18,61.95,64.21,1116,2520.85,171.57,2349.27,3.4,RSI Target 60,bull,10,44.1,61.5,62.2,71.1,61.92,59.51,Adani Ent.
GFS Basic,2017-11-30,2017-12-01,80.25,76.34,889,-3479.91,170.26,-3650.17,-5.12,Stop Loss (candle low),bull,1,41.3,40.8,64.4,82.6,80.21,77.81,Adani Ent.
GFS Basic,2018-02-22,2018-02-27,109.75,111.03,619,795.15,167.12,628.04,0.92,RSI Target 60,bull,5,42.9,60.5,69.5,88.6,109.69,103.93,Adani Ent.
GFS Basic,2018-03-05,2018-03-06,108.81,99.85,629,-5633.91,161.58,-5795.49,-8.47,Stop Loss (candle low),bull,1,40.9,23.3,68.4,83.5,108.75,105.51,Adani Ent.
GFS Basic,2018-10-04,2018-10-15,132.71,150.49,474,8429.65,163.85,8265.8,13.14,RSI Target 60,bull,11,36.2,62.8,78.7,63.7,132.64,125.37,Adani Ent.
GFS Basic,2018-11-13,2018-11-22,161.07,156.46,440,-2025.39,170.72,-2196.11,-3.1,Stop Loss (candle low),bull,9,42.1,24.4,64.0,70.4,160.99,156.71,Adani Ent.
GFS Basic,2019-01-04,2019-01-09,152.17,147.43,452,-2143.54,165.96,-2309.5,-3.36,Stop Loss (candle low),bull,5,37.8,26.6,60.6,69.3,152.1,148.07,Adani Ent.
GFS Basic,2019-12-19,2019-12-20,209.11,216.62,318,2389.27,165.58,2223.7,3.34,RSI Target 60,bull,1,44.2,62.3,79.4,67.7,209.01,204.69,Adani Ent.
GFS Basic,2020-09-22,2020-10-05,282.46,325.65,243,10495.25,178.73,10316.52,15.03,RSI Target 60,bull,13,41.9,65.1,85.7,73.3,282.31,256.75,Adani Ent.
GFS Basic,2020-10-23,2020-10-26,321.83,306.5,243,-3724.63,185.26,-3909.89,-5.0,Stop Loss (candle low),bull,3,40.9,35.6,88.4,73.3,321.67,312.38,Adani Ent.
GFS Basic,2022-02-09,2022-02-14,1789.6,1660.16,41,-5307.33,172.88,-5480.21,-7.47,Stop Loss (candle low),bull,5,43.1,44.1,65.1,86.2,1788.71,1714.18,Adani Ent.
GFS Basic,2022-05-11,2022-05-12,2154.98,2040.54,32,-3662.32,164.78,-3827.1,-5.55,Stop Loss (candle low),bull,1,45.0,30.3,77.1,85.0,2153.91,2072.26,Adani Ent.
GFS Basic,2022-06-17,2022-07-01,2134.66,2227.11,30,2773.52,160.52,2613.0,4.08,RSI Target 60,bull,14,44.3,62.4,62.9,75.8,2133.59,2055.45,Adani Ent.
GFS Basic,2022-10-04,2022-10-24,3288.33,3303.61,20,305.58,161.8,143.78,0.22,RSI Target 60,bull,20,36.8,65.6,74.0,85.9,3286.69,3119.16,Adani Ent.
GFS Basic,2022-11-30,2022-12-13,3936.47,4052.61,17,1974.4,166.09,1808.31,2.7,RSI Target 60,bull,13,42.7,71.2,67.2,88.0,3934.5,3859.77,Adani Ent.
GFS Basic,2023-01-17,2023-01-19,3646.42,3457.08,19,-3597.59,165.56,-3763.15,-5.43,Stop Loss (candle low),bull,2,35.8,20.6,62.3,87.6,3644.6,3553.55,Adani Ent.
GFS Advanced,2006-10-26,2006-11-01,8.6,8.29,11052,-3374.57,222.94,-3597.51,-3.79,Stop Loss (candle low),bull,6,45.0,39.0,74.1,64.4,8.59,8.35,Adani Ent.
GFS Advanced,2007-01-02,2007-01-04,14.56,14.06,6290,-3163.5,215.54,-3379.04,-3.69,Stop Loss (candle low),bull,2,41.7,44.2,86.2,77.9,14.55,14.13,Adani Ent.
GFS Advanced,2010-02-05,2010-02-15,60.18,62.32,1468,3137.36,214.91,2922.45,3.31,RSI Target 60,bull,10,42.9,62.2,67.4,79.0,60.15,56.3,Adani Ent.
GFS Advanced,2010-03-12,2010-03-22,62.19,59.32,1465,-4196.51,213.43,-4409.94,-4.84,Stop Loss (candle low),bull,10,39.2,38.5,62.4,80.6,62.15,60.51,Adani Ent.
GFS Advanced,2010-06-04,2010-06-07,71.02,68.53,1224,-3049.26,205.35,-3254.6,-3.74,Stop Loss (candle low),bull,3,37.0,30.3,62.7,82.0,70.99,69.31,Adani Ent.
GFS Advanced,2010-10-01,2010-11-01,87.36,95.11,959,7427.08,209.21,7217.87,8.61,RSI Target 60,bull,31,35.8,65.8,77.2,86.6,87.32,83.95,Adani Ent.
GFS Advanced,2014-06-23,2014-06-26,64.98,63.68,1396,-1818.28,215.04,-2033.31,-2.24,Price < 50 EMA,bull,3,37.6,26.2,67.0,80.6,64.95,63.7,Adani Ent.
GFS Advanced,2015-03-12,2015-03-13,95.32,91.53,931,-3528.81,208.87,-3737.68,-4.21,Stop Loss (candle low),bull,1,40.2,36.9,74.1,85.6,95.27,93.76,Adani Ent.
GFS Advanced,2017-05-08,2017-05-18,61.95,64.21,1376,3108.14,207.97,2900.17,3.4,RSI Target 60,bull,10,44.1,61.5,62.2,71.1,61.92,59.51,Adani Ent.
GFS Advanced,2017-11-30,2017-12-01,80.25,76.34,1096,-4290.19,206.34,-4496.53,-5.11,Stop Loss (candle low),bull,1,41.3,40.8,64.4,82.6,80.21,77.81,Adani Ent.
GFS Advanced,2018-10-04,2018-10-05,132.71,128.53,630,-2633.35,198.39,-2831.74,-3.39,Price < 50 EMA,bull,1,36.2,33.8,75.2,63.7,132.64,125.37,Adani Ent.
GFS Advanced,2018-11-13,2018-11-22,161.07,156.46,503,-2315.39,192.97,-2508.35,-3.1,Stop Loss (candle low),bull,9,42.1,24.4,64.0,70.4,160.99,156.71,Adani Ent.
GFS Advanced,2020-10-23,2020-10-26,321.83,306.5,244,-3739.96,185.96,-3925.91,-5.0,Stop Loss (candle low),bull,3,40.9,35.6,88.4,73.3,321.67,312.38,Adani Ent.
GFS Advanced,2022-02-09,2022-02-14,1789.6,1660.16,41,-5307.33,172.88,-5480.21,-7.47,Stop Loss (candle low),bull,5,43.1,44.1,65.1,86.2,1788.71,1714.18,Adani Ent.
GFS Advanced,2022-05-11,2022-05-12,2154.98,2040.54,32,-3662.32,164.78,-3827.1,-5.55,Stop Loss (candle low),bull,1,45.0,30.3,77.1,85.0,2153.91,2072.26,Adani Ent.
GFS Advanced,2022-10-20,2022-10-24,3362.07,3303.61,19,-1110.69,156.14,-1266.82,-1.98,RSI Target 60,bull,4,42.5,65.6,74.0,85.9,3360.39,3238.93,Adani Ent.
GFS Advanced,2022-11-30,2022-12-13,3936.47,4052.61,16,1858.26,157.22,1701.04,2.7,RSI Target 60,bull,13,42.7,71.2,67.2,88.0,3934.5,3859.77,Adani Ent.
GFS Basic,2007-02-22,2007-02-26,36.94,39.14,2571,5644.53,232.23,5412.3,5.7,RSI Target 60,bull,4,43.8,62.5,88.7,74.2,36.92,35.67,JSW Steel
GFS Basic,2007-03-08,2007-03-23,35.9,38.81,2789,8112.4,246.25,7866.16,7.86,RSI Target 60,bull,15,44.9,68.3,81.3,73.6,35.88,32.07,JSW Steel
GFS Basic,2007-06-07,2007-06-12,48.32,46.5,2227,-4051.71,250.26,-4301.96,-4.0,Stop Loss (candle low),bull,5,42.8,25.7,71.8,80.5,48.3,46.72,JSW Steel
GFS Basic,2007-08-08,2007-08-09,54.79,52.34,1889,-4639.35,240.53,-4879.88,-4.71,Stop Loss (candle low),bull,1,38.1,28.8,70.0,91.0,54.77,53.42,JSW Steel
GFS Basic,2007-11-13,2007-11-30,74.29,83.2,1331,11857.51,247.36,11610.15,11.74,RSI Target 60,bull,17,42.9,71.1,80.2,88.7,74.26,70.05,JSW Steel
GFS Basic,2009-12-22,2009-12-29,82.67,85.54,1329,3819.93,263.43,3556.5,3.24,RSI Target 60,bull,7,43.1,64.9,67.4,68.9,82.63,80.86,JSW Steel
GFS Basic,2010-02-11,2010-02-17,83.11,88.77,1363,7725.31,275.05,7450.26,6.58,RSI Target 60,bull,6,35.5,63.3,64.3,86.1,83.06,80.95,JSW Steel
GFS Basic,2010-10-27,2010-11-10,108.58,112.7,1108,4573.3,287.4,4285.9,3.56,RSI Target 60,bull,14,35.7,67.0,72.4,77.7,108.52,102.57,JSW Steel
GFS Basic,2013-02-13,2013-02-14,71.24,67.89,1746,-5856.26,285.67,-6141.93,-4.94,Stop Loss (candle low),bull,1,42.2,26.7,62.6,67.0,71.21,69.37,JSW Steel
GFS Basic,2014-01-21,2014-01-24,88.1,85.22,1346,-3878.84,274.83,-4153.67,-3.5,Stop Loss (candle low),bull,3,43.1,27.9,76.0,64.5,88.06,86.43,JSW Steel
GFS Basic,2014-06-23,2014-07-08,110.93,105.08,1033,-6044.8,263.7,-6308.5,-5.51,Stop Loss (candle low),bull,15,42.4,42.1,73.2,74.2,110.87,106.59,JSW Steel
GFS Basic,2016-05-23,2016-05-30,119.31,123.14,910,3481.19,260.21,3220.98,2.97,RSI Target 60,bull,7,40.4,69.3,78.9,72.7,119.25,116.14,JSW Steel
GFS Basic,2016-09-30,2016-10-26,157.04,150.51,711,-4646.65,258.64,-4905.29,-4.39,Stop Loss (candle low),bull,26,36.9,33.7,59.0,94.2,156.96,150.6,JSW Steel
GFS Basic,2017-02-16,2017-03-07,169.78,163.7,630,-3829.74,249.05,-4078.79,-3.81,Stop Loss (candle low),bull,19,38.8,49.4,61.2,78.9,169.69,164.42,JSW Steel
GFS Basic,2017-09-29,2017-10-16,228.18,237.57,452,4247.49,248.92,3998.57,3.88,RSI Target 60,bull,17,36.9,73.2,69.2,75.0,228.06,219.74,JSW Steel
GFS Basic,2017-11-16,2017-12-01,237.22,229.96,451,-3275.2,249.68,-3524.88,-3.29,Stop Loss (candle low),bull,15,43.9,37.0,53.2,74.8,237.1,230.91,JSW Steel
GFS Basic,2018-03-09,2018-03-19,268.68,258.74,385,-3826.66,241.23,-4067.9,-3.93,Stop Loss (candle low),bull,10,36.6,26.3,70.0,87.3,268.54,259.74,JSW Steel
GFS Basic,2018-06-19,2018-06-27,302.61,290.4,329,-4016.6,232.4,-4249.0,-4.27,Stop Loss (candle low),bull,8,43.5,26.4,72.1,82.7,302.46,294.69,JSW Steel
GFS Basic,2018-10-01,2018-10-05,356.97,337.95,268,-5098.46,222.64,-5321.1,-5.56,Stop Loss (candle low),bull,4,36.3,33.0,61.2,80.3,356.79,342.1,JSW Steel
GFS Basic,2020-12-22,2020-12-28,344.74,365.78,263,5533.09,222.54,5310.55,5.86,RSI Target 60,bull,6,44.2,64.8,72.1,66.5,344.57,327.51,JSW Steel
GFS Basic,2021-02-01,2021-02-08,364.06,395.16,262,8147.03,235.73,7911.29,8.29,RSI Target 60,bull,7,41.2,64.8,73.2,63.7,363.88,344.07,JSW Steel
GFS Basic,2021-05-31,2021-06-11,676.41,691.82,152,2342.09,246.23,2095.86,2.04,RSI Target 60,bull,11,36.2,64.9,85.1,95.6,676.08,649.01,JSW Steel
GFS Basic,2021-06-21,2021-07-13,640.52,670.12,164,4853.85,253.79,4600.07,4.38,RSI Target 60,bull,22,42.6,65.8,68.9,91.2,640.2,611.35,JSW Steel
GFS Basic,2023-08-21,2023-08-25,789.67,764.7,138,-3446.12,253.92,-3700.05,-3.4,Stop Loss (candle low),bull,4,41.1,37.3,65.1,73.2,789.28,779.19,JSW Steel
GFS Basic,2024-01-12,2024-01-17,822.54,803.77,128,-2403.02,246.8,-2649.82,-2.52,Stop Loss (candle low),bull,5,36.7,18.1,60.7,66.6,822.13,812.27,JSW Steel
GFS Basic,2024-10-28,2024-12-04,970.32,991.68,106,2264.04,246.24,2017.8,1.96,RSI Target 60,bull,37,39.5,60.6,53.5,66.8,969.84,906.11,JSW Steel
GFS Basic,2025-04-08,2025-04-30,968.33,1026.52,108,6284.87,254.24,6030.63,5.77,RSI Target 60,bull,22,38.7,73.3,65.8,70.8,967.84,930.83,JSW Steel
GFS Basic,2025-10-24,2025-10-29,1151.58,1207.3,96,5349.18,266.54,5082.64,4.6,RSI Target 60,bull,5,43.2,65.7,72.5,66.4,1151.0,1130.93,JSW Steel
GFS Basic,2025-11-28,2025-12-03,1173.19,1143.03,98,-2955.49,267.76,-3223.25,-2.8,Stop Loss (candle low),bull,5,44.9,39.7,65.3,60.0,1172.6,1152.72,JSW Steel
GFS Advanced,2007-06-07,2007-06-12,48.32,46.5,1966,-3576.85,222.73,-3799.58,-4.0,Stop Loss (candle low),bull,5,42.8,25.7,71.8,80.5,48.3,46.72,JSW Steel
GFS Advanced,2007-08-08,2007-08-09,54.79,52.34,1667,-4094.12,214.06,-4308.18,-4.72,Stop Loss (candle low),bull,1,38.1,28.8,70.0,91.0,54.77,53.42,JSW Steel
GFS Advanced,2007-11-13,2007-11-30,74.29,83.2,1175,10467.75,220.16,10247.59,11.74,RSI Target 60,bull,17,42.9,71.1,80.2,88.7,74.26,70.05,JSW Steel
GFS Advanced,2009-12-22,2009-12-29,82.67,85.54,1173,3371.54,234.31,3137.23,3.24,RSI Target 60,bull,7,43.1,64.9,67.4,68.9,82.63,80.86,JSW Steel
GFS Advanced,2014-01-21,2014-01-24,88.1,85.22,1135,-3270.79,234.15,-3504.94,-3.51,Stop Loss (candle low),bull,3,43.1,27.9,76.0,64.5,88.06,86.43,JSW Steel
GFS Advanced,2014-06-23,2014-07-08,110.93,105.08,871,-5096.83,224.75,-5321.58,-5.51,Stop Loss (candle low),bull,15,42.4,42.1,73.2,74.2,110.87,106.59,JSW Steel
GFS Advanced,2016-09-30,2016-10-17,157.04,155.15,583,-1101.38,217.64,-1319.02,-1.44,Price < 50 EMA,bull,17,36.9,45.4,68.8,94.2,156.96,150.6,JSW Steel
GFS Advanced,2017-02-16,2017-03-07,169.78,163.7,532,-3234.01,212.69,-3446.7,-3.82,Stop Loss (candle low),bull,19,38.8,49.4,61.2,78.9,169.69,164.42,JSW Steel
GFS Advanced,2017-09-29,2017-10-16,228.18,237.57,381,3580.29,212.23,3368.07,3.87,RSI Target 60,bull,17,36.9,73.2,69.2,75.0,228.06,219.74,JSW Steel
GFS Advanced,2017-11-16,2017-11-28,237.22,233.24,380,-1511.52,214.08,-1725.6,-1.91,Price < 50 EMA,bull,12,43.9,44.0,65.6,75.3,237.1,230.91,JSW Steel
GFS Advanced,2018-10-03,2018-10-05,357.57,337.95,247,-4847.09,206.57,-5053.67,-5.72,Stop Loss (candle low),bull,2,40.3,33.0,61.2,80.3,357.39,347.21,JSW Steel
GFS Advanced,2021-02-01,2021-02-08,364.06,395.16,230,7151.97,208.82,6943.15,8.29,RSI Target 60,bull,7,41.2,64.8,73.2,63.7,363.88,344.07,JSW Steel
GFS Advanced,2021-05-31,2021-06-11,676.41,691.82,133,2049.33,217.37,1831.96,2.04,RSI Target 60,bull,11,36.2,64.9,85.1,95.6,676.08,649.01,JSW Steel
GFS Advanced,2021-06-21,2021-07-13,640.52,670.12,143,4232.32,223.26,4009.07,4.38,RSI Target 60,bull,22,42.6,65.8,68.9,91.2,640.2,611.35,JSW Steel
GFS Advanced,2023-08-21,2023-08-25,789.67,764.7,121,-3021.6,224.53,-3246.13,-3.4,Stop Loss (candle low),bull,4,41.1,37.3,65.1,73.2,789.28,779.19,JSW Steel
GFS Advanced,2024-01-12,2024-01-17,822.54,803.77,112,-2102.64,217.87,-2320.51,-2.52,Stop Loss (candle low),bull,5,36.7,18.1,60.7,66.6,822.13,812.27,JSW Steel
GFS Advanced,2025-04-16,2025-04-30,1012.88,1026.52,89,1214.04,216.91,997.13,1.11,RSI Target 60,bull,14,39.3,73.3,65.8,70.8,1012.37,988.94,JSW Steel
GFS Advanced,2025-10-24,2025-10-29,1151.58,1207.3,79,4401.93,222.05,4179.87,4.59,RSI Target 60,bull,5,43.2,65.7,72.5,66.4,1151.0,1130.93,JSW Steel
GFS Advanced,2025-11-28,2025-12-03,1173.19,1143.03,81,-2442.81,223.97,-2666.78,-2.81,Stop Loss (candle low),bull,5,44.9,39.7,65.3,60.0,1172.6,1152.72,JSW Steel
GFS Basic,2006-05-17,2006-05-18,30.91,27.22,3072,-11361.88,214.6,-11576.49,-12.19,Stop Loss (candle low),bull,1,41.6,34.9,89.0,69.9,30.9,29.11,Tata Steel
GFS Basic,2007-11-26,2007-11-29,51.17,47.62,1641,-5834.73,195.89,-6030.62,-7.18,Stop Loss (candle low),bull,3,43.7,39.9,83.8,81.8,51.15,48.47,Tata Steel
GFS Basic,2010-10-21,2010-10-22,40.87,39.91,1914,-1847.13,187.27,-2034.4,-2.6,Stop Loss (candle low),bull,1,38.7,35.7,69.3,63.0,40.85,39.93,Tata Steel
GFS Basic,2014-08-12,2014-08-25,39.1,36.56,1952,-4955.33,179.82,-5135.15,-6.73,Stop Loss (candle low),bull,13,41.2,32.7,66.5,74.2,39.08,38.07,Tata Steel
GFS Basic,2016-09-14,2016-09-16,28.44,26.97,2512,-3687.37,170.28,-3857.65,-5.4,Stop Loss (candle low),bull,2,44.1,43.1,56.5,61.3,28.43,27.3,Tata Steel
GFS Basic,2016-11-09,2016-11-21,30.39,27.92,2230,-5507.17,160.23,-5667.4,-8.36,Stop Loss (candle low),bull,12,35.5,38.9,52.0,78.7,30.38,28.34,Tata Steel
GFS Basic,2017-03-15,2017-04-13,36.12,34.84,1728,-2199.09,151.74,-2350.83,-3.77,Stop Loss (candle low),bull,29,42.4,34.1,74.9,84.6,36.1,35.36,Tata Steel
GFS Basic,2017-10-03,2017-10-13,51.0,54.39,1180,3997.89,153.2,3844.68,6.39,RSI Target 60,bull,10,39.5,72.1,87.5,86.5,50.97,50.23,Tata Steel
GFS Basic,2017-11-06,2017-11-07,54.83,53.04,1164,-2089.8,154.99,-2244.79,-3.52,Stop Loss (candle low),bull,1,44.3,38.3,80.6,87.6,54.8,53.5,Tata Steel
GFS Basic,2017-12-11,2017-12-12,54.11,52.78,1140,-1518.19,150.84,-1669.03,-2.71,Stop Loss (candle low),bull,1,44.4,40.8,60.8,85.6,54.08,53.15,Tata Steel
GFS Basic,2021-01-25,2021-01-27,57.01,53.86,1054,-3311.33,145.42,-3456.75,-5.75,Stop Loss (candle low),bull,2,42.8,36.9,79.4,67.5,56.98,54.29,Tata Steel
GFS Basic,2021-03-25,2021-03-30,62.94,68.84,902,5321.8,147.0,5174.8,9.12,RSI Target 60,bull,5,42.4,61.3,65.7,65.0,62.9,59.23,Tata Steel
GFS Basic,2021-05-31,2021-06-11,97.3,99.67,634,1503.99,153.97,1350.02,2.19,RSI Target 60,bull,11,37.1,64.8,83.8,90.7,97.25,94.56,Tata Steel
GFS Basic,2021-08-27,2021-09-09,122.79,127.29,513,2308.54,157.71,2150.83,3.41,RSI Target 60,bull,13,45.0,63.1,76.5,92.9,122.73,121.03,Tata Steel
GFS Basic,2022-05-06,2022-05-10,113.6,102.48,572,-6359.85,153.13,-6512.99,-10.02,Stop Loss (candle low),sideways,4,43.4,27.4,65.1,69.0,113.54,109.35,Tata Steel
GFS Basic,2023-08-17,2023-09-01,111.94,121.64,526,5103.15,151.46,4951.68,8.41,RSI Target 60,bull,15,39.0,66.8,79.9,71.3,111.88,109.82,Tata Steel
GFS Basic,2023-09-25,2023-10-04,122.96,119.97,517,-1548.52,155.0,-1703.51,-2.68,Stop Loss (candle low),bull,9,36.4,39.8,72.0,66.0,122.9,120.73,Tata Steel
GFS Basic,2024-07-02,2024-07-08,171.83,168.27,360,-1281.95,151.47,-1433.42,-2.32,Stop Loss (candle low),bull,6,41.1,36.9,68.3,84.7,171.74,169.56,Tata Steel
GFS Basic,2025-11-26,2025-12-04,170.03,166.69,356,-1192.01,148.61,-1340.63,-2.21,Stop Loss (candle low),bull,8,35.5,30.3,58.0,51.2,169.95,166.82,Tata Steel
GFS Basic,2026-03-05,2026-03-09,203.14,190.91,292,-3570.29,143.45,-3713.74,-6.26,Stop Loss (candle low),bull,4,42.9,36.6,69.9,75.4,203.04,197.53,Tata Steel
GFS Advanced,2010-10-21,2010-10-22,40.87,39.91,2324,-2242.81,224.1,-2466.9,-2.6,Stop Loss (candle low),bull,1,38.7,35.7,69.3,63.0,40.85,39.93,Tata Steel
GFS Advanced,2016-11-09,2016-11-15,30.39,29.54,3048,-2578.46,218.5,-2796.97,-3.02,Price < 50 EMA,bull,6,35.5,40.2,60.0,78.7,30.38,28.34,Tata Steel
GFS Advanced,2017-10-03,2017-10-13,51.0,54.39,1764,5976.5,221.43,5755.07,6.4,RSI Target 60,bull,10,39.5,72.1,87.5,86.5,50.97,50.23,Tata Steel
GFS Advanced,2017-11-06,2017-11-07,54.83,53.04,1741,-3125.72,224.22,-3349.94,-3.51,Stop Loss (candle low),bull,1,44.3,38.3,80.6,87.6,54.8,53.5,Tata Steel
GFS Advanced,2017-12-11,2017-12-12,54.11,52.78,1705,-2270.63,217.99,-2488.62,-2.7,Stop Loss (candle low),bull,1,44.4,40.8,60.8,85.6,54.08,53.15,Tata Steel
GFS Advanced,2021-01-25,2021-01-27,57.01,53.86,1577,-4954.42,209.97,-5164.39,-5.74,Stop Loss (candle low),bull,2,42.8,36.9,79.4,67.5,56.98,54.29,Tata Steel
GFS Advanced,2021-05-31,2021-06-11,97.3,99.67,873,2070.95,206.23,1864.72,2.2,RSI Target 60,bull,11,37.1,64.8,83.8,90.7,97.25,94.56,Tata Steel
GFS Advanced,2021-08-27,2021-09-09,122.79,127.29,706,3177.05,211.27,2965.78,3.42,RSI Target 60,bull,13,45.0,63.1,76.5,92.9,122.73,121.03,Tata Steel
GFS Advanced,2023-08-17,2023-09-01,111.94,121.64,800,7761.44,222.37,7539.07,8.42,RSI Target 60,bull,15,39.0,66.8,79.9,71.3,111.88,109.82,Tata Steel
GFS Advanced,2023-09-25,2023-10-04,122.96,119.97,786,-2354.22,227.66,-2581.89,-2.67,Stop Loss (candle low),bull,9,36.4,39.8,72.0,66.0,122.9,120.73,Tata Steel
GFS Basic,2014-07-10,2014-08-08,152.6,142.67,622,-6170.8,219.85,-6390.65,-6.73,Stop Loss (candle low),bull,29,40.3,33.9,62.6,62.2,152.52,143.22,Coal India
GFS Basic,2015-01-15,2015-01-22,149.28,159.02,595,5794.98,218.72,5576.27,6.28,RSI Target 60,bull,7,42.2,60.2,67.1,70.1,149.21,145.26,Coal India
GFS Basic,2015-02-13,2015-02-20,152.56,153.55,617,611.35,225.13,386.22,0.41,RSI Target 60,bull,7,40.6,67.5,60.5,68.2,152.48,145.62,Coal India
GFS Basic,2021-12-02,2021-12-09,107.94,109.33,876,1215.97,226.72,989.25,1.05,RSI Target 60,bull,7,40.2,62.7,61.4,63.8,107.89,104.86,Coal India
GFS Basic,2022-10-04,2022-10-14,167.83,176.91,569,5164.42,232.89,4931.53,5.16,RSI Target 60,bull,10,40.3,61.8,71.2,70.9,167.75,163.25,Coal India
GFS Basic,2024-03-14,2024-04-04,377.24,394.44,265,4557.59,242.2,4315.39,4.32,RSI Target 60,bull,21,40.7,71.1,66.4,92.9,377.05,362.23,Coal India
GFS Basic,2024-06-28,2024-07-09,418.72,433.94,249,3790.68,250.94,3539.73,3.4,RSI Target 60,bull,11,44.8,66.5,63.1,90.1,418.51,411.27,Coal India
GFS Advanced,2014-07-24,2014-07-25,155.57,151.24,610,-2639.84,223.47,-2863.31,-3.02,Stop Loss (candle low),bull,1,44.7,39.0,68.6,66.3,155.49,154.05,Coal India
GFS Advanced,2015-01-15,2015-01-22,149.28,159.02,618,6018.99,226.58,5792.41,6.28,RSI Target 60,bull,7,42.2,60.2,67.1,70.1,149.21,145.26,Coal India
GFS Advanced,2024-03-18,2024-03-19,372.53,368.25,262,-1122.12,231.06,-1353.19,-1.39,Price < 50 EMA,bull,1,40.7,40.0,65.2,93.7,372.35,363.42,Coal India
GFS Advanced,2024-06-28,2024-07-09,418.72,433.94,230,3501.43,232.97,3268.46,3.39,RSI Target 60,bull,11,44.8,66.5,63.1,90.1,418.51,411.27,Coal India
GFS Basic,2006-05-23,2006-06-06,2928.3,2546.64,32,-12213.1,210.91,-12424.01,-13.26,Stop Loss (candle low),bull,14,42.7,25.5,55.0,93.3,2926.84,2548.7,Bajaj Finserv
GFS Basic,2010-01-22,2010-01-27,34.16,31.45,2435,-6583.15,193.34,-6776.48,-8.15,Stop Loss (candle low),bull,5,37.9,27.9,60.5,71.3,34.14,32.35,Bajaj Finserv
GFS Basic,2010-06-02,2010-06-08,45.13,43.24,1700,-3211.43,182.5,-3393.93,-4.42,Stop Loss (candle low),bull,6,37.4,43.7,63.3,73.4,45.11,44.04,Bajaj Finserv
GFS Basic,2010-10-13,2010-10-20,49.87,47.25,1474,-3860.52,174.69,-4035.2,-5.49,Stop Loss (candle low),bull,7,36.0,19.3,73.1,73.7,49.85,48.09,Bajaj Finserv
GFS Basic,2011-03-31,2011-04-08,52.77,51.37,1320,-1845.14,168.22,-2013.36,-2.89,RSI Target 60,bull,8,41.5,68.8,63.3,70.5,52.75,49.8,Bajaj Finserv
GFS Basic,2011-05-06,2011-05-31,47.8,50.17,1418,3349.0,169.43,3179.57,4.69,RSI Target 60,bull,25,37.4,61.4,59.5,69.2,47.78,46.27,Bajaj Finserv
GFS Basic,2012-03-21,2012-03-22,59.91,58.32,1182,-1876.64,170.74,-2047.38,-2.89,Stop Loss (candle low),bull,1,35.8,33.8,86.0,65.7,59.88,58.67,Bajaj Finserv
GFS Basic,2012-05-21,2012-05-23,68.74,64.16,1001,-4579.09,163.49,-4742.58,-6.89,Stop Loss (candle low),bull,2,40.4,26.9,71.0,73.2,68.7,66.12,Bajaj Finserv
GFS Basic,2012-08-30,2012-09-24,77.65,81.84,828,3470.52,161.81,3308.71,5.15,RSI Target 60,bull,25,44.6,63.9,67.3,68.7,77.61,72.04,Bajaj Finserv
GFS Basic,2012-10-25,2012-10-29,91.76,84.94,735,-5012.83,160.01,-5172.84,-7.67,Stop Loss (candle low),bull,4,42.8,38.4,69.0,71.4,91.71,87.76,Bajaj Finserv
GFS Basic,2013-01-03,2013-01-11,91.72,87.89,682,-2609.99,151.63,-2761.62,-4.41,Stop Loss (candle low),bull,8,40.2,44.5,46.4,71.7,91.67,89.92,Bajaj Finserv
GFS Basic,2014-07-24,2014-08-04,95.59,94.46,627,-707.83,147.79,-855.62,-1.43,RSI Target 60,bull,11,44.5,60.6,67.3,75.7,95.55,90.62,Bajaj Finserv
GFS Basic,2014-08-20,2014-08-26,93.0,101.22,636,5230.27,152.19,5078.08,8.59,RSI Target 60,bull,6,43.6,69.5,67.7,75.7,92.95,91.56,Bajaj Finserv
GFS Basic,2014-09-23,2014-09-24,107.82,103.71,593,-2435.52,154.89,-2590.4,-4.05,Stop Loss (candle low),bull,1,40.8,37.3,75.2,82.3,107.76,104.93,Bajaj Finserv
GFS Basic,2014-12-29,2015-01-01,132.48,127.84,464,-2154.56,149.7,-2304.26,-3.75,Stop Loss (candle low),bull,3,42.4,45.9,69.3,86.5,132.42,129.72,Bajaj Finserv
GFS Basic,2015-02-27,2015-03-20,142.22,137.1,417,-2135.13,144.91,-2280.05,-3.84,Stop Loss (candle low),bull,21,42.3,44.8,56.8,84.8,142.15,139.43,Bajaj Finserv
GFS Basic,2015-06-30,2015-07-02,153.17,159.21,373,2251.87,144.63,2107.24,3.69,RSI Target 60,bull,2,44.1,77.6,63.1,89.4,153.09,149.15,Bajaj Finserv
GFS Basic,2015-09-03,2015-09-07,186.28,174.11,317,-3858.29,142.56,-4000.85,-6.78,Stop Loss (candle low),bull,4,37.6,34.2,69.2,88.6,186.19,178.03,Bajaj Finserv
GFS Basic,2015-10-01,2015-10-19,178.91,177.89,309,-316.5,137.86,-454.36,-0.82,RSI Target 60,bull,18,42.1,62.9,53.0,82.6,178.82,173.42,Bajaj Finserv
GFS Basic,2016-05-27,2016-06-13,184.77,176.42,297,-2481.17,134.71,-2615.88,-4.77,Stop Loss (candle low),sideways,17,41.7,51.6,67.0,62.8,184.68,178.23,Bajaj Finserv
GFS Basic,2016-08-22,2016-08-23,273.98,267.08,191,-1318.84,130.26,-1449.09,-2.77,Stop Loss (candle low),bull,1,39.5,45.3,79.8,75.2,273.84,269.38,Bajaj Finserv
GFS Basic,2016-10-13,2016-10-21,311.95,326.12,163,2308.91,130.72,2178.19,4.28,RSI Target 60,bull,8,44.9,64.4,72.7,75.4,311.8,307.56,Bajaj Finserv
GFS Basic,2016-11-10,2016-11-11,312.95,300.87,169,-2040.95,130.75,-2171.7,-4.11,Stop Loss (candle low),bull,1,37.1,36.8,58.9,79.3,312.79,304.14,Bajaj Finserv
GFS Basic,2017-09-26,2017-10-16,523.97,533.33,97,908.15,129.22,778.93,1.53,RSI Target 60,bull,20,37.6,65.8,71.3,74.2,523.71,498.54,Bajaj Finserv
GFS Basic,2018-04-27,2018-05-04,545.2,532.71,95,-1186.83,129.2,-1316.03,-2.54,Stop Loss (candle low),bull,7,42.8,52.0,67.7,68.2,544.93,533.7,Bajaj Finserv
GFS Basic,2018-06-20,2018-06-22,595.25,615.23,84,1678.67,128.19,1550.49,3.1,RSI Target 60,bull,2,44.5,77.0,76.3,70.8,594.95,588.54,Bajaj Finserv
GFS Basic,2018-07-03,2018-07-09,588.18,610.25,88,1942.22,132.37,1809.85,3.5,RSI Target 60,bull,6,40.2,60.3,66.8,64.1,587.88,573.72,Bajaj Finserv
GFS Basic,2018-09-14,2018-09-19,678.11,628.91,79,-3886.5,130.35,-4016.85,-7.5,Stop Loss (candle low),bull,5,36.5,29.2,63.8,74.6,677.77,637.88,Bajaj Finserv
GFS Basic,2019-01-21,2019-01-28,638.32,602.89,78,-2762.86,123.11,-2885.97,-5.8,Stop Loss (candle low),bull,7,41.6,33.1,75.8,62.5,638.0,618.86,Bajaj Finserv
GFS Basic,2019-07-09,2019-07-22,791.35,713.88,59,-4570.6,114.35,-4684.95,-10.03,Stop Loss (candle low),bull,13,39.0,24.2,50.6,70.6,790.95,739.2,Bajaj Finserv
GFS Basic,2019-12-09,2019-12-20,897.4,924.94,47,1294.32,110.4,1183.92,2.81,RSI Target 60,bull,11,40.4,66.7,74.9,67.9,896.95,879.19,Bajaj Finserv
GFS Basic,2020-01-08,2020-01-17,914.57,968.29,47,2524.83,113.47,2411.36,5.61,RSI Target 60,bull,9,39.6,60.1,76.8,73.9,914.11,893.2,Bajaj Finserv
GFS Basic,2020-02-03,2020-02-24,921.37,943.56,50,1109.62,118.86,990.76,2.15,RSI Target 60,bull,21,36.1,63.1,66.8,72.0,920.91,885.57,Bajaj Finserv
GFS Basic,2020-02-27,2020-02-28,947.28,902.09,49,-2214.56,116.19,-2330.75,-5.02,Stop Loss (candle low),bull,1,40.7,30.8,50.2,72.0,946.81,923.62,Bajaj Finserv
GFS Basic,2021-11-08,2021-11-22,1836.53,1703.1,24,-3202.22,109.96,-3312.18,-7.51,Stop Loss (candle low),bull,14,44.8,40.0,69.7,94.0,1835.61,1747.12,Bajaj Finserv
GFS Basic,2024-10-11,2024-10-15,1883.82,1852.12,22,-697.48,106.71,-804.19,-1.94,Stop Loss (candle low),bull,4,44.0,42.6,68.1,68.6,1882.88,1853.27,Bajaj Finserv
GFS Basic,2025-05-12,2025-05-20,2057.63,2003.12,19,-1035.59,101.14,-1136.73,-2.91,Stop Loss (candle low),bull,8,44.5,43.1,66.2,61.9,2056.6,2009.81,Bajaj Finserv
GFS Basic,2025-05-30,2025-06-03,2031.73,1989.93,19,-794.04,100.3,-894.33,-2.32,Stop Loss (candle low),bull,4,43.9,45.0,60.3,62.3,2030.71,2008.92,Bajaj Finserv
GFS Basic,2025-11-14,2025-11-24,2073.04,2029.78,18,-778.52,97.45,-875.97,-2.35,Stop Loss (candle low),bull,10,37.6,44.1,60.0,60.1,2072.0,2043.18,Bajaj Finserv
GFS Advanced,2010-01-22,2010-01-27,34.16,31.45,2781,-7518.57,218.63,-7737.2,-8.15,Stop Loss (candle low),bull,5,37.9,27.9,60.5,71.3,34.14,32.35,Bajaj Finserv
GFS Advanced,2010-06-03,2010-06-07,47.1,44.28,1860,-5250.17,204.58,-5454.75,-6.23,Stop Loss (candle low),bull,4,36.0,41.7,63.3,73.4,47.08,44.84,Bajaj Finserv
GFS Advanced,2010-10-13,2010-10-20,49.87,47.25,1653,-4329.33,194.04,-4523.37,-5.49,Stop Loss (candle low),bull,7,36.0,19.3,73.1,73.7,49.85,48.09,Bajaj Finserv
GFS Advanced,2011-03-31,2011-04-08,52.77,51.37,1481,-2070.19,186.87,-2257.06,-2.89,RSI Target 60,bull,8,41.5,68.8,63.3,70.5,52.75,49.8,Bajaj Finserv
GFS Advanced,2012-03-21,2012-03-22,59.91,58.32,1269,-2014.77,182.18,-2196.95,-2.89,Stop Loss (candle low),bull,1,35.8,33.8,86.0,65.7,59.88,58.67,Bajaj Finserv
GFS Advanced,2012-05-21,2012-05-23,68.74,64.16,1075,-4917.61,174.44,-5092.05,-6.89,Stop Loss (candle low),bull,2,40.4,26.9,71.0,73.2,68.7,66.12,Bajaj Finserv
GFS Advanced,2012-08-31,2012-09-10,79.06,76.42,874,-2304.76,166.49,-2471.25,-3.58,Stop Loss (candle low),bull,10,37.5,18.9,68.0,68.7,79.02,76.81,Bajaj Finserv
GFS Advanced,2013-01-03,2013-01-11,91.72,87.89,727,-2782.2,160.62,-2942.83,-4.41,Stop Loss (candle low),bull,8,40.2,44.5,46.4,71.7,91.67,89.92,Bajaj Finserv
GFS Advanced,2014-09-23,2014-09-24,107.82,103.71,593,-2435.52,154.89,-2590.4,-4.05,Stop Loss (candle low),bull,1,40.8,37.3,75.2,82.3,107.76,104.93,Bajaj Finserv
GFS Advanced,2014-12-29,2015-01-01,132.48,127.84,464,-2154.56,149.7,-2304.26,-3.75,Stop Loss (candle low),bull,3,42.4,45.9,69.3,86.5,132.42,129.72,Bajaj Finserv
GFS Advanced,2015-02-27,2015-03-20,142.22,137.1,417,-2135.13,144.91,-2280.05,-3.84,Stop Loss (candle low),bull,21,42.3,44.8,56.8,84.8,142.15,139.43,Bajaj Finserv
GFS Advanced,2015-09-03,2015-09-07,186.28,174.11,306,-3724.41,138.14,-3862.55,-6.78,Stop Loss (candle low),bull,4,37.6,34.2,69.2,88.6,186.19,178.03,Bajaj Finserv
GFS Advanced,2016-08-22,2016-08-23,273.98,267.08,195,-1346.45,132.66,-1479.12,-2.77,Stop Loss (candle low),bull,1,39.5,45.3,79.8,75.2,273.84,269.38,Bajaj Finserv
GFS Advanced,2016-10-13,2016-10-21,311.95,326.12,166,2351.41,132.85,2218.56,4.28,RSI Target 60,bull,8,44.9,64.4,72.7,75.4,311.8,307.56,Bajaj Finserv
GFS Advanced,2018-06-20,2018-06-22,595.25,615.23,91,1818.56,137.59,1680.97,3.1,RSI Target 60,bull,2,44.5,77.0,76.3,70.8,594.95,588.54,Bajaj Finserv
GFS Advanced,2019-12-09,2019-12-20,897.4,924.94,62,1707.4,140.74,1566.66,2.82,RSI Target 60,bull,11,40.4,66.7,74.9,67.9,896.95,879.19,Bajaj Finserv
GFS Advanced,2021-11-12,2021-11-22,1832.14,1703.1,31,-4000.16,137.4,-4137.56,-7.28,Stop Loss (candle low),bull,10,44.7,40.0,69.7,94.0,1831.23,1788.02,Bajaj Finserv
GFS Advanced,2024-10-11,2024-10-15,1883.82,1852.12,28,-887.7,131.63,-1019.33,-1.93,Stop Loss (candle low),bull,4,44.0,42.6,68.1,68.6,1882.88,1853.27,Bajaj Finserv
GFS Advanced,2025-06-13,2025-06-18,2016.93,1979.44,25,-937.02,126.41,-1063.44,-2.11,Price < 50 EMA,bull,5,42.7,45.2,62.1,62.3,2015.92,1978.05,Bajaj Finserv
GFS Advanced,2025-11-17,2025-11-18,2082.14,2049.17,24,-791.18,125.56,-916.74,-1.83,Stop Loss (candle low),bull,1,38.1,38.2,61.7,60.1,2081.1,2053.97,Bajaj Finserv
GFS Basic,2006-04-28,2006-05-02,128.01,147.18,742,14223.05,241.14,13981.91,14.72,RSI Target 60,bull,4,44.9,76.8,89.0,83.3,127.95,121.67,Dr. Reddy's
GFS Basic,2006-10-13,2006-10-30,128.11,132.06,845,3336.71,259.34,3077.37,2.84,RSI Target 60,bull,17,38.2,66.5,71.6,77.8,128.04,125.12,Dr. Reddy's
GFS Basic,2010-01-25,2010-03-03,203.5,209.38,546,3209.75,265.57,2944.19,2.65,RSI Target 60,bull,37,39.4,72.0,52.3,86.1,203.4,190.91,Dr. Reddy's
GFS Basic,2010-08-03,2010-08-05,249.22,242.73,457,-2964.78,265.35,-3230.13,-2.84,Stop Loss (candle low),bull,2,36.0,25.4,61.3,85.0,249.1,244.84,Dr. Reddy's
GFS Basic,2013-06-27,2013-07-01,400.15,415.28,277,4190.61,265.98,3924.63,3.54,RSI Target 60,bull,4,44.5,60.6,86.2,71.0,399.95,386.15,Dr. Reddy's
GFS Basic,2013-08-07,2013-08-16,418.1,399.98,274,-4963.98,264.76,-5228.74,-4.56,Stop Loss (candle low),bull,9,41.6,37.1,61.5,77.8,417.89,401.72,Dr. Reddy's
GFS Basic,2014-02-06,2014-02-13,483.24,473.18,226,-2272.9,255.67,-2528.57,-2.32,Stop Loss (candle low),bull,7,38.9,37.2,61.9,85.8,483.0,478.06,Dr. Reddy's
GFS Basic,2014-10-10,2014-10-13,566.65,547.17,189,-3682.3,249.5,-3931.81,-3.67,Stop Loss (candle low),bull,3,44.0,30.5,67.3,72.8,566.37,553.22,Dr. Reddy's
GFS Basic,2014-12-10,2014-12-16,636.81,584.2,162,-8522.58,235.75,-8758.33,-8.49,Stop Loss (candle low),bull,6,37.9,22.1,63.2,74.7,636.49,620.95,Dr. Reddy's
GFS Basic,2015-08-25,2015-09-22,776.47,734.52,122,-5118.31,220.53,-5338.84,-5.64,Stop Loss (candle low),bull,28,44.0,26.9,79.1,79.2,776.08,734.95,Dr. Reddy's
GFS Basic,2018-11-06,2018-11-09,470.35,458.42,191,-2278.76,212.61,-2491.37,-2.77,Stop Loss (candle low),bull,3,39.6,37.8,55.6,63.3,470.12,460.72,Dr. Reddy's
GFS Basic,2020-07-08,2020-07-16,760.01,804.33,115,5096.57,214.83,4881.74,5.59,RSI Target 60,bull,8,37.3,66.4,72.0,70.4,759.63,737.37,Dr. Reddy's
GFS Basic,2020-09-03,2020-09-04,865.99,837.33,106,-3038.34,216.17,-3254.51,-3.55,Stop Loss (candle low),bull,1,40.9,33.1,61.4,79.2,865.56,840.75,Dr. Reddy's
GFS Basic,2020-10-09,2020-10-14,1019.57,992.4,87,-2363.83,210.0,-2573.83,-2.9,Stop Loss (candle low),bull,5,40.2,50.9,76.9,83.9,1019.06,994.92,Dr. Reddy's
GFS Basic,2021-07-23,2021-07-27,1058.15,942.54,82,-9480.16,198.33,-9678.48,-11.15,Stop Loss (candle low),bull,4,37.1,17.6,72.6,66.6,1057.62,1043.1,Dr. Reddy's
GFS Basic,2023-09-04,2023-09-22,1120.13,1089.46,69,-2116.29,184.89,-2301.18,-2.98,Stop Loss (candle low),bull,18,36.3,46.5,66.5,69.7,1119.57,1101.6,Dr. Reddy's
GFS Basic,2024-03-18,2024-03-19,1256.16,1211.46,60,-2681.95,180.04,-2861.99,-3.8,Stop Loss (candle low),bull,1,42.7,32.2,64.6,80.6,1255.54,1237.76,Dr. Reddy's
GFS Advanced,2006-04-28,2006-05-02,128.01,147.18,742,14223.05,241.14,13981.91,14.72,RSI Target 60,bull,4,44.9,76.8,89.0,83.3,127.95,121.67,Dr. Reddy's
GFS Advanced,2010-02-04,2010-02-08,210.14,199.86,515,-5293.26,250.33,-5543.59,-5.12,Stop Loss (candle low),bull,4,38.6,35.1,63.1,86.4,210.03,202.81,Dr. Reddy's
GFS Advanced,2013-08-07,2013-08-12,418.1,402.75,246,-3775.35,239.97,-4015.33,-3.9,Price < 50 EMA,bull,5,41.6,37.3,68.2,77.8,417.89,401.72,Dr. Reddy's
GFS Advanced,2014-10-10,2014-10-13,566.65,547.17,175,-3409.54,232.16,-3641.7,-3.67,Stop Loss (candle low),bull,3,44.0,30.5,67.3,72.8,566.37,553.22,Dr. Reddy's
GFS Advanced,2014-12-10,2014-12-16,636.81,584.2,150,-7891.28,219.42,-8110.7,-8.49,Stop Loss (candle low),bull,6,37.9,22.1,63.2,74.7,636.49,620.95,Dr. Reddy's
GFS Advanced,2020-09-03,2020-09-04,865.99,837.33,101,-2895.02,206.7,-3101.72,-3.55,Stop Loss (candle low),bull,1,40.9,33.1,61.4,79.2,865.56,840.75,Dr. Reddy's
GFS Advanced,2020-10-09,2020-10-14,1019.57,992.4,83,-2255.15,201.05,-2456.2,-2.9,Stop Loss (candle low),bull,5,40.2,50.9,76.9,83.9,1019.06,994.92,Dr. Reddy's
GFS Advanced,2023-09-04,2023-09-22,1120.13,1089.46,73,-2238.98,194.72,-2433.7,-2.98,Stop Loss (candle low),bull,18,36.3,46.5,66.5,69.7,1119.57,1101.6,Dr. Reddy's
GFS Advanced,2024-03-18,2024-03-19,1256.16,1211.46,64,-2860.75,191.02,-3051.77,-3.8,Stop Loss (candle low),bull,1,42.7,32.2,64.6,80.6,1255.54,1237.76,Dr. Reddy's
GFS Basic,2006-04-26,2006-04-28,231.86,222.54,409,-3812.72,222.11,-4034.83,-4.25,Stop Loss (candle low),bull,2,44.4,27.2,71.2,88.6,231.74,222.89,Cipla
GFS Basic,2006-10-18,2006-10-19,232.8,229.39,391,-1331.48,216.23,-1547.71,-1.7,Stop Loss (candle low),bull,1,44.8,45.1,79.2,76.3,232.68,230.06,Cipla
GFS Basic,2006-11-30,2006-12-06,227.24,218.64,394,-3388.08,210.78,-3598.86,-4.02,Stop Loss (candle low),bull,6,36.1,33.1,55.4,72.0,227.13,221.2,Cipla
GFS Basic,2009-08-25,2009-09-08,239.5,241.21,360,614.36,207.57,406.79,0.47,RSI Target 60,bull,14,37.4,64.2,67.8,62.3,239.38,233.56,Cipla
GFS Basic,2009-12-30,2010-01-25,310.03,295.92,279,-3937.43,203.47,-4140.9,-4.79,Stop Loss (candle low),bull,26,43.8,46.0,60.9,85.1,309.88,299.04,Cipla
GFS Basic,2010-05-12,2010-05-14,289.01,283.43,286,-1596.93,197.36,-1794.29,-2.17,Stop Loss (candle low),bull,2,39.2,39.1,51.8,83.1,288.87,284.11,Cipla
GFS Basic,2010-11-23,2010-12-02,318.05,333.21,254,3850.17,198.84,3651.32,4.52,RSI Target 60,bull,9,43.9,66.3,64.0,63.9,317.9,303.13,Cipla
GFS Basic,2010-12-24,2010-12-30,335.33,336.96,251,408.56,202.79,205.77,0.24,RSI Target 60,bull,6,44.9,67.1,66.8,63.9,335.16,324.22,Cipla
GFS Basic,2012-10-03,2012-10-04,356.72,338.43,237,-4335.34,198.71,-4534.05,-5.36,Stop Loss (candle low),bull,1,43.7,40.7,79.8,66.5,356.54,350.45,Cipla
GFS Basic,2012-10-18,2012-10-19,338.63,332.0,237,-1570.21,192.05,-1762.26,-2.2,Stop Loss (candle low),bull,1,43.6,33.0,63.4,66.5,338.46,334.08,Cipla
GFS Basic,2013-01-22,2013-01-24,377.17,361.54,208,-3251.44,186.3,-3437.74,-4.38,Stop Loss (candle low),bull,2,36.0,30.9,66.6,72.7,376.99,372.13,Cipla
GFS Basic,2013-09-30,2013-10-11,407.88,398.83,184,-1665.12,180.38,-1845.51,-2.46,Stop Loss (candle low),bull,11,43.8,49.1,61.4,65.8,407.67,400.41,Cipla
GFS Basic,2014-10-09,2014-10-13,565.32,537.63,130,-3598.71,174.92,-3773.63,-5.13,Stop Loss (candle low),bull,4,41.3,36.1,75.8,79.3,565.03,548.14,Cipla
GFS Basic,2014-11-17,2014-11-19,577.46,559.34,121,-2193.31,168.33,-2361.64,-3.38,Stop Loss (candle low),bull,2,43.9,30.3,72.5,80.3,577.18,565.73,Cipla
GFS Basic,2015-03-24,2015-03-27,667.12,647.83,101,-1948.25,163.04,-2111.3,-3.13,Stop Loss (candle low),bull,3,40.1,30.9,64.5,78.0,666.79,652.03,Cipla
GFS Basic,2015-09-23,2015-10-07,603.45,637.29,109,3689.11,165.32,3523.79,5.36,RSI Target 60,sideways,14,44.5,62.1,53.2,63.5,603.15,593.01,Cipla
GFS Basic,2017-11-17,2017-12-01,580.23,563.81,119,-1953.61,166.74,-2120.35,-3.07,Stop Loss (candle low),bull,14,43.7,47.0,57.2,54.5,579.94,566.21,Cipla
GFS Basic,2018-10-01,2018-10-04,624.86,604.72,107,-2154.74,161.68,-2316.42,-3.46,Stop Loss (candle low),bull,3,44.4,41.3,67.6,60.6,624.55,609.55,Cipla
GFS Basic,2020-06-25,2020-07-01,618.68,603.72,105,-1571.1,158.06,-1729.17,-2.66,Stop Loss (candle low),bull,6,42.9,46.4,86.0,58.1,618.37,605.69,Cipla
GFS Basic,2020-09-01,2020-09-08,714.09,681.8,88,-2841.6,152.03,-2993.63,-4.76,Stop Loss (candle low),bull,7,39.4,30.1,65.4,64.2,713.73,683.53,Cipla
GFS Basic,2020-11-03,2020-11-06,742.56,760.5,81,1452.7,150.5,1302.21,2.17,RSI Target 60,bull,3,40.7,61.7,60.5,73.9,742.19,722.76,Cipla
GFS Basic,2021-02-02,2021-02-08,796.34,815.66,77,1488.01,153.14,1334.87,2.18,RSI Target 60,bull,6,44.1,61.5,66.1,80.2,795.94,771.62,Cipla
GFS Basic,2021-02-25,2021-02-26,784.44,757.71,80,-2138.34,152.57,-2290.92,-3.65,Stop Loss (candle low),bull,1,35.2,30.2,58.9,80.2,784.04,760.98,Cipla
GFS Basic,2022-04-04,2022-04-19,997.73,968.32,60,-1764.54,146.53,-1911.08,-3.19,Stop Loss (candle low),bull,15,43.8,45.1,63.2,65.6,997.23,971.37,Cipla
GFS Basic,2022-11-16,2022-11-18,1106.57,1072.34,53,-1814.05,143.78,-1957.83,-3.34,Stop Loss (candle low),bull,2,35.5,27.6,63.3,66.1,1106.01,1086.78,Cipla
GFS Basic,2022-12-29,2023-01-04,1069.13,1037.81,53,-1659.98,139.53,-1799.52,-3.18,Stop Loss (candle low),bull,6,42.9,37.2,51.3,63.0,1068.59,1040.82,Cipla
GFS Basic,2023-08-30,2023-09-11,1233.68,1223.18,44,-462.0,135.48,-597.48,-1.1,RSI Target 60,bull,12,37.4,60.1,85.6,70.0,1233.06,1207.29,Cipla
GFS Basic,2023-10-13,2023-10-19,1147.69,1199.59,47,2439.52,137.73,2301.79,4.27,RSI Target 60,bull,6,44.1,68.5,69.3,62.4,1147.12,1127.71,Cipla
GFS Basic,2024-03-21,2024-04-12,1428.33,1369.73,39,-2285.31,136.75,-2422.06,-4.35,Stop Loss (candle low),bull,22,43.0,45.8,67.0,78.2,1427.62,1392.68,Cipla
GFS Basic,2024-10-07,2024-10-11,1628.28,1578.09,33,-1656.08,133.02,-1789.1,-3.33,Stop Loss (candle low),bull,4,42.7,43.5,59.8,79.7,1627.46,1594.21,Cipla
GFS Advanced,2006-04-26,2006-04-28,231.86,222.54,409,-3812.72,222.11,-4034.83,-4.25,Stop Loss (candle low),bull,2,44.4,27.2,71.2,88.6,231.74,222.89,Cipla
GFS Advanced,2006-10-18,2006-10-19,232.8,229.39,391,-1331.48,216.23,-1547.71,-1.7,Stop Loss (candle low),bull,1,44.8,45.1,79.2,76.3,232.68,230.06,Cipla
GFS Advanced,2009-08-31,2009-09-03,248.2,240.75,361,-2687.15,211.65,-2898.81,-3.24,Stop Loss (candle low),bull,3,40.1,33.4,70.0,62.3,248.07,242.47,Cipla
GFS Advanced,2009-12-30,2010-01-22,310.03,298.95,280,-3102.55,205.02,-3307.57,-3.81,Price < 50 EMA,bull,23,43.8,43.9,60.9,85.1,309.88,299.04,Cipla
GFS Advanced,2010-11-26,2010-12-02,314.81,333.21,266,4895.1,206.49,4688.61,5.6,RSI Target 60,bull,6,44.7,66.3,64.0,63.9,314.65,297.19,Cipla
GFS Advanced,2010-12-24,2010-12-30,335.33,336.96,263,428.1,211.75,216.34,0.25,RSI Target 60,bull,6,44.9,67.1,66.8,63.9,335.16,324.22,Cipla
GFS Advanced,2012-10-03,2012-10-04,356.72,338.43,247,-4518.27,206.45,-4724.71,-5.36,Stop Loss (candle low),bull,1,43.7,40.7,79.8,66.5,356.54,350.45,Cipla
GFS Advanced,2012-10-18,2012-10-19,338.63,332.0,247,-1636.47,199.5,-1835.97,-2.2,Stop Loss (candle low),bull,1,43.6,33.0,63.4,66.5,338.46,334.08,Cipla
GFS Advanced,2013-10-15,2013-10-17,398.76,385.54,206,-2723.73,195.05,-2918.78,-3.55,Stop Loss (candle low),bull,2,39.8,23.4,61.4,65.8,398.56,390.28,Cipla
GFS Advanced,2014-10-09,2014-10-13,565.32,537.63,140,-3875.54,187.19,-4062.73,-5.13,Stop Loss (candle low),bull,4,41.3,36.1,75.8,79.3,565.03,548.14,Cipla
GFS Advanced,2014-11-17,2014-11-19,577.46,559.34,130,-2356.45,179.71,-2536.16,-3.38,Stop Loss (candle low),bull,2,43.9,30.3,72.5,80.3,577.18,565.73,Cipla
GFS Advanced,2017-11-17,2017-11-30,580.23,566.45,126,-1735.93,176.0,-1911.93,-2.62,Price < 50 EMA,bull,13,43.7,44.0,65.8,54.5,579.94,566.21,Cipla
GFS Advanced,2018-10-01,2018-10-04,624.86,604.72,114,-2295.71,171.25,-2466.96,-3.46,Stop Loss (candle low),bull,3,44.4,41.3,67.6,60.6,624.55,609.55,Cipla
GFS Advanced,2020-06-25,2020-07-01,618.68,603.72,111,-1660.88,166.22,-1827.1,-2.66,Stop Loss (candle low),bull,6,42.9,46.4,86.0,58.1,618.37,605.69,Cipla
GFS Advanced,2020-09-01,2020-09-08,714.09,681.8,94,-3035.35,161.35,-3196.7,-4.76,Stop Loss (candle low),bull,7,39.4,30.1,65.4,64.2,713.73,683.53,Cipla
GFS Advanced,2020-11-03,2020-11-06,742.56,760.5,86,1542.38,158.84,1383.54,2.17,RSI Target 60,bull,3,40.7,61.7,60.5,73.9,742.19,722.76,Cipla
GFS Advanced,2022-04-04,2022-04-19,997.73,968.32,65,-1911.59,157.47,-2069.05,-3.19,Stop Loss (candle low),bull,15,43.8,45.1,63.2,65.6,997.23,971.37,Cipla
GFS Advanced,2023-08-30,2023-09-11,1233.68,1223.18,51,-535.5,154.59,-690.09,-1.1,RSI Target 60,bull,12,37.4,60.1,85.6,70.0,1233.06,1207.29,Cipla
GFS Advanced,2024-04-05,2024-04-10,1446.88,1395.37,43,-2214.8,151.29,-2366.09,-3.8,Stop Loss (candle low),bull,5,40.4,47.3,82.6,78.2,1446.16,1409.64,Cipla
GFS Advanced,2024-10-08,2024-10-10,1636.54,1600.99,37,-1315.58,148.53,-1464.11,-2.42,Stop Loss (candle low),bull,2,43.5,47.0,65.3,79.7,1635.73,1605.88,Cipla
GFS Basic,2006-04-27,2006-05-04,79.97,81.17,1187,1422.08,227.75,1194.33,1.26,RSI Target 60,bull,7,43.0,61.2,64.8,77.4,79.93,77.23,Divi's Lab
GFS Basic,2006-12-14,2007-01-02,121.82,130.64,789,6964.25,236.13,6728.12,7.0,RSI Target 60,bull,19,39.6,65.1,77.4,80.0,121.76,116.12,Divi's Lab
GFS Basic,2007-08-29,2007-09-07,248.08,258.52,413,4310.08,247.48,4062.6,3.97,RSI Target 60,bull,9,37.4,60.9,60.3,83.3,247.96,227.42,Divi's Lab
GFS Basic,2007-11-23,2007-12-05,341.89,382.87,311,12746.42,264.81,12481.61,11.74,RSI Target 60,bull,12,40.2,64.1,74.6,82.2,341.72,327.73,Divi's Lab
GFS Basic,2008-06-25,2008-07-01,316.46,280.07,373,-13572.2,263.57,-13835.77,-11.72,Stop Loss (candle low),bear,6,42.1,33.4,56.9,61.4,316.3,281.83,Divi's Lab
GFS Basic,2010-08-02,2010-08-13,330.78,324.2,317,-2084.37,246.18,-2330.55,-2.22,Stop Loss (candle low),bull,11,44.3,31.7,66.7,67.7,330.61,325.26,Divi's Lab
GFS Basic,2012-06-14,2012-06-21,408.43,416.55,251,2036.42,245.25,1791.17,1.75,RSI Target 60,bull,7,39.4,61.5,71.8,71.3,408.23,400.8,Divi's Lab
GFS Basic,2012-09-25,2012-10-09,479.65,503.78,218,5259.02,253.14,5005.88,4.79,RSI Target 60,bull,14,38.8,61.7,62.2,68.2,479.42,461.0,Divi's Lab
GFS Basic,2014-03-14,2014-03-26,638.69,623.69,171,-2564.28,255.37,-2819.65,-2.58,Stop Loss (candle low),bull,12,41.1,35.2,84.9,69.1,638.37,625.77,Divi's Lab
GFS Basic,2014-07-24,2014-07-28,680.18,664.85,156,-2391.61,248.64,-2640.25,-2.49,Stop Loss (candle low),bull,4,44.4,43.3,65.8,69.1,679.84,669.54,Divi's Lab
GFS Basic,2014-11-17,2014-12-05,794.64,773.46,131,-2774.79,243.78,-3018.57,-2.9,Stop Loss (candle low),bull,18,40.3,40.0,58.1,77.7,794.25,779.8,Divi's Lab
GFS Basic,2015-09-21,2015-09-29,1037.19,1019.0,97,-1764.12,237.07,-2001.19,-1.99,RSI Target 60,bull,8,37.0,66.7,70.3,82.4,1036.67,1019.23,Divi's Lab
GFS Basic,2015-10-21,2015-10-29,1012.43,1036.48,98,2356.15,238.25,2117.9,2.13,RSI Target 60,bull,8,42.8,61.0,60.4,74.8,1011.93,986.97,Divi's Lab
GFS Basic,2016-06-28,2016-07-04,1042.08,1068.97,97,2608.11,242.66,2365.46,2.34,RSI Target 60,bull,6,36.9,63.0,70.0,66.4,1041.56,1023.06,Divi's Lab
GFS Basic,2016-08-11,2016-08-16,1108.0,1178.73,93,6577.3,251.13,6326.17,6.14,RSI Target 60,bull,5,42.1,65.1,72.1,68.0,1107.45,1068.88,Divi's Lab
GFS Basic,2016-09-30,2016-10-10,1215.53,1181.3,90,-3081.16,255.24,-3336.4,-3.05,Stop Loss (candle low),bull,10,36.8,16.2,68.2,67.6,1214.92,1186.29,Divi's Lab
GFS Basic,2018-05-24,2018-05-29,1072.41,1008.03,99,-6373.96,244.65,-6618.61,-6.23,Stop Loss (candle low),bull,5,36.0,28.0,62.3,73.5,1071.87,1029.24,Divi's Lab
GFS Basic,2018-10-08,2018-10-09,1234.14,1188.48,81,-3698.21,233.64,-3931.85,-3.93,Stop Loss (candle low),bull,1,39.4,25.7,68.9,79.3,1233.52,1190.39,Divi's Lab
GFS Basic,2018-12-03,2018-12-19,1401.14,1443.79,68,2899.64,230.06,2669.58,2.8,RSI Target 60,bull,16,40.4,60.2,62.9,75.9,1400.44,1352.27,Divi's Lab
GFS Basic,2019-01-04,2019-01-14,1402.38,1457.4,70,3851.43,237.47,3613.96,3.68,RSI Target 60,bull,10,43.0,65.7,69.1,76.2,1401.68,1360.08,Divi's Lab
GFS Basic,2019-05-07,2019-05-08,1626.49,1588.86,62,-2332.53,237.0,-2569.53,-2.55,Stop Loss (candle low),bull,1,44.7,38.7,65.7,82.1,1625.67,1590.29,Divi's Lab
GFS Basic,2020-01-06,2020-01-10,1777.35,1796.07,56,1048.44,237.59,810.85,0.81,RSI Target 60,bull,4,42.3,66.0,77.5,74.4,1776.46,1732.27,Divi's Lab
GFS Basic,2020-03-13,2020-04-08,1934.64,2102.91,52,8750.09,247.95,8502.14,8.45,RSI Target 60,bull,26,35.4,62.5,54.2,74.3,1933.67,1576.49,Divi's Lab
GFS Basic,2020-05-05,2020-05-07,2257.43,2190.07,48,-3233.36,252.77,-3486.13,-3.22,Stop Loss (candle low),bull,2,43.1,32.9,64.2,78.4,2256.31,2203.99,Divi's Lab
GFS Basic,2020-06-22,2020-06-30,2299.17,2209.51,45,-4034.47,241.06,-4275.54,-4.13,Stop Loss (candle low),bull,8,42.7,35.7,64.7,71.3,2298.02,2246.45,Divi's Lab
GFS Basic,2020-09-22,2020-09-24,3177.3,2928.48,31,-7713.16,226.22,-7939.38,-8.06,Stop Loss (candle low),bull,2,44.1,38.9,77.9,88.6,3175.71,2949.91,Divi's Lab
GFS Basic,2020-10-30,2020-11-02,3066.85,2955.83,30,-3330.75,216.33,-3547.08,-3.86,Stop Loss (candle low),bull,3,44.7,42.9,70.6,85.8,3065.32,2960.72,Divi's Lab
GFS Basic,2024-08-19,2024-08-30,4671.03,5068.28,19,7547.73,220.37,7327.36,8.26,RSI Target 60,bull,11,37.4,63.6,74.2,72.8,4668.69,4592.33,Divi's Lab
GFS Basic,2024-10-03,2024-10-09,5471.53,5959.62,17,8297.46,230.63,8066.83,8.67,RSI Target 60,bull,6,43.0,78.7,72.0,75.2,5468.8,5215.33,Divi's Lab
GFS Basic,2024-10-29,2024-11-25,5821.51,6107.57,18,5149.0,253.52,4895.48,4.67,RSI Target 60,bull,27,40.1,64.0,75.8,79.1,5818.61,5717.09,Divi's Lab
GFS Basic,2024-12-18,2024-12-19,5880.97,5791.47,18,-1611.08,248.9,-1859.98,-1.76,Stop Loss (candle low),bull,1,44.5,25.9,64.1,79.7,5878.03,5810.07,Divi's Lab
GFS Basic,2025-06-18,2025-06-19,6622.17,6460.34,16,-2589.34,248.1,-2837.44,-2.68,Stop Loss (candle low),bull,1,44.1,42.0,77.8,84.9,6618.86,6480.24,Divi's Lab
GFS Basic,2025-07-30,2025-07-31,6736.87,6592.2,15,-2169.97,237.64,-2407.61,-2.38,Stop Loss (candle low),bull,1,36.1,33.5,76.2,78.6,6733.5,6598.2,Divi's Lab
GFS Advanced,2006-12-22,2007-01-02,120.19,130.64,790,8258.45,234.88,8023.57,8.45,RSI Target 60,bull,11,39.5,65.1,77.4,80.0,120.13,117.19,Divi's Lab
GFS Advanced,2010-08-02,2010-08-12,330.78,325.52,310,-1628.29,241.51,-1869.8,-1.82,Price < 50 EMA,bull,10,44.3,32.4,74.0,67.7,330.61,325.26,Divi's Lab
GFS Advanced,2012-06-14,2012-06-21,408.43,416.55,246,1995.85,240.67,1755.18,1.75,RSI Target 60,bull,7,39.4,61.5,71.8,71.3,408.23,400.8,Divi's Lab
GFS Advanced,2014-03-21,2014-03-26,641.76,623.69,159,-2872.99,239.11,-3112.1,-3.05,Stop Loss (candle low),bull,5,44.1,35.2,84.9,69.1,641.44,632.52,Divi's Lab
GFS Advanced,2014-11-17,2014-12-04,794.64,785.77,125,-1108.92,234.91,-1343.83,-1.35,Price < 50 EMA,bull,17,40.3,46.9,61.5,77.7,794.25,779.8,Divi's Lab
GFS Advanced,2015-10-21,2015-10-29,1012.43,1036.48,97,2332.11,235.98,2096.13,2.13,RSI Target 60,bull,8,42.8,61.0,60.4,74.8,1011.93,986.97,Divi's Lab
GFS Advanced,2016-09-30,2016-10-06,1215.53,1185.73,82,-2443.46,234.29,-2677.75,-2.69,Price < 50 EMA,bull,6,36.8,15.8,74.3,67.6,1214.92,1186.29,Divi's Lab
GFS Advanced,2018-05-25,2018-05-28,1092.32,1032.03,89,-5366.08,225.8,-5591.89,-5.75,Stop Loss (candle low),bull,3,37.0,29.0,62.3,73.5,1091.77,1052.49,Divi's Lab
GFS Advanced,2018-10-08,2018-10-09,1234.14,1188.48,74,-3378.61,214.77,-3593.39,-3.93,Stop Loss (candle low),bull,1,39.4,25.7,68.9,79.3,1233.52,1190.39,Divi's Lab
GFS Advanced,2018-12-03,2018-12-19,1401.14,1443.79,63,2686.43,214.27,2472.16,2.8,RSI Target 60,bull,16,40.4,60.2,62.9,75.9,1400.44,1352.27,Divi's Lab
GFS Advanced,2020-05-05,2020-05-07,2257.43,2190.07,40,-2694.47,213.2,-2907.67,-3.22,Stop Loss (candle low),bull,2,43.1,32.9,64.2,78.4,2256.31,2203.99,Divi's Lab
GFS Advanced,2024-08-19,2024-08-30,4671.03,5068.28,18,7150.48,209.58,6940.9,8.26,RSI Target 60,bull,11,37.4,63.6,74.2,72.8,4668.69,4592.33,Divi's Lab
GFS Advanced,2024-10-03,2024-10-09,5471.53,5959.62,17,8297.46,230.63,8066.83,8.67,RSI Target 60,bull,6,43.0,78.7,72.0,75.2,5468.8,5215.33,Divi's Lab
GFS Advanced,2024-10-29,2024-11-25,5821.51,6107.57,17,4862.95,240.29,4622.66,4.67,RSI Target 60,bull,27,40.1,64.0,75.8,79.1,5818.61,5717.09,Divi's Lab
GFS Advanced,2024-12-18,2024-12-19,5880.97,5791.47,18,-1611.08,248.9,-1859.98,-1.76,Stop Loss (candle low),bull,1,44.5,25.9,64.1,79.7,5878.03,5810.07,Divi's Lab
GFS Advanced,2025-07-30,2025-07-31,6736.87,6592.2,15,-2169.97,237.64,-2407.61,-2.38,Stop Loss (candle low),bull,1,36.1,33.5,76.2,78.6,6733.5,6598.2,Divi's Lab
GFS Basic,2006-12-01,2006-12-11,30.56,28.52,3108,-6327.26,219.82,-6547.08,-6.89,Stop Loss (candle low),bull,10,39.9,41.1,75.1,63.7,30.54,28.91,Eicher Motors
GFS Basic,2007-08-28,2007-09-10,31.6,30.65,2809,-2689.49,209.83,-2899.32,-3.27,RSI Target 60,bull,13,43.7,69.1,53.8,67.5,31.59,30.12,Eicher Motors
GFS Basic,2007-11-19,2007-11-21,42.11,37.46,2042,-9495.46,196.58,-9692.04,-11.27,Stop Loss (candle low),bull,2,44.5,42.1,63.7,76.0,42.09,39.68,Eicher Motors
GFS Basic,2009-10-15,2009-10-29,46.93,44.52,1637,-3942.74,181.95,-4124.69,-5.37,Stop Loss (candle low),bull,14,37.0,38.2,82.9,78.5,46.9,44.89,Eicher Motors
GFS Basic,2010-05-27,2010-06-01,74.18,76.44,982,2214.27,179.51,2034.76,2.79,RSI Target 60,bull,5,39.5,60.6,85.5,82.1,74.15,71.53,Eicher Motors
GFS Basic,2010-09-17,2010-09-21,111.49,107.64,671,-2582.4,178.9,-2761.3,-3.69,Stop Loss (candle low),bull,4,43.1,34.0,83.4,87.1,111.44,107.83,Eicher Motors
GFS Basic,2010-10-26,2010-11-02,118.22,118.57,610,214.24,175.81,38.43,0.05,RSI Target 60,bull,7,41.2,60.2,74.6,84.0,118.16,110.95,Eicher Motors
GFS Basic,2011-11-18,2011-12-08,148.76,141.31,485,-3616.9,171.92,-3788.81,-5.25,Stop Loss (candle low),bull,20,43.4,30.5,70.9,64.1,148.69,142.38,Eicher Motors
GFS Basic,2012-05-10,2012-05-15,202.13,182.97,339,-6495.57,160.87,-6656.45,-9.71,Stop Loss (candle low),bull,5,38.4,33.8,74.4,82.6,202.03,187.88,Eicher Motors
GFS Basic,2012-06-12,2012-06-13,196.53,190.25,317,-1993.34,151.71,-2145.05,-3.44,Stop Loss (candle low),bull,1,39.7,33.1,72.9,79.6,196.44,193.52,Eicher Motors
GFS Basic,2012-10-10,2012-10-12,208.67,202.91,288,-1659.52,147.16,-1806.69,-3.01,Stop Loss (candle low),bull,2,44.6,51.9,60.7,74.1,208.57,203.72,Eicher Motors
GFS Basic,2013-01-30,2013-02-04,254.59,262.53,230,1826.01,147.35,1678.67,2.87,RSI Target 60,bull,5,44.3,61.9,70.0,76.3,254.46,244.94,Eicher Motors
GFS Basic,2013-06-14,2013-06-24,327.8,312.28,183,-2839.46,145.69,-2985.16,-4.98,Stop Loss (candle low),bull,10,40.5,38.5,70.6,78.3,327.63,317.37,Eicher Motors
GFS Basic,2014-01-10,2014-01-13,464.94,464.34,123,-74.11,142.34,-216.45,-0.38,RSI Target 60,bull,3,41.6,63.8,89.3,78.0,464.71,458.37,Eicher Motors
GFS Basic,2014-02-13,2014-02-18,450.55,451.94,126,174.74,141.67,33.07,0.06,RSI Target 60,bull,5,44.4,61.9,67.1,70.6,450.32,414.74,Eicher Motors
GFS Basic,2014-08-06,2014-08-12,794.26,858.18,71,4537.89,145.35,4392.54,7.79,RSI Target 60,bull,6,44.7,76.9,70.7,84.8,793.87,776.77,Eicher Motors
GFS Basic,2014-10-13,2014-10-22,1055.8,1097.56,58,2421.99,153.92,2268.06,3.7,RSI Target 60,bull,9,40.7,62.1,74.1,93.6,1055.27,1004.49,Eicher Motors
GFS Basic,2014-12-23,2014-12-30,1376.62,1418.0,46,1903.17,158.02,1745.14,2.76,RSI Target 60,bull,7,43.3,70.8,72.8,97.2,1375.93,1356.65,Eicher Motors
GFS Basic,2015-03-25,2015-04-08,1455.98,1531.04,44,3302.66,161.12,3141.55,4.9,RSI Target 60,bull,14,41.4,60.9,58.2,96.2,1455.25,1422.19,Eicher Motors
GFS Basic,2015-07-28,2015-07-30,1821.02,1762.96,37,-2148.35,162.83,-2311.19,-3.43,Stop Loss (candle low),bull,2,37.4,28.8,71.8,92.5,1820.11,1772.64,Eicher Motors
GFS Basic,2016-03-18,2016-04-08,1715.2,1786.89,38,2724.21,162.99,2561.22,3.93,RSI Target 60,sideways,21,43.9,66.3,62.4,63.0,1714.34,1657.99,Eicher Motors
GFS Basic,2016-11-01,2016-11-04,2379.87,2229.26,28,-4217.03,159.04,-4376.08,-6.57,Stop Loss (candle low),bull,3,44.4,36.3,60.7,67.0,2378.68,2263.88,Eicher Motors
GFS Basic,2017-05-31,2017-06-07,2662.24,2768.03,24,2539.05,159.95,2379.1,3.72,RSI Target 60,bull,7,40.1,64.2,67.3,74.7,2660.91,2629.64,Eicher Motors
GFS Basic,2017-07-04,2017-07-17,2608.9,2613.98,25,127.07,160.4,-33.33,-0.05,RSI Target 60,bull,13,36.0,70.2,59.2,68.1,2607.6,2558.18,Eicher Motors
GFS Basic,2017-09-29,2017-10-17,2927.71,2978.49,22,1117.08,159.62,957.46,1.49,RSI Target 60,bull,18,37.8,61.7,64.8,73.9,2926.25,2823.41,Eicher Motors
GFS Basic,2018-05-08,2018-05-21,2853.88,2751.28,23,-2359.82,158.75,-2518.58,-3.84,Stop Loss (candle low),sideways,13,44.5,35.0,60.2,66.4,2852.46,2785.6,Eicher Motors
GFS Basic,2020-10-28,2020-10-30,2047.36,1987.42,31,-1858.03,154.45,-2012.47,-3.17,Stop Loss (candle low),bull,2,40.3,37.6,50.3,61.5,2046.33,2001.62,Eicher Motors
GFS Basic,2020-12-18,2020-12-21,2375.16,2283.59,26,-2380.75,150.1,-2530.85,-4.1,Stop Loss (candle low),bull,3,40.7,31.7,65.2,63.2,2373.97,2311.03,Eicher Motors
GFS Basic,2021-08-03,2021-08-06,2532.45,2618.02,23,1968.05,146.81,1821.24,3.13,RSI Target 60,bull,3,41.9,67.2,68.1,69.3,2531.18,2465.31,Eicher Motors
GFS Basic,2022-10-12,2022-10-24,3351.43,3514.63,18,2937.64,152.43,2785.21,4.62,RSI Target 60,bull,12,39.1,65.3,73.8,74.6,3349.75,3259.61,Eicher Motors
GFS Basic,2023-06-20,2023-07-04,3449.35,3283.55,18,-2984.42,150.21,-3134.63,-5.05,Stop Loss (candle low),bull,14,38.3,33.0,79.7,66.0,3447.63,3344.6,Eicher Motors
GFS Basic,2024-07-03,2024-07-15,4594.95,4763.68,13,2193.44,150.35,2043.09,3.42,RSI Target 60,bull,12,37.1,61.8,75.1,72.4,4592.65,4526.29,Eicher Motors
GFS Basic,2025-05-26,2025-05-27,5405.64,5317.85,11,-965.72,146.47,-1112.19,-1.87,Stop Loss (candle low),bull,1,44.7,44.1,64.7,78.5,5402.94,5328.7,Eicher Motors
GFS Basic,2025-10-15,2025-10-24,6943.47,6836.58,9,-962.01,153.2,-1115.21,-1.78,Stop Loss (candle low),bull,9,40.6,42.9,78.1,75.6,6940.0,6861.57,Eicher Motors
GFS Basic,2025-11-07,2025-11-14,6900.45,6691.65,8,-1670.37,136.28,-1806.64,-3.27,Stop Loss (candle low),bull,7,44.8,42.1,72.7,75.3,6897.0,6717.14,Eicher Motors
GFS Basic,2026-03-05,2026-03-09,7805.4,7262.37,7,-3801.24,132.81,-3934.05,-7.2,Stop Loss (candle low),bull,4,43.9,29.9,60.5,80.7,7801.5,7611.19,Eicher Motors
GFS Advanced,2006-12-01,2006-12-11,30.56,28.52,3108,-6327.26,219.82,-6547.08,-6.89,Stop Loss (candle low),bull,10,39.9,41.1,75.1,63.7,30.54,28.91,Eicher Motors
GFS Advanced,2007-08-28,2007-09-10,31.6,30.65,2809,-2689.49,209.83,-2899.32,-3.27,RSI Target 60,bull,13,43.7,69.1,53.8,67.5,31.59,30.12,Eicher Motors
GFS Advanced,2009-10-15,2009-10-29,46.93,44.52,1833,-4414.81,201.9,-4616.71,-5.37,Stop Loss (candle low),bull,14,37.0,38.2,82.9,78.5,46.9,44.89,Eicher Motors
GFS Advanced,2010-05-27,2010-06-01,74.18,76.44,1100,2480.34,199.23,2281.11,2.8,RSI Target 60,bull,5,39.5,60.6,85.5,82.1,74.15,71.53,Eicher Motors
GFS Advanced,2010-09-17,2010-09-21,111.49,107.64,751,-2890.28,198.4,-3088.68,-3.69,Stop Loss (candle low),bull,4,43.1,34.0,83.4,87.1,111.44,107.83,Eicher Motors
GFS Advanced,2010-10-26,2010-11-02,118.22,118.57,684,240.23,195.28,44.96,0.06,RSI Target 60,bull,7,41.2,60.2,74.6,84.0,118.16,110.95,Eicher Motors
GFS Advanced,2011-11-18,2011-12-01,148.76,143.72,543,-2737.16,192.0,-2929.16,-3.63,Price < 50 EMA,bull,13,43.4,16.5,73.8,64.1,148.69,142.38,Eicher Motors
GFS Advanced,2012-05-18,2012-05-29,194.43,206.91,401,5003.24,193.78,4809.47,6.17,RSI Target 60,bull,11,35.7,63.3,74.8,82.6,194.34,186.94,Eicher Motors
GFS Advanced,2012-10-10,2012-10-12,208.67,202.91,396,-2281.85,196.6,-2478.44,-3.0,Stop Loss (candle low),bull,2,44.6,51.9,60.7,74.1,208.57,203.72,Eicher Motors
GFS Advanced,2013-06-14,2013-06-24,327.8,312.28,245,-3801.47,189.86,-3991.32,-4.97,Stop Loss (candle low),bull,10,40.5,38.5,70.6,78.3,327.63,317.37,Eicher Motors
GFS Advanced,2014-08-06,2014-08-12,794.26,858.18,96,6135.74,191.13,5944.61,7.8,RSI Target 60,bull,6,44.7,76.9,70.7,84.8,793.87,776.77,Eicher Motors
GFS Advanced,2014-10-13,2014-10-22,1055.8,1097.56,77,3215.39,199.32,3016.07,3.71,RSI Target 60,bull,9,40.7,62.1,74.1,93.6,1055.27,1004.49,Eicher Motors
GFS Advanced,2014-12-23,2014-12-30,1376.62,1418.0,61,2523.77,204.55,2319.21,2.76,RSI Target 60,bull,7,43.3,70.8,72.8,97.2,1375.93,1356.65,Eicher Motors
GFS Advanced,2015-08-06,2015-08-10,1917.29,1886.8,45,-1372.04,205.64,-1577.68,-1.83,Stop Loss (candle low),bull,4,44.0,39.1,71.7,89.3,1916.33,1887.78,Eicher Motors
GFS Advanced,2016-03-23,2016-04-08,1743.79,1786.89,49,2112.07,207.4,1904.68,2.23,RSI Target 60,bull,16,41.3,66.3,62.4,63.0,1742.91,1677.13,Eicher Motors
GFS Advanced,2016-11-08,2016-11-09,2283.27,2173.5,38,-4171.03,203.82,-4374.85,-5.04,Stop Loss (candle low),bull,1,41.1,34.6,60.7,67.0,2282.12,2225.19,Eicher Motors
GFS Advanced,2017-05-31,2017-06-07,2662.24,2768.03,31,3279.61,202.13,3077.48,3.73,RSI Target 60,bull,7,40.1,64.2,67.3,74.7,2660.91,2629.64,Eicher Motors
GFS Advanced,2017-10-09,2017-10-11,2993.3,2920.51,28,-2038.27,199.47,-2237.73,-2.67,Stop Loss (candle low),bull,2,41.4,38.9,67.7,73.9,2991.81,2925.92,Eicher Motors
GFS Advanced,2018-05-22,2018-05-23,2804.28,2747.46,30,-1704.54,200.52,-1905.06,-2.26,Stop Loss (candle low),sideways,1,44.8,45.6,60.2,66.4,2802.88,2756.62,Eicher Motors
GFS Advanced,2020-12-18,2020-12-21,2375.16,2283.59,34,-3113.29,191.56,-3304.85,-4.09,Stop Loss (candle low),bull,3,40.7,31.7,65.2,63.2,2373.97,2311.03,Eicher Motors
GFS Advanced,2022-10-12,2022-10-24,3351.43,3514.63,23,3753.66,190.51,3563.14,4.62,RSI Target 60,bull,12,39.1,65.3,73.8,74.6,3349.75,3259.61,Eicher Motors
GFS Advanced,2023-06-20,2023-07-04,3449.35,3283.55,23,-3813.42,187.68,-4001.1,-5.04,Stop Loss (candle low),bull,14,38.3,33.0,79.7,66.0,3447.63,3344.6,Eicher Motors
GFS Advanced,2024-07-03,2024-07-15,4594.95,4763.68,17,2868.35,191.89,2676.46,3.43,RSI Target 60,bull,12,37.1,61.8,75.1,72.4,4592.65,4526.29,Eicher Motors
GFS Advanced,2025-10-15,2025-10-24,6943.47,6836.58,11,-1175.79,183.84,-1359.63,-1.78,Stop Loss (candle low),bull,9,40.6,42.9,78.1,75.6,6940.0,6861.57,Eicher Motors
GFS Advanced,2026-03-05,2026-03-09,7805.4,7262.37,10,-5430.34,183.16,-5613.49,-7.19,Stop Loss (candle low),bull,4,43.9,29.9,60.5,80.7,7801.5,7611.19,Eicher Motors
GFS Basic,2006-10-26,2006-11-01,407.46,415.31,233,1827.28,228.2,1599.08,1.68,RSI Target 60,bear,6,37.0,61.2,64.7,60.2,407.26,381.87,Hero MotoCorp
GFS Basic,2006-11-10,2006-11-13,394.97,387.79,244,-1751.7,227.67,-1979.37,-2.05,Stop Loss (candle low),bear,3,38.3,33.6,63.7,60.2,394.77,388.6,Hero MotoCorp
GFS Basic,2008-05-20,2008-05-21,455.12,437.16,207,-3717.04,220.83,-3937.87,-4.18,Stop Loss (candle low),bull,1,44.7,19.9,60.6,66.9,454.89,443.0,Hero MotoCorp
GFS Basic,2009-08-21,2009-08-31,848.67,871.51,107,2443.44,219.66,2223.79,2.45,RSI Target 60,bull,10,37.4,60.6,62.2,84.0,848.25,796.47,Hero MotoCorp
GFS Basic,2009-10-14,2009-10-21,960.13,929.05,96,-2983.05,217.06,-3200.11,-3.47,Stop Loss (candle low),bull,7,36.8,40.3,61.7,84.7,959.65,940.91,Hero MotoCorp
GFS Basic,2010-04-30,2010-05-18,1164.37,1102.04,77,-4798.9,209.59,-5008.49,-5.59,Stop Loss (candle low),bull,18,42.2,47.5,72.8,80.4,1163.78,1103.81,Hero MotoCorp
GFS Basic,2010-05-24,2010-06-02,1140.89,1191.67,74,3757.77,206.83,3550.93,4.21,RSI Target 60,bull,9,42.9,64.4,70.3,79.0,1140.32,1112.87,Hero MotoCorp
GFS Basic,2010-07-09,2010-07-12,1214.15,1184.68,72,-2121.75,207.39,-2329.15,-2.66,Stop Loss (candle low),bull,3,43.5,34.7,62.8,79.1,1213.54,1199.02,Hero MotoCorp
GFS Basic,2014-06-02,2014-06-05,1640.73,1761.36,52,6272.71,211.42,6061.29,7.1,RSI Target 60,bull,3,44.8,66.3,75.4,80.2,1639.91,1601.61,Hero MotoCorp
GFS Basic,2014-07-01,2014-07-07,1819.65,1828.66,50,450.49,217.98,232.51,0.26,RSI Target 60,bull,6,42.6,63.1,69.3,82.5,1818.75,1787.72,Hero MotoCorp
GFS Basic,2014-07-17,2014-07-31,1728.43,1815.59,53,4619.42,223.69,4395.74,4.8,RSI Target 60,bull,14,35.2,71.7,67.5,81.8,1727.57,1700.14,Hero MotoCorp
GFS Basic,2014-10-13,2014-10-16,2047.79,1979.41,47,-3213.96,225.88,-3439.83,-3.57,Stop Loss (candle low),bull,3,36.4,27.7,64.7,87.0,2046.77,1994.37,Hero MotoCorp
GFS Basic,2014-11-17,2014-11-26,2152.63,2191.96,43,1691.01,222.78,1468.23,1.59,RSI Target 60,bull,9,42.0,63.0,71.6,87.1,2151.55,2086.27,Hero MotoCorp
GFS Basic,2014-12-22,2015-01-06,2210.71,2131.77,42,-3315.48,218.23,-3533.7,-3.81,Stop Loss (candle low),bull,15,35.9,37.2,60.1,84.8,2209.61,2165.01,Hero MotoCorp
GFS Basic,2016-06-20,2016-06-30,2245.19,2305.51,40,2412.89,217.4,2195.49,2.44,RSI Target 60,bull,10,44.0,62.6,62.0,70.2,2244.06,2181.32,Hero MotoCorp
GFS Basic,2016-07-29,2016-08-05,2355.56,2498.25,39,5564.89,225.24,5339.65,5.81,RSI Target 60,bull,7,40.9,69.9,78.0,65.0,2354.38,2303.08,Hero MotoCorp
GFS Basic,2016-08-29,2016-08-31,2482.48,2568.9,39,3370.26,233.97,3136.29,3.24,RSI Target 60,bull,2,44.8,76.6,67.5,75.0,2481.24,2379.75,Hero MotoCorp
GFS Basic,2016-10-18,2016-10-19,2517.26,2460.7,40,-2262.74,236.74,-2499.48,-2.48,Stop Loss (candle low),bull,1,42.1,38.6,64.6,69.5,2516.01,2473.98,Hero MotoCorp
GFS Basic,2017-02-27,2017-02-28,2353.22,2296.86,42,-2367.43,232.51,-2599.94,-2.63,Stop Loss (candle low),bear,1,38.7,36.4,60.7,62.8,2352.05,2310.72,Hero MotoCorp
GFS Basic,2017-03-31,2017-04-05,2403.89,2379.21,40,-987.37,227.98,-1215.36,-1.26,Stop Loss (candle low),bull,5,45.0,24.3,62.3,69.3,2402.69,2380.66,Hero MotoCorp
GFS Basic,2017-06-27,2017-07-14,2764.1,2818.58,34,1852.07,226.09,1625.98,1.73,RSI Target 60,bull,17,37.8,64.7,77.5,73.6,2762.72,2705.47,Hero MotoCorp
GFS Basic,2017-07-31,2017-08-04,2757.47,2967.45,35,7349.45,237.41,7112.04,7.37,RSI Target 60,bull,4,36.6,66.8,74.8,68.8,2756.09,2703.79,Hero MotoCorp
GFS Basic,2023-06-26,2023-07-05,2590.11,2858.31,40,10728.0,256.67,10471.33,10.11,RSI Target 60,bull,9,44.8,66.4,84.5,62.0,2588.81,2511.49,Hero MotoCorp
GFS Basic,2023-08-07,2023-08-18,2716.31,2678.91,41,-1533.47,261.22,-1794.69,-1.61,Stop Loss (candle low),bull,11,35.8,29.4,63.7,63.3,2714.96,2681.29,Hero MotoCorp
GFS Basic,2024-03-01,2024-03-14,4236.38,4372.72,26,3544.79,263.77,3281.03,2.98,RSI Target 60,bull,13,45.0,60.8,75.0,78.2,4234.27,4162.0,Hero MotoCorp
GFS Basic,2024-04-05,2024-04-12,4274.39,4153.4,26,-3145.89,259.03,-3404.92,-3.06,Stop Loss (candle low),bull,7,40.6,46.0,64.7,79.9,4272.26,4179.17,Hero MotoCorp
GFS Basic,2024-07-01,2024-07-02,5362.93,5206.81,20,-3122.54,250.44,-3372.98,-3.14,Stop Loss (candle low),bull,1,42.1,34.8,67.1,86.8,5360.25,5223.55,Hero MotoCorp
GFS Basic,2024-07-22,2024-08-02,5139.83,4969.08,21,-3585.89,251.47,-3837.36,-3.56,Stop Loss (candle low),bull,11,38.5,35.5,69.0,84.2,5137.27,5041.17,Hero MotoCorp
GFS Advanced,2009-08-21,2009-08-27,848.67,837.16,111,-1278.49,223.34,-1501.83,-1.59,Price < 50 EMA,bull,6,37.4,49.2,63.5,85.5,848.25,796.47,Hero MotoCorp
GFS Advanced,2009-10-14,2009-10-21,960.13,929.05,97,-3014.12,219.17,-3233.29,-3.47,Stop Loss (candle low),bull,7,36.8,40.3,61.7,84.7,959.65,940.91,Hero MotoCorp
GFS Advanced,2010-05-05,2010-05-17,1137.94,1109.33,79,-2260.4,212.76,-2473.16,-2.75,Stop Loss (candle low),bull,12,41.1,47.2,72.8,80.4,1137.38,1117.67,Hero MotoCorp
GFS Advanced,2014-07-01,2014-07-07,1819.65,1828.66,48,432.47,209.87,222.6,0.25,RSI Target 60,bull,6,42.6,63.1,69.3,82.5,1818.75,1787.72,Hero MotoCorp
GFS Advanced,2014-07-17,2014-07-31,1728.43,1815.59,51,4445.1,215.82,4229.28,4.8,RSI Target 60,bull,14,35.2,71.7,67.5,81.8,1727.57,1700.14,Hero MotoCorp
GFS Advanced,2014-11-17,2014-11-26,2152.63,2191.96,42,1651.68,217.95,1433.73,1.59,RSI Target 60,bull,9,42.0,63.0,71.6,87.1,2151.55,2086.27,Hero MotoCorp
GFS Advanced,2016-06-20,2016-06-30,2245.19,2305.51,41,2473.21,222.45,2250.76,2.45,RSI Target 60,bull,10,44.0,62.6,62.0,70.2,2244.06,2181.32,Hero MotoCorp
GFS Advanced,2016-08-29,2016-08-31,2482.48,2568.9,38,3283.85,228.36,3055.48,3.24,RSI Target 60,bull,2,44.8,76.6,67.5,75.0,2481.24,2379.75,Hero MotoCorp
GFS Advanced,2017-04-12,2017-04-19,2407.43,2380.47,41,-1105.22,233.53,-1338.75,-1.36,Price < 50 EMA,bull,7,36.0,25.8,61.1,69.3,2406.23,2380.96,Hero MotoCorp
GFS Advanced,2017-06-30,2017-07-14,2788.89,2818.58,34,1009.39,227.09,782.3,0.83,RSI Target 60,bull,14,43.5,64.7,77.5,73.6,2787.5,2748.79,Hero MotoCorp
GFS Advanced,2023-06-26,2023-07-05,2590.11,2858.31,37,9923.4,238.57,9684.83,10.11,RSI Target 60,bull,9,44.8,66.4,84.5,62.0,2588.81,2511.49,Hero MotoCorp
GFS Advanced,2023-08-07,2023-08-18,2716.31,2678.91,39,-1458.66,249.23,-1707.89,-1.61,Stop Loss (candle low),bull,11,35.8,29.4,63.7,63.3,2714.96,2681.29,Hero MotoCorp
GFS Advanced,2024-03-01,2024-03-14,4236.38,4372.72,24,3272.12,244.66,3027.46,2.98,RSI Target 60,bull,13,45.0,60.8,75.0,78.2,4234.27,4162.0,Hero MotoCorp
GFS Advanced,2024-04-05,2024-04-12,4274.39,4153.4,25,-3024.9,249.66,-3274.55,-3.06,Stop Loss (candle low),bull,7,40.6,46.0,64.7,79.9,4272.26,4179.17,Hero MotoCorp
GFS Basic,2009-12-29,2010-01-11,24.01,24.06,3956,208.25,226.6,-18.35,-0.02,RSI Target 60,bull,13,44.8,63.7,64.7,80.5,24.0,23.3,BPCL
GFS Basic,2010-07-27,2010-08-11,24.42,25.3,3890,3452.8,229.98,3222.83,3.39,RSI Target 60,bull,15,42.2,62.3,66.3,63.1,24.4,23.91,BPCL
GFS Basic,2010-10-13,2010-10-14,29.81,28.23,3289,-5176.39,227.81,-5404.21,-5.51,Stop Loss (candle low),bull,1,38.8,24.6,63.1,69.9,29.79,28.89,BPCL
GFS Basic,2012-05-03,2012-05-14,26.5,28.45,3506,6852.38,228.88,6623.5,7.13,RSI Target 60,bull,11,42.1,62.5,74.2,61.6,26.49,25.75,BPCL
GFS Basic,2012-08-10,2012-08-17,28.73,27.54,3452,-4118.05,231.45,-4349.5,-4.39,Weekly RSI < 50,bull,7,38.0,40.9,48.4,60.5,28.72,26.94,BPCL
GFS Basic,2013-02-12,2013-02-14,33.38,31.32,2848,-5874.49,220.5,-6094.99,-6.41,Stop Loss (candle low),bull,2,41.1,31.9,65.8,72.7,33.36,32.32,BPCL
GFS Basic,2014-06-26,2014-08-04,48.62,50.47,1836,3399.01,217.23,3181.78,3.56,RSI Target 60,bull,39,35.1,63.6,63.2,71.5,48.6,46.67,BPCL
GFS Basic,2014-09-22,2014-09-23,58.16,56.08,1586,-3296.57,216.9,-3513.47,-3.81,Stop Loss (candle low),bull,1,44.1,38.2,65.7,77.9,58.13,56.18,BPCL
GFS Basic,2014-10-15,2014-10-17,56.6,57.45,1571,1325.6,214.31,1111.3,1.25,RSI Target 60,bull,2,45.0,60.0,71.8,80.4,56.57,56.55,BPCL
GFS Basic,2015-03-24,2015-03-31,64.21,69.86,1402,7918.61,223.58,7695.04,8.55,RSI Target 60,bull,7,39.2,62.6,65.9,80.0,64.18,61.83,BPCL
GFS Basic,2015-04-28,2015-05-07,66.84,62.89,1456,-5748.61,225.63,-5974.24,-6.14,Stop Loss (candle low),bull,9,41.7,33.5,63.0,75.0,66.81,63.24,BPCL
GFS Basic,2015-08-18,2015-08-24,77.79,70.53,1178,-8556.16,210.11,-8766.27,-9.57,Stop Loss (candle low),bull,6,39.2,30.0,63.7,76.0,77.75,74.57,BPCL
GFS Basic,2016-01-12,2016-01-21,79.59,77.41,1046,-2279.72,197.98,-2477.7,-2.98,Stop Loss (candle low),bull,9,44.4,44.6,67.7,65.4,79.55,78.02,BPCL
GFS Basic,2016-05-17,2016-05-20,85.54,82.93,946,-2471.5,192.6,-2664.1,-3.29,Stop Loss (candle low),bull,3,35.8,31.4,74.7,69.1,85.5,83.79,BPCL
GFS Basic,2016-09-16,2016-09-26,106.53,113.84,736,5380.1,195.14,5184.95,6.61,RSI Target 60,bull,10,40.8,65.1,79.7,76.4,106.48,104.09,BPCL
GFS Basic,2016-11-04,2016-12-01,118.89,115.02,701,-2711.57,197.72,-2909.3,-3.49,Stop Loss (candle low),bull,27,38.0,32.5,64.7,79.0,118.83,115.59,BPCL
GFS Basic,2017-10-10,2017-10-17,139.5,147.56,577,4651.96,199.02,4452.94,5.53,RSI Target 60,bull,7,37.2,73.9,59.3,61.8,139.43,137.01,BPCL
GFS Basic,2019-11-11,2019-11-26,166.66,159.17,509,-3812.34,199.89,-4012.24,-4.73,Stop Loss (candle low),bull,15,41.7,43.2,77.6,67.0,166.58,159.93,BPCL
GFS Basic,2021-08-11,2021-08-18,160.75,164.84,504,2060.93,197.5,1863.43,2.3,RSI Target 60,bull,7,41.3,60.3,55.0,67.9,160.67,156.67,BPCL
GFS Basic,2021-10-26,2021-10-27,176.44,172.53,469,-1832.71,197.32,-2030.02,-2.45,Stop Loss (candle low),bull,1,40.9,36.1,67.6,65.6,176.35,172.67,BPCL
GFS Basic,2024-03-11,2024-03-13,284.96,266.42,283,-5245.79,189.1,-5434.89,-6.74,Stop Loss (candle low),bull,2,40.7,37.3,84.6,86.2,284.81,272.79,BPCL
GFS Basic,2024-09-12,2024-09-17,318.81,311.31,237,-1776.16,181.4,-1957.56,-2.59,Stop Loss (candle low),bull,5,41.6,40.1,72.7,89.5,318.65,313.15,BPCL
GFS Basic,2026-01-16,2026-01-20,357.84,345.28,206,-2586.79,176.46,-2763.25,-3.75,Stop Loss (candle low),bull,4,43.3,23.4,62.4,67.2,357.66,348.0,BPCL
GFS Advanced,2009-12-29,2010-01-11,24.01,24.06,3956,208.25,226.6,-18.35,-0.02,RSI Target 60,bull,13,44.8,63.7,64.7,80.5,24.0,23.3,BPCL
GFS Advanced,2010-07-27,2010-08-11,24.42,25.3,3890,3452.8,229.98,3222.83,3.39,RSI Target 60,bull,15,42.2,62.3,66.3,63.1,24.4,23.91,BPCL
GFS Advanced,2010-10-13,2010-10-14,29.81,28.23,3289,-5176.39,227.81,-5404.21,-5.51,Stop Loss (candle low),bull,1,38.8,24.6,63.1,69.9,29.79,28.89,BPCL
GFS Advanced,2012-05-03,2012-05-04,26.5,26.0,3506,-1734.85,219.98,-1954.83,-2.1,Price < 50 EMA,bull,1,42.1,39.7,67.8,61.6,26.49,25.75,BPCL
GFS Advanced,2013-02-12,2013-02-14,33.38,31.32,2727,-5624.91,211.78,-5836.69,-6.41,Stop Loss (candle low),bull,2,41.1,31.9,65.8,72.7,33.36,32.32,BPCL
GFS Advanced,2014-09-22,2014-09-23,58.16,56.08,1470,-3055.46,202.16,-3257.62,-3.81,Stop Loss (candle low),bull,1,44.1,38.2,65.7,77.9,58.13,56.18,BPCL
GFS Advanced,2014-10-15,2014-10-17,56.6,57.45,1456,1228.56,199.74,1028.82,1.25,RSI Target 60,bull,2,45.0,60.0,71.8,80.4,56.57,56.55,BPCL
GFS Advanced,2015-05-04,2015-05-06,68.34,64.46,1220,-4729.29,195.71,-4924.99,-5.91,Stop Loss (candle low),bull,2,39.9,36.3,63.0,75.0,68.31,65.82,BPCL
GFS Advanced,2016-05-25,2016-05-27,84.83,91.17,927,5876.05,196.18,5679.87,7.22,RSI Target 60,bull,2,42.9,65.5,82.0,69.1,84.79,79.38,BPCL
GFS Advanced,2016-11-04,2016-11-16,118.89,115.98,707,-2055.94,199.99,-2255.92,-2.68,Price < 50 EMA,bull,12,38.0,26.7,68.9,80.9,118.83,115.59,BPCL
GFS Advanced,2024-03-11,2024-03-13,284.96,266.42,287,-5319.94,191.56,-5511.49,-6.74,Stop Loss (candle low),bull,2,40.7,37.3,84.6,86.2,284.81,272.79,BPCL
GFS Advanced,2024-09-23,2024-09-27,312.64,337.9,245,6189.29,191.96,5997.33,7.83,RSI Target 60,bull,4,36.3,63.1,74.3,89.5,312.48,304.78,BPCL
GFS Basic,2006-09-15,2006-09-19,194.79,189.52,487,-2563.38,223.48,-2786.85,-2.94,Stop Loss (candle low),bear,4,39.2,37.1,63.8,61.0,194.69,190.65,Apollo Hosp.
GFS Basic,2010-01-29,2010-02-26,320.78,317.2,287,-1025.03,218.85,-1243.87,-1.35,RSI Target 60,bull,28,38.5,62.6,75.8,76.0,320.62,301.88,Apollo Hosp.
GFS Basic,2010-04-12,2010-04-15,341.65,358.03,266,4356.53,221.79,4134.73,4.55,RSI Target 60,bull,3,43.6,69.7,60.9,81.5,341.48,330.21,Apollo Hosp.
GFS Basic,2011-09-08,2011-09-13,503.0,491.44,189,-2183.86,224.32,-2408.19,-2.53,Stop Loss (candle low),bull,5,44.7,40.2,63.5,71.5,502.74,492.2,Apollo Hosp.
GFS Basic,2011-09-28,2011-09-29,499.5,484.59,185,-2757.38,217.82,-2975.2,-3.22,Stop Loss (candle low),bull,1,44.1,43.3,62.3,71.5,499.25,485.35,Apollo Hosp.
GFS Basic,2012-02-03,2012-02-10,587.2,589.44,153,343.79,215.33,128.46,0.14,RSI Target 60,bull,7,36.5,69.3,59.3,66.4,586.9,559.55,Apollo Hosp.
GFS Basic,2012-10-23,2012-11-01,730.92,726.91,123,-493.33,214.6,-707.93,-0.79,RSI Target 60,bull,9,41.1,63.8,83.3,73.4,730.56,716.4,Apollo Hosp.
GFS Basic,2012-11-30,2012-12-04,786.12,765.8,113,-2296.63,210.35,-2506.98,-2.82,Stop Loss (candle low),bull,4,40.8,50.2,77.1,77.1,785.73,766.32,Apollo Hosp.
GFS Basic,2012-12-12,2012-12-21,779.46,756.48,111,-2550.73,204.95,-2755.68,-3.19,Stop Loss (candle low),bull,9,41.5,35.9,69.2,77.1,779.07,765.46,Apollo Hosp.
GFS Basic,2013-06-24,2013-06-25,927.88,905.37,90,-2025.9,198.81,-2224.7,-2.66,Stop Loss (candle low),bull,1,38.3,36.9,62.9,82.7,927.42,908.93,Apollo Hosp.
GFS Basic,2014-06-30,2014-07-03,958.83,984.78,85,2206.15,198.73,2007.42,2.46,RSI Target 60,bull,3,42.1,61.1,67.9,60.0,958.35,936.98,Apollo Hosp.
GFS Basic,2014-09-30,2014-10-07,1092.04,1034.86,77,-4402.62,197.63,-4600.25,-5.47,Stop Loss (candle low),bull,7,39.4,36.1,62.8,62.8,1091.49,1052.5,Apollo Hosp.
GFS Basic,2015-03-24,2015-04-17,1318.14,1267.13,60,-3060.65,187.91,-3248.56,-4.11,Stop Loss (candle low),bull,24,41.7,32.6,64.0,80.6,1317.49,1282.22,Apollo Hosp.
GFS Basic,2016-02-19,2016-03-01,1391.0,1445.36,55,2989.82,188.44,2801.38,3.66,RSI Target 60,bull,11,40.3,62.2,61.3,64.9,1390.31,1366.01,Apollo Hosp.
GFS Basic,2020-10-27,2020-11-10,2120.35,2006.15,37,-4225.29,185.29,-4410.58,-5.62,Stop Loss (candle low),bull,14,44.0,37.1,68.0,63.3,2119.29,2007.34,Apollo Hosp.
GFS Basic,2020-12-30,2021-01-05,2374.16,2475.82,31,3151.58,182.15,2969.43,4.03,RSI Target 60,bull,6,43.9,68.4,69.1,69.1,2372.97,2319.69,Apollo Hosp.
GFS Basic,2021-03-23,2021-03-25,2930.96,2771.71,26,-4140.65,180.38,-4321.04,-5.67,Stop Loss (candle low),bull,2,39.0,34.0,76.4,76.7,2929.5,2858.03,Apollo Hosp.
GFS Basic,2021-09-21,2021-09-24,4860.86,4671.24,15,-2844.21,174.41,-3018.62,-4.14,Stop Loss (candle low),bull,3,44.1,37.1,80.0,93.9,4858.43,4728.85,Apollo Hosp.
GFS Basic,2023-08-03,2023-08-10,4990.93,4879.38,14,-1561.66,168.99,-1730.65,-2.48,Stop Loss (candle low),bull,7,39.0,32.6,62.2,70.7,4988.43,4912.89,Apollo Hosp.
GFS Basic,2023-12-13,2023-12-28,5419.62,5720.56,12,3611.33,163.6,3447.73,5.3,RSI Target 60,bull,15,43.5,65.4,64.8,66.0,5416.91,5332.17,Apollo Hosp.
GFS Basic,2024-03-20,2024-03-22,6169.43,6337.41,11,1847.73,168.05,1679.68,2.48,RSI Target 60,bull,2,40.7,65.5,67.1,70.1,6166.35,6036.78,Apollo Hosp.
GFS Basic,2024-10-11,2024-10-22,6994.29,6860.87,10,-1334.18,169.38,-1503.56,-2.15,Stop Loss (candle low),bull,11,45.0,38.2,67.3,70.9,6990.8,6898.85,Apollo Hosp.
GFS Basic,2024-11-01,2024-11-04,7021.25,6927.02,10,-942.22,170.38,-1112.6,-1.58,Stop Loss (candle low),bull,3,44.0,33.0,61.4,73.5,7017.74,6969.18,Apollo Hosp.
GFS Basic,2025-07-23,2025-07-31,7374.45,7474.75,9,902.65,163.76,738.9,1.11,RSI Target 60,bull,8,39.5,69.5,59.0,66.5,7370.77,7221.53,Apollo Hosp.
GFS Advanced,2010-01-29,2010-02-26,320.78,317.2,296,-1057.17,225.23,-1282.4,-1.35,RSI Target 60,bull,28,38.5,62.6,75.8,76.0,320.62,301.88,Apollo Hosp.
GFS Advanced,2011-09-08,2011-09-13,503.0,491.44,186,-2149.2,221.01,-2370.21,-2.53,Stop Loss (candle low),bull,5,44.7,40.2,63.5,71.5,502.74,492.2,Apollo Hosp.
GFS Advanced,2011-09-30,2011-10-03,495.48,486.72,184,-1611.96,216.25,-1828.21,-2.01,Price < 50 EMA,bull,3,43.9,45.6,68.2,67.3,495.23,483.65,Apollo Hosp.
GFS Advanced,2012-10-23,2012-11-01,730.92,726.91,122,-489.32,212.98,-702.3,-0.79,RSI Target 60,bull,9,41.1,63.8,83.3,73.4,730.56,716.4,Apollo Hosp.
GFS Advanced,2012-11-30,2012-12-04,786.12,765.8,113,-2296.63,210.35,-2506.98,-2.82,Stop Loss (candle low),bull,4,40.8,50.2,77.1,77.1,785.73,766.32,Apollo Hosp.
GFS Advanced,2014-06-30,2014-07-03,958.83,984.78,90,2335.93,209.51,2126.41,2.46,RSI Target 60,bull,3,42.1,61.1,67.9,60.0,958.35,936.98,Apollo Hosp.
GFS Advanced,2014-09-30,2014-10-07,1092.04,1034.86,81,-4631.33,207.1,-4838.43,-5.47,Stop Loss (candle low),bull,7,39.4,36.1,62.8,62.8,1091.49,1052.5,Apollo Hosp.
GFS Advanced,2015-03-24,2015-04-17,1318.14,1267.13,63,-3213.68,196.54,-3410.22,-4.11,Stop Loss (candle low),bull,24,41.7,32.6,64.0,80.6,1317.49,1282.22,Apollo Hosp.
GFS Advanced,2016-02-19,2016-03-01,1391.0,1445.36,58,3152.9,197.88,2955.02,3.66,RSI Target 60,bull,11,40.3,62.2,61.3,64.9,1390.31,1366.01,Apollo Hosp.
GFS Advanced,2020-10-27,2020-11-10,2120.35,2006.15,39,-4453.68,194.48,-4648.16,-5.62,Stop Loss (candle low),bull,14,44.0,37.1,68.0,63.3,2119.29,2007.34,Apollo Hosp.
GFS Advanced,2020-12-30,2021-01-05,2374.16,2475.82,33,3354.91,192.91,3162.0,4.04,RSI Target 60,bull,6,43.9,68.4,69.1,69.1,2372.97,2319.69,Apollo Hosp.
GFS Advanced,2021-09-21,2021-09-24,4860.86,4671.24,16,-3033.82,185.02,-3218.84,-4.14,Stop Loss (candle low),bull,3,44.1,37.1,80.0,93.9,4858.43,4728.85,Apollo Hosp.
GFS Advanced,2023-12-13,2023-12-28,5419.62,5720.56,14,4213.21,188.31,4024.91,5.3,RSI Target 60,bull,15,43.5,65.4,64.8,66.0,5416.91,5332.17,Apollo Hosp.
GFS Advanced,2024-03-20,2024-03-22,6169.43,6337.41,13,2183.68,195.82,1987.86,2.48,RSI Target 60,bull,2,40.7,65.5,67.1,70.1,6166.35,6036.78,Apollo Hosp.
GFS Advanced,2024-10-11,2024-10-22,6994.29,6860.87,12,-1601.02,200.18,-1801.2,-2.15,Stop Loss (candle low),bull,11,45.0,38.2,67.3,70.9,6990.8,6898.85,Apollo Hosp.
GFS Advanced,2025-07-23,2025-07-31,7374.45,7474.75,11,1103.24,196.74,906.5,1.12,RSI Target 60,bull,8,39.5,69.5,59.0,66.5,7370.77,7221.53,Apollo Hosp.
GFS Basic,2008-05-29,2008-06-04,65.91,59.01,1441,-9932.04,216.09,-10148.13,-10.69,Stop Loss (candle low),bull,6,40.8,27.9,58.9,63.9,65.87,61.75,Tata Consumer
GFS Basic,2009-09-23,2009-09-30,74.94,72.6,1138,-2664.31,202.1,-2866.41,-3.36,Stop Loss (candle low),bull,7,39.6,33.6,83.6,62.2,74.91,73.33,Tata Consumer
GFS Basic,2010-06-07,2010-06-09,87.42,85.42,945,-1895.35,196.95,-2092.3,-2.53,Stop Loss (candle low),bull,2,41.3,39.6,69.5,84.6,87.38,86.2,Tata Consumer
GFS Basic,2010-07-27,2010-08-18,96.82,89.62,832,-5988.09,188.14,-6176.22,-7.67,Stop Loss (candle low),bull,22,44.7,34.0,68.9,79.4,96.77,90.65,Tata Consumer
GFS Basic,2010-10-28,2010-10-29,107.14,102.63,697,-3144.92,178.03,-3322.95,-4.45,Stop Loss (candle low),bull,1,40.0,27.0,55.6,76.5,107.09,104.81,Tata Consumer
GFS Basic,2012-09-04,2012-09-13,113.15,114.27,632,710.6,174.98,535.62,0.75,RSI Target 60,bull,9,40.6,63.5,77.2,63.6,113.09,110.95,Tata Consumer
GFS Basic,2012-09-26,2012-10-01,113.92,124.3,633,6572.69,182.39,6390.3,8.86,RSI Target 60,bull,5,43.0,65.5,77.5,64.5,113.86,110.09,Tata Consumer
GFS Basic,2012-10-30,2012-11-12,130.83,144.06,597,7895.66,197.08,7698.58,9.86,RSI Target 60,bull,13,42.9,63.6,76.4,71.6,130.77,126.27,Tata Consumer
GFS Basic,2012-12-07,2012-12-10,147.11,147.52,581,236.89,205.51,31.38,0.04,RSI Target 60,bull,3,44.9,65.4,73.9,78.5,147.04,141.54,Tata Consumer
GFS Basic,2013-01-02,2013-01-10,142.92,137.4,598,-3300.66,201.84,-3502.5,-4.1,Stop Loss (candle low),bull,8,37.6,44.9,64.6,74.2,142.85,137.66,Tata Consumer
GFS Basic,2017-08-03,2017-08-09,156.45,151.67,525,-2508.97,195.25,-2704.23,-3.29,Stop Loss (candle low),bull,6,36.3,38.8,65.7,77.9,156.37,151.77,Tata Consumer
GFS Basic,2018-01-25,2018-01-31,291.51,271.95,273,-5341.48,186.65,-5528.13,-6.95,Stop Loss (candle low),bull,6,41.2,30.3,82.6,86.6,291.37,282.24,Tata Consumer
GFS Basic,2019-12-19,2020-01-09,302.3,313.64,246,2790.68,183.48,2607.21,3.51,RSI Target 60,bull,21,42.5,66.0,62.8,76.3,302.15,295.07,Tata Consumer
GFS Basic,2020-02-03,2020-02-06,365.03,374.26,210,1938.11,187.69,1750.43,2.28,RSI Target 60,bull,3,39.5,60.4,79.5,81.8,364.85,350.82,Tata Consumer
GFS Basic,2020-09-09,2020-09-21,520.63,488.23,150,-4859.43,183.84,-5043.26,-6.46,Stop Loss (candle low),bull,12,43.9,35.4,81.6,77.3,520.37,508.81,Tata Consumer
GFS Basic,2021-02-04,2021-02-12,567.89,584.15,129,2097.51,180.3,1917.21,2.62,RSI Target 60,bull,8,39.9,61.9,74.8,71.4,567.61,555.35,Tata Consumer
GFS Basic,2021-05-05,2021-05-07,631.42,604.82,119,-3164.6,179.03,-3343.62,-4.45,Stop Loss (candle low),bull,2,43.7,33.8,64.4,78.7,631.1,615.45,Tata Consumer
GFS Basic,2021-07-30,2021-08-13,737.64,780.86,98,4235.16,180.36,4054.8,5.61,RSI Target 60,bull,14,44.7,60.7,90.3,86.2,737.27,720.66,Tata Consumer
GFS Basic,2023-08-07,2023-09-06,829.17,866.03,91,3354.35,186.48,3167.87,4.2,RSI Target 60,bull,30,41.1,66.4,62.2,63.9,828.75,817.35,Tata Consumer
GFS Basic,2024-02-14,2024-02-20,1124.28,1137.49,70,924.92,191.18,733.75,0.93,RSI Target 60,bull,6,43.6,61.2,82.6,76.7,1123.72,1103.6,Tata Consumer
GFS Basic,2024-08-13,2024-09-04,1174.64,1185.57,68,743.24,193.6,549.64,0.69,RSI Target 60,bull,22,38.1,60.4,65.2,75.9,1174.05,1158.43,Tata Consumer
GFS Advanced,2009-09-25,2009-09-30,74.62,72.6,1273,-2567.83,223.76,-2791.6,-2.94,Stop Loss (candle low),bull,5,35.7,33.6,83.6,62.2,74.58,73.41,Tata Consumer
GFS Advanced,2010-06-07,2010-06-09,87.42,85.42,1056,-2117.98,218.28,-2336.26,-2.53,Stop Loss (candle low),bull,2,41.3,39.6,69.5,84.6,87.38,86.2,Tata Consumer
GFS Advanced,2010-07-27,2010-08-06,96.82,92.3,930,-4204.79,211.07,-4415.85,-4.9,Price < 50 EMA,bull,10,44.7,25.6,61.9,79.4,96.77,90.65,Tata Consumer
GFS Advanced,2012-09-26,2012-10-01,113.92,124.3,754,7829.08,214.32,7614.76,8.87,RSI Target 60,bull,5,43.0,65.5,77.5,64.5,113.86,110.09,Tata Consumer
GFS Advanced,2012-10-30,2012-11-12,130.83,144.06,712,9416.6,232.09,9184.51,9.86,RSI Target 60,bull,13,42.9,63.6,76.4,71.6,130.77,126.27,Tata Consumer
GFS Advanced,2017-08-03,2017-08-09,156.45,151.67,651,-3111.13,238.43,-3349.56,-3.29,Stop Loss (candle low),bull,6,36.3,38.8,65.7,77.9,156.37,151.77,Tata Consumer
GFS Advanced,2018-01-25,2018-01-31,291.51,271.95,338,-6613.26,227.44,-6840.7,-6.94,Stop Loss (candle low),bull,6,41.2,30.3,82.6,86.6,291.37,282.24,Tata Consumer
GFS Advanced,2020-01-07,2020-01-09,305.21,313.64,302,2545.78,222.8,2322.98,2.52,RSI Target 60,bull,2,39.0,66.0,62.8,76.3,305.06,297.84,Tata Consumer
GFS Advanced,2020-02-03,2020-02-06,365.03,374.26,258,2381.11,227.08,2154.03,2.29,RSI Target 60,bull,3,39.5,60.4,79.5,81.8,364.85,350.82,Tata Consumer
GFS Advanced,2020-09-09,2020-09-21,520.63,488.23,185,-5993.29,223.15,-6216.45,-6.45,Stop Loss (candle low),bull,12,43.9,35.4,81.6,77.3,520.37,508.81,Tata Consumer
GFS Advanced,2021-05-05,2021-05-07,631.42,604.82,143,-3802.84,212.04,-4014.88,-4.45,Stop Loss (candle low),bull,2,43.7,33.8,64.4,78.7,631.1,615.45,Tata Consumer
GFS Advanced,2021-07-30,2021-08-13,737.64,780.86,117,5056.27,212.35,4843.91,5.61,RSI Target 60,bull,14,44.7,60.7,90.3,86.2,737.27,720.66,Tata Consumer
GFS Advanced,2023-08-07,2023-08-25,829.17,820.36,110,-969.12,217.01,-1186.13,-1.3,Price < 50 EMA,bull,18,41.1,48.7,64.3,61.2,828.75,817.35,Tata Consumer
GFS Advanced,2024-02-14,2024-02-20,1124.28,1137.49,80,1057.06,216.3,840.76,0.93,RSI Target 60,bull,6,43.6,61.2,82.6,76.7,1123.72,1103.6,Tata Consumer
GFS Advanced,2024-08-13,2024-09-04,1174.64,1185.57,77,841.61,217.19,624.42,0.69,RSI Target 60,bull,22,38.1,60.4,65.2,75.9,1174.05,1158.43,Tata Consumer
GFS Basic,2006-04-28,2006-05-12,133.12,127.78,713,-3808.82,222.31,-4031.12,-4.25,Stop Loss (candle low),bull,14,36.3,36.3,59.7,84.1,133.06,128.11,Britannia
GFS Basic,2007-08-14,2007-08-23,128.11,117.97,711,-7216.14,210.27,-7426.42,-8.15,Stop Loss (candle low),bull,9,38.1,31.5,55.4,62.4,128.05,118.42,Britannia
GFS Basic,2008-01-24,2008-02-01,121.35,111.34,693,-6935.05,195.02,-7130.07,-8.48,Weekly RSI < 50,bear,8,42.6,20.3,38.0,65.9,121.29,94.37,Britannia
GFS Basic,2009-06-15,2009-06-25,130.11,125.98,594,-2453.82,184.53,-2638.36,-3.41,Stop Loss (candle low),bull,10,37.8,36.8,76.1,65.5,130.04,126.33,Britannia
GFS Basic,2009-07-17,2009-07-20,130.1,134.71,575,2648.52,184.32,2464.21,3.29,RSI Target 60,bull,3,43.9,62.0,67.8,60.9,130.04,128.36,Britannia
GFS Basic,2009-08-14,2009-08-17,142.3,136.53,542,-3130.63,183.48,-3314.11,-4.3,Stop Loss (candle low),bull,3,37.1,36.8,63.2,65.7,142.23,137.29,Britannia
GFS Basic,2010-08-23,2010-08-25,172.26,165.59,429,-2859.53,176.59,-3036.12,-4.11,Stop Loss (candle low),bull,2,43.4,19.8,73.2,60.2,172.17,166.57,Britannia
GFS Basic,2010-10-05,2010-10-07,181.03,181.51,392,187.17,173.23,13.95,0.02,RSI Target 60,bull,2,38.5,63.3,62.0,62.0,180.94,176.96,Britannia
GFS Basic,2011-08-08,2011-08-30,198.75,203.99,358,1877.63,175.39,1702.24,2.39,RSI Target 60,bull,22,38.3,61.0,77.5,69.7,198.65,191.46,Britannia
GFS Basic,2011-09-16,2011-09-23,197.26,193.29,368,-1461.72,175.13,-1636.86,-2.25,Weekly RSI < 50,bull,7,44.0,38.4,49.7,67.9,197.17,188.54,Britannia
GFS Basic,2012-05-10,2012-05-15,233.4,221.28,305,-3696.94,169.7,-3866.64,-5.43,Stop Loss (candle low),bull,5,38.8,27.3,65.8,80.3,233.29,222.07,Britannia
GFS Basic,2013-06-28,2013-07-12,288.01,287.49,234,-121.95,164.97,-286.92,-0.43,RSI Target 60,bull,14,40.7,64.5,77.2,62.6,287.87,278.92,Britannia
GFS Basic,2013-08-28,2013-09-10,299.87,317.0,224,3836.04,168.57,3667.46,5.46,RSI Target 60,bull,13,42.5,62.6,53.2,70.1,299.72,282.32,Britannia
GFS Basic,2013-11-14,2013-11-21,390.95,377.13,180,-2488.37,169.13,-2657.51,-3.78,Stop Loss (candle low),bull,7,42.1,30.4,77.7,85.4,390.75,383.39,Britannia
GFS Basic,2014-07-18,2014-07-23,429.19,453.84,158,3895.45,170.06,3725.39,5.49,RSI Target 60,bull,5,44.7,62.3,69.6,76.3,428.97,419.31,Britannia
GFS Basic,2014-10-17,2014-10-27,589.14,625.0,121,4339.27,178.24,4161.03,5.84,RSI Target 60,bull,10,35.1,60.5,83.0,85.4,588.84,572.7,Britannia
GFS Basic,2015-02-02,2015-02-05,830.66,804.78,91,-2355.37,180.87,-2536.24,-3.36,Stop Loss (candle low),bull,3,38.0,30.1,79.7,93.1,830.25,820.19,Britannia
GFS Basic,2015-04-28,2015-05-12,925.76,986.66,79,4811.4,182.84,4628.56,6.33,RSI Target 60,bull,14,35.2,65.0,68.8,96.8,925.29,888.6,Britannia
GFS Basic,2015-09-23,2015-09-30,1275.34,1345.62,60,4217.1,189.74,4027.35,5.26,RSI Target 60,bull,7,42.4,68.4,58.1,90.6,1274.7,1244.33,Britannia
GFS Basic,2015-10-29,2015-11-06,1407.28,1366.58,57,-2319.98,191.18,-2511.16,-3.13,Stop Loss (candle low),bull,8,42.0,35.5,49.0,90.8,1406.58,1385.09,Britannia
GFS Basic,2017-06-05,2017-06-15,1634.59,1567.35,48,-3227.21,186.34,-3413.55,-4.35,RSI Target 60,bull,10,42.7,67.1,70.1,67.2,1633.77,1579.14,Britannia
GFS Basic,2017-09-06,2017-09-12,1884.27,1909.0,40,989.46,183.85,805.61,1.07,RSI Target 60,bull,6,43.4,66.3,85.9,76.6,1883.32,1861.16,Britannia
GFS Basic,2017-11-30,2017-12-07,2160.91,2188.79,35,976.04,184.41,791.63,1.05,RSI Target 60,bull,7,42.9,70.9,77.2,78.2,2159.83,2073.89,Britannia
GFS Basic,2017-12-21,2017-12-28,2102.48,2063.26,36,-1412.04,182.07,-1594.1,-2.11,Stop Loss (candle low),bull,7,44.0,19.8,66.4,78.2,2101.43,2080.92,Britannia
GFS Basic,2020-09-08,2020-09-21,3474.31,3348.01,21,-2652.35,174.72,-2827.07,-3.87,Stop Loss (candle low),bull,13,41.7,38.6,76.4,69.1,3472.58,3423.61,Britannia
GFS Basic,2023-01-05,2023-01-23,4204.66,4153.4,17,-871.47,173.27,-1044.74,-1.46,RSI Target 60,bull,18,38.5,60.9,77.2,63.6,4202.56,4054.92,Britannia
GFS Basic,2023-02-28,2023-03-06,4289.24,4136.16,16,-2449.26,165.3,-2614.56,-3.81,Stop Loss (candle low),bull,6,36.4,26.3,60.7,68.3,4287.1,4193.75,Britannia
GFS Basic,2024-01-19,2024-02-06,5039.73,4876.34,13,-2124.09,158.72,-2282.82,-3.48,Stop Loss (candle low),bull,18,39.0,39.6,74.5,65.6,5037.21,4881.45,Britannia
GFS Basic,2024-06-26,2024-07-05,5297.97,5402.0,12,1248.29,157.9,1090.38,1.72,RSI Target 60,bull,9,43.9,63.2,69.6,63.6,5295.33,5180.19,Britannia
GFS Basic,2024-08-02,2024-08-22,5662.04,5758.42,12,1156.54,167.52,989.02,1.46,RSI Target 60,bull,20,43.6,64.2,75.2,65.7,5659.21,5483.32,Britannia
GFS Basic,2024-10-15,2024-10-18,6007.27,5808.14,11,-2190.38,159.91,-2350.28,-3.56,Stop Loss (candle low),bull,3,43.4,33.1,56.7,72.4,6004.26,5906.55,Britannia
GFS Basic,2025-07-22,2025-07-25,5667.1,5518.88,11,-1630.46,152.17,-1782.64,-2.86,Stop Loss (candle low),bull,3,42.6,23.6,57.3,60.6,5664.27,5558.34,Britannia
GFS Advanced,2006-04-28,2006-05-11,133.12,130.12,713,-2141.24,224.03,-2365.27,-2.49,Price < 50 EMA,bull,13,36.3,38.1,69.1,84.1,133.06,128.11,Britannia
GFS Advanced,2007-08-14,2007-08-16,128.11,122.21,723,-4265.58,216.75,-4482.33,-4.84,Price < 50 EMA,bull,2,38.1,31.7,66.0,62.4,128.05,118.42,Britannia
GFS Advanced,2009-06-15,2009-06-25,130.11,125.98,680,-2809.09,209.03,-3018.12,-3.41,Stop Loss (candle low),bull,10,37.8,36.8,76.1,65.5,130.04,126.33,Britannia
GFS Advanced,2009-07-17,2009-07-20,130.1,134.71,658,3030.83,208.71,2822.12,3.3,RSI Target 60,bull,3,43.9,62.0,67.8,60.9,130.04,128.36,Britannia
GFS Advanced,2010-08-23,2010-08-25,172.26,165.59,512,-3412.77,207.79,-3620.56,-4.11,Stop Loss (candle low),bull,2,43.4,19.8,73.2,60.2,172.17,166.57,Britannia
GFS Advanced,2010-10-05,2010-10-07,181.03,181.51,468,223.46,203.84,19.62,0.02,RSI Target 60,bull,2,38.5,63.3,62.0,62.0,180.94,176.96,Britannia
GFS Advanced,2011-08-12,2011-08-19,197.49,192.19,429,-2276.73,201.25,-2477.98,-2.92,Stop Loss (candle low),bull,7,42.3,32.2,77.2,69.7,197.4,194.59,Britannia
GFS Advanced,2012-05-10,2012-05-11,233.4,224.66,353,-3086.11,195.22,-3281.33,-3.98,Price < 50 EMA,bull,1,38.8,33.9,65.8,80.3,233.29,222.07,Britannia
GFS Advanced,2013-08-28,2013-09-10,299.87,317.0,264,4521.04,195.94,4325.1,5.46,RSI Target 60,bull,13,42.5,62.6,53.2,70.1,299.72,282.32,Britannia
GFS Advanced,2013-11-14,2013-11-21,390.95,377.13,213,-2944.57,197.33,-3141.9,-3.77,Stop Loss (candle low),bull,7,42.1,30.4,77.7,85.4,390.75,383.39,Britannia
GFS Advanced,2014-10-17,2014-10-27,589.14,625.0,136,4877.19,198.43,4678.76,5.84,RSI Target 60,bull,10,35.1,60.5,83.0,85.4,588.84,572.7,Britannia
GFS Advanced,2015-02-02,2015-02-05,830.66,804.78,102,-2640.09,200.88,-2840.96,-3.35,Stop Loss (candle low),bull,3,38.0,30.1,79.7,93.1,830.25,820.19,Britannia
GFS Advanced,2015-04-29,2015-05-12,942.47,986.66,87,3844.73,201.52,3643.21,4.44,RSI Target 60,bull,13,41.2,65.0,68.8,96.8,942.0,905.29,Britannia
GFS Advanced,2017-09-06,2017-09-12,1884.27,1909.0,45,1113.14,204.91,908.23,1.07,RSI Target 60,bull,6,43.4,66.3,85.9,76.6,1883.32,1861.16,Britannia
GFS Advanced,2017-12-21,2017-12-28,2102.48,2063.26,41,-1608.15,205.22,-1813.37,-2.1,Stop Loss (candle low),bull,7,44.0,19.8,66.4,78.2,2101.43,2080.92,Britannia
GFS Advanced,2020-09-08,2020-09-21,3474.31,3348.01,24,-3031.26,197.49,-3228.74,-3.87,Stop Loss (candle low),bull,13,41.7,38.6,76.4,69.1,3472.58,3423.61,Britannia
GFS Advanced,2024-01-19,2024-02-06,5039.73,4876.34,16,-2614.27,191.81,-2806.08,-3.48,Stop Loss (candle low),bull,18,39.0,39.6,74.5,65.6,5037.21,4881.45,Britannia
GFS Advanced,2024-06-26,2024-07-05,5297.97,5402.0,14,1456.34,181.67,1274.67,1.72,RSI Target 60,bull,9,43.9,63.2,69.6,63.6,5295.33,5180.19,Britannia
GFS Advanced,2025-07-22,2025-07-25,5667.1,5518.88,14,-2075.14,189.49,-2264.62,-2.85,Stop Loss (candle low),bull,3,42.6,23.6,57.3,60.6,5664.27,5558.34,Britannia
GFS Basic,2006-11-28,2006-11-29,355.5,360.05,267,1215.21,227.51,987.7,1.04,RSI Target 60,bull,1,42.2,65.8,77.3,74.4,355.32,345.86,Grasim
GFS Basic,2006-12-13,2007-01-03,345.22,365.98,277,5750.03,233.79,5516.25,5.77,RSI Target 60,bull,21,43.9,82.0,69.1,79.9,345.05,310.13,Grasim
GFS Basic,2007-08-13,2007-08-16,388.63,366.28,260,-5811.9,233.85,-6045.75,-5.98,Stop Loss (candle low),bull,3,44.6,40.5,64.9,74.2,388.44,375.52,Grasim
GFS Basic,2007-10-31,2007-11-06,499.26,478.88,191,-3890.77,223.2,-4113.97,-4.31,Stop Loss (candle low),bull,6,44.2,46.8,73.4,76.4,499.01,481.04,Grasim
GFS Basic,2007-12-06,2007-12-10,500.57,473.46,182,-4934.3,212.67,-5146.97,-5.65,Stop Loss (candle low),bull,4,39.7,38.6,65.1,74.8,500.32,477.23,Grasim
GFS Basic,2010-02-03,2010-02-05,367.65,350.66,235,-3992.42,203.19,-4195.6,-4.86,Stop Loss (candle low),bull,2,36.0,27.9,69.7,78.1,367.47,355.59,Grasim
GFS Basic,2010-04-01,2010-04-05,387.68,381.3,213,-1359.81,197.42,-1557.23,-1.89,Stop Loss (candle low),bull,4,39.6,34.2,67.4,77.8,387.49,381.85,Grasim
GFS Basic,2011-11-18,2011-11-23,330.62,318.74,245,-2910.99,192.32,-3103.31,-3.83,Stop Loss (candle low),bull,5,36.8,21.1,63.6,67.4,330.46,319.89,Grasim
GFS Basic,2012-02-28,2012-03-05,390.86,379.99,200,-2173.23,186.79,-2360.02,-3.02,Stop Loss (candle low),bull,6,38.9,29.4,70.9,63.9,390.66,382.04,Grasim
GFS Basic,2012-03-21,2012-03-26,385.24,371.18,197,-2768.32,181.11,-2949.43,-3.89,Stop Loss (candle low),bull,5,44.7,42.9,67.6,63.9,385.04,376.32,Grasim
GFS Basic,2012-11-06,2012-11-15,483.18,458.8,151,-3681.95,173.65,-3855.61,-5.28,Stop Loss (candle low),bull,9,42.7,30.5,86.5,74.7,482.94,468.88,Grasim
GFS Basic,2015-03-20,2015-04-08,527.09,549.75,131,2967.82,171.85,2795.97,4.05,RSI Target 60,bull,19,41.9,60.3,61.9,67.7,526.83,513.54,Grasim
GFS Basic,2016-06-17,2016-06-22,634.22,622.94,113,-1274.76,173.27,-1448.03,-2.02,Stop Loss (candle low),bull,5,44.7,37.9,85.3,64.6,633.9,626.59,Grasim
GFS Basic,2017-10-13,2017-10-18,1095.57,1089.72,64,-374.19,170.76,-544.95,-0.78,RSI Target 60,bull,5,41.2,61.1,67.1,76.4,1095.02,1073.18,Grasim
GFS Basic,2017-11-20,2017-12-01,1134.24,1093.33,61,-2495.26,166.5,-2661.75,-3.85,Stop Loss (candle low),bull,11,41.4,32.6,51.8,76.1,1133.67,1102.93,Grasim
GFS Basic,2021-04-16,2021-04-19,1341.03,1286.0,50,-2751.24,161.48,-2912.72,-4.34,Stop Loss (candle low),bull,3,43.6,41.5,74.8,76.5,1340.36,1301.82,Grasim
GFS Basic,2021-08-27,2021-09-07,1435.14,1518.13,45,3734.82,162.71,3572.11,5.53,RSI Target 60,bull,11,35.2,63.8,57.8,91.6,1434.42,1409.24,Grasim
GFS Basic,2021-12-08,2021-12-17,1703.0,1626.88,40,-3044.87,163.55,-3208.42,-4.71,Stop Loss (candle low),bull,9,39.6,47.4,53.9,87.8,1702.15,1654.42,Grasim
GFS Basic,2023-10-10,2023-10-12,1901.59,1978.05,34,2599.59,161.7,2437.89,3.77,RSI Target 60,bull,2,43.3,63.8,68.5,72.6,1900.64,1864.12,Grasim
GFS Advanced,2007-08-13,2007-08-16,388.63,366.28,244,-5454.25,220.4,-5674.65,-5.98,Stop Loss (candle low),bull,3,44.6,40.5,64.9,74.2,388.44,375.52,Grasim
GFS Advanced,2007-10-31,2007-11-06,499.26,478.88,179,-3646.32,210.14,-3856.47,-4.32,Stop Loss (candle low),bull,6,44.2,46.8,73.4,76.4,499.01,481.04,Grasim
GFS Advanced,2010-02-03,2010-02-05,367.65,350.66,233,-3958.44,201.59,-4160.03,-4.86,Stop Loss (candle low),bull,2,36.0,27.9,69.7,78.1,367.47,355.59,Grasim
GFS Advanced,2010-04-01,2010-04-05,387.68,381.3,211,-1347.04,195.71,-1542.75,-1.89,Stop Loss (candle low),bull,4,39.6,34.2,67.4,77.8,387.49,381.85,Grasim
GFS Advanced,2012-02-28,2012-03-05,390.86,379.99,206,-2238.42,191.94,-2430.36,-3.02,Stop Loss (candle low),bull,6,38.9,29.4,70.9,63.9,390.66,382.04,Grasim
GFS Advanced,2012-11-22,2012-11-23,462.41,451.64,169,-1820.01,187.1,-2007.12,-2.57,Price < 50 EMA,bull,1,42.2,32.5,62.9,74.7,462.18,450.05,Grasim
GFS Advanced,2016-06-20,2016-06-28,632.76,649.46,120,2004.01,186.14,1817.86,2.39,RSI Target 60,bull,8,42.4,64.7,81.2,64.6,632.44,619.03,Grasim
GFS Advanced,2017-10-13,2017-10-18,1095.57,1089.72,71,-415.12,187.76,-602.87,-0.78,RSI Target 60,bull,5,41.2,61.1,67.1,76.4,1095.02,1073.18,Grasim
GFS Advanced,2021-04-16,2021-04-19,1341.03,1286.0,57,-3136.41,181.94,-3318.35,-4.34,Stop Loss (candle low),bull,3,43.6,41.5,74.8,76.5,1340.36,1301.82,Grasim
GFS Advanced,2023-10-10,2023-10-12,1901.59,1978.05,39,2981.88,183.22,2798.66,3.77,RSI Target 60,bull,2,43.3,63.8,68.5,72.6,1900.64,1864.12,Grasim
GFS Basic,2006-11-24,2006-11-30,137.13,132.7,692,-3064.69,223.02,-3287.71,-3.46,Stop Loss (candle low),bull,6,35.4,31.5,61.4,57.3,137.06,133.16,Hindalco
GFS Basic,2010-12-01,2010-12-07,191.7,200.71,479,4316.71,223.85,4092.86,4.46,RSI Target 60,bull,6,41.0,60.6,72.8,69.6,191.6,183.23,Hindalco
GFS Basic,2011-01-11,2011-02-09,207.29,194.11,461,-6072.16,221.39,-6293.55,-6.59,Stop Loss (candle low),bull,29,44.6,38.8,59.7,69.7,207.18,196.46,Hindalco
GFS Basic,2014-06-30,2014-07-01,152.18,161.17,590,5309.28,220.35,5088.93,5.67,RSI Target 60,bull,1,43.8,63.0,69.7,74.0,152.1,147.15,Hindalco
GFS Basic,2014-08-18,2014-08-25,170.54,151.61,554,-10488.33,214.42,-10702.75,-11.33,Stop Loss (candle low),bull,7,40.9,26.5,69.0,77.5,170.46,161.91,Hindalco
GFS Basic,2016-09-14,2016-10-03,135.77,145.45,622,6021.47,209.24,5812.23,6.88,RSI Target 60,bull,19,38.0,65.8,72.2,64.4,135.71,130.78,Hindalco
GFS Basic,2016-10-26,2016-10-27,143.85,139.98,625,-2420.1,212.62,-2632.72,-2.93,Stop Loss (candle low),bull,1,43.2,34.3,60.5,64.4,143.78,140.26,Hindalco
GFS Basic,2016-12-15,2016-12-16,167.61,160.65,521,-3628.01,205.63,-3833.64,-4.39,Stop Loss (candle low),bull,1,43.3,38.5,56.3,81.3,167.53,163.48,Hindalco
GFS Basic,2017-03-24,2017-03-27,186.13,178.11,450,-3609.15,197.72,-3806.88,-4.54,Stop Loss (candle low),bull,3,44.8,36.6,62.0,74.8,186.04,181.46,Hindalco
GFS Basic,2017-04-18,2017-05-05,179.85,175.38,446,-1995.62,191.51,-2187.13,-2.73,Weekly RSI < 50,bull,17,44.1,53.2,47.3,82.6,179.76,172.92,Hindalco
GFS Basic,2017-09-26,2017-10-12,223.38,250.75,349,9551.88,198.47,9353.41,12.0,RSI Target 60,bull,16,35.6,65.8,78.5,77.5,223.27,216.0,Hindalco
GFS Basic,2017-11-10,2017-11-15,253.47,238.8,343,-5030.4,203.32,-5233.71,-6.02,Stop Loss (candle low),bull,5,42.5,30.3,68.9,77.6,253.34,247.29,Hindalco
GFS Basic,2021-03-18,2021-03-24,328.77,306.5,249,-5545.96,191.5,-5737.47,-7.01,Stop Loss (candle low),bull,6,39.4,26.9,70.7,64.9,328.61,317.69,Hindalco
GFS Basic,2021-05-31,2021-06-03,381.78,385.06,200,656.78,185.69,471.09,0.62,RSI Target 60,bull,3,35.9,61.1,70.2,89.2,381.59,374.26,Hindalco
GFS Basic,2021-07-01,2021-07-07,367.68,379.71,209,2513.73,188.7,2325.03,3.03,RSI Target 60,bull,6,39.5,68.0,63.7,82.8,367.5,358.83,Hindalco
GFS Basic,2021-09-21,2021-09-29,439.89,479.95,180,7211.13,198.76,7012.37,8.86,RSI Target 60,bull,8,42.6,63.6,75.1,86.0,439.67,426.19,Hindalco
GFS Basic,2021-11-03,2021-11-09,467.11,451.25,183,-2902.63,202.28,-3104.91,-3.63,Stop Loss (candle low),bull,6,42.0,28.0,56.2,80.1,466.88,456.35,Hindalco
GFS Basic,2022-04-01,2022-04-12,560.98,526.76,147,-5029.58,193.37,-5222.95,-6.33,Stop Loss (candle low),bull,11,44.4,29.6,68.1,80.0,560.7,545.31,Hindalco
GFS Basic,2023-09-26,2023-10-23,468.4,450.57,166,-2960.07,185.05,-3145.12,-4.04,Stop Loss (candle low),bull,27,40.9,32.2,57.5,60.8,468.16,459.94,Hindalco
GFS Basic,2024-01-24,2024-02-08,559.75,593.22,134,4485.94,186.66,4299.28,5.73,RSI Target 60,bull,15,37.1,69.3,76.2,63.8,559.47,539.65,Hindalco
GFS Basic,2024-06-20,2024-06-25,675.83,676.29,117,53.7,191.1,-137.4,-0.17,RSI Target 60,bull,5,44.8,64.1,85.0,72.6,675.5,652.86,Hindalco
GFS Basic,2024-07-22,2024-07-25,666.6,637.87,118,-3390.63,186.61,-3577.24,-4.55,Stop Loss (candle low),bull,3,41.5,31.2,65.9,71.4,666.27,642.11,Hindalco
GFS Basic,2024-10-23,2024-10-24,726.19,685.33,104,-4249.57,178.76,-4428.33,-5.86,Stop Loss (candle low),bull,1,39.0,32.3,61.9,73.6,725.83,707.75,Hindalco
GFS Basic,2025-11-17,2025-11-18,809.4,796.75,88,-1113.47,172.46,-1285.93,-1.81,Stop Loss (candle low),bull,1,37.9,31.6,72.5,62.5,809.0,799.35,Hindalco
GFS Basic,2026-02-16,2026-03-06,910.76,958.42,77,3670.24,174.97,3495.26,4.98,RSI Target 60,bull,18,41.4,62.7,72.8,75.9,910.3,889.06,Hindalco
GFS Advanced,2010-12-01,2010-12-07,191.7,200.71,495,4460.9,230.81,4230.08,4.46,RSI Target 60,bull,6,41.0,60.6,72.8,69.6,191.6,183.23,Hindalco
GFS Advanced,2014-06-30,2014-07-01,152.18,161.17,650,5849.2,241.2,5608.01,5.67,RSI Target 60,bull,1,43.8,63.0,69.7,74.0,152.1,147.15,Hindalco
GFS Advanced,2014-08-18,2014-08-25,170.54,151.61,611,-11567.45,234.9,-11802.35,-11.33,Stop Loss (candle low),bull,7,40.9,26.5,69.0,77.5,170.46,161.91,Hindalco
GFS Advanced,2016-09-19,2016-10-03,136.62,145.45,681,6013.53,228.32,5785.21,6.22,RSI Target 60,bull,14,39.1,65.8,72.2,64.4,136.56,133.75,Hindalco
GFS Advanced,2017-03-24,2017-03-27,186.13,178.11,529,-4242.76,229.74,-4472.5,-4.54,Stop Loss (candle low),bull,3,44.8,36.6,62.0,74.8,186.04,181.46,Hindalco
GFS Advanced,2017-09-26,2017-10-12,223.38,250.75,422,11549.84,236.78,11313.07,12.0,RSI Target 60,bull,16,35.6,65.8,78.5,77.5,223.27,216.0,Hindalco
GFS Advanced,2017-11-10,2017-11-15,253.47,238.8,414,-6071.67,242.23,-6313.9,-6.02,Stop Loss (candle low),bull,5,42.5,30.3,68.9,77.6,253.34,247.29,Hindalco
GFS Advanced,2021-03-26,2021-04-05,317.18,338.23,312,6567.15,242.04,6325.1,6.39,RSI Target 60,bull,10,43.7,61.5,74.3,67.0,317.03,306.83,Hindalco
GFS Advanced,2021-11-03,2021-11-08,467.11,456.3,225,-2432.44,246.36,-2678.8,-2.55,Price < 50 EMA,bull,5,42.0,27.3,56.2,80.1,466.88,456.35,Hindalco
GFS Advanced,2023-09-26,2023-10-23,468.4,450.57,219,-3905.15,239.23,-4144.38,-4.04,Stop Loss (candle low),bull,27,40.9,32.2,57.5,60.8,468.16,459.94,Hindalco
GFS Advanced,2024-06-20,2024-06-25,675.83,676.29,145,66.56,233.16,-166.61,-0.17,RSI Target 60,bull,5,44.8,64.1,85.0,72.6,675.5,652.86,Hindalco
GFS Advanced,2024-07-22,2024-07-23,666.6,644.72,147,-3215.98,229.75,-3445.73,-3.52,Price < 50 EMA,bull,1,41.5,32.3,65.9,71.4,666.27,642.11,Hindalco
GFS Advanced,2025-11-17,2025-11-18,809.4,796.75,117,-1480.41,224.24,-1704.65,-1.8,Stop Loss (candle low),bull,1,37.9,31.6,72.5,62.5,809.0,799.35,Hindalco
GFS Basic,2008-01-16,2008-01-18,109.82,103.24,865,-5691.0,220.54,-5911.54,-6.22,Stop Loss (candle low),bull,2,39.0,37.1,65.3,87.2,109.77,103.78,IndusInd Bank
GFS Basic,2010-01-04,2010-01-12,131.6,127.07,679,-3079.27,210.71,-3289.98,-3.68,Stop Loss (candle low),bull,8,44.4,53.6,64.7,88.3,131.53,127.16,IndusInd Bank
GFS Basic,2010-02-24,2010-03-03,137.33,149.63,628,7725.3,214.98,7510.32,8.71,RSI Target 60,bull,7,39.6,69.1,64.8,94.3,137.26,132.83,IndusInd Bank
GFS Basic,2010-10-27,2010-10-29,251.4,241.62,371,-3629.88,218.83,-3848.72,-4.13,Stop Loss (candle low),bull,2,41.6,37.6,70.1,99.5,251.28,246.57,IndusInd Bank
GFS Basic,2011-05-19,2011-05-31,223.56,242.03,401,7408.66,222.22,7186.45,8.02,RSI Target 60,sideways,12,37.2,60.1,63.9,68.7,223.44,219.07,IndusInd Bank
GFS Basic,2011-06-16,2011-06-20,236.31,230.3,408,-2452.44,227.04,-2679.48,-2.78,Stop Loss (candle low),sideways,4,43.6,31.1,56.7,68.7,236.19,231.31,IndusInd Bank
GFS Basic,2012-05-03,2012-05-09,301.49,283.14,311,-5707.58,217.78,-5925.36,-6.32,Stop Loss (candle low),bull,6,38.8,23.9,62.3,69.4,301.34,291.82,IndusInd Bank
GFS Basic,2012-10-23,2012-11-07,339.32,341.22,260,491.67,211.89,279.78,0.32,RSI Target 60,bull,15,42.9,70.3,70.1,67.0,339.15,332.29,IndusInd Bank
GFS Basic,2013-01-22,2013-02-07,390.58,400.45,226,2232.34,213.8,2018.54,2.29,RSI Target 60,bull,16,39.0,62.0,76.5,77.4,390.38,381.59,IndusInd Bank
GFS Basic,2013-02-22,2013-02-26,401.69,392.37,225,-2097.49,214.0,-2311.49,-2.56,Stop Loss (candle low),bull,4,42.9,42.6,65.2,77.4,401.49,394.41,IndusInd Bank
GFS Basic,2013-06-05,2013-06-10,482.76,460.39,183,-4092.97,207.41,-4300.38,-4.87,Stop Loss (candle low),bull,5,44.8,49.6,72.9,76.8,482.51,467.13,IndusInd Bank
GFS Basic,2014-06-06,2014-06-19,512.64,524.53,164,1949.13,204.18,1744.95,2.08,RSI Target 60,bull,13,43.2,60.4,69.8,60.7,512.39,499.65,IndusInd Bank
GFS Basic,2015-03-27,2015-04-06,836.14,861.14,102,2550.0,207.5,2342.5,2.75,RSI Target 60,bull,10,44.5,62.1,71.3,93.0,835.73,800.86,IndusInd Bank
GFS Basic,2015-08-13,2015-08-21,883.48,855.61,99,-2758.88,206.84,-2965.72,-3.39,Stop Loss (candle low),bull,8,40.5,33.9,60.4,86.7,883.04,860.1,IndusInd Bank
GFS Basic,2016-06-23,2016-06-27,1055.48,1024.82,80,-2453.32,200.43,-2653.75,-3.14,Stop Loss (candle low),bull,4,42.9,39.6,79.1,62.0,1054.96,1031.32,IndusInd Bank
GFS Basic,2016-08-30,2016-09-06,1111.54,1164.47,74,3917.51,202.17,3715.33,4.52,RSI Target 60,bull,7,41.5,70.8,71.8,68.1,1110.98,1098.42,IndusInd Bank
GFS Basic,2016-09-27,2016-10-06,1154.14,1159.92,74,427.34,205.56,221.77,0.26,RSI Target 60,bull,9,44.9,62.0,65.8,64.3,1153.57,1132.25,IndusInd Bank
GFS Basic,2017-03-06,2017-03-16,1262.54,1306.46,68,2986.19,209.21,2776.98,3.23,RSI Target 60,bull,10,43.8,63.8,80.1,70.4,1261.91,1237.46,IndusInd Bank
GFS Basic,2017-05-15,2017-05-19,1351.51,1318.51,66,-2178.17,211.29,-2389.46,-2.68,Stop Loss (candle low),bull,4,44.5,33.0,61.1,86.6,1350.84,1331.94,IndusInd Bank
GFS Basic,2017-06-28,2017-07-06,1424.1,1442.18,61,1102.9,209.52,893.39,1.03,RSI Target 60,bull,8,38.3,63.9,63.3,82.7,1423.38,1388.65,IndusInd Bank
GFS Basic,2017-08-22,2017-09-01,1564.89,1612.2,56,2649.32,212.82,2436.5,2.78,RSI Target 60,bull,10,36.3,67.1,77.1,85.3,1564.11,1534.79,IndusInd Bank
GFS Basic,2017-10-04,2017-10-13,1634.22,1667.55,55,1833.18,216.97,1616.22,1.8,RSI Target 60,bull,9,38.7,62.7,80.9,84.5,1633.4,1603.1,IndusInd Bank
GFS Basic,2017-10-26,2017-11-10,1548.73,1581.76,59,1949.06,220.4,1728.65,1.89,Weekly RSI < 50,bull,15,37.4,44.0,49.5,78.4,1547.95,1498.02,IndusInd Bank
GFS Basic,2018-05-24,2018-05-28,1791.72,1823.89,52,1672.99,224.1,1448.88,1.56,RSI Target 60,bull,4,44.8,60.1,80.5,83.7,1790.82,1749.15,IndusInd Bank
GFS Basic,2021-08-03,2021-08-10,990.34,997.65,95,694.55,225.12,469.43,0.5,RSI Target 60,bull,7,40.4,64.8,62.6,74.1,989.85,952.34,IndusInd Bank
GFS Basic,2023-08-18,2023-08-24,1362.56,1408.8,69,3190.27,227.56,2962.71,3.15,RSI Target 60,bull,6,43.0,65.1,75.7,71.8,1361.88,1345.23,IndusInd Bank
GFS Basic,2024-01-24,2024-02-16,1480.12,1476.51,66,-237.91,232.16,-470.08,-0.48,Weekly RSI < 50,bull,23,37.2,42.2,49.5,71.3,1479.38,1425.45,IndusInd Bank
GFS Advanced,2008-01-16,2008-01-18,109.82,103.24,865,-5691.0,220.54,-5911.54,-6.22,Stop Loss (candle low),bull,2,39.0,37.1,65.3,87.2,109.77,103.78,IndusInd Bank
GFS Advanced,2010-01-04,2010-01-12,131.6,127.07,679,-3079.27,210.71,-3289.98,-3.68,Stop Loss (candle low),bull,8,44.4,53.6,64.7,88.3,131.53,127.16,IndusInd Bank
GFS Advanced,2012-05-03,2012-05-08,301.49,292.56,286,-2555.24,204.3,-2759.54,-3.2,Price < 50 EMA,bull,5,38.8,30.4,62.3,69.4,301.34,291.82,IndusInd Bank
GFS Advanced,2012-10-23,2012-11-07,339.32,341.22,246,465.19,201.31,263.89,0.32,RSI Target 60,bull,15,42.9,70.3,70.1,67.0,339.15,332.29,IndusInd Bank
GFS Advanced,2013-01-23,2013-02-07,396.72,400.45,211,788.84,202.16,586.68,0.7,RSI Target 60,bull,15,43.6,62.0,76.5,77.4,396.52,387.44,IndusInd Bank
GFS Advanced,2013-02-22,2013-02-26,401.69,392.37,210,-1957.66,200.76,-2158.41,-2.56,Stop Loss (candle low),bull,4,42.9,42.6,65.2,77.4,401.49,394.41,IndusInd Bank
GFS Advanced,2013-06-05,2013-06-10,482.76,460.39,170,-3802.22,193.76,-3995.98,-4.87,Stop Loss (candle low),bull,5,44.8,49.6,72.9,76.8,482.51,467.13,IndusInd Bank
GFS Advanced,2014-06-06,2014-06-19,512.64,524.53,153,1818.39,191.51,1626.88,2.07,RSI Target 60,bull,13,43.2,60.4,69.8,60.7,512.39,499.65,IndusInd Bank
GFS Advanced,2015-08-13,2015-08-21,883.48,855.61,90,-2508.07,189.43,-2697.5,-3.39,Stop Loss (candle low),bull,8,40.5,33.9,60.4,86.7,883.04,860.1,IndusInd Bank
GFS Advanced,2016-06-28,2016-07-08,1036.15,1069.33,74,2455.21,188.26,2266.95,2.96,RSI Target 60,bull,10,40.2,61.4,79.2,67.0,1035.63,1021.88,IndusInd Bank
GFS Advanced,2016-09-27,2016-10-06,1154.14,1159.92,69,398.46,192.71,205.75,0.26,RSI Target 60,bull,9,44.9,62.0,65.8,64.3,1153.57,1132.25,IndusInd Bank
GFS Advanced,2017-03-06,2017-03-16,1262.54,1306.46,63,2766.61,194.95,2571.66,3.23,RSI Target 60,bull,10,43.8,63.8,80.1,70.4,1261.91,1237.46,IndusInd Bank
GFS Advanced,2017-05-15,2017-05-19,1351.51,1318.51,60,-1980.15,193.48,-2173.63,-2.68,Stop Loss (candle low),bull,4,44.5,33.0,61.1,86.6,1350.84,1331.94,IndusInd Bank
GFS Advanced,2017-08-22,2017-09-01,1564.89,1612.2,51,2412.77,195.18,2217.59,2.78,RSI Target 60,bull,10,36.3,67.1,77.1,85.3,1564.11,1534.79,IndusInd Bank
GFS Advanced,2017-10-04,2017-10-13,1634.22,1667.55,50,1666.53,198.64,1467.89,1.8,RSI Target 60,bull,9,38.7,62.7,80.9,84.5,1633.4,1603.1,IndusInd Bank
GFS Advanced,2018-05-24,2018-05-28,1791.72,1823.89,46,1479.95,200.02,1279.93,1.55,RSI Target 60,bull,4,44.8,60.1,80.5,83.7,1790.82,1749.15,IndusInd Bank
GFS Basic,2020-08-18,2020-08-26,854.76,828.67,111,-2895.31,223.17,-3118.47,-3.29,Stop Loss (candle low),sideways,8,43.8,33.7,63.4,61.1,854.33,834.01,SBI Life
GFS Basic,2021-09-22,2021-09-30,1193.02,1203.26,77,788.87,220.28,568.59,0.62,RSI Target 60,bull,8,41.5,65.6,77.7,72.7,1192.42,1166.28,SBI Life
GFS Basic,2021-10-27,2021-10-28,1191.53,1155.73,77,-2756.65,216.36,-2973.0,-3.24,Stop Loss (candle low),bull,1,43.7,39.2,63.9,72.7,1190.94,1163.85,SBI Life
GFS Basic,2022-08-23,2022-08-30,1283.72,1318.6,69,2406.65,214.66,2191.99,2.47,RSI Target 60,bull,7,40.9,63.5,76.9,65.7,1283.08,1259.97,SBI Life
GFS Basic,2023-12-21,2024-01-10,1403.85,1443.37,65,2568.63,220.77,2347.87,2.57,RSI Target 60,bull,20,44.2,62.1,66.0,64.6,1403.15,1372.26,SBI Life
GFS Basic,2025-07-21,2025-08-06,1805.79,1850.8,52,2340.34,226.42,2113.92,2.25,RSI Target 60,bull,16,36.6,60.7,58.3,65.4,1804.89,1777.64,SBI Life
GFS Basic,2026-01-27,2026-01-29,2045.98,1992.53,46,-2458.59,221.93,-2680.52,-2.85,Stop Loss (candle low),bull,2,38.3,34.6,67.4,69.2,2044.96,2001.42,SBI Life
GFS Advanced,2020-08-18,2020-08-26,854.76,828.67,111,-2895.31,223.17,-3118.47,-3.29,Stop Loss (candle low),sideways,8,43.8,33.7,63.4,61.1,854.33,834.01,SBI Life
GFS Advanced,2021-09-22,2021-09-30,1193.02,1203.26,77,788.87,220.28,568.59,0.62,RSI Target 60,bull,8,41.5,65.6,77.7,72.7,1192.42,1166.28,SBI Life
GFS Advanced,2022-08-23,2022-08-30,1283.72,1318.6,72,2511.29,223.33,2287.96,2.48,RSI Target 60,bull,7,40.9,63.5,76.9,65.7,1283.08,1259.97,SBI Life
GFS Advanced,2024-01-04,2024-01-10,1430.03,1443.37,66,880.3,225.98,654.33,0.69,RSI Target 60,bull,6,37.2,62.1,66.0,64.6,1429.31,1407.12,SBI Life
GFS Advanced,2025-07-21,2025-08-06,1805.79,1850.8,52,2340.34,226.42,2113.92,2.25,RSI Target 60,bull,16,36.6,60.7,58.3,65.4,1804.89,1777.64,SBI Life
GFS Advanced,2026-02-04,2026-02-05,2045.68,2013.99,47,-1489.37,227.44,-1716.81,-1.79,Price < 50 EMA,bull,1,44.7,40.9,67.4,80.1,2044.66,1992.03,SBI Life
GFS Basic,2020-08-27,2020-08-28,591.25,580.18,160,-1772.02,223.71,-1995.73,-2.11,Stop Loss (candle low),bull,1,41.4,35.7,70.3,64.0,590.96,581.95,HDFC Life
GFS Basic,2024-08-16,2024-08-27,689.04,737.14,135,6493.77,228.77,6265.0,6.74,RSI Target 60,bull,11,44.6,74.0,80.0,60.8,688.7,662.49,HDFC Life
GFS Basic,2025-06-17,2025-06-19,776.09,759.37,127,-2123.9,232.16,-2356.06,-2.39,Stop Loss (candle low),bull,2,40.7,40.9,74.8,61.8,775.71,763.91,HDFC Life
GFS Basic,2025-07-14,2025-07-17,767.83,751.42,126,-2067.62,228.18,-2295.79,-2.37,Stop Loss (candle low),bull,3,43.4,22.3,62.3,69.3,767.45,752.62,HDFC Life
GFS Advanced,2024-08-16,2024-08-27,689.04,737.14,137,6589.97,231.93,6358.04,6.74,RSI Target 60,bull,11,44.6,74.0,80.0,60.8,688.7,662.49,HDFC Life
GFS Advanced,2025-06-17,2025-06-19,776.09,759.37,130,-2174.07,237.28,-2411.35,-2.39,Stop Loss (candle low),bull,2,40.7,40.9,74.8,61.8,775.71,763.91,HDFC Life
GFS Advanced,2025-07-14,2025-07-15,767.83,756.47,128,-1454.36,232.23,-1686.59,-1.72,Price < 50 EMA,bull,1,43.4,37.8,62.3,69.3,767.45,752.62,HDFC Life
GFS Basic,2006-05-23,2006-06-06,468.43,407.38,202,-12332.69,212.82,-12545.51,-13.26,Stop Loss (candle low),bull,14,42.7,25.5,55.1,88.6,468.2,407.71,Bajaj Auto
GFS Basic,2009-08-11,2009-08-28,376.71,402.82,220,5745.22,205.45,5539.77,6.68,RSI Target 60,bull,17,42.9,75.2,68.0,73.3,376.52,351.34,Bajaj Auto
GFS Basic,2009-10-27,2009-10-29,488.87,466.45,180,-4036.6,206.7,-4243.3,-4.82,Stop Loss (candle low),bull,2,43.3,32.0,70.5,80.8,488.63,475.44,Bajaj Auto
GFS Basic,2010-02-09,2010-02-17,580.78,613.62,145,4760.89,207.4,4553.48,5.41,RSI Target 60,bull,8,44.5,74.4,71.4,91.3,580.49,563.85,Bajaj Auto
GFS Basic,2010-07-19,2010-07-22,819.15,844.96,108,2787.96,214.81,2573.15,2.91,RSI Target 60,bull,3,41.5,63.3,75.9,93.0,818.74,811.2,Bajaj Auto
GFS Basic,2010-10-29,2010-11-03,1035.82,1073.7,87,3295.52,219.0,3076.52,3.41,RSI Target 60,bull,5,39.9,64.1,78.3,94.5,1035.3,1003.67,Bajaj Auto
GFS Basic,2011-08-19,2011-08-25,1016.57,1059.47,92,3946.94,227.25,3719.69,3.98,RSI Target 60,bull,6,41.7,65.3,61.9,65.8,1016.06,978.09,Bajaj Auto
GFS Basic,2011-09-27,2011-10-04,1083.31,1042.85,90,-3641.57,228.22,-3869.78,-3.97,Stop Loss (candle low),bull,7,36.2,28.8,64.5,59.6,1082.77,1053.88,Bajaj Auto
GFS Basic,2011-11-24,2011-12-23,1172.0,1116.13,80,-4470.1,219.05,-4689.15,-5.0,Weekly RSI < 50,bull,29,39.6,27.8,48.0,59.0,1171.42,1094.48,Bajaj Auto
GFS Basic,2012-04-13,2012-04-18,1179.13,1198.17,75,1427.61,213.33,1214.28,1.37,RSI Target 60,bull,5,38.8,61.9,64.6,67.8,1178.54,1139.1,Bajaj Auto
GFS Basic,2012-08-30,2012-09-18,1186.87,1256.58,76,5297.76,221.27,5076.49,5.63,RSI Target 60,bull,19,40.3,74.9,73.8,60.8,1186.28,1156.0,Bajaj Auto
GFS Basic,2012-10-11,2012-10-29,1269.67,1300.63,75,2322.14,229.34,2092.79,2.2,RSI Target 60,bull,18,41.6,67.4,64.6,65.4,1269.03,1234.15,Bajaj Auto
GFS Basic,2013-01-15,2013-01-16,1529.61,1492.25,63,-2353.22,227.03,-2580.26,-2.68,Stop Loss (candle low),bull,1,43.9,39.7,74.5,67.2,1528.84,1493.98,Bajaj Auto
GFS Basic,2013-02-22,2013-02-26,1453.03,1380.94,65,-4686.12,220.35,-4906.47,-5.19,Stop Loss (candle low),bull,4,38.1,27.7,63.0,65.0,1452.3,1412.88,Bajaj Auto
GFS Basic,2014-12-04,2014-12-10,1982.41,1932.7,45,-2236.78,211.25,-2448.03,-2.74,Stop Loss (candle low),bull,6,44.6,32.2,73.7,68.7,1981.42,1947.22,Bajaj Auto
GFS Basic,2015-07-24,2015-08-12,1934.07,1888.72,45,-2040.77,206.62,-2247.39,-2.58,Stop Loss (candle low),bull,19,44.5,46.0,79.5,63.8,1933.1,1900.19,Bajaj Auto
GFS Basic,2016-09-21,2016-09-29,2333.34,2236.63,36,-3481.34,198.39,-3679.73,-4.38,Stop Loss (candle low),bull,8,42.4,27.4,69.5,64.3,2332.17,2245.0,Bajaj Auto
GFS Basic,2017-02-17,2017-03-06,2196.08,2265.47,37,2567.42,198.56,2368.86,2.92,RSI Target 60,sideways,17,38.6,64.1,68.7,57.8,2194.99,2161.67,Bajaj Auto
GFS Basic,2017-04-07,2017-04-24,2238.52,2253.41,37,551.03,199.96,351.07,0.42,RSI Target 60,bull,17,36.9,61.1,60.7,65.4,2237.4,2196.56,Bajaj Auto
GFS Basic,2017-05-25,2017-06-13,2228.92,2227.6,38,-50.32,203.5,-253.81,-0.3,RSI Target 60,bull,19,44.2,63.3,52.4,66.2,2227.81,2169.45,Bajaj Auto
GFS Basic,2017-11-08,2017-11-27,2576.91,2622.64,32,1463.22,200.09,1263.13,1.53,RSI Target 60,bull,19,43.1,63.0,76.4,62.5,2575.63,2535.58,Bajaj Auto
GFS Basic,2017-12-14,2017-12-22,2544.69,2668.78,33,4094.72,206.18,3888.54,4.63,RSI Target 60,bull,8,35.9,63.2,70.5,71.3,2543.42,2511.85,Bajaj Auto
GFS Basic,2019-11-20,2019-12-11,2653.37,2734.16,33,2665.96,212.67,2453.29,2.8,RSI Target 60,bull,21,39.3,60.0,76.4,63.3,2652.05,2618.6,Bajaj Auto
GFS Basic,2019-12-23,2020-01-01,2700.35,2635.0,34,-2221.93,217.05,-2438.98,-2.66,Stop Loss (candle low),bull,9,41.5,26.6,71.0,66.5,2699.0,2663.77,Bajaj Auto
GFS Basic,2021-03-02,2021-03-12,3466.56,3274.52,25,-4800.99,202.94,-5003.94,-5.77,Stop Loss (candle low),bull,10,35.4,33.0,62.9,60.8,3464.83,3305.2,Bajaj Auto
GFS Basic,2021-06-21,2021-07-07,3671.16,3660.71,23,-240.19,202.72,-442.91,-0.52,RSI Target 60,bull,16,44.0,64.3,77.8,79.7,3669.32,3589.22,Bajaj Auto
GFS Basic,2021-07-20,2021-07-22,3559.56,3484.34,23,-1730.1,195.47,-1925.57,-2.35,Stop Loss (candle low),bull,2,38.7,22.6,72.9,79.7,3557.78,3510.29,Bajaj Auto
GFS Basic,2023-03-01,2023-03-20,3520.35,3569.98,23,1141.55,196.44,945.11,1.17,RSI Target 60,bear,19,39.1,69.7,59.5,61.4,3518.59,3412.26,Bajaj Auto
GFS Basic,2023-06-23,2023-07-05,4371.85,4728.37,19,6773.89,206.94,6566.95,7.91,RSI Target 60,bull,12,40.7,67.7,87.0,70.9,4369.66,4320.94,Bajaj Auto
GFS Basic,2023-08-28,2023-09-07,4471.71,4561.23,20,1790.34,215.93,1574.41,1.76,RSI Target 60,bull,10,41.0,60.5,58.8,65.4,4469.48,4434.37,Bajaj Auto
GFS Basic,2023-10-09,2023-10-19,4906.01,5301.33,18,7115.61,218.94,6896.67,7.81,RSI Target 60,bull,10,40.8,76.5,58.9,67.8,4903.56,4793.15,Bajaj Auto
GFS Basic,2024-04-26,2024-05-07,8706.25,8390.98,11,-3467.96,224.55,-3692.52,-3.86,Stop Loss (candle low),bull,11,42.5,41.0,68.1,91.3,8701.89,8445.75,Bajaj Auto
GFS Basic,2024-05-23,2024-05-28,8696.61,8692.52,10,-40.99,208.54,-249.53,-0.29,RSI Target 60,bull,5,44.4,66.2,57.9,91.3,8692.27,8461.85,Bajaj Auto
GFS Basic,2024-06-28,2024-07-16,9292.94,9473.4,10,1804.55,223.71,1580.84,1.7,RSI Target 60,bull,18,44.1,61.5,58.3,91.2,9288.3,9145.77,Bajaj Auto
GFS Basic,2024-07-26,2024-08-01,9274.7,9485.24,10,2105.46,223.61,1881.85,2.03,RSI Target 60,bull,6,44.3,60.1,63.4,91.3,9270.06,9034.84,Bajaj Auto
GFS Basic,2024-08-05,2024-08-09,9289.33,9519.8,10,2304.67,224.15,2080.53,2.24,RSI Target 60,bull,4,42.6,62.8,63.1,91.3,9284.69,9133.14,Bajaj Auto
GFS Basic,2026-03-04,2026-03-09,9709.35,9378.31,10,-3310.44,227.66,-3538.1,-3.64,Stop Loss (candle low),bull,5,43.6,42.6,71.5,67.2,9704.5,9511.74,Bajaj Auto
GFS Advanced,2009-08-11,2009-08-28,376.71,402.82,252,6580.89,233.1,6347.79,6.69,RSI Target 60,bull,17,42.9,75.2,68.0,73.3,376.52,351.34,Bajaj Auto
GFS Advanced,2009-10-27,2009-10-29,488.87,466.45,206,-4619.67,234.34,-4854.0,-4.82,Stop Loss (candle low),bull,2,43.3,32.0,70.5,80.8,488.63,475.44,Bajaj Auto
GFS Advanced,2010-07-19,2010-07-22,819.15,844.96,117,3020.29,231.43,2788.85,2.91,RSI Target 60,bull,3,41.5,63.3,75.9,93.0,818.74,811.2,Bajaj Auto
GFS Advanced,2011-09-27,2011-09-28,1083.31,1058.07,91,-2296.92,232.02,-2528.93,-2.57,Price < 50 EMA,bull,1,36.2,34.8,68.0,65.0,1082.77,1053.88,Bajaj Auto
GFS Advanced,2012-10-11,2012-10-29,1269.67,1300.63,76,2353.1,232.2,2120.9,2.2,RSI Target 60,bull,18,41.6,67.4,64.6,65.4,1269.03,1234.15,Bajaj Auto
GFS Advanced,2013-02-01,2013-02-13,1493.89,1450.79,66,-2844.75,231.48,-3076.23,-3.12,Stop Loss (candle low),bull,12,44.1,50.8,61.0,65.0,1493.14,1459.05,Bajaj Auto
GFS Advanced,2014-12-04,2014-12-10,1982.41,1932.7,48,-2385.9,224.31,-2610.21,-2.74,Stop Loss (candle low),bull,6,44.6,32.2,73.7,68.7,1981.42,1947.22,Bajaj Auto
GFS Advanced,2017-02-20,2017-02-28,2219.25,2165.52,42,-2256.49,220.12,-2476.61,-2.66,Stop Loss (candle low),sideways,8,39.8,46.2,69.7,57.8,2218.14,2172.2,Bajaj Auto
GFS Advanced,2017-04-11,2017-04-19,2229.71,2207.01,40,-907.91,212.58,-1120.5,-1.26,Price < 50 EMA,bull,8,36.2,46.6,63.5,65.4,2228.59,2203.36,Bajaj Auto
GFS Advanced,2017-11-08,2017-11-27,2576.91,2622.64,34,1554.67,211.64,1343.03,1.53,RSI Target 60,bull,19,43.1,63.0,76.4,62.5,2575.63,2535.58,Bajaj Auto
GFS Advanced,2019-11-20,2019-12-11,2653.37,2734.16,34,2746.75,218.65,2528.1,2.8,RSI Target 60,bull,21,39.3,60.0,76.4,63.3,2652.05,2618.6,Bajaj Auto
GFS Advanced,2023-10-09,2023-10-19,4906.01,5301.33,19,7510.92,230.25,7280.67,7.81,RSI Target 60,bull,10,40.8,76.5,58.9,67.8,4903.56,4793.15,Bajaj Auto
GFS Advanced,2024-04-26,2024-05-07,8706.25,8390.98,11,-3467.96,224.55,-3692.52,-3.86,Stop Loss (candle low),bull,11,42.5,41.0,68.1,91.3,8701.89,8445.75,Bajaj Auto
GFS Advanced,2024-06-28,2024-07-16,9292.94,9473.4,10,1804.55,223.71,1580.84,1.7,RSI Target 60,bull,18,44.1,61.5,58.3,91.2,9288.3,9145.77,Bajaj Auto
GFS Advanced,2024-07-26,2024-08-01,9274.7,9485.24,10,2105.46,223.61,1881.85,2.03,RSI Target 60,bull,6,44.3,60.1,63.4,91.3,9270.06,9034.84,Bajaj Auto
GFS Basic,2006-04-03,2006-04-05,73.98,71.91,1284,-2668.83,223.67,-2892.5,-3.04,Stop Loss (candle low),bull,2,40.7,38.8,61.1,84.6,73.95,72.0,UPL
GFS Basic,2006-11-22,2006-11-24,81.96,90.2,1125,9273.06,229.83,9043.23,9.81,RSI Target 60,bull,2,43.8,65.6,83.5,73.8,81.92,77.67,UPL
GFS Basic,2006-12-15,2006-12-18,83.99,80.85,1200,-3764.66,235.39,-4000.05,-3.97,Stop Loss (candle low),bull,3,36.6,38.8,70.8,75.8,83.95,82.42,UPL
GFS Basic,2007-02-08,2007-02-12,90.46,88.08,1072,-2548.1,228.18,-2776.27,-2.86,Stop Loss (candle low),bull,4,42.3,45.4,57.8,69.2,90.41,88.45,UPL
GFS Basic,2007-02-22,2007-02-23,90.16,86.67,1047,-3649.54,221.31,-3870.84,-4.1,Stop Loss (candle low),bull,1,37.5,35.7,58.7,69.2,90.11,88.23,UPL
GFS Basic,2007-10-11,2007-10-19,102.34,94.37,886,-7067.2,209.51,-7276.71,-8.02,Stop Loss (candle low),bull,8,36.6,28.4,57.0,74.1,102.29,97.03,UPL
GFS Basic,2014-01-29,2014-02-03,116.05,109.49,722,-4738.85,196.62,-4935.47,-5.89,Stop Loss (candle low),bull,5,41.7,32.8,64.8,71.0,115.99,110.02,UPL
GFS Basic,2014-07-18,2014-07-23,193.0,188.81,409,-1711.92,188.97,-1900.89,-2.41,Stop Loss (candle low),bull,5,38.8,31.2,73.3,85.9,192.9,189.91,UPL
GFS Basic,2014-09-24,2014-09-25,209.32,201.0,369,-3069.21,183.79,-3253.01,-4.21,Stop Loss (candle low),bull,1,37.6,28.0,60.4,84.3,209.22,201.15,UPL
GFS Basic,2015-03-05,2015-03-13,253.98,247.26,292,-1961.25,178.1,-2139.35,-2.88,Stop Loss (candle low),bull,8,37.9,45.5,66.7,87.1,253.85,247.77,UPL
GFS Basic,2015-06-12,2015-07-01,315.65,327.45,228,2690.92,178.05,2512.88,3.49,RSI Target 60,bull,19,43.9,62.3,76.0,88.3,315.49,300.04,UPL
GFS Basic,2015-07-13,2015-07-29,314.72,318.08,236,792.85,181.2,611.65,0.82,RSI Target 60,bull,16,35.5,60.8,72.0,88.3,314.56,305.79,UPL
GFS Basic,2016-05-20,2016-06-02,351.1,365.33,214,3045.95,185.45,2860.5,3.81,RSI Target 60,bull,13,41.0,60.5,83.4,64.4,350.92,335.17,UPL
GFS Basic,2016-06-20,2016-06-22,348.24,338.55,223,-2161.92,185.66,-2347.58,-3.02,Stop Loss (candle low),bull,2,37.2,22.4,76.9,64.4,348.07,338.94,UPL
GFS Basic,2016-10-13,2016-10-19,410.38,432.47,184,4064.31,187.34,3876.97,5.13,RSI Target 60,bull,6,42.8,60.7,80.6,62.4,410.18,394.44,UPL
GFS Basic,2016-11-10,2016-11-11,428.67,394.02,185,-6409.99,184.92,-6594.91,-8.32,Stop Loss (candle low),bull,1,43.9,33.3,57.0,67.6,428.45,407.11,UPL
GFS Basic,2017-02-17,2017-03-03,434.98,420.51,167,-2416.47,174.25,-2590.72,-3.57,Stop Loss (candle low),bull,14,37.9,31.1,59.7,73.0,434.76,423.18,UPL
GFS Basic,2019-06-18,2019-06-19,628.52,594.6,112,-3798.53,167.83,-3966.36,-5.63,Stop Loss (candle low),bull,1,43.5,34.7,76.1,73.5,628.2,618.19,UPL
GFS Basic,2021-06-22,2021-07-09,766.52,773.39,87,598.31,164.14,434.16,0.65,RSI Target 60,bull,17,38.3,69.5,71.7,77.1,766.13,737.36,UPL
GFS Basic,2025-05-15,2025-05-20,642.15,622.69,104,-2023.86,161.64,-2185.5,-3.27,Stop Loss (candle low),bull,5,39.0,36.5,50.6,72.2,641.83,629.67,UPL
GFS Basic,2025-09-24,2025-09-25,680.34,668.77,95,-1099.58,157.82,-1257.4,-1.95,Stop Loss (candle low),bull,1,38.8,38.5,61.0,66.5,680.0,669.27,UPL
GFS Basic,2025-12-18,2025-12-22,748.47,776.16,85,2353.45,159.15,2194.3,3.45,RSI Target 60,bull,4,43.1,62.0,64.3,63.1,748.1,736.13,UPL
GFS Advanced,2006-04-03,2006-04-04,73.98,72.3,1284,-2161.06,224.19,-2385.25,-2.51,Price < 50 EMA,bull,1,40.7,41.7,61.1,84.6,73.95,72.0,UPL
GFS Advanced,2006-12-15,2006-12-18,83.99,80.85,1104,-3463.49,217.79,-3681.28,-3.97,Stop Loss (candle low),bull,3,36.6,38.8,70.8,75.8,83.95,82.42,UPL
GFS Advanced,2007-02-08,2007-02-12,90.46,88.08,986,-2343.68,211.1,-2554.78,-2.86,Stop Loss (candle low),bull,4,42.3,45.4,57.8,69.2,90.41,88.45,UPL
GFS Advanced,2007-02-22,2007-02-23,90.16,86.67,962,-3353.25,204.59,-3557.84,-4.1,Stop Loss (candle low),bull,1,37.5,35.7,58.7,69.2,90.11,88.23,UPL
GFS Advanced,2007-10-11,2007-10-19,102.34,94.37,815,-6500.87,193.95,-6694.82,-8.03,Stop Loss (candle low),bull,8,36.6,28.4,57.0,74.1,102.29,97.03,UPL
GFS Advanced,2014-02-07,2014-02-11,116.53,111.65,661,-3224.46,183.15,-3407.62,-4.42,Stop Loss (candle low),bull,4,35.5,33.7,64.1,71.0,116.47,111.8,UPL
GFS Advanced,2014-07-18,2014-07-23,193.0,188.81,382,-1598.91,177.51,-1776.41,-2.41,Stop Loss (candle low),bull,5,38.8,31.2,73.3,85.9,192.9,189.91,UPL
GFS Advanced,2014-09-24,2014-09-25,209.32,201.0,344,-2861.27,172.38,-3033.65,-4.21,Stop Loss (candle low),bull,1,37.6,28.0,60.4,84.3,209.22,201.15,UPL
GFS Advanced,2015-03-05,2015-03-13,253.98,247.26,272,-1826.91,166.95,-1993.87,-2.89,Stop Loss (candle low),bull,8,37.9,45.5,66.7,87.1,253.85,247.77,UPL
GFS Advanced,2015-06-12,2015-07-01,315.65,327.45,213,2513.89,167.34,2346.55,3.49,RSI Target 60,bull,19,43.9,62.3,76.0,88.3,315.49,300.04,UPL
GFS Advanced,2015-07-13,2015-07-29,314.72,318.08,221,742.46,170.66,571.8,0.82,RSI Target 60,bull,16,35.5,60.8,72.0,88.3,314.56,305.79,UPL
GFS Advanced,2016-05-20,2016-06-02,351.1,365.33,199,2832.45,173.53,2658.92,3.81,RSI Target 60,bull,13,41.0,60.5,83.4,64.4,350.92,335.17,UPL
GFS Advanced,2016-10-13,2016-10-19,410.38,432.47,177,3909.69,180.8,3728.89,5.13,RSI Target 60,bull,6,42.8,60.7,80.6,62.4,410.18,394.44,UPL
GFS Advanced,2016-11-10,2016-11-11,428.67,394.02,177,-6132.8,177.59,-6310.39,-8.32,Stop Loss (candle low),bull,1,43.9,33.3,57.0,67.6,428.45,407.11,UPL
GFS Advanced,2017-02-17,2017-03-02,434.98,427.17,161,-1256.17,169.65,-1425.83,-2.04,Price < 50 EMA,bull,13,37.9,30.9,65.9,73.0,434.76,423.18,UPL
GFS Advanced,2019-06-18,2019-06-19,628.52,594.6,109,-3696.78,163.74,-3860.52,-5.64,Stop Loss (candle low),bull,1,43.5,34.7,76.1,73.5,628.2,618.19,UPL
GFS Advanced,2021-06-24,2021-06-30,775.02,752.79,84,-1867.55,158.07,-2025.62,-3.11,Stop Loss (candle low),bull,6,42.6,34.8,69.6,77.1,774.64,756.35,UPL
GFS Basic,2010-04-20,2010-04-23,139.48,144.01,681,3087.23,229.6,2857.62,3.01,RSI Target 60,bull,3,41.3,70.0,73.1,77.3,139.41,135.87,Adani Ports
GFS Basic,2010-09-01,2010-09-02,144.22,140.35,677,-2619.53,229.58,-2849.11,-2.92,Stop Loss (candle low),bull,1,39.0,34.4,68.3,64.4,144.15,141.65,Adani Ports
GFS Basic,2013-11-08,2013-11-12,143.92,137.47,660,-4253.05,222.0,-4475.05,-4.71,Stop Loss (candle low),sideways,4,44.1,30.5,64.9,65.1,143.85,137.85,Adani Ports
GFS Basic,2014-08-06,2014-08-08,260.54,247.4,348,-4574.34,212.07,-4786.41,-5.28,Stop Loss (candle low),bull,2,37.1,21.2,65.8,80.0,260.41,250.23,Adani Ports
GFS Basic,2014-09-26,2014-10-07,266.21,245.32,323,-6747.56,199.42,-6946.97,-8.08,Stop Loss (candle low),bull,11,36.9,31.8,60.1,91.2,266.08,252.26,Adani Ports
GFS Basic,2015-03-12,2015-04-06,294.79,303.23,270,2277.84,194.56,2083.27,2.62,RSI Target 60,bull,25,38.5,61.0,55.1,82.6,294.64,286.94,Adani Ports
GFS Basic,2017-04-28,2017-05-05,312.73,328.11,260,3999.29,200.16,3799.13,4.67,RSI Target 60,bull,7,37.3,69.3,65.9,68.5,312.57,305.9,Adani Ports
GFS Basic,2017-05-30,2017-06-12,326.48,339.43,260,3365.08,207.45,3157.63,3.72,RSI Target 60,bull,13,44.2,65.9,72.5,64.5,326.32,311.46,Adani Ports
GFS Basic,2017-08-23,2017-09-14,368.92,384.68,239,3766.43,215.17,3551.26,4.03,RSI Target 60,bull,22,35.6,67.3,63.0,80.6,368.74,360.83,Adani Ports
GFS Basic,2021-03-26,2021-04-06,690.23,810.68,132,15898.56,234.27,15664.29,17.19,RSI Target 60,bull,11,38.4,68.7,79.6,75.9,689.89,671.98,Adani Ports
GFS Basic,2021-05-03,2021-05-10,742.0,742.66,143,95.13,251.22,-156.09,-0.15,RSI Target 60,bull,7,37.9,62.7,72.2,80.1,741.63,692.5,Adani Ports
GFS Basic,2022-05-06,2022-05-10,802.89,751.43,132,-6792.93,243.8,-7036.73,-6.64,Stop Loss (candle low),bull,4,44.0,40.4,67.0,67.2,802.49,772.05,Adani Ports
GFS Basic,2024-03-14,2024-04-03,1265.03,1383.8,78,9264.32,244.2,9020.12,9.14,RSI Target 60,bull,20,42.9,62.7,79.7,92.9,1264.4,1184.23,Adani Ports
GFS Basic,2024-04-23,2024-04-29,1327.04,1304.62,81,-1816.2,252.31,-2068.51,-1.92,Stop Loss (candle low),bull,6,36.3,30.2,71.3,92.9,1326.38,1306.25,Adani Ports
GFS Basic,2024-07-25,2024-07-26,1492.94,1534.51,71,2951.95,253.94,2698.01,2.55,RSI Target 60,bull,1,44.7,60.1,71.8,93.8,1492.19,1459.02,Adani Ports
GFS Basic,2024-08-16,2024-09-06,1490.7,1434.7,72,-4031.8,249.66,-4281.46,-3.99,Stop Loss (candle low),bull,21,42.8,28.4,51.1,86.1,1489.95,1449.27,Adani Ports
GFS Advanced,2010-09-01,2010-09-02,144.22,140.35,658,-2546.01,223.57,-2769.58,-2.92,Stop Loss (candle low),bull,1,39.0,34.4,68.3,64.4,144.15,141.65,Adani Ports
GFS Advanced,2013-11-08,2013-11-12,143.92,137.47,641,-4130.61,216.05,-4346.66,-4.71,Stop Loss (candle low),sideways,4,44.1,30.5,64.9,65.1,143.85,137.85,Adani Ports
GFS Advanced,2017-05-30,2017-06-12,326.48,339.43,270,3494.5,214.84,3279.66,3.72,RSI Target 60,bull,13,44.2,65.9,72.5,64.5,326.32,311.46,Adani Ports
GFS Advanced,2017-08-23,2017-09-14,368.92,384.68,247,3892.5,221.86,3670.64,4.03,RSI Target 60,bull,22,35.6,67.3,63.0,80.6,368.74,360.83,Adani Ports
GFS Advanced,2021-03-26,2021-04-06,690.23,810.68,137,16500.78,242.56,16258.21,17.19,RSI Target 60,bull,11,38.4,68.7,79.6,75.9,689.89,671.98,Adani Ports
GFS Advanced,2022-05-06,2022-05-09,802.89,774.39,137,-3904.69,255.72,-4160.4,-3.78,Price < 50 EMA,bull,3,44.0,40.4,67.0,67.2,802.49,772.05,Adani Ports
GFS Advanced,2024-03-21,2024-04-03,1257.79,1383.8,84,10584.9,261.08,10323.81,9.77,RSI Target 60,bull,13,40.2,62.7,79.7,92.9,1257.16,1239.3,Adani Ports
GFS Advanced,2024-04-23,2024-04-29,1327.04,1304.62,87,-1950.73,269.87,-2220.6,-1.92,Stop Loss (candle low),bull,6,36.3,30.2,71.3,92.9,1326.38,1306.25,Adani Ports
GFS Advanced,2024-08-16,2024-08-27,1490.7,1470.46,76,-1538.18,265.49,-1803.68,-1.59,Price < 50 EMA,bull,11,42.8,46.7,64.7,94.0,1489.95,1449.27,Adani Ports
GFS Basic,2006-05-16,2006-05-22,930.83,814.78,102,-11837.14,214.05,-12051.19,-12.69,Stop Loss (candle low),bull,6,35.9,32.5,77.3,91.5,930.37,851.04,Shree Cement
GFS Basic,2006-12-01,2006-12-07,1257.31,1267.29,66,658.94,200.42,458.52,0.55,RSI Target 60,bull,6,40.9,62.7,89.6,78.7,1256.68,1213.97,Shree Cement
GFS Basic,2006-12-22,2007-01-02,1247.36,1331.32,67,5625.01,206.87,5418.13,6.48,RSI Target 60,bull,11,43.6,63.5,88.3,80.9,1246.74,1225.66,Shree Cement
GFS Basic,2007-01-24,2007-01-25,1305.19,1282.76,68,-1525.69,210.98,-1736.67,-1.96,Stop Loss (candle low),bull,1,43.1,45.4,91.2,80.9,1304.54,1286.35,Shree Cement
GFS Basic,2007-07-31,2007-08-01,1158.46,1099.15,75,-4448.98,203.8,-4652.78,-5.36,Stop Loss (candle low),bull,1,44.9,39.5,60.5,63.3,1157.89,1132.48,Shree Cement
GFS Basic,2007-11-02,2007-12-05,1311.08,1316.37,63,333.44,199.23,134.22,0.16,RSI Target 60,bull,33,35.2,63.1,60.9,61.2,1310.42,1217.77,Shree Cement
GFS Basic,2009-08-18,2009-09-18,1400.92,1569.29,59,9934.11,209.3,9724.81,11.77,RSI Target 60,bull,31,41.3,71.1,75.7,77.6,1400.22,1375.5,Shree Cement
GFS Basic,2009-10-14,2009-10-22,1462.24,1385.24,63,-4851.3,215.02,-5066.31,-5.5,Stop Loss (candle low),bull,8,40.8,23.0,67.1,79.1,1461.51,1432.96,Shree Cement
GFS Basic,2012-04-13,2012-04-23,2737.94,2621.15,32,-3737.26,206.15,-3943.41,-4.5,Stop Loss (candle low),bull,10,44.2,21.9,74.2,82.5,2736.57,2648.34,Shree Cement
GFS Basic,2012-09-17,2012-09-20,3286.98,3351.21,25,1605.86,199.6,1406.25,1.71,RSI Target 60,bull,3,41.6,64.0,84.2,73.5,3285.34,3182.48,Shree Cement
GFS Basic,2013-01-18,2013-01-29,4318.05,4125.07,19,-3666.57,193.85,-3860.42,-4.71,Stop Loss (candle low),bull,11,42.9,42.0,58.4,81.6,4315.89,4163.9,Shree Cement
GFS Basic,2013-06-06,2013-06-12,4484.31,4416.04,18,-1228.87,193.43,-1422.29,-1.76,Stop Loss (candle low),bull,6,38.1,30.0,60.8,69.3,4482.07,4432.33,Shree Cement
GFS Basic,2013-07-23,2013-07-24,4346.43,4198.08,18,-2670.34,186.42,-2856.76,-3.65,Stop Loss (candle low),bull,1,44.8,38.8,60.5,70.7,4344.26,4230.95,Shree Cement
GFS Basic,2013-11-19,2013-11-21,4156.92,4082.95,18,-1331.53,180.23,-1511.75,-2.02,Stop Loss (candle low),sideways,2,35.1,31.7,61.6,60.8,4154.85,4095.62,Shree Cement
GFS Basic,2014-05-06,2014-05-12,5552.04,5725.49,13,2254.81,178.06,2076.75,2.88,RSI Target 60,bull,6,39.2,65.9,81.1,64.0,5549.27,5439.62,Shree Cement
GFS Basic,2014-06-26,2014-07-01,7187.61,6830.17,10,-3574.46,171.35,-3745.81,-5.21,Stop Loss (candle low),bull,5,35.9,39.6,79.7,74.3,7184.02,6873.51,Shree Cement
GFS Basic,2014-07-14,2014-07-21,6927.64,7019.57,10,919.28,170.23,749.05,1.08,RSI Target 60,bull,7,38.8,61.3,74.1,74.3,6924.18,6783.87,Shree Cement
GFS Basic,2014-07-25,2014-08-05,6839.58,7122.67,10,2830.93,170.25,2660.68,3.89,RSI Target 60,bull,11,35.8,61.6,72.9,73.0,6836.16,6682.58,Shree Cement
GFS Basic,2014-09-26,2014-10-21,8097.35,8157.51,9,541.46,177.84,363.62,0.5,RSI Target 60,bull,25,42.7,61.2,70.6,85.3,8093.3,7658.94,Shree Cement
GFS Basic,2014-11-25,2014-12-09,8571.64,8886.12,9,2830.29,189.7,2640.6,3.42,RSI Target 60,bull,14,41.4,62.5,73.5,96.1,8567.36,8433.88,Shree Cement
GFS Basic,2015-03-18,2015-03-24,11019.96,10134.45,7,-6198.62,180.33,-6378.95,-8.27,Stop Loss (candle low),bull,6,42.7,23.6,76.9,98.4,11014.46,10195.38,Shree Cement
GFS Basic,2016-09-30,2016-10-03,16624.72,17202.5,4,2311.13,165.5,2145.63,3.23,RSI Target 60,bull,3,42.1,71.2,81.5,73.1,16616.41,16055.63,Shree Cement
GFS Basic,2017-05-18,2017-05-22,18392.99,17668.76,4,-2896.92,175.82,-3072.74,-4.18,Stop Loss (candle low),bull,4,42.4,38.0,66.9,82.8,18383.8,17947.05,Shree Cement
GFS Basic,2019-06-18,2019-06-26,20190.25,21273.74,3,3250.5,153.3,3097.19,5.11,RSI Target 60,bull,8,35.7,66.6,72.6,62.9,20180.16,19343.79,Shree Cement
GFS Basic,2019-07-16,2019-07-19,21113.15,20578.6,3,-1603.65,154.42,-1758.07,-2.78,Stop Loss (candle low),bull,3,43.9,43.3,63.3,61.9,21102.6,20728.67,Shree Cement
GFS Basic,2019-12-20,2020-01-02,20192.18,20697.52,3,1516.04,151.52,1364.52,2.25,RSI Target 60,bull,13,42.0,70.4,59.9,68.9,20182.08,19706.13,Shree Cement
GFS Basic,2020-02-03,2020-02-04,22788.72,23868.85,3,3240.4,170.61,3069.79,4.49,RSI Target 60,bull,1,44.5,60.3,73.1,69.1,22777.33,21845.76,Shree Cement
GFS Basic,2020-03-03,2020-03-09,23373.12,21406.18,3,-5900.84,165.04,-6065.87,-8.65,Stop Loss (candle low),bull,6,39.2,33.4,62.8,66.7,23361.44,22571.32,Shree Cement
GFS Basic,2020-12-22,2021-01-08,23593.96,25277.33,3,5050.11,177.86,4872.25,6.88,RSI Target 60,bull,17,39.9,62.6,75.3,59.4,23582.17,22903.33,Shree Cement
GFS Basic,2021-03-22,2021-03-30,26675.65,28490.24,2,3629.18,137.65,3491.53,6.54,RSI Target 60,bull,8,41.7,67.1,61.2,62.2,26662.32,26065.22,Shree Cement
GFS Basic,2021-09-23,2021-09-24,29558.24,28862.67,2,-1391.14,145.26,-1536.4,-2.6,Stop Loss (candle low),bull,1,41.5,31.3,56.1,64.8,29543.47,29002.85,Shree Cement
GFS Basic,2023-11-02,2023-11-16,25696.32,25892.62,3,588.9,187.25,401.65,0.52,RSI Target 60,bull,14,39.1,60.2,62.1,63.4,25683.48,25152.72,Shree Cement
GFS Basic,2023-11-28,2023-12-01,26073.59,26735.59,3,1986.0,191.21,1794.79,2.29,RSI Target 60,bull,3,43.9,70.0,66.0,71.1,26060.56,25324.4,Shree Cement
GFS Basic,2024-01-03,2024-01-05,28157.02,26732.38,2,-2849.29,137.52,-2986.81,-5.3,Stop Loss (candle low),bull,2,42.5,24.1,57.7,71.5,28142.95,27718.74,Shree Cement
GFS Basic,2025-05-05,2025-05-09,29498.46,29076.05,2,-844.81,145.56,-990.37,-1.68,Stop Loss (candle low),bull,4,40.4,23.5,57.6,62.5,29483.72,29180.5,Shree Cement
GFS Advanced,2006-05-17,2006-05-18,964.84,902.77,98,-6083.71,219.15,-6302.85,-6.67,Stop Loss (candle low),bull,1,42.5,40.7,88.3,91.5,964.36,920.96,Shree Cement
GFS Advanced,2006-12-01,2006-12-07,1257.31,1267.29,70,698.88,211.63,487.24,0.55,RSI Target 60,bull,6,40.9,62.7,89.6,78.7,1256.68,1213.97,Shree Cement
GFS Advanced,2006-12-22,2007-01-02,1247.36,1331.32,71,5960.83,218.31,5742.52,6.48,RSI Target 60,bull,11,43.6,63.5,88.3,80.9,1246.74,1225.66,Shree Cement
GFS Advanced,2007-01-24,2007-01-25,1305.19,1282.76,72,-1615.44,222.49,-1837.92,-1.96,Stop Loss (candle low),bull,1,43.1,45.4,91.2,80.9,1304.54,1286.35,Shree Cement
GFS Advanced,2007-07-31,2007-08-01,1158.46,1099.15,80,-4745.58,216.36,-4961.94,-5.35,Stop Loss (candle low),bull,1,44.9,39.5,60.5,63.3,1157.89,1132.48,Shree Cement
GFS Advanced,2009-08-18,2009-09-18,1400.92,1569.29,63,10607.6,222.45,10385.16,11.77,RSI Target 60,bull,31,41.3,71.1,75.7,77.6,1400.22,1375.5,Shree Cement
GFS Advanced,2009-10-14,2009-10-22,1462.24,1385.24,67,-5159.31,227.69,-5387.01,-5.5,Stop Loss (candle low),bull,8,40.8,23.0,67.1,79.1,1461.51,1432.96,Shree Cement
GFS Advanced,2012-04-13,2012-04-23,2737.94,2621.15,34,-3970.83,218.08,-4188.91,-4.5,Stop Loss (candle low),bull,10,44.2,21.9,74.2,82.5,2736.57,2648.34,Shree Cement
GFS Advanced,2012-09-17,2012-09-20,3286.98,3351.21,27,1734.33,214.34,1519.98,1.71,RSI Target 60,bull,3,41.6,64.0,84.2,73.5,3285.34,3182.48,Shree Cement
GFS Advanced,2013-01-23,2013-01-25,4349.61,4216.96,20,-2653.02,205.9,-2858.91,-3.29,Stop Loss (candle low),bull,2,44.7,44.8,58.4,81.6,4347.43,4237.3,Shree Cement
GFS Advanced,2013-06-06,2013-06-12,4484.31,4416.04,19,-1297.14,203.32,-1500.46,-1.76,Stop Loss (candle low),bull,6,38.1,30.0,60.8,69.3,4482.07,4432.33,Shree Cement
GFS Advanced,2013-11-19,2013-11-21,4156.92,4082.95,20,-1479.47,198.55,-1678.02,-2.02,Stop Loss (candle low),sideways,2,35.1,31.7,61.6,60.8,4154.85,4095.62,Shree Cement
GFS Advanced,2014-05-06,2014-05-12,5552.04,5725.49,15,2601.71,203.09,2398.62,2.88,RSI Target 60,bull,6,39.2,65.9,81.1,64.0,5549.27,5439.62,Shree Cement
GFS Advanced,2014-06-26,2014-07-01,7187.61,6830.17,12,-4289.35,202.55,-4491.91,-5.21,Stop Loss (candle low),bull,5,35.9,39.6,79.7,74.3,7184.02,6873.51,Shree Cement
GFS Advanced,2014-07-14,2014-07-21,6927.64,7019.57,11,1011.21,185.72,825.49,1.08,RSI Target 60,bull,7,38.8,61.3,74.1,74.3,6924.18,6783.87,Shree Cement
GFS Advanced,2014-07-25,2014-08-05,6839.58,7122.67,12,3397.12,201.24,3195.88,3.89,RSI Target 60,bull,11,35.8,61.6,72.9,73.0,6836.16,6682.58,Shree Cement
GFS Advanced,2014-09-26,2014-10-21,8097.35,8157.51,10,601.63,195.89,405.73,0.5,RSI Target 60,bull,25,42.7,61.2,70.6,85.3,8093.3,7658.94,Shree Cement
GFS Advanced,2014-11-25,2014-12-09,8571.64,8886.12,10,3144.77,209.07,2935.7,3.42,RSI Target 60,bull,14,41.4,62.5,73.5,96.1,8567.36,8433.88,Shree Cement
GFS Advanced,2015-03-18,2015-03-24,11019.96,10134.45,8,-7084.14,203.9,-7288.04,-8.27,Stop Loss (candle low),bull,6,42.7,23.6,76.9,98.4,11014.46,10195.38,Shree Cement
GFS Advanced,2016-09-30,2016-10-03,16624.72,17202.5,4,2311.13,165.5,2145.63,3.23,RSI Target 60,bull,3,42.1,71.2,81.5,73.1,16616.41,16055.63,Shree Cement
GFS Advanced,2017-06-05,2017-06-08,18108.28,17437.35,4,-2683.72,173.51,-2857.23,-3.94,Price < 50 EMA,bull,3,35.3,41.5,60.6,72.0,18099.23,16979.6,Shree Cement
GFS Advanced,2019-06-18,2019-06-26,20190.25,21273.74,4,4333.99,199.29,4134.71,5.12,RSI Target 60,bull,8,35.7,66.6,72.6,62.9,20180.16,19343.79,Shree Cement
GFS Advanced,2019-07-16,2019-07-19,21113.15,20578.6,4,-2138.19,200.79,-2338.98,-2.77,Stop Loss (candle low),bull,3,43.9,43.3,63.3,61.9,21102.6,20728.67,Shree Cement
GFS Advanced,2020-02-03,2020-02-04,22788.72,23868.85,3,3240.4,170.61,3069.79,4.49,RSI Target 60,bull,1,44.5,60.3,73.1,69.1,22777.33,21845.76,Shree Cement
GFS Advanced,2020-03-03,2020-03-09,23373.12,21406.18,3,-5900.84,165.04,-6065.87,-8.65,Stop Loss (candle low),bull,6,39.2,33.4,62.8,66.7,23361.44,22571.32,Shree Cement
GFS Advanced,2020-12-22,2021-01-08,23593.96,25277.33,3,5050.11,177.86,4872.25,6.88,RSI Target 60,bull,17,39.9,62.6,75.3,59.4,23582.17,22903.33,Shree Cement
GFS Advanced,2021-03-22,2021-03-30,26675.65,28490.24,3,5443.77,198.81,5244.96,6.55,RSI Target 60,bull,8,41.7,67.1,61.2,62.2,26662.32,26065.22,Shree Cement
GFS Advanced,2021-09-23,2021-09-24,29558.24,28862.67,3,-2086.71,210.22,-2296.93,-2.59,Stop Loss (candle low),bull,1,41.5,31.3,56.1,64.8,29543.47,29002.85,Shree Cement
GFS Advanced,2023-11-02,2023-11-16,25696.32,25892.62,3,588.9,187.25,401.65,0.52,RSI Target 60,bull,14,39.1,60.2,62.1,63.4,25683.48,25152.72,Shree Cement
GFS Advanced,2024-01-03,2024-01-05,28157.02,26732.38,3,-4273.93,198.61,-4472.55,-5.29,Stop Loss (candle low),bull,2,42.5,24.1,57.7,71.5,28142.95,27718.74,Shree Cement
GFS Advanced,2025-05-05,2025-05-09,29498.46,29076.05,2,-844.81,145.56,-990.37,-1.68,Stop Loss (candle low),bull,4,40.4,23.5,57.6,62.5,29483.72,29180.5,Shree Cement
